record_id,subscriber_msisdn,recipient_number,event_timestamp_utc,transaction_type,amount_tzs,service_status,location_region,session_duration_sec,network_layer,user_agent_device,notes_cleaned
REC-101239,+255714***824,+255714***632,2023-11-05T14:54:00Z,BUNDLE_PURCHASE,125585.16,TERMINATED,Mwanza,120,4G_LTE,Unknown,None
REC-101897,+255714***768,INVA *** 140,2023-11-09T13:15:24Z,VOICE_CALL,73150.0,UNKNOWN,Zanzibar,0,4G_LTE,Huawei P40 Lite,
REC-100223,+255714***810,+255714***576,2023-11-16T03:04:29Z,TIGO_PESA_CASH_OUT,58189.89,ACTIVE,Zanzibar,0,5G_NR,Tecno Spark 10 Pro,Flagged for KYC update; verified by agent
REC-100533,+255714***877,+255714***921,2023-11-12T18:01:45Z,VOICE_CALL,80993.31,PENDING_KYC,Morogoro,1800,3G_WCDMA,Tecno Spark 10 Pro,"VIP Subscriber, priority routing"
REC-100692,+255714***577,+255714***291,2023-11-30T11:00:37Z,SMS_PACK,108949.45,TERMINATED,Arusha,0,4G_LTE,Tecno Spark 10 Pro,"Customer stated: 'Cannot connect to 4G in Posta area, please help'"
REC-102027,INVA *** 140,+255714***151,2023-11-19T11:29:00Z,BUNDLE_PURCHASE,64565.31,CHURNED,Dar es Salaam,0,4G_LTE,Huawei P40 Lite,Flagged for KYC update; verified by agent
REC-101745,+255714***782,+255714***920,2023-11-04T00:00:00Z,VOICE_CALL,58926.82,TERMINATED,Morogoro,0,UNKNOWN,Unknown,"VIP Subscriber, priority routing"
REC-101459,INVA *** 140,INVA *** 000,2023-12-01T23:11:11Z,DATA_RECHARGE,13625.0,UNKNOWN,Dodoma,360,4G_LTE,Transsion Infinix Hot 30,"VIP Subscriber, priority routing"
REC-102144,+255714***042,INVA *** 000,2023-11-12T03:07:27Z,VOICE_CALL,0.0,UNKNOWN,Zanzibar,120,UNKNOWN,Unknown,"VIP Subscriber, priority routing"
REC-101116,+255714***576,+255714***976,2023-11-24T18:37:47Z,SMS_PACK,3847.98,TERMINATED,Arusha,360,3G_WCDMA,Unknown,Flagged for KYC update; verified by agent
REC-100200,UNKNOWN,+255714***044,2023-11-26T14:43:00Z,DATA_RECHARGE,78406.67,ACTIVE,Zanzibar,0,5G_NR,Samsung Galaxy A14; Android 13,"USSD session timeout, retry OK"
REC-100780,+255714***276,+255714***509,2023-11-19T20:59:21Z,VOICE_CALL,23000.0,ACTIVE,Zanzibar,30,4G_LTE,Unknown,
REC-101487,+255714***590,+255714***658,2023-11-10T06:28:30Z,TIGO_PESA_CASH_IN,27648.1,TERMINATED,Dar es Salaam,360,4G_LTE,Huawei P40 Lite,Standard call; cell handover success
REC-101505,+255714***329,INVA *** 140,2023-11-28T09:10:00Z,TIGO_PESA_CASH_IN,16128.94,PENDING_KYC,Other / Unknown,30,4G_LTE,Unknown,Standard call; cell handover success
REC-101436,+255714***386,+255714***275,2023-11-29T20:16:59Z,TIGO_PESA_CASH_OUT,62275.0,SUSPENDED,Dodoma,30,4G_LTE,Huawei P40 Lite,"USSD session timeout, retry OK"
REC-101570,+255714***756,+255714***961,2023-11-05T11:16:23Z,TIGO_PESA_CASH_OUT,142925.0,CHURNED,Dar es Salaam,0,3G_WCDMA,Unknown,
REC-101722,+255714***822,+255714***099,2023-11-15T14:31:26Z,VOICE_CALL,1175.0,UNKNOWN,Mwanza,30,UNKNOWN,"iPhone 13,2 (iOS 16.5)","USSD session timeout, retry OK"
REC-101842,+255714***055,+255714***002,2023-11-10T22:29:00Z,VOICE_CALL,15293.99,TERMINATED,Zanzibar,1800,3G_WCDMA,Tecno Spark 10 Pro,"USSD session timeout, retry OK"
REC-101298,UNKNOWN,+255714***838,2023-11-07T11:23:45Z,TIGO_PESA_CASH_OUT,129200.0,CHURNED,Zanzibar,45,UNKNOWN,Unknown,"VIP Subscriber, priority routing"
REC-102187,+255714***303,+255714***702,2023-11-21T03:23:25Z,TIGO_PESA_CASH_IN,97399.59,ACTIVE,Dodoma,1800,5G_NR,Nokia 105 (Feature Phone),"USSD session timeout, retry OK"
REC-101823,+255714***783,+255714***606,2023-11-20T22:11:34Z,SMS_PACK,21533.36,SUSPENDED,Dar es Salaam,0,5G_NR,Nokia 105 (Feature Phone),"VIP Subscriber, priority routing"
REC-101105,+255714***071,+255714***934,2023-11-11T20:48:50Z,VOICE_CALL,0.0,SUSPENDED,Dar es Salaam,30,5G_NR,Tecno Spark 10 Pro,"VIP Subscriber, priority routing"
REC-101486,INVA *** 140,+255714***974,2023-11-04T00:00:00Z,TIGO_PESA_CASH_OUT,0.0,SUSPENDED,Dar es Salaam,120,4G_LTE,Transsion Infinix Hot 30,None
REC-100898,+255714***138,+255714***085,2023-12-01T08:27:00Z,SMS_PACK,37681.21,ACTIVE,Zanzibar,0,2G_GSM,Transsion Infinix Hot 30,None
REC-102473,+255714***057,INVA *** 000,2023-11-21T16:51:46Z,SMS_PACK,61835.58,ACTIVE,Arusha,0,UNKNOWN,Samsung Galaxy A14; Android 13,"VIP Subscriber, priority routing"
REC-100240,INVA *** 000,+255714***633,2023-11-26T11:04:00Z,BUNDLE_PURCHASE,112337.73,PENDING_KYC,Dar es Salaam,45,4G_LTE,Samsung Galaxy A14; Android 13,"VIP Subscriber, priority routing"
REC-101681,+255714***591,UNKNOWN,2023-11-18T10:21:49Z,BUNDLE_PURCHASE,2731.19,CHURNED,Zanzibar,1800,4G_LTE,Samsung Galaxy A14; Android 13,Flagged for KYC update; verified by agent
REC-101217,+255714***838,INVA *** 140,2023-11-13T14:44:01Z,TIGO_PESA_CASH_OUT,82360.78,SUSPENDED,Tanga,135,4G_LTE,Unknown,Standard call; cell handover success
REC-100281,+255714***495,+255714***412,2023-11-14T05:35:04Z,TIGO_PESA_CASH_IN,61675.0,PENDING_KYC,Arusha,30,UNKNOWN,Nokia 105 (Feature Phone),Flagged for KYC update; verified by agent
REC-101012,INVA *** 140,+255714***110,2023-11-19T06:56:18Z,TIGO_PESA_CASH_OUT,0.0,ACTIVE,Zanzibar,45,3G_WCDMA,Unknown,Standard call; cell handover success
REC-100492,INVA *** 140,+255714***303,2023-12-01T15:15:37Z,SMS_PACK,10517.0,SUSPENDED,Arusha,30,4G_LTE,Huawei P40 Lite,"VIP Subscriber, priority routing"
REC-101416,+255714***274,+255714***180,2023-11-09T00:30:00Z,TIGO_PESA_CASH_IN,9725.92,TERMINATED,Mwanza,120,4G_LTE,Samsung Galaxy A14; Android 13,Standard call; cell handover success
REC-100640,+255714***304,+255714***810,2023-11-22T15:49:21Z,BUNDLE_PURCHASE,104329.0,PENDING_KYC,Zanzibar,360,2G_GSM,Transsion Infinix Hot 30,
REC-101216,INVA *** 140,+255714***195,2023-11-05T07:50:00Z,TIGO_PESA_CASH_OUT,33153.0,SUSPENDED,Other / Unknown,1800,4G_LTE,Transsion Infinix Hot 30,"VIP Subscriber, priority routing"
REC-102314,+255714***880,INVA *** 000,2023-11-05T19:06:46Z,DATA_RECHARGE,109170.46,ACTIVE,Dar es Salaam,360,2G_GSM,Nokia 105 (Feature Phone),None
REC-100072,UNKNOWN,+255714***358,2023-11-12T00:03:57Z,VOICE_CALL,0.0,TERMINATED,Tanga,135,4G_LTE,Samsung Galaxy A14; Android 13,None
REC-101123,+255714***605,INVA *** 140,2023-11-06T14:02:00Z,TIGO_PESA_CASH_IN,0.0,ACTIVE,Tanga,30,2G_GSM,Nokia 105 (Feature Phone),None
REC-100145,+255714***795,+255714***934,2023-12-03T22:34:00Z,BUNDLE_PURCHASE,0.0,TERMINATED,Arusha,135,2G_GSM,Nokia 105 (Feature Phone),None
REC-100866,+255714***782,INVA *** 140,2023-11-16T16:05:00Z,SMS_PACK,121634.0,ACTIVE,Mwanza,30,UNKNOWN,Tecno Spark 10 Pro,None
REC-101986,+255714***071,+255714***181,2023-11-22T10:49:37Z,VOICE_CALL,0.0,CHURNED,Dar es Salaam,0,4G_LTE,Samsung Galaxy A14; Android 13,"USSD session timeout, retry OK"
REC-101451,INVA *** 000,+255714***672,2023-11-12T23:15:00Z,BUNDLE_PURCHASE,54196.54,CHURNED,Other / Unknown,30,4G_LTE,Samsung Galaxy A14; Android 13,"USSD session timeout, retry OK"
REC-101604,+255714***880,+255714***947,2023-12-04T08:49:59Z,SMS_PACK,68944.27,SUSPENDED,Mbeya,30,UNKNOWN,Unknown,"Customer stated: 'Cannot connect to 4G in Posta area, please help'"
REC-102433,+255714***098,+255714***345,1970-01-01T00:00:00Z,TIGO_PESA_CASH_OUT,97561.23,ACTIVE,Dodoma,0,2G_GSM,Huawei P40 Lite,None
REC-100714,+255714***152,UNKNOWN,2023-11-19T09:22:42Z,BUNDLE_PURCHASE,123300.0,UNKNOWN,Dodoma,360,2G_GSM,Tecno Spark 10 Pro,Standard call; cell handover success
REC-101646,+255714***371,+255714***946,2023-11-26T07:24:00Z,VOICE_CALL,75873.37,UNKNOWN,Zanzibar,135,5G_NR,Tecno Spark 10 Pro,"Customer stated: 'Cannot connect to 4G in Posta area, please help'"
REC-102302,+255714***195,+255714***877,2023-11-10T03:11:00Z,TIGO_PESA_CASH_OUT,131144.0,TERMINATED,Mwanza,0,4G_LTE,Huawei P40 Lite,"USSD session timeout, retry OK"
REC-101880,UNKNOWN,UNKNOWN,2023-11-23T03:57:00Z,TIGO_PESA_CASH_OUT,106498.34,ACTIVE,Dodoma,30,2G_GSM,Tecno Spark 10 Pro,
REC-101668,+255714***453,+255714***359,2023-11-22T21:05:40Z,BUNDLE_PURCHASE,23277.88,ACTIVE,Mwanza,135,UNKNOWN,Tecno Spark 10 Pro,Standard call; cell handover success
REC-101324,INVA *** 140,+255714***796,2023-11-19T05:32:54Z,TIGO_PESA_CASH_IN,127750.0,CHURNED,Dodoma,0,4G_LTE,Transsion Infinix Hot 30,None
REC-101428,+255714***603,+255714***755,1970-01-01T00:00:00Z,SMS_PACK,109845.99,ACTIVE,Dar es Salaam,1800,5G_NR,Nokia 105 (Feature Phone),"USSD session timeout, retry OK"
REC-100260,+255714***400,+255714***837,2023-11-30T22:10:00Z,TIGO_PESA_CASH_OUT,0.0,CHURNED,Arusha,0,4G_LTE,Tecno Spark 10 Pro,"Customer stated: 'Cannot connect to 4G in Posta area, please help'"
REC-100451,UNKNOWN,+255714***098,2023-11-25T02:21:47Z,BUNDLE_PURCHASE,123100.68,SUSPENDED,Arusha,135,2G_GSM,Samsung Galaxy A14; Android 13,Standard call; cell handover success
REC-101995,UNKNOWN,+255714***303,2023-11-05T02:57:00Z,VOICE_CALL,102350.0,TERMINATED,Dodoma,135,2G_GSM,Transsion Infinix Hot 30,Standard call; cell handover success
REC-102429,+255714***591,+255714***809,2023-11-04T20:40:21Z,TIGO_PESA_CASH_OUT,27700.0,SUSPENDED,Mwanza,30,UNKNOWN,Unknown,None
REC-100029,+255714***523,+255714***699,2023-11-11T10:20:02Z,TIGO_PESA_CASH_OUT,0.0,SUSPENDED,Arusha,0,4G_LTE,"iPhone 13,2 (iOS 16.5)","Customer stated: 'Cannot connect to 4G in Posta area, please help'"
REC-101337,UNKNOWN,UNKNOWN,2023-11-10T20:27:42Z,DATA_RECHARGE,4698.0,ACTIVE,Arusha,30,3G_WCDMA,Nokia 105 (Feature Phone),None
REC-101097,UNKNOWN,INVA *** 000,2023-12-02T06:58:15Z,DATA_RECHARGE,106362.0,SUSPENDED,Zanzibar,0,4G_LTE,Tecno Spark 10 Pro,Standard call; cell handover success
REC-101534,+255714***769,+255714***811,2023-11-12T08:57:02Z,BUNDLE_PURCHASE,91620.54,CHURNED,Mwanza,45,3G_WCDMA,Unknown,"USSD session timeout, retry OK"
REC-102368,INVA *** 140,UNKNOWN,2023-12-04T04:20:58Z,BUNDLE_PURCHASE,49744.0,UNKNOWN,Dar es Salaam,0,UNKNOWN,Huawei P40 Lite,
REC-100368,+255714***879,+255714***606,2023-11-18T07:18:37Z,TIGO_PESA_CASH_OUT,94158.86,SUSPENDED,Dar es Salaam,0,4G_LTE,Tecno Spark 10 Pro,None
REC-101535,+255714***482,+255714***551,2023-11-10T23:44:01Z,BUNDLE_PURCHASE,149105.0,SUSPENDED,Dar es Salaam,45,4G_LTE,"iPhone 13,2 (iOS 16.5)","USSD session timeout, retry OK"
REC-101617,UNKNOWN,INVA *** 140,2023-11-29T04:09:00Z,DATA_RECHARGE,70994.75,ACTIVE,Arusha,1800,2G_GSM,Transsion Infinix Hot 30,None
REC-101472,+255714***466,+255714***975,2023-11-24T16:33:36Z,SMS_PACK,132577.0,ACTIVE,Zanzibar,360,3G_WCDMA,Unknown,Standard call; cell handover success
REC-100937,+255714***427,+255714***152,2023-11-09T03:51:58Z,TIGO_PESA_CASH_OUT,19711.11,TERMINATED,Mwanza,135,2G_GSM,Transsion Infinix Hot 30,Standard call; cell handover success
REC-102154,+255714***756,+255714***384,2023-11-10T10:28:30Z,DATA_RECHARGE,91704.0,TERMINATED,Arusha,0,5G_NR,Nokia 105 (Feature Phone),Standard call; cell handover success
REC-100775,UNKNOWN,+255714***058,2023-11-24T00:01:00Z,TIGO_PESA_CASH_IN,10138.49,PENDING_KYC,Arusha,0,4G_LTE,Tecno Spark 10 Pro,"Customer stated: 'Cannot connect to 4G in Posta area, please help'"
REC-101567,INVA *** 140,+255714***592,2023-11-28T17:37:49Z,BUNDLE_PURCHASE,133997.0,SUSPENDED,Arusha,0,3G_WCDMA,Nokia 105 (Feature Phone),"VIP Subscriber, priority routing"
REC-101454,+255714***686,INVA *** 000,2023-11-05T09:07:10Z,VOICE_CALL,59200.0,SUSPENDED,Mwanza,30,4G_LTE,"iPhone 13,2 (iOS 16.5)",Flagged for KYC update; verified by agent
REC-101922,UNKNOWN,+255714***577,2023-11-14T11:12:09Z,SMS_PACK,41407.98,UNKNOWN,Mbeya,360,4G_LTE,Nokia 105 (Feature Phone),"VIP Subscriber, priority routing"
REC-101502,+255714***632,+255714***140,2023-11-25T23:54:26Z,TIGO_PESA_CASH_IN,20088.11,SUSPENDED,Arusha,45,4G_LTE,Nokia 105 (Feature Phone),Standard call; cell handover success
REC-101654,+255714***222,+255714***729,2023-11-16T02:52:46Z,TIGO_PESA_CASH_IN,62224.51,TERMINATED,Dodoma,360,5G_NR,Huawei P40 Lite,
REC-101707,+255714***850,+255714***261,2023-11-18T02:03:11Z,TIGO_PESA_CASH_OUT,0.0,PENDING_KYC,Arusha,360,UNKNOWN,Transsion Infinix Hot 30,"Customer stated: 'Cannot connect to 4G in Posta area, please help'"
REC-102316,INVA *** 140,+255714***702,2023-11-12T00:32:00Z,TIGO_PESA_CASH_IN,76232.0,ACTIVE,Arusha,1800,UNKNOWN,Tecno Spark 10 Pro,None
REC-101096,+255714***878,UNKNOWN,2023-11-19T16:21:00Z,SMS_PACK,0.0,TERMINATED,Mbeya,30,2G_GSM,Unknown,"USSD session timeout, retry OK"
REC-101276,+255714***222,+255714***152,2023-12-03T20:42:08Z,BUNDLE_PURCHASE,112030.0,PENDING_KYC,Dar es Salaam,1800,5G_NR,"iPhone 13,2 (iOS 16.5)",Standard call; cell handover success
REC-100010,+255714***688,+255714***208,2023-11-09T16:11:59Z,SMS_PACK,45118.0,SUSPENDED,Arusha,30,UNKNOWN,"iPhone 13,2 (iOS 16.5)",Standard call; cell handover success
REC-101807,+255714***619,+255714***495,2023-11-17T10:06:00Z,VOICE_CALL,93775.0,ACTIVE,Arusha,0,2G_GSM,Samsung Galaxy A14; Android 13,Flagged for KYC update; verified by agent
REC-101049,+255714***153,INVA *** 140,2023-11-30T07:57:38Z,BUNDLE_PURCHASE,59425.0,SUSPENDED,Mwanza,30,4G_LTE,Transsion Infinix Hot 30,None
REC-100561,UNKNOWN,+255714***578,2023-11-12T12:26:00Z,TIGO_PESA_CASH_IN,110650.0,ACTIVE,Mbeya,0,4G_LTE,"iPhone 13,2 (iOS 16.5)",Flagged for KYC update; verified by agent
REC-100118,+255714***742,+255714***645,2023-11-27T10:40:00Z,SMS_PACK,124751.02,ACTIVE,Dar es Salaam,0,5G_NR,"iPhone 13,2 (iOS 16.5)",None
REC-100707,+255714***249,+255714***302,2023-11-06T09:49:00Z,DATA_RECHARGE,86475.0,ACTIVE,Mbeya,360,UNKNOWN,Unknown,"VIP Subscriber, priority routing"
REC-101848,+255714***645,INVA *** 140,2023-11-05T23:38:13Z,BUNDLE_PURCHASE,116640.43,ACTIVE,Arusha,360,4G_LTE,Huawei P40 Lite,"VIP Subscriber, priority routing"
REC-102398,INVA *** 140,+255714***481,2023-11-18T18:22:24Z,TIGO_PESA_CASH_OUT,12944.01,ACTIVE,Dar es Salaam,0,UNKNOWN,Huawei P40 Lite,"VIP Subscriber, priority routing"
REC-100413,+255714***509,+255714***125,2023-11-25T03:21:38Z,TIGO_PESA_CASH_OUT,116544.0,CHURNED,Mwanza,135,2G_GSM,Nokia 105 (Feature Phone),Standard call; cell handover success
REC-100751,+255714***975,UNKNOWN,2023-11-09T20:32:22Z,DATA_RECHARGE,0.0,CHURNED,Dar es Salaam,30,4G_LTE,Tecno Spark 10 Pro,"VIP Subscriber, priority routing"
REC-101410,+255714***565,+255714***536,2023-11-23T05:56:26Z,BUNDLE_PURCHASE,85400.83,UNKNOWN,Zanzibar,1800,UNKNOWN,"iPhone 13,2 (iOS 16.5)",None
REC-101242,+255714***357,+255714***784,2023-11-08T02:38:23Z,DATA_RECHARGE,81080.93,UNKNOWN,Mbeya,0,5G_NR,Tecno Spark 10 Pro,"USSD session timeout, retry OK"
REC-101064,INVA *** 140,+255714***233,2023-11-27T15:18:00Z,BUNDLE_PURCHASE,96896.13,CHURNED,Zanzibar,120,4G_LTE,Transsion Infinix Hot 30,Standard call; cell handover success
REC-101372,+255714***028,+255714***055,2023-11-27T12:49:50Z,TIGO_PESA_CASH_IN,71254.65,SUSPENDED,Arusha,135,2G_GSM,Samsung Galaxy A14; Android 13,"USSD session timeout, retry OK"
REC-101543,INVA *** 140,+255714***428,2023-11-30T10:07:00Z,TIGO_PESA_CASH_IN,0.0,ACTIVE,Arusha,0,4G_LTE,Nokia 105 (Feature Phone),Flagged for KYC update; verified by agent
REC-102304,+255714***850,+255714***562,2023-11-23T10:17:07Z,TIGO_PESA_CASH_IN,47548.02,ACTIVE,Zanzibar,30,4G_LTE,Transsion Infinix Hot 30,Standard call; cell handover success
REC-100003,+255714***535,+255714***565,2023-11-07T08:29:38Z,TIGO_PESA_CASH_IN,90757.04,UNKNOWN,Dar es Salaam,135,4G_LTE,Huawei P40 Lite,"USSD session timeout, retry OK"
REC-102216,+255714***590,+255714***947,2023-11-04T00:00:00Z,DATA_RECHARGE,116019.04,SUSPENDED,Zanzibar,360,4G_LTE,Nokia 105 (Feature Phone),None
REC-100006,+255714***112,+255714***454,2023-11-07T05:23:40Z,DATA_RECHARGE,123359.49,ACTIVE,Arusha,30,4G_LTE,Nokia 105 (Feature Phone),"Customer stated: 'Cannot connect to 4G in Posta area, please help'"
REC-100039,+255714***140,+255714***577,2023-11-17T23:18:48Z,BUNDLE_PURCHASE,72947.25,PENDING_KYC,Dar es Salaam,360,4G_LTE,Tecno Spark 10 Pro,"USSD session timeout, retry OK"
REC-101031,+255714***058,+255714***688,2023-11-21T00:32:31Z,BUNDLE_PURCHASE,53393.05,CHURNED,Dar es Salaam,360,2G_GSM,Huawei P40 Lite,"VIP Subscriber, priority routing"
REC-100198,INVA *** 000,+255714***728,2023-11-20T14:33:00Z,TIGO_PESA_CASH_OUT,16338.71,SUSPENDED,Zanzibar,1800,2G_GSM,Huawei P40 Lite,
REC-100224,+255714***563,+255714***140,2023-11-12T21:30:51Z,TIGO_PESA_CASH_OUT,143190.72,ACTIVE,Dar es Salaam,360,4G_LTE,Samsung Galaxy A14; Android 13,"VIP Subscriber, priority routing"
REC-101816,+255714***055,+255714***015,2023-11-16T10:00:41Z,BUNDLE_PURCHASE,49296.39,TERMINATED,Dar es Salaam,135,5G_NR,Nokia 105 (Feature Phone),
REC-100300,+255714***180,+255714***000,2023-11-22T03:23:56Z,BUNDLE_PURCHASE,84569.0,PENDING_KYC,Mwanza,30,UNKNOWN,Samsung Galaxy A14; Android 13,None
REC-100288,+255714***522,INVA *** 140,2023-11-11T22:37:41Z,DATA_RECHARGE,104431.0,TERMINATED,Dodoma,0,4G_LTE,Huawei P40 Lite,"USSD session timeout, retry OK"
REC-101960,INVA *** 000,+255714***096,2023-11-12T03:00:50Z,BUNDLE_PURCHASE,7250.0,CHURNED,Dar es Salaam,45,4G_LTE,Samsung Galaxy A14; Android 13,"Customer stated: 'Cannot connect to 4G in Posta area, please help'"
REC-102484,+255714***549,+255714***591,2023-11-12T19:37:57Z,SMS_PACK,105989.0,SUSPENDED,Mwanza,30,UNKNOWN,"iPhone 13,2 (iOS 16.5)",None
REC-101351,+255714***617,+255714***714,2023-12-03T14:11:08Z,BUNDLE_PURCHASE,9697.0,ACTIVE,Dodoma,135,UNKNOWN,Huawei P40 Lite,"VIP Subscriber, priority routing"
REC-101166,+255714***521,+255714***357,2023-11-25T09:45:00Z,TIGO_PESA_CASH_OUT,37245.44,ACTIVE,Arusha,45,4G_LTE,Huawei P40 Lite,None
REC-101238,+255714***466,+255714***343,2023-11-12T13:50:00Z,TIGO_PESA_CASH_IN,107198.0,UNKNOWN,Morogoro,30,3G_WCDMA,"iPhone 13,2 (iOS 16.5)",None
REC-100178,INVA *** 140,UNKNOWN,2023-11-28T05:30:00Z,SMS_PACK,96425.0,SUSPENDED,Dodoma,45,4G_LTE,Nokia 105 (Feature Phone),Standard call; cell handover success
REC-102002,INVA *** 000,+255714***618,2023-11-25T05:56:00Z,VOICE_CALL,101850.0,PENDING_KYC,Dar es Salaam,135,5G_NR,Nokia 105 (Feature Phone),Standard call; cell handover success
REC-100565,+255714***838,+255714***838,2023-11-04T00:00:00Z,TIGO_PESA_CASH_IN,23489.43,PENDING_KYC,Zanzibar,360,2G_GSM,Nokia 105 (Feature Phone),"VIP Subscriber, priority routing"
REC-101185,+255714***206,+255714***906,2023-11-04T00:00:00Z,VOICE_CALL,812.05,ACTIVE,Mwanza,30,4G_LTE,Nokia 105 (Feature Phone),None
REC-102387,INVA *** 140,+255714***236,2023-11-11T19:49:00Z,DATA_RECHARGE,104100.0,ACTIVE,Dar es Salaam,45,3G_WCDMA,Huawei P40 Lite,Standard call; cell handover success
REC-101257,+255714***439,+255714***275,2023-11-08T14:47:46Z,TIGO_PESA_CASH_OUT,56902.03,TERMINATED,Mwanza,1800,2G_GSM,Unknown,Standard call; cell handover success
REC-101859,+255714***263,+255714***069,2023-12-01T20:18:43Z,TIGO_PESA_CASH_IN,62450.0,ACTIVE,Dodoma,45,4G_LTE,"iPhone 13,2 (iOS 16.5)","Customer stated: 'Cannot connect to 4G in Posta area, please help'"
REC-100505,+255714***866,+255714***933,2023-11-21T13:34:00Z,TIGO_PESA_CASH_IN,0.0,ACTIVE,Arusha,0,4G_LTE,Transsion Infinix Hot 30,None
REC-102410,+255714***742,+255714***590,2023-11-06T10:41:22Z,DATA_RECHARGE,0.0,TERMINATED,Arusha,30,2G_GSM,Transsion Infinix Hot 30,
REC-101775,+255714***233,+255714***289,2023-11-30T04:28:53Z,TIGO_PESA_CASH_OUT,42913.72,CHURNED,Morogoro,360,2G_GSM,Unknown,"Customer stated: 'Cannot connect to 4G in Posta area, please help'"
REC-102071,+255714***932,INVA *** 140,2023-11-11T00:53:00Z,SMS_PACK,0.0,PENDING_KYC,Mbeya,120,4G_LTE,Tecno Spark 10 Pro,"USSD session timeout, retry OK"
REC-100979,+255714***262,+255714***617,2023-11-09T02:24:00Z,TIGO_PESA_CASH_OUT,51694.0,SUSPENDED,Arusha,0,UNKNOWN,"iPhone 13,2 (iOS 16.5)",Flagged for KYC update; verified by agent
REC-101290,UNKNOWN,UNKNOWN,2023-11-12T19:44:00Z,DATA_RECHARGE,0.0,ACTIVE,Zanzibar,1800,4G_LTE,Transsion Infinix Hot 30,"VIP Subscriber, priority routing"
REC-100480,+255714***454,INVA *** 000,1970-01-01T00:00:00Z,BUNDLE_PURCHASE,76375.0,SUSPENDED,Mwanza,0,4G_LTE,Samsung Galaxy A14; Android 13,None
REC-101272,INVA *** 140,UNKNOWN,2023-11-29T23:17:00Z,TIGO_PESA_CASH_IN,0.0,ACTIVE,Arusha,360,2G_GSM,Samsung Galaxy A14; Android 13,None
REC-101345,+255714***096,+255714***618,2023-11-30T04:43:57Z,TIGO_PESA_CASH_OUT,139894.16,SUSPENDED,Dar es Salaam,360,2G_GSM,"iPhone 13,2 (iOS 16.5)","Customer stated: 'Cannot connect to 4G in Posta area, please help'"
REC-100805,INVA *** 000,UNKNOWN,2023-11-24T01:31:00Z,VOICE_CALL,0.0,ACTIVE,Mwanza,0,4G_LTE,Transsion Infinix Hot 30,"VIP Subscriber, priority routing"
REC-102176,+255714***606,+255714***167,2023-11-28T13:50:00Z,DATA_RECHARGE,7687.63,SUSPENDED,Dodoma,360,2G_GSM,Huawei P40 Lite,"VIP Subscriber, priority routing"
REC-101449,+255714***290,+255714***304,1970-01-01T00:00:00Z,SMS_PACK,0.0,ACTIVE,Arusha,0,4G_LTE,Tecno Spark 10 Pro,"USSD session timeout, retry OK"
REC-100386,INVA *** 140,+255714***523,2023-11-07T22:47:46Z,VOICE_CALL,139566.55,PENDING_KYC,Dar es Salaam,0,UNKNOWN,Nokia 105 (Feature Phone),"VIP Subscriber, priority routing"
REC-101480,UNKNOWN,+255714***823,2023-12-02T05:21:00Z,SMS_PACK,57349.81,UNKNOWN,Mwanza,120,4G_LTE,Nokia 105 (Feature Phone),"USSD session timeout, retry OK"
REC-101346,+255714***289,+255714***782,2023-11-19T03:27:16Z,BUNDLE_PURCHASE,15992.62,ACTIVE,Dar es Salaam,360,4G_LTE,Unknown,Standard call; cell handover success
REC-101946,+255714***180,+255714***233,2023-12-04T03:12:00Z,DATA_RECHARGE,3874.64,CHURNED,Zanzibar,1800,4G_LTE,Nokia 105 (Feature Phone),"VIP Subscriber, priority routing"
REC-101739,+255714***425,+255714***563,2023-11-14T01:18:00Z,TIGO_PESA_CASH_OUT,27200.0,CHURNED,Zanzibar,30,3G_WCDMA,Transsion Infinix Hot 30,None
REC-100201,+255714***507,+255714***359,2023-11-09T19:38:00Z,SMS_PACK,0.0,SUSPENDED,Zanzibar,45,2G_GSM,"iPhone 13,2 (iOS 16.5)","USSD session timeout, retry OK"
REC-100469,+255714***263,INVA *** 140,2023-11-27T21:52:12Z,VOICE_CALL,0.0,CHURNED,Mwanza,360,3G_WCDMA,Samsung Galaxy A14; Android 13,
REC-101956,+255714***755,+255714***055,2023-11-11T12:27:32Z,BUNDLE_PURCHASE,119327.0,TERMINATED,Dodoma,45,4G_LTE,Unknown,"VIP Subscriber, priority routing"
REC-102490,+255714***399,INVA *** 000,2023-11-28T13:36:40Z,TIGO_PESA_CASH_OUT,1200.0,UNKNOWN,Dar es Salaam,45,5G_NR,"iPhone 13,2 (iOS 16.5)",Flagged for KYC update; verified by agent
REC-102428,+255714***523,+255714***153,2023-11-26T23:23:11Z,SMS_PACK,57118.5,SUSPENDED,Arusha,0,2G_GSM,Transsion Infinix Hot 30,"Customer stated: 'Cannot connect to 4G in Posta area, please help'"
REC-101740,+255714***096,+255714***796,2023-11-18T16:47:00Z,DATA_RECHARGE,93739.52,TERMINATED,Dodoma,0,3G_WCDMA,Tecno Spark 10 Pro,None
REC-102373,+255714***838,+255714***852,2023-11-11T05:17:19Z,SMS_PACK,120273.82,SUSPENDED,Zanzibar,120,5G_NR,Nokia 105 (Feature Phone),
REC-100696,+255714***960,+255714***069,2023-11-26T15:14:58Z,DATA_RECHARGE,90419.08,ACTIVE,Tanga,30,5G_NR,Huawei P40 Lite,
REC-101679,+255714***303,+255714***961,2023-11-24T16:19:00Z,VOICE_CALL,64300.0,UNKNOWN,Dar es Salaam,0,UNKNOWN,"iPhone 13,2 (iOS 16.5)",Flagged for KYC update; verified by agent
REC-101954,+255714***137,+255714***852,2023-11-19T10:51:00Z,VOICE_CALL,108161.87,CHURNED,Tanga,0,5G_NR,Huawei P40 Lite,"USSD session timeout, retry OK"
REC-100122,+255714***548,+255714***467,2023-11-09T12:59:57Z,BUNDLE_PURCHASE,110410.45,ACTIVE,Dodoma,1800,5G_NR,Unknown,
REC-102255,+255714***058,+255714***002,2023-11-30T10:18:00Z,SMS_PACK,3305.04,TERMINATED,Zanzibar,135,4G_LTE,Nokia 105 (Feature Phone),"VIP Subscriber, priority routing"
REC-102369,INVA *** 000,+255714***002,2023-11-26T06:01:20Z,BUNDLE_PURCHASE,0.0,PENDING_KYC,Mwanza,135,4G_LTE,Unknown,Standard call; cell handover success
REC-102320,INVA *** 140,UNKNOWN,2023-11-17T06:36:00Z,TIGO_PESA_CASH_OUT,45687.82,UNKNOWN,Mbeya,0,4G_LTE,Samsung Galaxy A14; Android 13,"USSD session timeout, retry OK"
REC-102077,INVA *** 140,+255714***838,2023-11-15T12:42:00Z,SMS_PACK,126519.42,SUSPENDED,Arusha,0,4G_LTE,Nokia 105 (Feature Phone),Flagged for KYC update; verified by agent
REC-100394,+255714***988,+255714***907,2023-11-09T03:19:45Z,BUNDLE_PURCHASE,96517.07,UNKNOWN,Dodoma,0,UNKNOWN,Samsung Galaxy A14; Android 13,None
REC-100082,+255714***741,+255714***151,2023-11-26T14:05:10Z,TIGO_PESA_CASH_IN,101088.0,UNKNOWN,Dodoma,30,4G_LTE,Nokia 105 (Feature Phone),Flagged for KYC update; verified by agent
REC-101729,+255714***028,+255714***548,2023-12-02T21:12:55Z,DATA_RECHARGE,0.0,TERMINATED,Dodoma,0,UNKNOWN,Huawei P40 Lite,"Customer stated: 'Cannot connect to 4G in Posta area, please help'"
REC-100549,+255714***412,+255714***261,2023-11-19T21:46:00Z,SMS_PACK,61240.18,ACTIVE,Zanzibar,0,4G_LTE,Transsion Infinix Hot 30,None
REC-102498,+255714***618,+255714***550,2023-11-06T11:14:00Z,DATA_RECHARGE,46446.03,ACTIVE,Arusha,135,4G_LTE,Transsion Infinix Hot 30,Standard call; cell handover success
REC-102366,UNKNOWN,+255714***975,2023-11-19T10:03:24Z,TIGO_PESA_CASH_IN,0.0,PENDING_KYC,Dodoma,45,4G_LTE,Transsion Infinix Hot 30,Flagged for KYC update; verified by agent
REC-102073,+255714***469,+255714***071,2023-11-07T20:26:00Z,TIGO_PESA_CASH_IN,44919.35,CHURNED,Arusha,0,3G_WCDMA,"iPhone 13,2 (iOS 16.5)",
REC-101163,+255714***551,INVA *** 140,2023-11-13T01:12:42Z,TIGO_PESA_CASH_IN,0.0,SUSPENDED,Arusha,0,UNKNOWN,"iPhone 13,2 (iOS 16.5)",Standard call; cell handover success
REC-101651,INVA *** 000,UNKNOWN,2023-11-04T00:00:00Z,TIGO_PESA_CASH_OUT,72264.32,SUSPENDED,Dar es Salaam,0,4G_LTE,Huawei P40 Lite,None
REC-100093,UNKNOWN,+255714***015,2023-11-08T22:30:24Z,VOICE_CALL,14437.9,CHURNED,Arusha,1800,4G_LTE,Huawei P40 Lite,Standard call; cell handover success
REC-101306,INVA *** 140,+255714***426,2023-11-25T16:44:25Z,BUNDLE_PURCHASE,0.0,ACTIVE,Mwanza,1800,2G_GSM,"iPhone 13,2 (iOS 16.5)","Customer stated: 'Cannot connect to 4G in Posta area, please help'"
REC-101516,INVA *** 000,+255714***659,2023-11-30T22:54:00Z,SMS_PACK,114500.0,TERMINATED,Morogoro,0,2G_GSM,Transsion Infinix Hot 30,"USSD session timeout, retry OK"
REC-101448,+255714***507,+255714***428,2023-11-13T19:03:00Z,DATA_RECHARGE,69825.0,CHURNED,Morogoro,30,4G_LTE,Samsung Galaxy A14; Android 13,Flagged for KYC update; verified by agent
REC-101716,+255714***838,+255714***373,2023-12-01T10:07:35Z,BUNDLE_PURCHASE,43083.14,SUSPENDED,Arusha,45,5G_NR,Unknown,Flagged for KYC update; verified by agent
REC-100071,+255714***921,INVA *** 000,2023-11-11T21:26:15Z,TIGO_PESA_CASH_OUT,144741.25,UNKNOWN,Mwanza,0,UNKNOWN,Unknown,"Customer stated: 'Cannot connect to 4G in Posta area, please help'"
REC-100249,+255714***233,INVA *** 140,2023-11-27T17:07:11Z,VOICE_CALL,50094.0,ACTIVE,Mwanza,45,UNKNOWN,Unknown,None
REC-100568,+255714***343,+255714***110,2023-11-19T13:30:59Z,SMS_PACK,90725.28,ACTIVE,Dodoma,1800,4G_LTE,Transsion Infinix Hot 30,"Customer stated: 'Cannot connect to 4G in Posta area, please help'"
REC-100665,+255714***398,+255714***699,2023-11-19T20:40:00Z,VOICE_CALL,58675.0,ACTIVE,Other / Unknown,360,4G_LTE,Huawei P40 Lite,"USSD session timeout, retry OK"
REC-100953,+255714***919,+255714***097,2023-11-28T17:34:11Z,DATA_RECHARGE,80069.93,CHURNED,Mwanza,135,4G_LTE,Nokia 105 (Feature Phone),None
REC-100186,+255714***865,+255714***181,2023-11-23T03:26:07Z,SMS_PACK,0.0,ACTIVE,Zanzibar,30,4G_LTE,Samsung Galaxy A14; Android 13,"Customer stated: 'Cannot connect to 4G in Posta area, please help'"
REC-102106,+255714***359,+255714***001,2023-11-23T03:17:14Z,BUNDLE_PURCHASE,141725.0,TERMINATED,Dar es Salaam,0,5G_NR,"iPhone 13,2 (iOS 16.5)","USSD session timeout, retry OK"
REC-101711,+255714***659,+255714***755,2023-11-12T13:51:51Z,BUNDLE_PURCHASE,96855.93,SUSPENDED,Morogoro,0,5G_NR,Huawei P40 Lite,
REC-100177,+255714***728,+255714***277,2023-12-02T20:40:00Z,BUNDLE_PURCHASE,108141.78,SUSPENDED,Mwanza,120,3G_WCDMA,Huawei P40 Lite,None
REC-100156,+255714***318,+255714***837,2023-11-18T13:28:32Z,VOICE_CALL,1875.0,ACTIVE,Mwanza,360,3G_WCDMA,Nokia 105 (Feature Phone),Standard call; cell handover success
REC-100708,+255714***877,+255714***247,2023-11-25T01:06:45Z,SMS_PACK,512.79,UNKNOWN,Mwanza,1800,3G_WCDMA,"iPhone 13,2 (iOS 16.5)",Standard call; cell handover success
REC-100333,+255714***084,+255714***784,2023-11-06T15:19:32Z,VOICE_CALL,147098.17,UNKNOWN,Other / Unknown,360,UNKNOWN,Nokia 105 (Feature Phone),"USSD session timeout, retry OK"
REC-101386,+255714***809,+255714***318,2023-11-22T18:54:00Z,TIGO_PESA_CASH_IN,82114.0,UNKNOWN,Tanga,120,4G_LTE,Huawei P40 Lite,"Customer stated: 'Cannot connect to 4G in Posta area, please help'"
REC-100569,+255714***962,INVA *** 140,2023-11-25T00:30:00Z,TIGO_PESA_CASH_IN,92273.23,PENDING_KYC,Dar es Salaam,0,2G_GSM,Tecno Spark 10 Pro,"Customer stated: 'Cannot connect to 4G in Posta area, please help'"
REC-101958,+255714***646,+255714***961,2023-11-12T03:06:37Z,BUNDLE_PURCHASE,21255.77,TERMINATED,Dar es Salaam,135,3G_WCDMA,Huawei P40 Lite,None
REC-101164,+255714***934,+255714***603,2023-11-13T04:27:30Z,BUNDLE_PURCHASE,19050.0,CHURNED,Arusha,45,2G_GSM,"iPhone 13,2 (iOS 16.5)",Flagged for KYC update; verified by agent
REC-102456,+255714***879,UNKNOWN,2023-11-10T02:23:00Z,BUNDLE_PURCHASE,119075.0,ACTIVE,Mwanza,0,4G_LTE,"iPhone 13,2 (iOS 16.5)",
REC-101198,+255714***236,+255714***742,2023-12-02T15:27:00Z,TIGO_PESA_CASH_IN,59524.48,SUSPENDED,Dar es Salaam,120,UNKNOWN,Transsion Infinix Hot 30,Flagged for KYC update; verified by agent
REC-101342,+255714***549,+255714***850,2023-11-13T20:54:36Z,VOICE_CALL,92005.99,ACTIVE,Morogoro,135,3G_WCDMA,Samsung Galaxy A14; Android 13,Flagged for KYC update; verified by agent
REC-102131,+255714***740,INVA *** 140,2023-11-23T21:12:36Z,TIGO_PESA_CASH_IN,149045.96,ACTIVE,Other / Unknown,30,2G_GSM,"iPhone 13,2 (iOS 16.5)",
REC-101591,+255714***562,+255714***754,2023-11-04T16:05:43Z,SMS_PACK,37745.96,SUSPENDED,Dar es Salaam,0,4G_LTE,Unknown,"Customer stated: 'Cannot connect to 4G in Posta area, please help'"
REC-100238,+255714***755,+255714***303,2023-11-14T14:08:00Z,TIGO_PESA_CASH_OUT,46592.0,ACTIVE,Dar es Salaam,45,UNKNOWN,Nokia 105 (Feature Phone),"USSD session timeout, retry OK"
REC-100253,INVA *** 000,+255714***359,2023-11-28T14:19:10Z,DATA_RECHARGE,50009.68,CHURNED,Mwanza,45,4G_LTE,Samsung Galaxy A14; Android 13,None
REC-100251,+255714***549,+255714***234,2023-11-04T00:00:00Z,SMS_PACK,47934.0,UNKNOWN,Tanga,30,4G_LTE,Nokia 105 (Feature Phone),Standard call; cell handover success
REC-102406,+255714***550,+255714***372,2023-11-04T00:00:00Z,BUNDLE_PURCHASE,60414.78,ACTIVE,Other / Unknown,30,3G_WCDMA,Tecno Spark 10 Pro,"USSD session timeout, retry OK"
REC-100902,+255714***672,+255714***839,2023-11-30T09:26:00Z,BUNDLE_PURCHASE,37069.8,PENDING_KYC,Dodoma,30,UNKNOWN,Huawei P40 Lite,
REC-102388,+255714***781,+255714***510,2023-11-28T22:34:00Z,BUNDLE_PURCHASE,48944.57,PENDING_KYC,Dar es Salaam,135,UNKNOWN,Nokia 105 (Feature Phone),None
REC-101867,+255714***715,+255714***425,2023-11-28T05:18:45Z,VOICE_CALL,137353.55,ACTIVE,Dar es Salaam,0,3G_WCDMA,Huawei P40 Lite,Flagged for KYC update; verified by agent
REC-100309,+255714***781,+255714***427,2023-11-18T10:09:12Z,SMS_PACK,0.0,TERMINATED,Arusha,1800,4G_LTE,Tecno Spark 10 Pro,None
REC-100578,+255714***275,+255714***865,2023-11-09T11:50:00Z,SMS_PACK,127220.61,PENDING_KYC,Zanzibar,1800,5G_NR,Samsung Galaxy A14; Android 13,"Customer stated: 'Cannot connect to 4G in Posta area, please help'"
REC-101356,+255714***385,+255714***317,2023-11-08T21:03:00Z,TIGO_PESA_CASH_OUT,24700.0,UNKNOWN,Dar es Salaam,1800,4G_LTE,Unknown,
REC-101931,+255714***357,+255714***317,2023-11-28T14:58:07Z,TIGO_PESA_CASH_IN,92392.6,CHURNED,Dar es Salaam,360,4G_LTE,"iPhone 13,2 (iOS 16.5)",
REC-100323,UNKNOWN,+255714***099,2023-11-22T14:57:02Z,VOICE_CALL,83250.0,ACTIVE,Dar es Salaam,0,2G_GSM,Huawei P40 Lite,"Customer stated: 'Cannot connect to 4G in Posta area, please help'"
REC-101939,+255714***055,INVA *** 000,2023-11-28T02:17:30Z,DATA_RECHARGE,80676.65,PENDING_KYC,Arusha,120,2G_GSM,Nokia 105 (Feature Phone),"VIP Subscriber, priority routing"
REC-100869,+255714***233,+255714***439,2023-11-06T13:06:14Z,BUNDLE_PURCHASE,107744.98,TERMINATED,Mwanza,0,4G_LTE,Unknown,None
REC-102380,+255714***085,+255714***564,2023-11-11T03:43:13Z,TIGO_PESA_CASH_OUT,0.0,UNKNOWN,Tanga,0,5G_NR,Nokia 105 (Feature Phone),None
REC-100014,+255714***192,INVA *** 140,2023-11-04T20:36:00Z,VOICE_CALL,106322.22,ACTIVE,Dar es Salaam,30,4G_LTE,Huawei P40 Lite,Flagged for KYC update; verified by agent
REC-101968,+255714***426,+255714***057,2023-11-16T10:55:11Z,DATA_RECHARGE,23100.0,ACTIVE,Mbeya,30,2G_GSM,"iPhone 13,2 (iOS 16.5)","VIP Subscriber, priority routing"
REC-100135,+255714***536,+255714***921,2023-11-19T06:33:10Z,DATA_RECHARGE,0.0,SUSPENDED,Dodoma,1800,5G_NR,Unknown,"VIP Subscriber, priority routing"
REC-102043,+255714***578,+255714***508,2023-11-09T09:23:42Z,VOICE_CALL,21764.0,UNKNOWN,Dar es Salaam,360,UNKNOWN,"iPhone 13,2 (iOS 16.5)","Customer stated: 'Cannot connect to 4G in Posta area, please help'"
REC-102391,+255714***126,+255714***414,2023-12-04T08:32:29Z,BUNDLE_PURCHASE,75275.0,ACTIVE,Mbeya,360,4G_LTE,Transsion Infinix Hot 30,Standard call; cell handover success
REC-100630,+255714***413,+255714***207,2023-12-02T20:14:00Z,BUNDLE_PURCHASE,116436.6,TERMINATED,Tanga,30,5G_NR,Tecno Spark 10 Pro,"VIP Subscriber, priority routing"
REC-101623,+255714***551,+255714***097,2023-11-15T21:29:53Z,TIGO_PESA_CASH_IN,0.0,ACTIVE,Zanzibar,0,3G_WCDMA,Tecno Spark 10 Pro,Flagged for KYC update; verified by agent
REC-100773,+255714***755,INVA *** 000,2023-11-07T06:42:01Z,SMS_PACK,118693.0,UNKNOWN,Dar es Salaam,45,UNKNOWN,Samsung Galaxy A14; Android 13,"USSD session timeout, retry OK"
REC-100107,+255714***044,+255714***001,2023-12-04T05:45:32Z,BUNDLE_PURCHASE,76300.0,UNKNOWN,Dar es Salaam,0,UNKNOWN,Huawei P40 Lite,
REC-101254,+255714***343,+255714***564,2023-11-18T20:05:00Z,SMS_PACK,26050.0,TERMINATED,Dodoma,360,4G_LTE,Samsung Galaxy A14; Android 13,Flagged for KYC update; verified by agent
REC-102308,+255714***233,INVA *** 140,2023-11-20T15:21:00Z,TIGO_PESA_CASH_IN,61347.05,TERMINATED,Arusha,135,4G_LTE,Transsion Infinix Hot 30,"USSD session timeout, retry OK"
REC-100628,+255714***646,UNKNOWN,2023-11-26T13:15:35Z,BUNDLE_PURCHASE,49564.95,ACTIVE,Dar es Salaam,0,2G_GSM,Unknown,None
REC-101153,+255714***865,+255714***055,2023-11-17T23:09:00Z,TIGO_PESA_CASH_IN,64755.5,UNKNOWN,Mwanza,1800,5G_NR,Unknown,Flagged for KYC update; verified by agent
REC-100176,+255714***742,+255714***467,2023-11-27T00:09:22Z,VOICE_CALL,120521.08,TERMINATED,Arusha,30,5G_NR,Transsion Infinix Hot 30,"VIP Subscriber, priority routing"
REC-102311,UNKNOWN,+255714***291,2023-11-19T17:07:00Z,BUNDLE_PURCHASE,136175.0,SUSPENDED,Dar es Salaam,0,2G_GSM,Samsung Galaxy A14; Android 13,"VIP Subscriber, priority routing"
REC-101461,+255714***166,+255714***166,2023-11-26T02:35:19Z,VOICE_CALL,14079.7,SUSPENDED,Arusha,1800,4G_LTE,"iPhone 13,2 (iOS 16.5)",Flagged for KYC update; verified by agent
REC-101912,+255714***562,+255714***782,2023-11-24T19:37:57Z,DATA_RECHARGE,111875.0,SUSPENDED,Mwanza,360,4G_LTE,Nokia 105 (Feature Phone),"USSD session timeout, retry OK"
REC-100430,+255714***166,UNKNOWN,2023-11-29T19:18:59Z,TIGO_PESA_CASH_IN,84959.0,UNKNOWN,Mbeya,0,4G_LTE,Huawei P40 Lite,
REC-101785,UNKNOWN,INVA *** 000,2023-11-22T11:19:42Z,TIGO_PESA_CASH_OUT,0.0,ACTIVE,Zanzibar,30,4G_LTE,Nokia 105 (Feature Phone),"VIP Subscriber, priority routing"
REC-102455,+255714***633,+255714***386,2023-11-25T10:25:04Z,SMS_PACK,60104.51,TERMINATED,Dar es Salaam,0,4G_LTE,Samsung Galaxy A14; Android 13,None
REC-101566,+255714***509,INVA *** 140,2023-11-07T09:42:00Z,TIGO_PESA_CASH_OUT,60017.0,SUSPENDED,Zanzibar,135,4G_LTE,Unknown,Flagged for KYC update; verified by agent
REC-101100,+255714***453,INVA *** 000,2023-11-30T13:04:00Z,DATA_RECHARGE,123708.0,ACTIVE,Mwanza,0,4G_LTE,"iPhone 13,2 (iOS 16.5)",Standard call; cell handover success
REC-100878,+255714***510,+255714***302,2023-11-17T07:04:39Z,BUNDLE_PURCHASE,106850.0,ACTIVE,Arusha,0,UNKNOWN,Transsion Infinix Hot 30,"VIP Subscriber, priority routing"
REC-100377,+255714***631,+255714***426,2023-11-06T03:15:52Z,DATA_RECHARGE,69394.78,SUSPENDED,Zanzibar,135,4G_LTE,Tecno Spark 10 Pro,"USSD session timeout, retry OK"
REC-101788,+255714***125,+255714***262,2023-11-21T11:32:58Z,VOICE_CALL,34250.48,UNKNOWN,Other / Unknown,45,4G_LTE,"iPhone 13,2 (iOS 16.5)",
REC-100171,INVA *** 140,+255714***154,2023-11-25T05:56:49Z,BUNDLE_PURCHASE,0.0,CHURNED,Zanzibar,30,4G_LTE,Transsion Infinix Hot 30,"Customer stated: 'Cannot connect to 4G in Posta area, please help'"
REC-102054,+255714***235,+255714***372,2023-11-05T16:30:00Z,SMS_PACK,43143.02,ACTIVE,Zanzibar,120,4G_LTE,Tecno Spark 10 Pro,Flagged for KYC update; verified by agent
REC-101045,+255714***113,+255714***056,2023-11-09T15:58:00Z,BUNDLE_PURCHASE,26950.78,SUSPENDED,Zanzibar,45,UNKNOWN,Unknown,"Customer stated: 'Cannot connect to 4G in Posta area, please help'"
REC-100961,UNKNOWN,+255714***729,2023-11-16T03:02:41Z,DATA_RECHARGE,71089.0,SUSPENDED,Mwanza,45,5G_NR,Samsung Galaxy A14; Android 13,"VIP Subscriber, priority routing"
REC-101367,+255714***372,+255714***618,2023-11-17T07:56:13Z,DATA_RECHARGE,0.0,ACTIVE,Dar es Salaam,120,3G_WCDMA,Samsung Galaxy A14; Android 13,Standard call; cell handover success
REC-100967,+255714***508,+255714***537,2023-11-06T05:52:00Z,DATA_RECHARGE,22629.58,SUSPENDED,Dodoma,30,4G_LTE,Tecno Spark 10 Pro,"USSD session timeout, retry OK"
REC-101693,+255714***822,+255714***029,2023-11-22T01:34:45Z,TIGO_PESA_CASH_OUT,120923.59,SUSPENDED,Zanzibar,0,4G_LTE,Samsung Galaxy A14; Android 13,"Customer stated: 'Cannot connect to 4G in Posta area, please help'"
REC-101893,+255714***921,+255714***769,2023-11-16T05:14:27Z,DATA_RECHARGE,0.0,TERMINATED,Dodoma,0,5G_NR,Nokia 105 (Feature Phone),"Customer stated: 'Cannot connect to 4G in Posta area, please help'"
REC-101582,+255714***906,INVA *** 140,2023-11-09T15:42:18Z,BUNDLE_PURCHASE,0.0,SUSPENDED,Dar es Salaam,45,3G_WCDMA,Unknown,"USSD session timeout, retry OK"
REC-100916,INVA *** 140,INVA *** 140,2023-11-04T12:35:00Z,DATA_RECHARGE,0.0,ACTIVE,Dodoma,1800,3G_WCDMA,Transsion Infinix Hot 30,
REC-100862,+255714***426,+255714***412,2023-12-04T02:37:00Z,TIGO_PESA_CASH_OUT,0.0,CHURNED,Zanzibar,0,4G_LTE,"iPhone 13,2 (iOS 16.5)","Customer stated: 'Cannot connect to 4G in Posta area, please help'"
REC-102191,+255714***194,+255714***071,2023-12-03T03:28:02Z,TIGO_PESA_CASH_OUT,108194.46,TERMINATED,Dar es Salaam,1800,5G_NR,Nokia 105 (Feature Phone),"USSD session timeout, retry OK"
REC-101412,+255714***233,+255714***359,2023-11-23T00:30:49Z,SMS_PACK,38268.67,SUSPENDED,Mbeya,120,2G_GSM,Transsion Infinix Hot 30,Flagged for KYC update; verified by agent
REC-100872,+255714***017,+255714***113,2023-11-18T15:06:00Z,DATA_RECHARGE,136824.96,SUSPENDED,Mwanza,1800,4G_LTE,Unknown,
REC-101580,INVA *** 000,+255714***795,2023-12-01T08:22:00Z,BUNDLE_PURCHASE,135308.9,UNKNOWN,Arusha,360,2G_GSM,Unknown,"USSD session timeout, retry OK"
REC-100478,+255714***825,+255714***988,2023-11-04T00:00:00Z,TIGO_PESA_CASH_IN,62725.23,ACTIVE,Arusha,45,4G_LTE,Tecno Spark 10 Pro,Standard call; cell handover success
REC-100450,+255714***384,+255714***658,2023-11-28T03:16:13Z,SMS_PACK,0.0,ACTIVE,Arusha,135,UNKNOWN,Transsion Infinix Hot 30,None
REC-101660,+255714***822,INVA *** 140,2023-11-26T18:09:30Z,VOICE_CALL,4928.9,SUSPENDED,Arusha,45,2G_GSM,Nokia 105 (Feature Phone),
REC-101994,INVA *** 140,+255714***206,2023-11-04T00:00:00Z,BUNDLE_PURCHASE,98591.97,TERMINATED,Arusha,135,3G_WCDMA,Nokia 105 (Feature Phone),Flagged for KYC update; verified by agent
REC-101223,+255714***768,+255714***000,2023-11-07T09:39:08Z,SMS_PACK,69082.77,PENDING_KYC,Dar es Salaam,360,4G_LTE,Tecno Spark 10 Pro,"USSD session timeout, retry OK"
REC-100706,INVA *** 140,INVA *** 140,2023-11-28T05:26:22Z,VOICE_CALL,78075.0,ACTIVE,Arusha,0,4G_LTE,Unknown,Standard call; cell handover success
REC-101277,INVA *** 140,+255714***741,2023-11-11T15:24:36Z,TIGO_PESA_CASH_IN,85018.31,UNKNOWN,Mwanza,120,4G_LTE,"iPhone 13,2 (iOS 16.5)","VIP Subscriber, priority routing"
REC-101608,+255714***877,+255714***302,2023-11-28T22:00:01Z,TIGO_PESA_CASH_IN,0.0,ACTIVE,Dar es Salaam,120,2G_GSM,Transsion Infinix Hot 30,None
REC-101761,+255714***235,INVA *** 000,2023-11-29T09:28:44Z,SMS_PACK,116478.0,SUSPENDED,Dar es Salaam,45,UNKNOWN,Unknown,
REC-101120,+255714***112,INVA *** 000,2023-12-01T20:24:42Z,TIGO_PESA_CASH_OUT,84062.0,SUSPENDED,Dar es Salaam,360,5G_NR,Samsung Galaxy A14; Android 13,Standard call; cell handover success
REC-101518,+255714***960,+255714***386,2023-11-23T06:05:08Z,TIGO_PESA_CASH_IN,84974.0,PENDING_KYC,Zanzibar,0,4G_LTE,Nokia 105 (Feature Phone),Standard call; cell handover success
REC-100987,+255714***987,+255714***591,2023-11-17T03:58:55Z,BUNDLE_PURCHASE,79888.61,ACTIVE,Arusha,0,UNKNOWN,Unknown,
REC-100276,+255714***140,+255714***590,2023-11-18T21:20:20Z,DATA_RECHARGE,22914.43,CHURNED,Other / Unknown,30,4G_LTE,"iPhone 13,2 (iOS 16.5)",
REC-100234,INVA *** 140,+255714***083,2023-11-04T23:24:00Z,TIGO_PESA_CASH_IN,719.0,TERMINATED,Dar es Salaam,120,2G_GSM,"iPhone 13,2 (iOS 16.5)","Customer stated: 'Cannot connect to 4G in Posta area, please help'"
REC-100338,+255714***084,INVA *** 000,2023-11-18T06:28:00Z,VOICE_CALL,32881.0,PENDING_KYC,Zanzibar,45,4G_LTE,Unknown,"Customer stated: 'Cannot connect to 4G in Posta area, please help'"
REC-102382,INVA *** 140,+255714***055,2023-11-05T15:26:00Z,TIGO_PESA_CASH_OUT,16075.42,PENDING_KYC,Dar es Salaam,0,5G_NR,Nokia 105 (Feature Phone),"VIP Subscriber, priority routing"
REC-100960,UNKNOWN,+255714***248,2023-12-02T03:30:43Z,SMS_PACK,71051.07,CHURNED,Dar es Salaam,135,2G_GSM,Huawei P40 Lite,None
REC-102336,+255714***206,+255714***548,2023-11-15T22:27:00Z,TIGO_PESA_CASH_OUT,25660.68,CHURNED,Dodoma,0,4G_LTE,"iPhone 13,2 (iOS 16.5)",Flagged for KYC update; verified by agent
REC-100146,+255714***412,+255714***687,2023-12-01T20:04:35Z,TIGO_PESA_CASH_IN,71496.44,TERMINATED,Other / Unknown,0,3G_WCDMA,Huawei P40 Lite,"USSD session timeout, retry OK"
REC-100166,UNKNOWN,+255714***058,2023-11-30T16:33:00Z,DATA_RECHARGE,98203.35,SUSPENDED,Mbeya,135,2G_GSM,"iPhone 13,2 (iOS 16.5)",
REC-101191,+255714***097,+255714***276,2023-12-01T07:29:00Z,SMS_PACK,0.0,SUSPENDED,Zanzibar,0,5G_NR,"iPhone 13,2 (iOS 16.5)","Customer stated: 'Cannot connect to 4G in Posta area, please help'"
REC-101872,+255714***770,+255714***727,1970-01-01T00:00:00Z,DATA_RECHARGE,16148.26,ACTIVE,Mwanza,0,4G_LTE,Nokia 105 (Feature Phone),
REC-101557,+255714***400,+255714***603,2023-11-09T23:28:00Z,SMS_PACK,56187.18,PENDING_KYC,Mbeya,135,2G_GSM,Transsion Infinix Hot 30,"Customer stated: 'Cannot connect to 4G in Posta area, please help'"
REC-100197,+255714***043,+255714***233,2023-11-30T10:45:46Z,BUNDLE_PURCHASE,95907.96,SUSPENDED,Other / Unknown,30,4G_LTE,Nokia 105 (Feature Phone),Standard call; cell handover success
REC-100083,INVA *** 140,UNKNOWN,2023-12-04T03:01:00Z,DATA_RECHARGE,97324.0,PENDING_KYC,Mwanza,135,4G_LTE,"iPhone 13,2 (iOS 16.5)","VIP Subscriber, priority routing"
REC-101333,+255714***932,+255714***220,2023-11-16T09:06:00Z,BUNDLE_PURCHASE,128425.0,TERMINATED,Mbeya,360,5G_NR,Transsion Infinix Hot 30,"VIP Subscriber, priority routing"
REC-100211,+255714***126,+255714***359,2023-11-21T12:44:12Z,SMS_PACK,91734.14,ACTIVE,Arusha,120,UNKNOWN,Samsung Galaxy A14; Android 13,Standard call; cell handover success
REC-102274,+255714***110,+255714***030,2023-12-03T21:26:56Z,SMS_PACK,0.0,PENDING_KYC,Arusha,30,4G_LTE,Samsung Galaxy A14; Android 13,None
REC-100938,+255714***466,+255714***056,2023-11-15T06:30:52Z,BUNDLE_PURCHASE,27134.92,CHURNED,Mwanza,1800,UNKNOWN,Samsung Galaxy A14; Android 13,Standard call; cell handover success
REC-100203,+255714***563,+255714***137,2023-11-07T13:06:51Z,BUNDLE_PURCHASE,0.0,SUSPENDED,Dodoma,30,4G_LTE,Transsion Infinix Hot 30,"VIP Subscriber, priority routing"
REC-102196,+255714***825,+255714***564,2023-11-06T17:12:17Z,TIGO_PESA_CASH_OUT,9140.04,UNKNOWN,Mbeya,120,5G_NR,Unknown,"VIP Subscriber, priority routing"
REC-100375,+255714***384,+255714***071,2023-11-05T05:22:40Z,TIGO_PESA_CASH_OUT,32969.62,PENDING_KYC,Dodoma,0,4G_LTE,Unknown,"VIP Subscriber, priority routing"
REC-100831,INVA *** 140,+255714***412,2023-11-22T18:15:15Z,TIGO_PESA_CASH_OUT,14850.0,TERMINATED,Zanzibar,30,3G_WCDMA,Tecno Spark 10 Pro,"Customer stated: 'Cannot connect to 4G in Posta area, please help'"
REC-100983,+255714***605,+255714***222,2023-11-14T07:49:00Z,DATA_RECHARGE,99477.17,CHURNED,Dar es Salaam,30,3G_WCDMA,Unknown,"Customer stated: 'Cannot connect to 4G in Posta area, please help'"
REC-102423,+255714***097,+255714***386,2023-11-20T11:14:55Z,BUNDLE_PURCHASE,60500.31,PENDING_KYC,Mwanza,360,4G_LTE,Huawei P40 Lite,"VIP Subscriber, priority routing"
REC-100256,+255714***948,+255714***592,2023-11-09T14:14:00Z,VOICE_CALL,0.0,SUSPENDED,Dar es Salaam,1800,4G_LTE,Tecno Spark 10 Pro,Standard call; cell handover success
REC-102383,+255714***028,INVA *** 140,2023-11-21T06:41:00Z,BUNDLE_PURCHASE,5458.11,PENDING_KYC,Arusha,0,3G_WCDMA,"iPhone 13,2 (iOS 16.5)",
REC-100626,UNKNOWN,+255714***055,2023-11-07T12:59:08Z,DATA_RECHARGE,9769.33,PENDING_KYC,Dar es Salaam,0,4G_LTE,Samsung Galaxy A14; Android 13,Standard call; cell handover success
REC-102123,+255714***247,+255714***962,2023-11-26T21:58:00Z,TIGO_PESA_CASH_OUT,26372.37,ACTIVE,Dodoma,120,3G_WCDMA,Transsion Infinix Hot 30,Standard call; cell handover success
REC-101811,INVA *** 140,+255714***702,2023-11-04T00:00:00Z,BUNDLE_PURCHASE,14050.0,UNKNOWN,Dar es Salaam,1800,2G_GSM,Transsion Infinix Hot 30,"USSD session timeout, retry OK"
REC-101404,+255714***837,+255714***715,2023-12-02T09:51:40Z,TIGO_PESA_CASH_OUT,25873.3,UNKNOWN,Mbeya,135,4G_LTE,"iPhone 13,2 (iOS 16.5)",None
REC-100158,+255714***756,INVA *** 140,2023-11-13T00:41:19Z,BUNDLE_PURCHASE,0.0,PENDING_KYC,Zanzibar,30,4G_LTE,Transsion Infinix Hot 30,
REC-100271,+255714***878,+255714***770,2023-11-04T00:00:00Z,DATA_RECHARGE,56175.0,SUSPENDED,Zanzibar,1800,5G_NR,Tecno Spark 10 Pro,Flagged for KYC update; verified by agent
REC-101801,INVA *** 140,INVA *** 140,2023-11-23T21:29:00Z,DATA_RECHARGE,28377.37,CHURNED,Dar es Salaam,360,3G_WCDMA,Unknown,
REC-100698,UNKNOWN,+255714***619,2023-11-13T04:47:45Z,TIGO_PESA_CASH_OUT,109245.62,SUSPENDED,Dar es Salaam,1800,3G_WCDMA,Tecno Spark 10 Pro,"Customer stated: 'Cannot connect to 4G in Posta area, please help'"
REC-101706,+255714***466,+255714***755,2023-11-14T23:55:27Z,VOICE_CALL,60309.29,ACTIVE,Mwanza,0,4G_LTE,Tecno Spark 10 Pro,Standard call; cell handover success
REC-102364,INVA *** 140,INVA *** 140,2023-11-09T14:27:00Z,BUNDLE_PURCHASE,116058.73,SUSPENDED,Morogoro,0,3G_WCDMA,Nokia 105 (Feature Phone),Flagged for KYC update; verified by agent
REC-101184,+255714***220,+255714***001,2023-12-03T12:55:00Z,TIGO_PESA_CASH_IN,0.0,ACTIVE,Dar es Salaam,0,UNKNOWN,Nokia 105 (Feature Phone),"VIP Subscriber, priority routing"
REC-101108,+255714***083,+255714***291,2023-11-20T04:29:11Z,TIGO_PESA_CASH_OUT,113516.0,ACTIVE,Zanzibar,360,3G_WCDMA,Samsung Galaxy A14; Android 13,
REC-100574,+255714***167,+255714***098,2023-11-05T09:05:00Z,VOICE_CALL,59542.61,PENDING_KYC,Zanzibar,135,UNKNOWN,Nokia 105 (Feature Phone),
REC-100997,+255714***974,+255714***850,2023-11-09T00:24:08Z,DATA_RECHARGE,76250.0,UNKNOWN,Dar es Salaam,45,UNKNOWN,"iPhone 13,2 (iOS 16.5)","VIP Subscriber, priority routing"
REC-100360,+255714***523,+255714***304,2023-11-19T05:10:00Z,BUNDLE_PURCHASE,20100.0,SUSPENDED,Dar es Salaam,360,UNKNOWN,"iPhone 13,2 (iOS 16.5)",Standard call; cell handover success
REC-102211,+255714***427,+255714***617,2023-11-23T22:57:00Z,TIGO_PESA_CASH_IN,92400.0,ACTIVE,Morogoro,0,3G_WCDMA,Samsung Galaxy A14; Android 13,"USSD session timeout, retry OK"
REC-100037,+255714***069,+255714***879,2023-11-09T13:24:19Z,TIGO_PESA_CASH_OUT,33216.75,PENDING_KYC,Dar es Salaam,1800,4G_LTE,Unknown,"VIP Subscriber, priority routing"
REC-100608,INVA *** 140,+255714***055,2023-11-07T08:22:54Z,TIGO_PESA_CASH_IN,58795.99,PENDING_KYC,Mwanza,360,3G_WCDMA,Unknown,"VIP Subscriber, priority routing"
REC-100311,INVA *** 000,+255714***537,2023-11-05T03:19:40Z,SMS_PACK,38076.0,PENDING_KYC,Arusha,30,UNKNOWN,Huawei P40 Lite,Standard call; cell handover success
REC-102140,INVA *** 000,+255714***017,2023-11-08T07:43:18Z,TIGO_PESA_CASH_IN,31901.0,UNKNOWN,Mbeya,30,4G_LTE,"iPhone 13,2 (iOS 16.5)",
REC-102444,+255714***017,+255714***617,2023-11-22T04:46:37Z,DATA_RECHARGE,121446.26,PENDING_KYC,Other / Unknown,1800,4G_LTE,Huawei P40 Lite,Flagged for KYC update; verified by agent
REC-101373,+255714***824,+255714***111,2023-11-12T04:06:31Z,BUNDLE_PURCHASE,133703.0,UNKNOWN,Mwanza,45,2G_GSM,Nokia 105 (Feature Phone),"Customer stated: 'Cannot connect to 4G in Posta area, please help'"
REC-102454,+255714***359,+255714***604,2023-12-02T10:58:42Z,BUNDLE_PURCHASE,5897.0,SUSPENDED,Arusha,30,3G_WCDMA,Huawei P40 Lite,
REC-100545,+255714***563,+255714***222,2023-11-11T12:19:00Z,VOICE_CALL,0.0,PENDING_KYC,Dodoma,360,UNKNOWN,Huawei P40 Lite,"VIP Subscriber, priority routing"
REC-101422,+255714***728,+255714***783,2023-11-05T06:11:43Z,BUNDLE_PURCHASE,35494.94,UNKNOWN,Zanzibar,0,3G_WCDMA,Huawei P40 Lite,
REC-100529,+255714***960,+255714***866,2023-12-01T12:47:08Z,SMS_PACK,129123.93,SUSPENDED,Zanzibar,135,4G_LTE,Tecno Spark 10 Pro,
REC-100674,INVA *** 140,+255714***673,2023-11-27T21:47:37Z,VOICE_CALL,114408.43,ACTIVE,Mwanza,1800,4G_LTE,Huawei P40 Lite,
REC-102358,INVA *** 140,+255714***961,2023-11-13T15:41:08Z,TIGO_PESA_CASH_OUT,148421.13,TERMINATED,Mwanza,0,3G_WCDMA,"iPhone 13,2 (iOS 16.5)","Customer stated: 'Cannot connect to 4G in Posta area, please help'"
REC-101127,+255714***932,UNKNOWN,2023-11-24T05:23:10Z,TIGO_PESA_CASH_IN,123875.0,ACTIVE,Arusha,0,4G_LTE,Samsung Galaxy A14; Android 13,"USSD session timeout, retry OK"
REC-101162,+255714***358,+255714***606,2023-11-25T16:04:30Z,TIGO_PESA_CASH_IN,130715.8,PENDING_KYC,Mwanza,45,2G_GSM,Samsung Galaxy A14; Android 13,Flagged for KYC update; verified by agent
REC-101594,INVA *** 140,+255714***878,2023-11-07T01:04:09Z,BUNDLE_PURCHASE,127826.08,TERMINATED,Tanga,0,5G_NR,Transsion Infinix Hot 30,"Customer stated: 'Cannot connect to 4G in Posta area, please help'"
REC-100319,+255714***688,+255714***113,2023-11-08T00:14:55Z,SMS_PACK,103063.51,TERMINATED,Dar es Salaam,0,4G_LTE,Samsung Galaxy A14; Android 13,Flagged for KYC update; verified by agent
REC-102220,+255714***096,+255714***056,2023-12-02T07:57:59Z,TIGO_PESA_CASH_IN,11520.22,CHURNED,Dar es Salaam,30,4G_LTE,Transsion Infinix Hot 30,"USSD session timeout, retry OK"
REC-101934,+255714***864,+255714***988,2023-12-02T20:20:00Z,BUNDLE_PURCHASE,89783.0,UNKNOWN,Zanzibar,30,3G_WCDMA,Transsion Infinix Hot 30,Standard call; cell handover success
REC-102079,+255714***891,+255714***384,2023-11-13T20:35:37Z,VOICE_CALL,13582.01,UNKNOWN,Dodoma,0,UNKNOWN,Unknown,"Customer stated: 'Cannot connect to 4G in Posta area, please help'"
REC-100137,INVA *** 140,+255714***510,2023-11-05T21:16:47Z,VOICE_CALL,7297.0,UNKNOWN,Mwanza,120,UNKNOWN,Huawei P40 Lite,"Customer stated: 'Cannot connect to 4G in Posta area, please help'"
REC-102089,+255714***069,INVA *** 000,2023-11-25T18:27:00Z,TIGO_PESA_CASH_IN,10926.0,SUSPENDED,Mwanza,1800,4G_LTE,Nokia 105 (Feature Phone),
REC-101938,UNKNOWN,+255714***605,2023-11-06T11:26:15Z,SMS_PACK,77036.72,ACTIVE,Dar es Salaam,135,3G_WCDMA,Huawei P40 Lite,Standard call; cell handover success
REC-102353,+255714***892,+255714***605,2023-11-17T15:58:00Z,SMS_PACK,9061.0,TERMINATED,Zanzibar,135,4G_LTE,Tecno Spark 10 Pro,
REC-100623,+255714***727,+255714***195,2023-11-13T22:57:25Z,TIGO_PESA_CASH_IN,12725.0,ACTIVE,Arusha,135,4G_LTE,"iPhone 13,2 (iOS 16.5)",Flagged for KYC update; verified by agent
REC-100294,+255714***112,+255714***729,2023-11-12T11:32:00Z,VOICE_CALL,20310.48,SUSPENDED,Dar es Salaam,135,2G_GSM,Transsion Infinix Hot 30,None
REC-101192,+255714***713,+255714***056,2023-11-16T15:02:07Z,TIGO_PESA_CASH_OUT,28400.0,CHURNED,Mwanza,0,4G_LTE,Unknown,"USSD session timeout, retry OK"
REC-101546,+255714***138,+255714***249,2023-11-11T20:12:32Z,TIGO_PESA_CASH_IN,0.0,TERMINATED,Dodoma,45,2G_GSM,Tecno Spark 10 Pro,
REC-100680,+255714***044,+255714***933,2023-11-04T00:00:00Z,BUNDLE_PURCHASE,46542.84,ACTIVE,Dar es Salaam,30,UNKNOWN,"iPhone 13,2 (iOS 16.5)","USSD session timeout, retry OK"
REC-102146,+255714***850,+255714***631,2023-11-22T13:15:00Z,VOICE_CALL,142864.35,ACTIVE,Arusha,0,UNKNOWN,Tecno Spark 10 Pro,"USSD session timeout, retry OK"
REC-101200,+255714***852,+255714***331,2023-11-28T14:50:00Z,BUNDLE_PURCHASE,32405.0,TERMINATED,Dar es Salaam,120,3G_WCDMA,Huawei P40 Lite,
REC-101589,+255714***016,+255714***275,2023-11-27T19:55:44Z,TIGO_PESA_CASH_OUT,45884.31,TERMINATED,Dodoma,120,2G_GSM,Transsion Infinix Hot 30,"USSD session timeout, retry OK"
REC-100783,+255714***536,+255714***633,2023-11-26T15:29:00Z,TIGO_PESA_CASH_OUT,61852.83,UNKNOWN,Dodoma,1800,UNKNOWN,Tecno Spark 10 Pro,"VIP Subscriber, priority routing"
REC-100836,+255714***988,+255714***783,2023-12-03T19:41:21Z,VOICE_CALL,78213.47,ACTIVE,Zanzibar,0,UNKNOWN,Huawei P40 Lite,"Customer stated: 'Cannot connect to 4G in Posta area, please help'"
REC-102427,+255714***058,+255714***548,2023-11-25T16:45:00Z,TIGO_PESA_CASH_IN,19453.01,PENDING_KYC,Mbeya,135,4G_LTE,Transsion Infinix Hot 30,Standard call; cell handover success
REC-101411,+255714***112,INVA *** 000,2023-12-02T14:32:00Z,SMS_PACK,20350.0,TERMINATED,Zanzibar,45,5G_NR,Transsion Infinix Hot 30,Flagged for KYC update; verified by agent
REC-100209,+255714***030,INVA *** 140,2023-11-10T01:16:57Z,TIGO_PESA_CASH_IN,0.0,CHURNED,Mbeya,0,UNKNOWN,Nokia 105 (Feature Phone),"Customer stated: 'Cannot connect to 4G in Posta area, please help'"
REC-102053,+255714***507,INVA *** 140,2023-11-16T00:59:01Z,VOICE_CALL,37324.32,CHURNED,Dodoma,0,3G_WCDMA,Transsion Infinix Hot 30,Flagged for KYC update; verified by agent
REC-100693,+255714***921,+255714***071,2023-12-01T18:52:00Z,TIGO_PESA_CASH_OUT,121362.9,ACTIVE,Mwanza,0,4G_LTE,Samsung Galaxy A14; Android 13,"USSD session timeout, retry OK"
REC-101260,+255714***770,INVA *** 140,2023-11-10T10:34:21Z,TIGO_PESA_CASH_OUT,109403.43,ACTIVE,Dar es Salaam,0,2G_GSM,Transsion Infinix Hot 30,
REC-101719,+255714***974,+255714***850,2023-11-17T23:56:49Z,DATA_RECHARGE,10302.2,SUSPENDED,Tanga,360,4G_LTE,Samsung Galaxy A14; Android 13,Standard call; cell handover success
REC-102136,+255714***329,INVA *** 140,2023-11-19T11:26:00Z,TIGO_PESA_CASH_OUT,0.0,SUSPENDED,Mbeya,0,5G_NR,Transsion Infinix Hot 30,
REC-101371,+255714***617,UNKNOWN,2023-11-29T17:20:01Z,BUNDLE_PURCHASE,110748.11,PENDING_KYC,Zanzibar,30,3G_WCDMA,Samsung Galaxy A14; Android 13,Standard call; cell handover success
REC-101112,+255714***085,+255714***699,2023-12-02T04:33:41Z,SMS_PACK,0.0,SUSPENDED,Morogoro,360,5G_NR,Transsion Infinix Hot 30,"VIP Subscriber, priority routing"
REC-100214,+255714***057,+255714***316,2023-11-09T00:41:07Z,TIGO_PESA_CASH_OUT,77584.21,CHURNED,Zanzibar,0,5G_NR,Huawei P40 Lite,"VIP Subscriber, priority routing"
REC-102313,INVA *** 000,+255714***017,2023-11-25T00:54:22Z,TIGO_PESA_CASH_OUT,42257.75,UNKNOWN,Mwanza,135,4G_LTE,Tecno Spark 10 Pro,"USSD session timeout, retry OK"
REC-102272,+255714***482,INVA *** 000,2023-11-04T00:00:00Z,BUNDLE_PURCHASE,107075.0,TERMINATED,Zanzibar,30,5G_NR,Transsion Infinix Hot 30,"VIP Subscriber, priority routing"
REC-100231,INVA *** 000,+255714***606,2023-11-24T20:49:22Z,DATA_RECHARGE,48609.4,TERMINATED,Mwanza,0,2G_GSM,Tecno Spark 10 Pro,"VIP Subscriber, priority routing"
REC-100687,UNKNOWN,+255714***727,2023-11-26T10:44:41Z,BUNDLE_PURCHASE,0.0,UNKNOWN,Dodoma,120,4G_LTE,Nokia 105 (Feature Phone),None
REC-100880,INVA *** 140,INVA *** 140,1970-01-01T00:00:00Z,VOICE_CALL,110942.89,PENDING_KYC,Dodoma,0,4G_LTE,Unknown,"Customer stated: 'Cannot connect to 4G in Posta area, please help'"
REC-100733,+255714***370,+255714***000,2023-11-27T10:12:35Z,TIGO_PESA_CASH_IN,136318.06,SUSPENDED,Mwanza,0,5G_NR,Tecno Spark 10 Pro,"USSD session timeout, retry OK"
REC-101868,+255714***672,INVA *** 140,2023-12-01T08:50:21Z,BUNDLE_PURCHASE,134073.1,UNKNOWN,Other / Unknown,135,4G_LTE,Tecno Spark 10 Pro,Standard call; cell handover success
REC-100804,INVA *** 000,+255714***507,2023-11-12T19:36:52Z,BUNDLE_PURCHASE,49367.78,UNKNOWN,Dar es Salaam,360,4G_LTE,Nokia 105 (Feature Phone),None
REC-101727,INVA *** 000,+255714***550,2023-12-04T11:40:29Z,VOICE_CALL,25300.0,UNKNOWN,Other / Unknown,360,3G_WCDMA,Tecno Spark 10 Pro,"VIP Subscriber, priority routing"
REC-100986,+255714***331,+255714***919,2023-11-04T00:00:00Z,TIGO_PESA_CASH_OUT,20575.57,PENDING_KYC,Arusha,45,2G_GSM,Tecno Spark 10 Pro,Standard call; cell handover success
REC-102060,INVA *** 000,+255714***359,2023-12-01T20:11:00Z,SMS_PACK,121134.03,PENDING_KYC,Mbeya,0,4G_LTE,Nokia 105 (Feature Phone),"USSD session timeout, retry OK"
REC-101398,INVA *** 000,+255714***084,2023-12-01T15:18:20Z,DATA_RECHARGE,29784.63,UNKNOWN,Tanga,30,3G_WCDMA,Unknown,"VIP Subscriber, priority routing"
REC-101920,+255714***755,+255714***564,2023-11-15T02:44:09Z,TIGO_PESA_CASH_IN,33490.71,ACTIVE,Dodoma,0,4G_LTE,Tecno Spark 10 Pro,None
REC-101291,INVA *** 000,UNKNOWN,2023-11-08T07:47:00Z,BUNDLE_PURCHASE,24925.73,SUSPENDED,Dodoma,120,UNKNOWN,Huawei P40 Lite,
REC-101584,INVA *** 140,+255714***288,2023-11-25T18:50:58Z,BUNDLE_PURCHASE,0.0,TERMINATED,Dodoma,0,2G_GSM,Samsung Galaxy A14; Android 13,Standard call; cell handover success
REC-101839,+255714***851,INVA *** 140,2023-11-07T18:44:24Z,TIGO_PESA_CASH_OUT,78562.4,ACTIVE,Arusha,360,2G_GSM,Nokia 105 (Feature Phone),"USSD session timeout, retry OK"
REC-101196,INVA *** 140,+255714***469,2023-11-04T00:00:00Z,TIGO_PESA_CASH_OUT,144650.0,TERMINATED,Mbeya,0,4G_LTE,Tecno Spark 10 Pro,"USSD session timeout, retry OK"
REC-102397,+255714***741,+255714***891,2023-11-07T04:05:06Z,TIGO_PESA_CASH_OUT,124138.03,SUSPENDED,Arusha,135,2G_GSM,Huawei P40 Lite,"USSD session timeout, retry OK"
REC-100802,+255714***071,INVA *** 140,2023-11-15T19:16:00Z,BUNDLE_PURCHASE,10402.15,SUSPENDED,Zanzibar,120,4G_LTE,Huawei P40 Lite,"USSD session timeout, retry OK"
REC-100444,+255714***028,+255714***153,2023-11-28T03:11:00Z,VOICE_CALL,89025.0,UNKNOWN,Dar es Salaam,0,4G_LTE,Tecno Spark 10 Pro,"Customer stated: 'Cannot connect to 4G in Posta area, please help'"
REC-101550,+255714***276,+255714***332,2023-11-12T13:52:15Z,VOICE_CALL,129097.0,CHURNED,Zanzibar,30,4G_LTE,Huawei P40 Lite,None
REC-100925,+255714***973,+255714***195,2023-12-03T04:57:36Z,SMS_PACK,144881.96,SUSPENDED,Other / Unknown,30,3G_WCDMA,Samsung Galaxy A14; Android 13,
REC-101301,+255714***371,+255714***865,2023-11-06T10:10:01Z,BUNDLE_PURCHASE,88799.59,PENDING_KYC,Tanga,1800,5G_NR,Unknown,Standard call; cell handover success
REC-101981,+255714***126,+255714***494,2023-11-07T02:35:01Z,BUNDLE_PURCHASE,104958.16,ACTIVE,Dodoma,0,3G_WCDMA,Unknown,
REC-102061,+255714***331,+255714***056,2023-11-23T21:58:00Z,TIGO_PESA_CASH_OUT,114304.25,ACTIVE,Mwanza,0,2G_GSM,Unknown,
REC-100970,INVA *** 140,+255714***343,2023-11-22T20:35:57Z,TIGO_PESA_CASH_OUT,0.0,PENDING_KYC,Arusha,0,3G_WCDMA,Samsung Galaxy A14; Android 13,
REC-102305,+255714***316,+255714***674,2023-11-14T22:28:33Z,TIGO_PESA_CASH_OUT,40196.0,UNKNOWN,Tanga,1800,3G_WCDMA,Samsung Galaxy A14; Android 13,Standard call; cell handover success
REC-101095,+255714***975,+255714***646,2023-11-18T04:39:22Z,TIGO_PESA_CASH_IN,108851.13,CHURNED,Morogoro,0,4G_LTE,Samsung Galaxy A14; Android 13,"Customer stated: 'Cannot connect to 4G in Posta area, please help'"
REC-100650,UNKNOWN,INVA *** 140,2023-11-23T00:29:00Z,DATA_RECHARGE,142329.55,CHURNED,Arusha,0,4G_LTE,Tecno Spark 10 Pro,Standard call; cell handover success
REC-102404,+255714***796,+255714***811,2023-12-04T00:30:21Z,TIGO_PESA_CASH_OUT,57208.41,CHURNED,Dar es Salaam,1800,5G_NR,Tecno Spark 10 Pro,"Customer stated: 'Cannot connect to 4G in Posta area, please help'"
REC-101396,+255714***933,+255714***702,2023-11-23T23:41:46Z,DATA_RECHARGE,114689.0,CHURNED,Dar es Salaam,0,4G_LTE,"iPhone 13,2 (iOS 16.5)","USSD session timeout, retry OK"
REC-100470,+255714***565,INVA *** 140,2023-11-04T00:00:00Z,TIGO_PESA_CASH_OUT,114187.74,SUSPENDED,Arusha,1800,4G_LTE,Transsion Infinix Hot 30,
REC-100978,INVA *** 140,+255714***414,2023-11-28T22:19:00Z,TIGO_PESA_CASH_IN,94075.3,SUSPENDED,Zanzibar,0,5G_NR,Huawei P40 Lite,"Customer stated: 'Cannot connect to 4G in Posta area, please help'"
REC-102132,+255714***702,+255714***618,2023-11-19T15:40:00Z,SMS_PACK,46308.69,ACTIVE,Zanzibar,135,2G_GSM,Transsion Infinix Hot 30,
REC-101784,+255714***044,UNKNOWN,2023-11-16T21:15:02Z,BUNDLE_PURCHASE,141390.21,TERMINATED,Mbeya,135,4G_LTE,Huawei P40 Lite,None
REC-101795,+255714***644,+255714***864,2023-11-05T02:54:14Z,SMS_PACK,0.0,ACTIVE,Mbeya,360,4G_LTE,Unknown,Flagged for KYC update; verified by agent
REC-102023,+255714***274,+255714***865,2023-11-15T20:37:00Z,TIGO_PESA_CASH_OUT,148431.82,SUSPENDED,Mbeya,1800,2G_GSM,Samsung Galaxy A14; Android 13,"Customer stated: 'Cannot connect to 4G in Posta area, please help'"
REC-101130,+255714***905,+255714***523,2023-11-09T06:24:30Z,TIGO_PESA_CASH_OUT,103444.0,CHURNED,Other / Unknown,0,4G_LTE,Transsion Infinix Hot 30,"VIP Subscriber, priority routing"
REC-102094,+255714***851,+255714***194,2023-11-09T00:30:00Z,TIGO_PESA_CASH_OUT,60368.78,SUSPENDED,Arusha,0,4G_LTE,Transsion Infinix Hot 30,"Customer stated: 'Cannot connect to 4G in Posta area, please help'"
REC-100041,+255714***181,+255714***659,2023-11-04T00:00:00Z,BUNDLE_PURCHASE,57366.96,CHURNED,Mwanza,135,UNKNOWN,Unknown,"Customer stated: 'Cannot connect to 4G in Posta area, please help'"
REC-101256,UNKNOWN,+255714***138,2023-11-22T15:34:24Z,TIGO_PESA_CASH_IN,130007.88,CHURNED,Arusha,30,5G_NR,Huawei P40 Lite,
REC-102403,+255714***193,+255714***263,2023-11-22T07:05:42Z,VOICE_CALL,0.0,SUSPENDED,Zanzibar,120,UNKNOWN,Transsion Infinix Hot 30,None
REC-101352,+255714***385,+255714***946,2023-11-09T16:55:56Z,TIGO_PESA_CASH_IN,0.0,SUSPENDED,Other / Unknown,0,4G_LTE,Nokia 105 (Feature Phone),
REC-100660,+255714***934,+255714***291,2023-11-12T08:13:00Z,DATA_RECHARGE,125855.0,SUSPENDED,Mwanza,0,2G_GSM,Nokia 105 (Feature Phone),"Customer stated: 'Cannot connect to 4G in Posta area, please help'"
REC-100837,UNKNOWN,+255714***918,2023-11-13T10:38:56Z,DATA_RECHARGE,126325.0,PENDING_KYC,Other / Unknown,0,3G_WCDMA,"iPhone 13,2 (iOS 16.5)",
REC-101237,+255714***343,UNKNOWN,2023-11-04T21:06:12Z,DATA_RECHARGE,56500.0,PENDING_KYC,Dar es Salaam,0,UNKNOWN,"iPhone 13,2 (iOS 16.5)",Flagged for KYC update; verified by agent
REC-100812,+255714***411,+255714***427,2023-11-09T14:00:50Z,TIGO_PESA_CASH_IN,31700.0,UNKNOWN,Zanzibar,30,UNKNOWN,Tecno Spark 10 Pro,
REC-100162,+255714***441,+255714***824,2023-11-22T01:43:00Z,VOICE_CALL,137628.08,UNKNOWN,Zanzibar,120,2G_GSM,Huawei P40 Lite,Flagged for KYC update; verified by agent
REC-101432,+255714***154,+255714***921,2023-11-26T11:34:00Z,DATA_RECHARGE,0.0,ACTIVE,Dodoma,1800,UNKNOWN,Unknown,"USSD session timeout, retry OK"
REC-101235,+255714***386,+255714***754,2023-11-05T13:06:00Z,SMS_PACK,41651.06,SUSPENDED,Arusha,0,4G_LTE,"iPhone 13,2 (iOS 16.5)",Flagged for KYC update; verified by agent
REC-100330,INVA *** 000,+255714***236,2023-11-22T06:25:54Z,TIGO_PESA_CASH_OUT,33884.34,TERMINATED,Arusha,0,2G_GSM,Huawei P40 Lite,"VIP Subscriber, priority routing"
REC-101579,+255714***632,+255714***959,2023-11-12T14:24:04Z,SMS_PACK,96181.46,TERMINATED,Arusha,0,UNKNOWN,Samsung Galaxy A14; Android 13,Flagged for KYC update; verified by agent
REC-101581,+255714***467,+255714***221,2023-11-30T16:55:46Z,BUNDLE_PURCHASE,0.0,ACTIVE,Mwanza,0,5G_NR,Nokia 105 (Feature Phone),None
REC-101734,+255714***509,+255714***603,2023-11-16T10:22:44Z,TIGO_PESA_CASH_IN,114575.0,SUSPENDED,Arusha,45,5G_NR,Unknown,"Customer stated: 'Cannot connect to 4G in Posta area, please help'"
REC-100370,+255714***688,+255714***728,2023-11-21T08:42:09Z,TIGO_PESA_CASH_OUT,81180.38,CHURNED,Dodoma,360,4G_LTE,Tecno Spark 10 Pro,"VIP Subscriber, priority routing"
REC-100352,+255714***947,INVA *** 140,2023-11-16T15:39:29Z,SMS_PACK,66693.91,PENDING_KYC,Arusha,30,UNKNOWN,Transsion Infinix Hot 30,
REC-101233,+255714***151,INVA *** 140,2023-11-16T05:15:08Z,VOICE_CALL,71663.86,SUSPENDED,Other / Unknown,0,UNKNOWN,Transsion Infinix Hot 30,None
REC-100860,+255714***386,+255714***906,2023-11-27T23:41:42Z,TIGO_PESA_CASH_IN,0.0,UNKNOWN,Arusha,360,4G_LTE,Huawei P40 Lite,Flagged for KYC update; verified by agent
REC-101605,+255714***508,+255714***194,2023-11-29T16:06:01Z,SMS_PACK,17125.0,SUSPENDED,Arusha,0,3G_WCDMA,Nokia 105 (Feature Phone),Standard call; cell handover success
REC-101980,+255714***221,+255714***138,2023-11-15T16:23:57Z,SMS_PACK,91839.14,TERMINATED,Zanzibar,1800,4G_LTE,Unknown,Flagged for KYC update; verified by agent
REC-101628,INVA *** 140,+255714***877,2023-11-26T22:17:00Z,DATA_RECHARGE,1594.76,ACTIVE,Zanzibar,360,4G_LTE,Huawei P40 Lite,Flagged for KYC update; verified by agent
REC-100556,+255714***289,+255714***521,2023-11-18T05:54:10Z,SMS_PACK,101739.7,PENDING_KYC,Arusha,0,5G_NR,Tecno Spark 10 Pro,Flagged for KYC update; verified by agent
REC-101910,+255714***386,+255714***878,2023-11-17T15:43:16Z,TIGO_PESA_CASH_OUT,65428.18,SUSPENDED,Mwanza,120,2G_GSM,Huawei P40 Lite,
REC-100262,+255714***633,INVA *** 140,2023-11-27T10:25:57Z,BUNDLE_PURCHASE,132300.0,ACTIVE,Dodoma,0,2G_GSM,Huawei P40 Lite,Standard call; cell handover success
REC-102113,+255714***879,+255714***782,2023-11-05T11:31:00Z,SMS_PACK,14850.0,TERMINATED,Mwanza,45,4G_LTE,Tecno Spark 10 Pro,
REC-100984,INVA *** 140,+255714***454,2023-11-28T22:11:37Z,TIGO_PESA_CASH_OUT,128532.31,SUSPENDED,Arusha,30,4G_LTE,Transsion Infinix Hot 30,
REC-100666,+255714***507,+255714***329,2023-11-28T18:16:13Z,VOICE_CALL,107023.4,UNKNOWN,Arusha,360,4G_LTE,Huawei P40 Lite,"USSD session timeout, retry OK"
REC-101234,+255714***535,+255714***811,2023-12-02T19:19:32Z,DATA_RECHARGE,138759.25,PENDING_KYC,Dodoma,30,UNKNOWN,Transsion Infinix Hot 30,Standard call; cell handover success
REC-101175,+255714***070,+255714***715,2023-12-02T00:04:06Z,BUNDLE_PURCHASE,0.0,CHURNED,Mwanza,0,4G_LTE,Nokia 105 (Feature Phone),
REC-100635,INVA *** 000,+255714***507,2023-11-15T03:18:00Z,TIGO_PESA_CASH_IN,107966.08,UNKNOWN,Arusha,45,4G_LTE,Samsung Galaxy A14; Android 13,Flagged for KYC update; verified by agent
REC-101099,+255714***674,+255714***989,2023-11-07T08:59:13Z,TIGO_PESA_CASH_OUT,37365.0,TERMINATED,Dodoma,0,2G_GSM,"iPhone 13,2 (iOS 16.5)",None
REC-100605,INVA *** 140,+255714***865,2023-11-12T10:03:23Z,VOICE_CALL,98900.0,ACTIVE,Mwanza,120,4G_LTE,Unknown,
REC-101612,UNKNOWN,INVA *** 140,2023-11-27T09:50:02Z,TIGO_PESA_CASH_IN,0.0,CHURNED,Dar es Salaam,120,4G_LTE,Transsion Infinix Hot 30,"VIP Subscriber, priority routing"
REC-101380,+255714***837,INVA *** 000,2023-11-14T06:28:00Z,BUNDLE_PURCHASE,10688.4,ACTIVE,Dar es Salaam,360,4G_LTE,"iPhone 13,2 (iOS 16.5)",None
REC-100293,+255714***153,+255714***605,2023-11-17T12:49:00Z,SMS_PACK,14396.22,CHURNED,Dodoma,0,5G_NR,Unknown,"Customer stated: 'Cannot connect to 4G in Posta area, please help'"
REC-102290,+255714***288,+255714***700,2023-11-18T04:53:26Z,DATA_RECHARGE,79159.71,ACTIVE,Morogoro,0,5G_NR,"iPhone 13,2 (iOS 16.5)","USSD session timeout, retry OK"
REC-101976,+255714***795,+255714***960,2023-12-02T01:23:14Z,TIGO_PESA_CASH_OUT,49375.0,TERMINATED,Dar es Salaam,45,UNKNOWN,Nokia 105 (Feature Phone),"VIP Subscriber, priority routing"
REC-101966,+255714***919,+255714***918,2023-11-24T19:19:00Z,VOICE_CALL,19190.73,ACTIVE,Other / Unknown,30,3G_WCDMA,Huawei P40 Lite,"VIP Subscriber, priority routing"
REC-100703,+255714***494,+255714***096,2023-12-03T10:47:00Z,DATA_RECHARGE,98093.15,ACTIVE,Zanzibar,135,5G_NR,Nokia 105 (Feature Phone),
REC-101726,+255714***469,+255714***976,2023-11-06T12:30:42Z,TIGO_PESA_CASH_OUT,74160.04,UNKNOWN,Arusha,120,4G_LTE,Unknown,Flagged for KYC update; verified by agent
REC-100785,+255714***425,+255714***014,2023-12-04T10:13:00Z,TIGO_PESA_CASH_OUT,15999.46,UNKNOWN,Dar es Salaam,0,2G_GSM,Huawei P40 Lite,None
REC-102248,INVA *** 140,+255714***466,2023-11-12T00:30:15Z,BUNDLE_PURCHASE,108711.48,SUSPENDED,Arusha,45,2G_GSM,Transsion Infinix Hot 30,None
REC-100302,INVA *** 000,+255714***194,2023-11-09T16:05:47Z,VOICE_CALL,134575.0,PENDING_KYC,Dar es Salaam,360,2G_GSM,"iPhone 13,2 (iOS 16.5)",Flagged for KYC update; verified by agent
REC-101618,+255714***742,+255714***152,2023-11-13T02:32:45Z,BUNDLE_PURCHASE,12789.92,PENDING_KYC,Dar es Salaam,0,4G_LTE,Huawei P40 Lite,
REC-102392,INVA *** 140,+255714***811,1970-01-01T00:00:00Z,SMS_PACK,108073.0,CHURNED,Mwanza,0,3G_WCDMA,Samsung Galaxy A14; Android 13,"VIP Subscriber, priority routing"
REC-100873,INVA *** 140,+255714***400,2023-12-02T19:06:03Z,VOICE_CALL,98730.37,ACTIVE,Dar es Salaam,120,2G_GSM,Huawei P40 Lite,Standard call; cell handover success
REC-100081,+255714***905,+255714***921,2023-11-20T22:51:14Z,VOICE_CALL,70515.54,SUSPENDED,Other / Unknown,135,UNKNOWN,Unknown,Standard call; cell handover success
REC-100463,+255714***975,+255714***618,2023-11-06T03:53:00Z,VOICE_CALL,93099.88,SUSPENDED,Tanga,0,4G_LTE,Samsung Galaxy A14; Android 13,"VIP Subscriber, priority routing"
REC-100096,+255714***509,+255714***564,2023-11-04T00:00:00Z,VOICE_CALL,27472.0,TERMINATED,Mwanza,30,4G_LTE,"iPhone 13,2 (iOS 16.5)",None
REC-102299,+255714***098,INVA *** 140,2023-11-08T15:34:07Z,VOICE_CALL,0.0,ACTIVE,Zanzibar,0,UNKNOWN,Samsung Galaxy A14; Android 13,None
REC-101437,+255714***727,+255714***428,2023-11-08T18:51:19Z,BUNDLE_PURCHASE,119050.0,ACTIVE,Zanzibar,120,UNKNOWN,Tecno Spark 10 Pro,None
REC-101971,+255714***386,+255714***466,2023-11-28T21:19:00Z,TIGO_PESA_CASH_OUT,57308.42,PENDING_KYC,Mbeya,360,4G_LTE,Transsion Infinix Hot 30,
REC-102393,+255714***919,+255714***850,2023-11-25T02:30:13Z,VOICE_CALL,50535.99,UNKNOWN,Dar es Salaam,120,4G_LTE,Nokia 105 (Feature Phone),None
REC-101687,+255714***549,+255714***921,2023-11-08T03:07:50Z,VOICE_CALL,47800.73,ACTIVE,Dar es Salaam,30,4G_LTE,Transsion Infinix Hot 30,"Customer stated: 'Cannot connect to 4G in Posta area, please help'"
REC-101219,+255714***000,+255714***973,2023-11-10T17:34:00Z,BUNDLE_PURCHASE,28062.0,ACTIVE,Other / Unknown,120,4G_LTE,Nokia 105 (Feature Phone),"VIP Subscriber, priority routing"
REC-102100,+255714***097,+255714***823,2023-11-09T00:58:10Z,SMS_PACK,95198.94,SUSPENDED,Dodoma,0,4G_LTE,Unknown,None
REC-101174,+255714***221,+255714***015,2023-11-26T20:30:00Z,TIGO_PESA_CASH_IN,93455.01,ACTIVE,Zanzibar,0,3G_WCDMA,Unknown,"Customer stated: 'Cannot connect to 4G in Posta area, please help'"
REC-102390,+255714***180,+255714***303,2023-11-30T13:06:24Z,TIGO_PESA_CASH_IN,2607.05,TERMINATED,Dodoma,30,3G_WCDMA,Transsion Infinix Hot 30,"Customer stated: 'Cannot connect to 4G in Posta area, please help'"
REC-101900,+255714***439,+255714***565,1970-01-01T00:00:00Z,SMS_PACK,3320.6,ACTIVE,Arusha,360,4G_LTE,Samsung Galaxy A14; Android 13,"VIP Subscriber, priority routing"
REC-100307,+255714***934,UNKNOWN,2023-11-13T03:23:20Z,BUNDLE_PURCHASE,81602.0,ACTIVE,Dodoma,1800,3G_WCDMA,Huawei P40 Lite,Standard call; cell handover success
REC-100601,+255714***932,+255714***932,2023-11-04T00:00:00Z,TIGO_PESA_CASH_IN,32729.43,ACTIVE,Mbeya,30,4G_LTE,Unknown,"VIP Subscriber, priority routing"
REC-101558,+255714***412,+255714***236,2023-11-12T15:39:32Z,TIGO_PESA_CASH_IN,83662.67,TERMINATED,Mwanza,45,UNKNOWN,Unknown,
REC-101814,+255714***274,+255714***275,2023-11-24T05:22:07Z,VOICE_CALL,20096.73,ACTIVE,Dodoma,1800,5G_NR,Samsung Galaxy A14; Android 13,"VIP Subscriber, priority routing"
REC-100354,+255714***274,+255714***523,2023-11-21T02:40:22Z,VOICE_CALL,83405.45,TERMINATED,Dodoma,120,2G_GSM,Tecno Spark 10 Pro,Flagged for KYC update; verified by agent
REC-100806,+255714***044,+255714***085,2023-11-21T07:08:00Z,TIGO_PESA_CASH_OUT,12425.2,ACTIVE,Dodoma,360,4G_LTE,Transsion Infinix Hot 30,"Customer stated: 'Cannot connect to 4G in Posta area, please help'"
REC-102262,+255714***098,+255714***728,1970-01-01T00:00:00Z,TIGO_PESA_CASH_OUT,45450.0,ACTIVE,Other / Unknown,360,5G_NR,"iPhone 13,2 (iOS 16.5)","Customer stated: 'Cannot connect to 4G in Posta area, please help'"
REC-101039,+255714***564,INVA *** 140,2023-11-24T03:34:37Z,DATA_RECHARGE,0.0,UNKNOWN,Mwanza,0,2G_GSM,Samsung Galaxy A14; Android 13,
REC-101467,INVA *** 000,+255714***318,2023-11-04T00:00:00Z,TIGO_PESA_CASH_IN,13757.74,TERMINATED,Other / Unknown,120,4G_LTE,"iPhone 13,2 (iOS 16.5)",
REC-100169,INVA *** 140,+255714***618,2023-11-06T15:45:42Z,TIGO_PESA_CASH_OUT,66125.0,ACTIVE,Arusha,1800,5G_NR,"iPhone 13,2 (iOS 16.5)",None
REC-100632,+255714***576,+255714***290,2023-11-20T14:02:04Z,BUNDLE_PURCHASE,85131.49,TERMINATED,Dodoma,30,4G_LTE,Samsung Galaxy A14; Android 13,"Customer stated: 'Cannot connect to 4G in Posta area, please help'"
REC-102479,+255714***824,+255714***428,2023-11-25T06:34:59Z,BUNDLE_PURCHASE,49730.81,ACTIVE,Zanzibar,30,UNKNOWN,Transsion Infinix Hot 30,Flagged for KYC update; verified by agent
REC-101270,+255714***918,+255714***221,2023-12-03T23:55:00Z,VOICE_CALL,122816.76,PENDING_KYC,Dar es Salaam,30,4G_LTE,"iPhone 13,2 (iOS 16.5)","VIP Subscriber, priority routing"
REC-102342,+255714***221,+255714***358,2023-11-25T05:25:00Z,TIGO_PESA_CASH_IN,114493.26,CHURNED,Arusha,45,4G_LTE,Transsion Infinix Hot 30,Flagged for KYC update; verified by agent
REC-102483,+255714***839,+255714***154,2023-11-20T21:50:00Z,TIGO_PESA_CASH_OUT,61052.84,SUSPENDED,Dar es Salaam,360,UNKNOWN,Unknown,Standard call; cell handover success
REC-102138,UNKNOWN,+255714***754,2023-11-15T11:08:07Z,TIGO_PESA_CASH_IN,148825.0,PENDING_KYC,Dodoma,360,UNKNOWN,Unknown,"Customer stated: 'Cannot connect to 4G in Posta area, please help'"
REC-101133,+255714***536,+255714***302,2023-11-30T12:18:00Z,SMS_PACK,108787.47,ACTIVE,Zanzibar,0,4G_LTE,Transsion Infinix Hot 30,"USSD session timeout, retry OK"
REC-100409,INVA *** 140,UNKNOWN,2023-11-19T22:15:00Z,DATA_RECHARGE,109198.39,PENDING_KYC,Dodoma,360,3G_WCDMA,Nokia 105 (Feature Phone),None
REC-101085,+255714***262,+255714***098,2023-12-03T05:43:59Z,VOICE_CALL,66650.0,ACTIVE,Arusha,120,5G_NR,"iPhone 13,2 (iOS 16.5)",Standard call; cell handover success
REC-101924,+255714***687,+255714***153,2023-11-19T15:12:17Z,SMS_PACK,134894.29,ACTIVE,Arusha,1800,2G_GSM,Unknown,"Customer stated: 'Cannot connect to 4G in Posta area, please help'"
REC-100774,INVA *** 140,+255714***480,2023-11-26T22:48:56Z,SMS_PACK,14475.0,UNKNOWN,Zanzibar,0,4G_LTE,"iPhone 13,2 (iOS 16.5)",
REC-101686,+255714***480,+255714***864,2023-11-30T15:15:00Z,DATA_RECHARGE,86894.15,TERMINATED,Zanzibar,0,4G_LTE,Samsung Galaxy A14; Android 13,"VIP Subscriber, priority routing"
REC-100624,+255714***754,+255714***508,2023-11-27T19:25:25Z,TIGO_PESA_CASH_OUT,121300.0,TERMINATED,Mwanza,120,4G_LTE,Transsion Infinix Hot 30,Flagged for KYC update; verified by agent
REC-100165,INVA *** 140,+255714***192,2023-11-27T07:13:30Z,VOICE_CALL,43420.06,ACTIVE,Other / Unknown,135,5G_NR,Transsion Infinix Hot 30,"Customer stated: 'Cannot connect to 4G in Posta area, please help'"
REC-100373,+255714***920,+255714***357,2023-11-17T16:58:00Z,TIGO_PESA_CASH_IN,97450.0,TERMINATED,Dodoma,120,UNKNOWN,Samsung Galaxy A14; Android 13,Flagged for KYC update; verified by agent
REC-102042,+255714***261,+255714***919,2023-12-03T08:20:26Z,TIGO_PESA_CASH_IN,115881.0,SUSPENDED,Arusha,0,2G_GSM,Unknown,None
REC-100600,+255714***866,+255714***248,2023-11-29T21:18:00Z,DATA_RECHARGE,18102.46,CHURNED,Mwanza,360,3G_WCDMA,Samsung Galaxy A14; Android 13,None
REC-102177,+255714***699,+255714***961,2023-11-21T10:51:53Z,TIGO_PESA_CASH_OUT,66945.0,ACTIVE,Zanzibar,30,4G_LTE,Samsung Galaxy A14; Android 13,Flagged for KYC update; verified by agent
REC-101456,+255714***439,+255714***413,2023-11-04T00:00:00Z,DATA_RECHARGE,118496.89,ACTIVE,Dar es Salaam,0,4G_LTE,Unknown,"VIP Subscriber, priority routing"
REC-102432,UNKNOWN,+255714***332,2023-11-16T20:49:19Z,VOICE_CALL,0.0,TERMINATED,Mwanza,30,5G_NR,Transsion Infinix Hot 30,Standard call; cell handover success
REC-101490,+255714***932,+255714***606,2023-11-08T23:51:01Z,BUNDLE_PURCHASE,42487.27,CHURNED,Other / Unknown,360,4G_LTE,"iPhone 13,2 (iOS 16.5)","Customer stated: 'Cannot connect to 4G in Posta area, please help'"
REC-100980,+255714***686,+255714***536,2023-11-19T01:49:08Z,BUNDLE_PURCHASE,31939.0,TERMINATED,Arusha,120,UNKNOWN,Transsion Infinix Hot 30,None
REC-102014,+255714***784,+255714***918,2023-12-03T09:40:02Z,BUNDLE_PURCHASE,35600.0,UNKNOWN,Dar es Salaam,0,UNKNOWN,Tecno Spark 10 Pro,None
REC-102223,+255714***715,+255714***440,2023-11-17T08:02:01Z,BUNDLE_PURCHASE,118791.14,PENDING_KYC,Mwanza,0,5G_NR,Unknown,"USSD session timeout, retry OK"
REC-100951,+255714***261,+255714***548,2023-11-26T23:00:00Z,BUNDLE_PURCHASE,118644.0,ACTIVE,Arusha,120,4G_LTE,Nokia 105 (Feature Phone),"USSD session timeout, retry OK"
REC-100954,+255714***002,+255714***839,1970-01-01T00:00:00Z,DATA_RECHARGE,112325.0,TERMINATED,Mwanza,30,3G_WCDMA,Nokia 105 (Feature Phone),"Customer stated: 'Cannot connect to 4G in Posta area, please help'"
REC-101667,+255714***261,+255714***604,2023-11-04T00:00:00Z,TIGO_PESA_CASH_IN,75350.0,TERMINATED,Arusha,45,4G_LTE,Tecno Spark 10 Pro,None
REC-101038,UNKNOWN,+255714***768,2023-11-28T08:03:00Z,TIGO_PESA_CASH_OUT,0.0,CHURNED,Arusha,0,5G_NR,Huawei P40 Lite,
REC-102050,UNKNOWN,INVA *** 140,2023-11-04T00:00:00Z,SMS_PACK,74363.74,TERMINATED,Dar es Salaam,30,4G_LTE,Huawei P40 Lite,None
REC-101818,INVA *** 000,UNKNOWN,2023-11-24T03:38:01Z,BUNDLE_PURCHASE,32613.81,ACTIVE,Mbeya,120,4G_LTE,Tecno Spark 10 Pro,
REC-100654,+255714***071,+255714***975,1970-01-01T00:00:00Z,VOICE_CALL,123775.0,SUSPENDED,Zanzibar,30,2G_GSM,Transsion Infinix Hot 30,"Customer stated: 'Cannot connect to 4G in Posta area, please help'"
REC-100216,INVA *** 140,+255714***782,2023-11-21T01:42:28Z,SMS_PACK,114456.98,PENDING_KYC,Dar es Salaam,0,UNKNOWN,"iPhone 13,2 (iOS 16.5)","Customer stated: 'Cannot connect to 4G in Posta area, please help'"
REC-101477,+255714***989,INVA *** 140,2023-11-19T04:25:00Z,SMS_PACK,90875.5,SUSPENDED,Arusha,45,3G_WCDMA,"iPhone 13,2 (iOS 16.5)","Customer stated: 'Cannot connect to 4G in Posta area, please help'"
REC-100669,+255714***795,+255714***015,2023-11-06T08:23:00Z,DATA_RECHARGE,138550.0,PENDING_KYC,Mwanza,45,5G_NR,Tecno Spark 10 Pro,
REC-101998,+255714***839,INVA *** 140,2023-11-04T21:08:23Z,BUNDLE_PURCHASE,0.0,ACTIVE,Dar es Salaam,0,UNKNOWN,Unknown,Flagged for KYC update; verified by agent
REC-102232,+255714***975,+255714***017,2023-12-04T10:49:33Z,BUNDLE_PURCHASE,139396.53,CHURNED,Dar es Salaam,135,UNKNOWN,Nokia 105 (Feature Phone),"VIP Subscriber, priority routing"
REC-101320,+255714***413,+255714***673,2023-11-18T01:54:27Z,TIGO_PESA_CASH_IN,129457.61,TERMINATED,Zanzibar,30,4G_LTE,Nokia 105 (Feature Phone),"USSD session timeout, retry OK"
REC-101295,+255714***411,+255714***181,2023-12-03T02:26:56Z,BUNDLE_PURCHASE,124184.76,SUSPENDED,Mwanza,1800,3G_WCDMA,"iPhone 13,2 (iOS 16.5)",Standard call; cell handover success
REC-100196,+255714***357,+255714***768,2023-11-08T02:23:52Z,TIGO_PESA_CASH_OUT,148600.0,CHURNED,Mbeya,1800,UNKNOWN,Nokia 105 (Feature Phone),"Customer stated: 'Cannot connect to 4G in Posta area, please help'"
REC-101857,+255714***071,+255714***783,2023-11-27T20:07:00Z,TIGO_PESA_CASH_IN,139249.72,PENDING_KYC,Arusha,0,3G_WCDMA,Transsion Infinix Hot 30,Flagged for KYC update; verified by agent
REC-101503,+255714***548,INVA *** 140,2023-11-11T23:36:00Z,TIGO_PESA_CASH_IN,84252.0,UNKNOWN,Arusha,45,4G_LTE,Nokia 105 (Feature Phone),"USSD session timeout, retry OK"
REC-101141,+255714***906,+255714***003,2023-11-29T06:15:40Z,DATA_RECHARGE,129247.23,UNKNOWN,Dar es Salaam,45,4G_LTE,Nokia 105 (Feature Phone),None
REC-102468,+255714***316,+255714***425,2023-11-06T09:11:02Z,TIGO_PESA_CASH_OUT,34575.0,CHURNED,Arusha,0,3G_WCDMA,Transsion Infinix Hot 30,"VIP Subscriber, priority routing"
REC-100219,+255714***809,+255714***084,2023-11-10T08:43:00Z,TIGO_PESA_CASH_OUT,104250.0,SUSPENDED,Dodoma,0,4G_LTE,Unknown,"VIP Subscriber, priority routing"
REC-101128,+255714***110,+255714***261,2023-11-16T19:29:38Z,TIGO_PESA_CASH_OUT,142676.39,CHURNED,Other / Unknown,135,4G_LTE,Nokia 105 (Feature Phone),Standard call; cell handover success
REC-102169,+255714***660,INVA *** 140,2023-11-12T02:32:00Z,TIGO_PESA_CASH_OUT,66842.54,ACTIVE,Tanga,0,3G_WCDMA,Tecno Spark 10 Pro,"USSD session timeout, retry OK"
REC-102107,+255714***770,+255714***181,2023-12-01T16:01:11Z,SMS_PACK,135550.0,CHURNED,Tanga,360,3G_WCDMA,Unknown,
REC-102476,+255714***701,INVA *** 000,2023-11-17T01:33:25Z,VOICE_CALL,117243.0,ACTIVE,Dodoma,30,4G_LTE,Huawei P40 Lite,"VIP Subscriber, priority routing"
REC-102273,+255714***236,+255714***606,2023-11-29T12:09:37Z,SMS_PACK,0.0,PENDING_KYC,Arusha,0,UNKNOWN,Unknown,"Customer stated: 'Cannot connect to 4G in Posta area, please help'"
REC-101640,+255714***618,+255714***948,2023-11-05T14:33:00Z,DATA_RECHARGE,101323.24,CHURNED,Mwanza,0,4G_LTE,"iPhone 13,2 (iOS 16.5)","Customer stated: 'Cannot connect to 4G in Posta area, please help'"
REC-100920,+255714***660,+255714***768,2023-11-05T23:40:17Z,SMS_PACK,0.0,PENDING_KYC,Zanzibar,45,3G_WCDMA,Nokia 105 (Feature Phone),None
REC-100856,+255714***795,+255714***973,1970-01-01T00:00:00Z,TIGO_PESA_CASH_IN,29450.02,ACTIVE,Arusha,120,4G_LTE,Huawei P40 Lite,"VIP Subscriber, priority routing"
REC-101712,+255714***920,+255714***550,2023-12-01T00:30:41Z,TIGO_PESA_CASH_OUT,45552.22,PENDING_KYC,Dodoma,135,UNKNOWN,Unknown,"VIP Subscriber, priority routing"
REC-101670,INVA *** 140,+255714***797,2023-11-08T09:47:15Z,BUNDLE_PURCHASE,22439.38,PENDING_KYC,Arusha,360,4G_LTE,Tecno Spark 10 Pro,
REC-101066,+255714***878,+255714***893,2023-11-26T20:04:54Z,TIGO_PESA_CASH_OUT,106750.0,SUSPENDED,Dodoma,45,UNKNOWN,Nokia 105 (Feature Phone),"USSD session timeout, retry OK"
REC-101007,+255714***439,+255714***482,1970-01-01T00:00:00Z,BUNDLE_PURCHASE,0.0,TERMINATED,Arusha,30,3G_WCDMA,Tecno Spark 10 Pro,
REC-100091,INVA *** 140,+255714***194,2023-12-03T12:14:00Z,BUNDLE_PURCHASE,44575.0,PENDING_KYC,Dar es Salaam,0,UNKNOWN,Nokia 105 (Feature Phone),
REC-102486,+255714***016,+255714***261,2023-11-22T18:02:24Z,TIGO_PESA_CASH_IN,0.0,PENDING_KYC,Dar es Salaam,0,5G_NR,Huawei P40 Lite,Standard call; cell handover success
REC-101453,+255714***071,+255714***344,2023-11-16T05:44:00Z,TIGO_PESA_CASH_OUT,75393.0,ACTIVE,Arusha,120,2G_GSM,Unknown,"USSD session timeout, retry OK"
REC-100514,+255714***263,UNKNOWN,2023-11-15T02:03:59Z,DATA_RECHARGE,0.0,UNKNOWN,Tanga,1800,UNKNOWN,Huawei P40 Lite,
REC-101753,+255714***548,+255714***989,2023-11-20T11:38:52Z,DATA_RECHARGE,75606.01,ACTIVE,Dodoma,0,UNKNOWN,"iPhone 13,2 (iOS 16.5)",Standard call; cell handover success
REC-100965,+255714***057,+255714***742,2023-11-17T06:03:21Z,BUNDLE_PURCHASE,113159.89,SUSPENDED,Dodoma,135,4G_LTE,Tecno Spark 10 Pro,Flagged for KYC update; verified by agent
REC-101309,+255714***167,+255714***919,2023-11-29T22:14:34Z,TIGO_PESA_CASH_OUT,69372.53,ACTIVE,Dodoma,360,4G_LTE,Nokia 105 (Feature Phone),Flagged for KYC update; verified by agent
REC-101059,+255714***836,+255714***946,2023-11-07T18:44:57Z,DATA_RECHARGE,65674.32,ACTIVE,Zanzibar,0,4G_LTE,Huawei P40 Lite,None
REC-102301,+255714***126,INVA *** 000,2023-11-08T07:40:19Z,TIGO_PESA_CASH_IN,14438.84,ACTIVE,Mbeya,0,5G_NR,Samsung Galaxy A14; Android 13,"USSD session timeout, retry OK"
REC-101988,+255714***329,+255714***055,2023-11-24T04:51:30Z,TIGO_PESA_CASH_OUT,134096.91,SUSPENDED,Mwanza,120,2G_GSM,Nokia 105 (Feature Phone),
REC-102348,+255714***837,+255714***672,2023-12-04T05:30:21Z,TIGO_PESA_CASH_OUT,125500.0,TERMINATED,Dar es Salaam,120,4G_LTE,Unknown,"VIP Subscriber, priority routing"
REC-100315,INVA *** 140,+255714***522,2023-11-14T20:47:00Z,SMS_PACK,50116.59,SUSPENDED,Tanga,1800,3G_WCDMA,Huawei P40 Lite,None
REC-100955,+255714***959,+255714***343,2023-11-25T10:59:00Z,TIGO_PESA_CASH_OUT,149375.96,TERMINATED,Mbeya,0,4G_LTE,Transsion Infinix Hot 30,Standard call; cell handover success
REC-101930,+255714***743,UNKNOWN,2023-11-25T16:21:42Z,TIGO_PESA_CASH_OUT,127445.41,CHURNED,Mwanza,135,4G_LTE,Huawei P40 Lite,"VIP Subscriber, priority routing"
REC-101879,+255714***946,+255714***946,2023-11-22T11:37:19Z,VOICE_CALL,82724.0,TERMINATED,Mbeya,120,2G_GSM,Transsion Infinix Hot 30,None
REC-101952,+255714***947,+255714***727,2023-11-12T07:29:00Z,SMS_PACK,92124.01,TERMINATED,Mwanza,0,UNKNOWN,Unknown,"Customer stated: 'Cannot connect to 4G in Posta area, please help'"
REC-102178,+255714***877,+255714***825,2023-11-15T01:38:00Z,BUNDLE_PURCHASE,37262.07,PENDING_KYC,Zanzibar,30,UNKNOWN,Tecno Spark 10 Pro,Standard call; cell handover success
REC-100950,+255714***015,+255714***002,2023-11-13T12:35:00Z,TIGO_PESA_CASH_IN,75483.68,CHURNED,Arusha,360,5G_NR,Samsung Galaxy A14; Android 13,"Customer stated: 'Cannot connect to 4G in Posta area, please help'"
REC-100662,INVA *** 140,+255714***359,2023-11-09T11:59:00Z,TIGO_PESA_CASH_OUT,103706.83,ACTIVE,Dar es Salaam,135,UNKNOWN,"iPhone 13,2 (iOS 16.5)",Flagged for KYC update; verified by agent
REC-100522,+255714***247,+255714***303,2023-11-18T12:04:57Z,BUNDLE_PURCHASE,108459.42,PENDING_KYC,Dar es Salaam,135,5G_NR,Transsion Infinix Hot 30,Standard call; cell handover success
REC-100269,+255714***576,+255714***481,2023-11-29T13:59:23Z,TIGO_PESA_CASH_IN,123250.0,SUSPENDED,Dar es Salaam,360,4G_LTE,Huawei P40 Lite,"Customer stated: 'Cannot connect to 4G in Posta area, please help'"
REC-101442,+255714***469,+255714***590,2023-11-20T19:10:00Z,TIGO_PESA_CASH_IN,0.0,SUSPENDED,Arusha,45,4G_LTE,Unknown,"VIP Subscriber, priority routing"
REC-101335,UNKNOWN,+255714***359,2023-11-10T03:55:00Z,DATA_RECHARGE,134044.0,UNKNOWN,Zanzibar,0,4G_LTE,Huawei P40 Lite,Flagged for KYC update; verified by agent
REC-100841,+255714***467,+255714***536,2023-11-29T23:57:00Z,TIGO_PESA_CASH_OUT,77200.25,ACTIVE,Dodoma,30,3G_WCDMA,Nokia 105 (Feature Phone),None
REC-100134,+255714***139,+255714***466,2023-11-27T02:57:26Z,SMS_PACK,77845.32,UNKNOWN,Other / Unknown,45,UNKNOWN,"iPhone 13,2 (iOS 16.5)","Customer stated: 'Cannot connect to 4G in Posta area, please help'"
REC-100419,+255714***016,+255714***140,2023-11-15T22:10:00Z,TIGO_PESA_CASH_OUT,46555.3,TERMINATED,Other / Unknown,45,4G_LTE,"iPhone 13,2 (iOS 16.5)",Flagged for KYC update; verified by agent
REC-102470,+255714***660,+255714***823,2023-11-07T21:54:50Z,TIGO_PESA_CASH_OUT,81082.73,TERMINATED,Dodoma,0,UNKNOWN,"iPhone 13,2 (iOS 16.5)","Customer stated: 'Cannot connect to 4G in Posta area, please help'"
REC-100661,+255714***891,+255714***603,2023-11-25T21:37:00Z,TIGO_PESA_CASH_IN,27102.0,UNKNOWN,Arusha,0,4G_LTE,Samsung Galaxy A14; Android 13,None
REC-100791,+255714***151,+255714***822,2023-11-05T20:37:58Z,BUNDLE_PURCHASE,0.0,ACTIVE,Morogoro,135,4G_LTE,Nokia 105 (Feature Phone),
REC-100738,+255714***839,UNKNOWN,2023-11-13T17:48:38Z,SMS_PACK,122275.0,UNKNOWN,Zanzibar,0,4G_LTE,Transsion Infinix Hot 30,None
REC-100273,+255714***742,+255714***248,2023-11-04T00:00:00Z,TIGO_PESA_CASH_OUT,136772.0,ACTIVE,Arusha,360,2G_GSM,Unknown,"USSD session timeout, retry OK"
REC-100976,+255714***577,INVA *** 140,2023-11-19T01:42:07Z,BUNDLE_PURCHASE,1935.57,ACTIVE,Zanzibar,120,2G_GSM,Unknown,
REC-100435,+255714***029,INVA *** 140,2023-11-06T15:31:15Z,SMS_PACK,0.0,TERMINATED,Zanzibar,0,4G_LTE,Huawei P40 Lite,None
REC-100109,INVA *** 140,INVA *** 140,2023-11-18T05:49:00Z,TIGO_PESA_CASH_OUT,61611.02,ACTIVE,Other / Unknown,30,4G_LTE,Tecno Spark 10 Pro,"VIP Subscriber, priority routing"
REC-102168,+255714***373,+255714***056,2023-11-12T05:03:07Z,BUNDLE_PURCHASE,105150.0,UNKNOWN,Zanzibar,360,4G_LTE,Nokia 105 (Feature Phone),"VIP Subscriber, priority routing"
REC-101316,+255714***371,+255714***907,2023-11-22T06:46:17Z,BUNDLE_PURCHASE,132971.78,UNKNOWN,Dar es Salaam,120,UNKNOWN,Transsion Infinix Hot 30,"Customer stated: 'Cannot connect to 4G in Posta area, please help'"
REC-102126,+255714***577,INVA *** 140,2023-11-17T09:07:00Z,DATA_RECHARGE,0.0,PENDING_KYC,Zanzibar,30,4G_LTE,Tecno Spark 10 Pro,Standard call; cell handover success
REC-101438,+255714***769,+255714***877,2023-11-06T05:36:28Z,TIGO_PESA_CASH_IN,50177.38,UNKNOWN,Other / Unknown,135,4G_LTE,Nokia 105 (Feature Phone),Flagged for KYC update; verified by agent
REC-100361,+255714***070,+255714***003,2023-11-04T00:00:00Z,TIGO_PESA_CASH_OUT,120947.42,PENDING_KYC,Arusha,1800,2G_GSM,Nokia 105 (Feature Phone),"USSD session timeout, retry OK"
REC-101792,+255714***096,+255714***195,1970-01-01T00:00:00Z,TIGO_PESA_CASH_OUT,0.0,SUSPENDED,Mbeya,30,4G_LTE,Tecno Spark 10 Pro,"USSD session timeout, retry OK"
REC-102088,INVA *** 000,+255714***647,2023-12-02T22:57:00Z,BUNDLE_PURCHASE,113896.41,PENDING_KYC,Mwanza,120,2G_GSM,Nokia 105 (Feature Phone),Flagged for KYC update; verified by agent
REC-101407,+255714***825,+255714***686,2023-11-09T10:12:03Z,BUNDLE_PURCHASE,0.0,PENDING_KYC,Zanzibar,1800,5G_NR,Huawei P40 Lite,"VIP Subscriber, priority routing"
REC-102384,+255714***466,+255714***317,2023-11-15T17:36:08Z,BUNDLE_PURCHASE,0.0,ACTIVE,Tanga,45,2G_GSM,Transsion Infinix Hot 30,None
REC-101744,+255714***112,+255714***303,2023-11-17T10:23:29Z,VOICE_CALL,0.0,ACTIVE,Tanga,30,4G_LTE,Huawei P40 Lite,None
REC-101652,INVA *** 140,+255714***976,2023-11-28T22:41:00Z,VOICE_CALL,133602.63,PENDING_KYC,Dar es Salaam,0,2G_GSM,Samsung Galaxy A14; Android 13,"USSD session timeout, retry OK"
REC-101840,+255714***974,INVA *** 000,2023-11-17T15:58:54Z,TIGO_PESA_CASH_OUT,4163.0,UNKNOWN,Dodoma,0,2G_GSM,Tecno Spark 10 Pro,Standard call; cell handover success
REC-101746,+255714***276,INVA *** 140,2023-11-25T06:06:00Z,VOICE_CALL,0.0,PENDING_KYC,Dar es Salaam,360,4G_LTE,Transsion Infinix Hot 30,Standard call; cell handover success
REC-101562,+255714***976,+255714***836,2023-12-02T02:24:00Z,SMS_PACK,129943.24,PENDING_KYC,Arusha,135,2G_GSM,Huawei P40 Lite,Standard call; cell handover success
REC-100363,+255714***042,INVA *** 140,2023-11-21T05:10:28Z,VOICE_CALL,62058.26,SUSPENDED,Morogoro,1800,4G_LTE,Unknown,"USSD session timeout, retry OK"
REC-100679,+255714***276,+255714***291,2023-11-08T23:45:58Z,SMS_PACK,106885.62,UNKNOWN,Dar es Salaam,1800,4G_LTE,Transsion Infinix Hot 30,Flagged for KYC update; verified by agent
REC-100642,INVA *** 140,+255714***905,2023-11-26T02:06:30Z,BUNDLE_PURCHASE,53050.0,PENDING_KYC,Zanzibar,30,3G_WCDMA,Transsion Infinix Hot 30,"Customer stated: 'Cannot connect to 4G in Posta area, please help'"
REC-100172,+255714***206,+255714***412,2023-11-15T10:46:03Z,TIGO_PESA_CASH_IN,128702.42,PENDING_KYC,Dar es Salaam,1800,3G_WCDMA,Transsion Infinix Hot 30,Standard call; cell handover success
REC-101318,UNKNOWN,+255714***495,2023-11-27T11:10:34Z,BUNDLE_PURCHASE,9491.28,PENDING_KYC,Dar es Salaam,360,5G_NR,"iPhone 13,2 (iOS 16.5)",Flagged for KYC update; verified by agent
REC-100400,+255714***193,+255714***509,2023-11-25T21:23:00Z,VOICE_CALL,138669.87,CHURNED,Arusha,0,4G_LTE,Nokia 105 (Feature Phone),"VIP Subscriber, priority routing"
REC-100959,+255714***166,UNKNOWN,2023-11-24T19:20:00Z,TIGO_PESA_CASH_OUT,61839.0,SUSPENDED,Arusha,1800,4G_LTE,Huawei P40 Lite,Standard call; cell handover success
REC-102215,+255714***795,UNKNOWN,2023-11-04T16:14:00Z,DATA_RECHARGE,26547.72,ACTIVE,Mbeya,1800,3G_WCDMA,Tecno Spark 10 Pro,None
REC-100639,+255714***811,+255714***727,2023-11-04T00:00:00Z,DATA_RECHARGE,109231.13,ACTIVE,Arusha,1800,3G_WCDMA,Unknown,
REC-101864,INVA *** 000,+255714***810,2023-11-12T15:32:00Z,TIGO_PESA_CASH_OUT,124102.75,TERMINATED,Mbeya,1800,3G_WCDMA,Transsion Infinix Hot 30,Flagged for KYC update; verified by agent
REC-102346,+255714***274,+255714***755,2023-11-30T04:29:24Z,DATA_RECHARGE,0.0,TERMINATED,Other / Unknown,45,UNKNOWN,Nokia 105 (Feature Phone),"USSD session timeout, retry OK"
REC-100652,+255714***864,+255714***124,2023-11-07T07:09:36Z,TIGO_PESA_CASH_IN,78020.49,PENDING_KYC,Dodoma,45,4G_LTE,"iPhone 13,2 (iOS 16.5)",Standard call; cell handover success
REC-101150,+255714***919,+255714***069,2023-11-22T18:56:55Z,BUNDLE_PURCHASE,147588.2,SUSPENDED,Mwanza,0,3G_WCDMA,Huawei P40 Lite,Standard call; cell handover success
REC-101336,+255714***344,+255714***329,2023-12-03T10:29:00Z,TIGO_PESA_CASH_OUT,0.0,ACTIVE,Arusha,0,4G_LTE,Unknown,"USSD session timeout, retry OK"
REC-102267,+255714***701,INVA *** 000,2023-11-09T10:26:00Z,DATA_RECHARGE,23302.79,ACTIVE,Other / Unknown,1800,5G_NR,"iPhone 13,2 (iOS 16.5)",
REC-100438,+255714***002,+255714***494,2023-11-30T15:02:24Z,TIGO_PESA_CASH_OUT,8083.56,ACTIVE,Dar es Salaam,135,4G_LTE,Samsung Galaxy A14; Android 13,"Customer stated: 'Cannot connect to 4G in Posta area, please help'"
REC-100344,INVA *** 140,+255714***742,2023-12-01T22:06:38Z,TIGO_PESA_CASH_IN,0.0,CHURNED,Arusha,135,2G_GSM,Unknown,Standard call; cell handover success
REC-100875,UNKNOWN,+255714***275,2023-11-15T05:38:44Z,DATA_RECHARGE,68645.27,SUSPENDED,Zanzibar,135,5G_NR,Samsung Galaxy A14; Android 13,"USSD session timeout, retry OK"
REC-100103,+255714***207,+255714***550,2023-11-20T20:47:01Z,DATA_RECHARGE,50293.76,UNKNOWN,Other / Unknown,0,2G_GSM,Huawei P40 Lite,Flagged for KYC update; verified by agent
REC-102241,+255714***454,+255714***673,2023-11-06T12:22:00Z,DATA_RECHARGE,79297.12,ACTIVE,Arusha,0,4G_LTE,Nokia 105 (Feature Phone),Flagged for KYC update; verified by agent
REC-102197,+255714***839,+255714***398,2023-11-13T22:04:25Z,BUNDLE_PURCHASE,1591.55,ACTIVE,Tanga,0,UNKNOWN,Tecno Spark 10 Pro,Flagged for KYC update; verified by agent
REC-100646,UNKNOWN,+255714***111,2023-11-05T02:04:33Z,TIGO_PESA_CASH_OUT,0.0,ACTIVE,Dodoma,120,4G_LTE,Nokia 105 (Feature Phone),
REC-101156,+255714***961,+255714***729,2023-11-08T11:45:20Z,TIGO_PESA_CASH_OUT,107007.54,CHURNED,Tanga,135,4G_LTE,Huawei P40 Lite,None
REC-100476,+255714***701,INVA *** 000,2023-11-11T04:13:21Z,TIGO_PESA_CASH_IN,125545.85,UNKNOWN,Arusha,30,4G_LTE,Samsung Galaxy A14; Android 13,"USSD session timeout, retry OK"
REC-100576,+255714***576,+255714***836,2023-11-05T19:27:51Z,DATA_RECHARGE,72427.02,SUSPENDED,Dodoma,1800,4G_LTE,Samsung Galaxy A14; Android 13,"USSD session timeout, retry OK"
REC-101104,+255714***180,+255714***822,2023-11-20T08:45:00Z,BUNDLE_PURCHASE,125492.96,TERMINATED,Mwanza,0,2G_GSM,Samsung Galaxy A14; Android 13,
REC-102449,+255714***604,+255714***071,2023-11-19T21:32:09Z,BUNDLE_PURCHASE,85443.0,TERMINATED,Zanzibar,360,4G_LTE,"iPhone 13,2 (iOS 16.5)",None
REC-101856,UNKNOWN,+255714***222,2023-11-16T09:18:00Z,SMS_PACK,115084.74,PENDING_KYC,Dar es Salaam,30,4G_LTE,Huawei P40 Lite,"Customer stated: 'Cannot connect to 4G in Posta area, please help'"
REC-102331,+255714***962,+255714***099,2023-11-09T10:42:36Z,DATA_RECHARGE,57390.0,PENDING_KYC,Morogoro,360,2G_GSM,Unknown,Standard call; cell handover success
REC-101019,+255714***562,+255714***989,2023-11-19T00:22:00Z,VOICE_CALL,81418.0,ACTIVE,Dar es Salaam,30,5G_NR,Samsung Galaxy A14; Android 13,"Customer stated: 'Cannot connect to 4G in Posta area, please help'"
REC-100473,+255714***537,+255714***208,2023-11-29T21:42:02Z,TIGO_PESA_CASH_OUT,0.0,UNKNOWN,Arusha,120,4G_LTE,Samsung Galaxy A14; Android 13,
REC-100353,INVA *** 140,+255714***373,2023-11-07T18:55:43Z,TIGO_PESA_CASH_OUT,0.0,SUSPENDED,Mwanza,135,5G_NR,Huawei P40 Lite,Standard call; cell handover success
REC-100025,+255714***975,+255714***194,2023-11-06T23:24:00Z,VOICE_CALL,0.0,ACTIVE,Dar es Salaam,30,UNKNOWN,"iPhone 13,2 (iOS 16.5)",
REC-101358,+255714***631,+255714***781,2023-11-06T19:54:40Z,TIGO_PESA_CASH_IN,54500.0,TERMINATED,Zanzibar,360,4G_LTE,Unknown,"Customer stated: 'Cannot connect to 4G in Posta area, please help'"
REC-100173,+255714***495,+255714***658,2023-11-08T08:20:00Z,TIGO_PESA_CASH_OUT,127146.44,SUSPENDED,Dar es Salaam,360,3G_WCDMA,Nokia 105 (Feature Phone),Standard call; cell handover success
REC-102413,+255714***631,+255714***743,2023-11-16T17:54:18Z,SMS_PACK,71428.74,TERMINATED,Dodoma,0,3G_WCDMA,"iPhone 13,2 (iOS 16.5)","Customer stated: 'Cannot connect to 4G in Posta area, please help'"
REC-100653,+255714***659,+255714***714,2023-11-14T09:47:18Z,DATA_RECHARGE,130632.14,PENDING_KYC,Arusha,360,2G_GSM,"iPhone 13,2 (iOS 16.5)",Standard call; cell handover success
REC-100140,+255714***097,+255714***357,2023-11-09T05:00:57Z,VOICE_CALL,43886.69,PENDING_KYC,Arusha,45,UNKNOWN,Tecno Spark 10 Pro,Standard call; cell handover success
REC-102199,+255714***660,+255714***852,2023-11-07T00:16:54Z,TIGO_PESA_CASH_OUT,101194.89,CHURNED,Other / Unknown,135,UNKNOWN,Tecno Spark 10 Pro,Standard call; cell handover success
REC-101311,+255714***042,UNKNOWN,2023-11-20T21:53:24Z,SMS_PACK,148400.0,TERMINATED,Dodoma,45,2G_GSM,"iPhone 13,2 (iOS 16.5)","Customer stated: 'Cannot connect to 4G in Posta area, please help'"
REC-100416,+255714***195,UNKNOWN,2023-12-03T04:46:38Z,VOICE_CALL,108535.7,UNKNOWN,Mbeya,45,3G_WCDMA,Transsion Infinix Hot 30,"USSD session timeout, retry OK"
REC-101142,+255714***385,UNKNOWN,2023-11-24T05:42:09Z,VOICE_CALL,112979.46,TERMINATED,Dodoma,0,4G_LTE,Nokia 105 (Feature Phone),
REC-100724,+255714***099,+255714***208,2023-11-28T09:29:51Z,DATA_RECHARGE,13175.0,ACTIVE,Dodoma,0,3G_WCDMA,Samsung Galaxy A14; Android 13,Flagged for KYC update; verified by agent
REC-101183,INVA *** 000,+255714***577,2023-11-19T11:04:00Z,DATA_RECHARGE,0.0,CHURNED,Morogoro,120,3G_WCDMA,Transsion Infinix Hot 30,None
REC-102287,+255714***152,+255714***262,2023-11-12T07:40:14Z,TIGO_PESA_CASH_OUT,16605.81,PENDING_KYC,Other / Unknown,45,4G_LTE,Unknown,"VIP Subscriber, priority routing"
REC-100586,+255714***057,UNKNOWN,2023-11-18T16:34:12Z,SMS_PACK,66500.0,ACTIVE,Arusha,30,5G_NR,Unknown,Flagged for KYC update; verified by agent
REC-100999,+255714***017,+255714***892,2023-11-09T08:48:00Z,TIGO_PESA_CASH_IN,54378.67,ACTIVE,Dodoma,360,4G_LTE,Nokia 105 (Feature Phone),"VIP Subscriber, priority routing"
REC-100070,+255714***645,+255714***317,2023-11-04T00:00:00Z,SMS_PACK,36201.43,PENDING_KYC,Dar es Salaam,30,4G_LTE,Transsion Infinix Hot 30,
REC-100004,INVA *** 140,+255714***920,2023-11-07T21:15:35Z,VOICE_CALL,99358.87,SUSPENDED,Dar es Salaam,135,5G_NR,Transsion Infinix Hot 30,
REC-101208,+255714***000,INVA *** 000,2023-11-04T00:00:00Z,TIGO_PESA_CASH_OUT,112585.03,TERMINATED,Zanzibar,0,4G_LTE,Unknown,"VIP Subscriber, priority routing"
REC-101817,+255714***741,+255714***398,2023-11-27T04:56:00Z,BUNDLE_PURCHASE,8634.93,ACTIVE,Other / Unknown,1800,4G_LTE,Huawei P40 Lite,Standard call; cell handover success
REC-101802,+255714***564,+255714***480,2023-11-27T08:15:00Z,SMS_PACK,1550.0,TERMINATED,Dodoma,360,5G_NR,Transsion Infinix Hot 30,
REC-100121,INVA *** 000,+255714***358,2023-11-29T03:18:06Z,BUNDLE_PURCHASE,83345.72,PENDING_KYC,Dar es Salaam,135,5G_NR,Tecno Spark 10 Pro,
REC-101138,+255714***822,+255714***617,2023-12-01T00:15:49Z,TIGO_PESA_CASH_IN,83825.0,SUSPENDED,Morogoro,135,4G_LTE,Huawei P40 Lite,"VIP Subscriber, priority routing"
REC-101637,+255714***126,+255714***727,1970-01-01T00:00:00Z,BUNDLE_PURCHASE,25493.99,PENDING_KYC,Dar es Salaam,0,5G_NR,Tecno Spark 10 Pro,Flagged for KYC update; verified by agent
REC-102487,+255714***521,INVA *** 000,2023-11-27T06:20:54Z,VOICE_CALL,101425.0,TERMINATED,Dar es Salaam,0,3G_WCDMA,Nokia 105 (Feature Phone),Standard call; cell handover success
REC-100575,+255714***098,INVA *** 140,1970-01-01T00:00:00Z,SMS_PACK,101234.0,CHURNED,Mwanza,0,4G_LTE,"iPhone 13,2 (iOS 16.5)","VIP Subscriber, priority routing"
REC-100125,+255714***453,+255714***247,2023-11-25T20:33:00Z,TIGO_PESA_CASH_OUT,51185.98,PENDING_KYC,Dodoma,1800,5G_NR,Unknown,"VIP Subscriber, priority routing"
REC-101044,+255714***137,+255714***371,2023-12-01T17:35:22Z,TIGO_PESA_CASH_IN,0.0,SUSPENDED,Other / Unknown,0,4G_LTE,Huawei P40 Lite,Flagged for KYC update; verified by agent
REC-102317,+255714***358,INVA *** 000,2023-11-11T22:59:08Z,TIGO_PESA_CASH_OUT,98998.53,PENDING_KYC,Other / Unknown,0,5G_NR,Nokia 105 (Feature Phone),"VIP Subscriber, priority routing"
REC-100998,+255714***880,+255714***125,1970-01-01T00:00:00Z,DATA_RECHARGE,31943.96,UNKNOWN,Dodoma,0,5G_NR,Huawei P40 Lite,"VIP Subscriber, priority routing"
REC-102286,INVA *** 140,INVA *** 000,2023-11-14T21:27:00Z,DATA_RECHARGE,115694.0,PENDING_KYC,Arusha,0,4G_LTE,"iPhone 13,2 (iOS 16.5)","VIP Subscriber, priority routing"
REC-102435,INVA *** 000,+255714***702,2023-11-04T00:00:00Z,SMS_PACK,100825.0,SUSPENDED,Arusha,45,4G_LTE,"iPhone 13,2 (iOS 16.5)",Standard call; cell handover success
REC-100164,INVA *** 140,+255714***918,2023-11-05T13:35:00Z,TIGO_PESA_CASH_OUT,38541.35,SUSPENDED,Morogoro,0,4G_LTE,Transsion Infinix Hot 30,"USSD session timeout, retry OK"
REC-101382,+255714***208,+255714***248,1970-01-01T00:00:00Z,TIGO_PESA_CASH_IN,48525.0,CHURNED,Mwanza,0,4G_LTE,Tecno Spark 10 Pro,"USSD session timeout, retry OK"
REC-102109,+255714***029,INVA *** 140,2023-12-03T05:51:23Z,BUNDLE_PURCHASE,51363.33,UNKNOWN,Zanzibar,120,5G_NR,Tecno Spark 10 Pro,
REC-102226,+255714***044,+255714***110,2023-11-04T00:00:00Z,TIGO_PESA_CASH_OUT,0.0,CHURNED,Mwanza,30,3G_WCDMA,Tecno Spark 10 Pro,"Customer stated: 'Cannot connect to 4G in Posta area, please help'"
REC-100187,+255714***083,INVA *** 140,2023-12-03T10:09:00Z,TIGO_PESA_CASH_OUT,145353.62,TERMINATED,Zanzibar,0,4G_LTE,Tecno Spark 10 Pro,Standard call; cell handover success
REC-102095,+255714***959,+255714***714,2023-11-18T18:26:00Z,VOICE_CALL,106098.91,ACTIVE,Other / Unknown,45,4G_LTE,"iPhone 13,2 (iOS 16.5)",
REC-100881,+255714***138,+255714***441,2023-12-03T03:06:26Z,BUNDLE_PURCHASE,0.0,UNKNOWN,Morogoro,30,4G_LTE,Nokia 105 (Feature Phone),"Customer stated: 'Cannot connect to 4G in Posta area, please help'"
REC-100329,+255714***619,+255714***962,2023-11-29T00:07:40Z,SMS_PACK,5175.0,CHURNED,Morogoro,120,4G_LTE,Huawei P40 Lite,"USSD session timeout, retry OK"
REC-101832,+255714***359,UNKNOWN,2023-11-24T11:47:00Z,SMS_PACK,11100.0,TERMINATED,Mwanza,0,4G_LTE,Huawei P40 Lite,Flagged for KYC update; verified by agent
REC-100481,+255714***206,UNKNOWN,2023-11-12T06:21:20Z,SMS_PACK,138439.62,CHURNED,Mwanza,120,3G_WCDMA,Tecno Spark 10 Pro,"USSD session timeout, retry OK"
REC-100013,UNKNOWN,+255714***398,2023-11-19T15:23:00Z,TIGO_PESA_CASH_OUT,149275.0,PENDING_KYC,Zanzibar,0,4G_LTE,"iPhone 13,2 (iOS 16.5)",Flagged for KYC update; verified by agent
REC-100813,+255714***892,+255714***879,2023-11-15T00:07:30Z,TIGO_PESA_CASH_IN,58150.0,UNKNOWN,Arusha,135,4G_LTE,Samsung Galaxy A14; Android 13,"USSD session timeout, retry OK"
REC-101140,UNKNOWN,+255714***097,2023-11-13T16:02:06Z,SMS_PACK,71475.0,ACTIVE,Arusha,135,2G_GSM,Nokia 105 (Feature Phone),
REC-100268,+255714***823,+255714***727,2023-11-15T13:48:00Z,DATA_RECHARGE,45421.83,TERMINATED,Mwanza,135,2G_GSM,Nokia 105 (Feature Phone),"VIP Subscriber, priority routing"
REC-101387,INVA *** 140,+255714***646,2023-12-02T01:04:58Z,TIGO_PESA_CASH_IN,0.0,TERMINATED,Mwanza,360,5G_NR,Unknown,
REC-102010,+255714***688,INVA *** 000,2023-11-11T05:49:47Z,SMS_PACK,61446.39,UNKNOWN,Arusha,360,3G_WCDMA,Huawei P40 Lite,"USSD session timeout, retry OK"
REC-102122,+255714***494,+255714***083,2023-11-08T09:46:00Z,DATA_RECHARGE,55932.0,ACTIVE,Zanzibar,0,3G_WCDMA,"iPhone 13,2 (iOS 16.5)",None
REC-100392,+255714***685,+255714***989,2023-12-01T09:17:00Z,BUNDLE_PURCHASE,0.0,ACTIVE,Dar es Salaam,0,3G_WCDMA,Tecno Spark 10 Pro,Flagged for KYC update; verified by agent
REC-100510,+255714***959,+255714***110,1970-01-01T00:00:00Z,SMS_PACK,54575.0,PENDING_KYC,Mwanza,0,4G_LTE,Unknown,"VIP Subscriber, priority routing"
REC-100956,INVA *** 140,+255714***152,2023-11-15T02:33:59Z,DATA_RECHARGE,148825.0,SUSPENDED,Arusha,135,2G_GSM,Transsion Infinix Hot 30,"USSD session timeout, retry OK"
REC-102447,+255714***180,+255714***932,2023-11-22T02:25:15Z,SMS_PACK,128807.33,ACTIVE,Arusha,360,5G_NR,Samsung Galaxy A14; Android 13,
REC-100731,+255714***974,+255714***233,2023-11-05T08:47:57Z,BUNDLE_PURCHASE,0.0,CHURNED,Dodoma,1800,5G_NR,Nokia 105 (Feature Phone),
REC-102208,+255714***851,UNKNOWN,2023-11-27T22:50:48Z,VOICE_CALL,109981.03,PENDING_KYC,Other / Unknown,0,3G_WCDMA,Samsung Galaxy A14; Android 13,Standard call; cell handover success
REC-100585,+255714***947,+255714***098,2023-11-04T00:00:00Z,TIGO_PESA_CASH_OUT,144415.74,ACTIVE,Mbeya,0,2G_GSM,Samsung Galaxy A14; Android 13,Flagged for KYC update; verified by agent
REC-102018,+255714***029,+255714***592,2023-11-08T02:01:00Z,VOICE_CALL,5932.21,UNKNOWN,Arusha,120,4G_LTE,Unknown,Standard call; cell handover success
REC-100153,+255714***167,+255714***714,2023-12-01T19:01:00Z,SMS_PACK,41107.41,UNKNOWN,Arusha,120,4G_LTE,Nokia 105 (Feature Phone),Standard call; cell handover success
REC-102074,+255714***535,+255714***000,2023-11-26T16:45:27Z,TIGO_PESA_CASH_OUT,116981.0,SUSPENDED,Other / Unknown,0,5G_NR,"iPhone 13,2 (iOS 16.5)","USSD session timeout, retry OK"
REC-101620,INVA *** 140,+255714***591,1970-01-01T00:00:00Z,TIGO_PESA_CASH_IN,21835.13,PENDING_KYC,Arusha,1800,UNKNOWN,Samsung Galaxy A14; Android 13,"USSD session timeout, retry OK"
REC-100359,INVA *** 140,+255714***604,2023-11-16T00:30:33Z,TIGO_PESA_CASH_IN,70966.0,CHURNED,Arusha,0,3G_WCDMA,"iPhone 13,2 (iOS 16.5)","Customer stated: 'Cannot connect to 4G in Posta area, please help'"
REC-100395,+255714***645,+255714***193,2023-11-04T00:00:00Z,DATA_RECHARGE,0.0,ACTIVE,Other / Unknown,135,4G_LTE,Tecno Spark 10 Pro,Standard call; cell handover success
REC-102291,+255714***480,UNKNOWN,1970-01-01T00:00:00Z,SMS_PACK,146061.91,PENDING_KYC,Morogoro,135,5G_NR,Tecno Spark 10 Pro,"Customer stated: 'Cannot connect to 4G in Posta area, please help'"
REC-101506,+255714***291,+255714***686,2023-11-05T04:00:00Z,SMS_PACK,11224.7,ACTIVE,Zanzibar,360,4G_LTE,Transsion Infinix Hot 30,Flagged for KYC update; verified by agent
REC-100264,+255714***838,+255714***207,2023-12-03T09:30:10Z,TIGO_PESA_CASH_IN,48302.55,ACTIVE,Dodoma,1800,3G_WCDMA,Huawei P40 Lite,"USSD session timeout, retry OK"
REC-101101,+255714***948,+255714***673,2023-11-05T00:56:00Z,TIGO_PESA_CASH_IN,39517.69,ACTIVE,Dar es Salaam,135,4G_LTE,Tecno Spark 10 Pro,"Customer stated: 'Cannot connect to 4G in Posta area, please help'"
REC-102158,INVA *** 140,INVA *** 140,2023-11-04T00:00:00Z,SMS_PACK,132070.98,SUSPENDED,Dar es Salaam,120,3G_WCDMA,Nokia 105 (Feature Phone),"VIP Subscriber, priority routing"
REC-101041,+255714***742,+255714***469,2023-11-24T02:23:53Z,BUNDLE_PURCHASE,105289.0,PENDING_KYC,Dodoma,0,4G_LTE,Unknown,"USSD session timeout, retry OK"
REC-101735,UNKNOWN,+255714***014,2023-11-06T15:43:16Z,TIGO_PESA_CASH_OUT,0.0,ACTIVE,Zanzibar,0,4G_LTE,Samsung Galaxy A14; Android 13,"USSD session timeout, retry OK"
REC-101243,+255714***180,+255714***658,2023-11-14T11:24:52Z,DATA_RECHARGE,120529.07,ACTIVE,Zanzibar,45,2G_GSM,Transsion Infinix Hot 30,"VIP Subscriber, priority routing"
REC-101365,+255714***605,INVA *** 140,2023-11-24T15:14:00Z,TIGO_PESA_CASH_OUT,90646.55,CHURNED,Dar es Salaam,45,4G_LTE,Transsion Infinix Hot 30,"USSD session timeout, retry OK"
REC-101835,+255714***275,+255714***535,1970-01-01T00:00:00Z,TIGO_PESA_CASH_OUT,15663.68,UNKNOWN,Morogoro,1800,UNKNOWN,Nokia 105 (Feature Phone),"VIP Subscriber, priority routing"
REC-101170,+255714***304,INVA *** 140,2023-11-11T07:09:12Z,SMS_PACK,119167.2,ACTIVE,Dar es Salaam,120,3G_WCDMA,Tecno Spark 10 Pro,"Customer stated: 'Cannot connect to 4G in Posta area, please help'"
REC-102121,+255714***154,+255714***713,2023-11-18T03:54:00Z,DATA_RECHARGE,94515.77,UNKNOWN,Tanga,135,4G_LTE,Nokia 105 (Feature Phone),
REC-101423,+255714***153,INVA *** 140,2023-11-22T12:27:00Z,BUNDLE_PURCHASE,64598.77,ACTIVE,Morogoro,0,3G_WCDMA,Samsung Galaxy A14; Android 13,
REC-100194,+255714***714,+255714***960,2023-11-28T08:17:00Z,BUNDLE_PURCHASE,117405.17,TERMINATED,Dodoma,30,4G_LTE,Huawei P40 Lite,Flagged for KYC update; verified by agent
REC-101887,+255714***043,INVA *** 000,2023-11-25T01:29:30Z,BUNDLE_PURCHASE,33495.73,CHURNED,Tanga,0,4G_LTE,Transsion Infinix Hot 30,None
REC-102354,+255714***414,+255714***701,2023-11-08T17:30:51Z,VOICE_CALL,137238.0,TERMINATED,Zanzibar,135,UNKNOWN,"iPhone 13,2 (iOS 16.5)","Customer stated: 'Cannot connect to 4G in Posta area, please help'"
REC-100683,+255714***302,+255714***359,2023-11-24T05:29:59Z,TIGO_PESA_CASH_OUT,94212.0,SUSPENDED,Dar es Salaam,360,4G_LTE,Transsion Infinix Hot 30,"VIP Subscriber, priority routing"
REC-102005,+255714***302,INVA *** 140,2023-11-15T07:24:15Z,BUNDLE_PURCHASE,105650.0,CHURNED,Mwanza,0,4G_LTE,"iPhone 13,2 (iOS 16.5)","Customer stated: 'Cannot connect to 4G in Posta area, please help'"
REC-102496,+255714***564,+255714***249,2023-11-25T21:09:00Z,TIGO_PESA_CASH_OUT,140113.52,PENDING_KYC,Dodoma,0,UNKNOWN,Transsion Infinix Hot 30,None
REC-100372,+255714***138,+255714***824,2023-11-24T11:55:00Z,BUNDLE_PURCHASE,65847.4,CHURNED,Dodoma,120,5G_NR,Samsung Galaxy A14; Android 13,"Customer stated: 'Cannot connect to 4G in Posta area, please help'"
REC-101698,+255714***959,UNKNOWN,2023-11-06T02:27:57Z,BUNDLE_PURCHASE,102073.81,TERMINATED,Dodoma,120,5G_NR,Samsung Galaxy A14; Android 13,"USSD session timeout, retry OK"
REC-101682,+255714***742,+255714***905,2023-11-11T01:27:15Z,DATA_RECHARGE,0.0,SUSPENDED,Dar es Salaam,135,2G_GSM,Samsung Galaxy A14; Android 13,None
REC-100032,+255714***207,+255714***000,2023-11-14T01:47:00Z,TIGO_PESA_CASH_IN,0.0,TERMINATED,Tanga,30,4G_LTE,Unknown,"VIP Subscriber, priority routing"
REC-100897,+255714***645,+255714***921,2023-11-06T21:33:43Z,BUNDLE_PURCHASE,31975.0,SUSPENDED,Mbeya,135,UNKNOWN,Nokia 105 (Feature Phone),Flagged for KYC update; verified by agent
REC-101401,+255714***194,+255714***891,2023-11-19T13:07:19Z,DATA_RECHARGE,18950.0,SUSPENDED,Zanzibar,30,5G_NR,Tecno Spark 10 Pro,None
REC-100243,+255714***399,+255714***959,2023-11-13T14:16:00Z,TIGO_PESA_CASH_IN,0.0,ACTIVE,Tanga,120,4G_LTE,Tecno Spark 10 Pro,"Customer stated: 'Cannot connect to 4G in Posta area, please help'"
REC-101883,+255714***633,+255714***591,2023-11-05T18:19:00Z,SMS_PACK,149425.0,ACTIVE,Mbeya,135,5G_NR,Nokia 105 (Feature Phone),
REC-102162,+255714***304,+255714***247,2023-11-22T01:37:06Z,DATA_RECHARGE,46490.01,SUSPENDED,Morogoro,30,4G_LTE,Nokia 105 (Feature Phone),"Customer stated: 'Cannot connect to 4G in Posta area, please help'"
REC-100619,UNKNOWN,+255714***262,2023-11-14T00:40:47Z,SMS_PACK,0.0,UNKNOWN,Zanzibar,0,4G_LTE,Huawei P40 Lite,Flagged for KYC update; verified by agent
REC-101760,INVA *** 140,+255714***728,2023-11-22T23:23:55Z,BUNDLE_PURCHASE,27355.0,UNKNOWN,Zanzibar,120,4G_LTE,Tecno Spark 10 Pro,"USSD session timeout, retry OK"
REC-100038,+255714***892,+255714***658,1970-01-01T00:00:00Z,TIGO_PESA_CASH_IN,0.0,UNKNOWN,Dodoma,1800,3G_WCDMA,"iPhone 13,2 (iOS 16.5)",
REC-101118,+255714***523,+255714***728,2023-11-07T16:08:11Z,TIGO_PESA_CASH_OUT,101863.88,PENDING_KYC,Dodoma,0,3G_WCDMA,"iPhone 13,2 (iOS 16.5)","VIP Subscriber, priority routing"
REC-100456,INVA *** 140,+255714***891,2023-11-05T20:01:00Z,TIGO_PESA_CASH_IN,72971.65,ACTIVE,Mwanza,360,4G_LTE,Huawei P40 Lite,"USSD session timeout, retry OK"
REC-101631,+255714***740,+255714***262,2023-11-05T04:31:13Z,TIGO_PESA_CASH_IN,124941.0,SUSPENDED,Arusha,135,4G_LTE,Samsung Galaxy A14; Android 13,Standard call; cell handover success
REC-102082,INVA *** 140,+255714***646,2023-11-04T00:00:00Z,TIGO_PESA_CASH_OUT,12006.94,TERMINATED,Dodoma,120,4G_LTE,Transsion Infinix Hot 30,Flagged for KYC update; verified by agent
REC-100817,+255714***838,UNKNOWN,2023-11-07T02:07:55Z,VOICE_CALL,86496.96,UNKNOWN,Dar es Salaam,360,4G_LTE,Huawei P40 Lite,
REC-100913,+255714***603,+255714***687,2023-11-17T06:34:00Z,BUNDLE_PURCHASE,15797.16,CHURNED,Mwanza,360,UNKNOWN,Nokia 105 (Feature Phone),None
REC-100771,+255714***741,+255714***330,2023-11-17T00:44:55Z,TIGO_PESA_CASH_OUT,146783.32,ACTIVE,Dar es Salaam,0,4G_LTE,Tecno Spark 10 Pro,None
REC-100390,+255714***371,+255714***592,2023-11-20T05:04:00Z,BUNDLE_PURCHASE,36500.0,CHURNED,Mbeya,360,5G_NR,Transsion Infinix Hot 30,"Customer stated: 'Cannot connect to 4G in Posta area, please help'"
REC-101087,+255714***331,+255714***001,2023-11-16T04:44:00Z,BUNDLE_PURCHASE,0.0,TERMINATED,Mwanza,45,4G_LTE,Samsung Galaxy A14; Android 13,"VIP Subscriber, priority routing"
REC-101109,+255714***934,+255714***386,2023-11-06T06:10:18Z,DATA_RECHARGE,34800.0,CHURNED,Dar es Salaam,30,2G_GSM,Unknown,Flagged for KYC update; verified by agent
REC-100821,+255714***440,+255714***836,2023-11-18T14:51:00Z,DATA_RECHARGE,79027.74,ACTIVE,Dar es Salaam,0,5G_NR,Unknown,
REC-101381,+255714***836,INVA *** 000,2023-12-03T14:54:42Z,SMS_PACK,0.0,SUSPENDED,Dodoma,0,4G_LTE,"iPhone 13,2 (iOS 16.5)","Customer stated: 'Cannot connect to 4G in Posta area, please help'"
REC-102298,+255714***412,UNKNOWN,2023-11-09T20:14:16Z,BUNDLE_PURCHASE,5219.14,CHURNED,Other / Unknown,0,5G_NR,Unknown,"VIP Subscriber, priority routing"
REC-100579,+255714***974,+255714***988,2023-11-04T00:00:00Z,DATA_RECHARGE,107275.0,PENDING_KYC,Morogoro,30,2G_GSM,Samsung Galaxy A14; Android 13,"USSD session timeout, retry OK"
REC-100930,+255714***332,+255714***973,2023-11-27T04:36:15Z,BUNDLE_PURCHASE,48775.0,UNKNOWN,Dar es Salaam,30,4G_LTE,Samsung Galaxy A14; Android 13,
REC-100218,+255714***290,+255714***647,2023-11-15T21:01:00Z,TIGO_PESA_CASH_OUT,98495.0,ACTIVE,Arusha,0,4G_LTE,"iPhone 13,2 (iOS 16.5)",Standard call; cell handover success
REC-100969,+255714***331,+255714***946,2023-11-17T07:49:00Z,VOICE_CALL,39283.47,UNKNOWN,Dodoma,0,2G_GSM,"iPhone 13,2 (iOS 16.5)","USSD session timeout, retry OK"
REC-102465,+255714***154,+255714***782,1970-01-01T00:00:00Z,DATA_RECHARGE,93220.82,UNKNOWN,Dodoma,0,4G_LTE,Tecno Spark 10 Pro,Standard call; cell handover success
REC-101323,+255714***468,INVA *** 000,2023-11-20T08:00:53Z,TIGO_PESA_CASH_IN,10851.77,TERMINATED,Zanzibar,0,2G_GSM,"iPhone 13,2 (iOS 16.5)",
REC-101495,+255714***154,+255714***713,2023-12-02T08:35:00Z,SMS_PACK,118868.21,CHURNED,Zanzibar,0,3G_WCDMA,"iPhone 13,2 (iOS 16.5)","VIP Subscriber, priority routing"
REC-101158,+255714***603,+255714***961,2023-11-24T02:55:25Z,DATA_RECHARGE,33080.29,TERMINATED,Arusha,360,4G_LTE,Transsion Infinix Hot 30,Standard call; cell handover success
REC-100350,+255714***111,+255714***550,2023-11-08T21:16:00Z,BUNDLE_PURCHASE,0.0,UNKNOWN,Dodoma,30,UNKNOWN,Tecno Spark 10 Pro,Flagged for KYC update; verified by agent
REC-101465,+255714***523,+255714***098,1970-01-01T00:00:00Z,DATA_RECHARGE,76525.0,SUSPENDED,Zanzibar,360,5G_NR,Tecno Spark 10 Pro,None
REC-102430,+255714***441,+255714***428,2023-11-25T03:42:45Z,DATA_RECHARGE,29335.0,PENDING_KYC,Zanzibar,0,4G_LTE,Tecno Spark 10 Pro,"USSD session timeout, retry OK"
REC-101439,+255714***329,+255714***303,2023-11-21T20:35:10Z,TIGO_PESA_CASH_OUT,38777.02,TERMINATED,Arusha,135,2G_GSM,Samsung Galaxy A14; Android 13,"Customer stated: 'Cannot connect to 4G in Posta area, please help'"
REC-100452,+255714***399,+255714***592,2023-12-01T00:33:00Z,BUNDLE_PURCHASE,0.0,UNKNOWN,Zanzibar,30,4G_LTE,Huawei P40 Lite,"Customer stated: 'Cannot connect to 4G in Posta area, please help'"
REC-101197,INVA *** 140,INVA *** 000,2023-11-24T18:20:52Z,TIGO_PESA_CASH_OUT,137159.0,SUSPENDED,Mwanza,120,3G_WCDMA,Tecno Spark 10 Pro,"USSD session timeout, retry OK"
REC-101143,+255714***606,INVA *** 140,2023-11-10T13:34:05Z,TIGO_PESA_CASH_OUT,92426.92,SUSPENDED,Arusha,1800,5G_NR,Transsion Infinix Hot 30,None
REC-100994,INVA *** 140,+255714***770,2023-12-02T09:18:29Z,DATA_RECHARGE,28732.68,TERMINATED,Arusha,0,4G_LTE,Huawei P40 Lite,Standard call; cell handover success
REC-102245,+255714***576,INVA *** 000,2023-11-28T11:05:16Z,DATA_RECHARGE,135362.0,SUSPENDED,Dodoma,1800,4G_LTE,Nokia 105 (Feature Phone),"VIP Subscriber, priority routing"
REC-100663,+255714***015,+255714***784,2023-11-05T05:11:00Z,TIGO_PESA_CASH_IN,123169.0,ACTIVE,Arusha,0,UNKNOWN,Unknown,None
REC-100656,+255714***510,+255714***646,2023-11-13T06:57:01Z,SMS_PACK,85507.98,ACTIVE,Arusha,45,5G_NR,Nokia 105 (Feature Phone),Standard call; cell handover success
REC-102347,+255714***850,+255714***892,2023-11-25T14:43:47Z,BUNDLE_PURCHASE,0.0,ACTIVE,Tanga,0,UNKNOWN,Transsion Infinix Hot 30,
REC-101069,+255714***906,UNKNOWN,2023-11-04T00:00:00Z,VOICE_CALL,30311.76,SUSPENDED,Other / Unknown,135,2G_GSM,Transsion Infinix Hot 30,Flagged for KYC update; verified by agent
REC-100462,+255714***357,+255714***619,2023-11-13T05:50:25Z,TIGO_PESA_CASH_IN,82368.0,ACTIVE,Dar es Salaam,135,4G_LTE,Huawei P40 Lite,"VIP Subscriber, priority routing"
REC-100239,+255714***907,+255714***660,2023-11-20T10:07:46Z,DATA_RECHARGE,14136.33,CHURNED,Dodoma,1800,4G_LTE,Nokia 105 (Feature Phone),"USSD session timeout, retry OK"
REC-101470,+255714***688,+255714***562,2023-11-10T20:25:55Z,BUNDLE_PURCHASE,14483.79,ACTIVE,Dodoma,360,3G_WCDMA,"iPhone 13,2 (iOS 16.5)","VIP Subscriber, priority routing"
REC-101199,+255714***837,UNKNOWN,2023-11-22T06:20:54Z,BUNDLE_PURCHASE,122250.0,PENDING_KYC,Dar es Salaam,1800,UNKNOWN,Nokia 105 (Feature Phone),None
REC-101000,+255714***742,+255714***468,2023-11-17T20:17:22Z,SMS_PACK,97280.26,ACTIVE,Arusha,45,2G_GSM,Samsung Galaxy A14; Android 13,Flagged for KYC update; verified by agent
REC-100554,+255714***372,+255714***920,2023-11-17T05:13:18Z,SMS_PACK,127848.72,PENDING_KYC,Tanga,360,4G_LTE,Samsung Galaxy A14; Android 13,"USSD session timeout, retry OK"
REC-100592,INVA *** 140,+255714***537,2023-11-24T03:30:00Z,DATA_RECHARGE,132205.72,UNKNOWN,Mwanza,135,4G_LTE,Nokia 105 (Feature Phone),
REC-101187,+255714***891,INVA *** 000,2023-12-03T07:32:54Z,TIGO_PESA_CASH_IN,92500.0,TERMINATED,Arusha,0,3G_WCDMA,Huawei P40 Lite,None
REC-101918,+255714***275,+255714***056,2023-12-03T12:45:55Z,VOICE_CALL,69271.42,UNKNOWN,Other / Unknown,360,4G_LTE,"iPhone 13,2 (iOS 16.5)","Customer stated: 'Cannot connect to 4G in Posta area, please help'"
REC-101132,+255714***098,+255714***440,2023-11-26T09:54:25Z,DATA_RECHARGE,92250.73,ACTIVE,Morogoro,0,2G_GSM,Transsion Infinix Hot 30,"VIP Subscriber, priority routing"
REC-101194,+255714***069,+255714***370,2023-11-17T23:57:00Z,DATA_RECHARGE,108257.27,ACTIVE,Other / Unknown,30,4G_LTE,Tecno Spark 10 Pro,None
REC-102437,+255714***236,INVA *** 140,2023-11-04T00:00:00Z,BUNDLE_PURCHASE,101784.63,SUSPENDED,Dodoma,360,4G_LTE,Transsion Infinix Hot 30,"Customer stated: 'Cannot connect to 4G in Posta area, please help'"
REC-101838,+255714***166,+255714***167,2023-11-28T20:08:50Z,BUNDLE_PURCHASE,0.0,SUSPENDED,Zanzibar,1800,4G_LTE,Huawei P40 Lite,
REC-100717,+255714***344,+255714***330,2023-11-25T06:36:00Z,BUNDLE_PURCHASE,0.0,SUSPENDED,Mwanza,0,5G_NR,Transsion Infinix Hot 30,None
REC-102352,+255714***617,+255714***797,2023-11-12T09:43:01Z,DATA_RECHARGE,0.0,ACTIVE,Mwanza,1800,UNKNOWN,Huawei P40 Lite,Flagged for KYC update; verified by agent
REC-100726,+255714***617,+255714***795,2023-11-14T03:27:00Z,VOICE_CALL,28840.28,CHURNED,Dodoma,30,4G_LTE,"iPhone 13,2 (iOS 16.5)",
REC-100494,+255714***015,+255714***056,2023-11-27T08:00:10Z,SMS_PACK,0.0,TERMINATED,Zanzibar,30,UNKNOWN,Nokia 105 (Feature Phone),
REC-100749,+255714***236,+255714***481,2023-11-16T08:16:48Z,VOICE_CALL,81757.2,UNKNOWN,Dar es Salaam,0,UNKNOWN,Samsung Galaxy A14; Android 13,"VIP Subscriber, priority routing"
REC-102360,+255714***699,UNKNOWN,2023-11-10T03:42:17Z,DATA_RECHARGE,30612.0,CHURNED,Dar es Salaam,0,2G_GSM,"iPhone 13,2 (iOS 16.5)","USSD session timeout, retry OK"
REC-102067,+255714***851,+255714***439,2023-11-16T23:37:28Z,SMS_PACK,107732.07,ACTIVE,Zanzibar,0,3G_WCDMA,"iPhone 13,2 (iOS 16.5)","USSD session timeout, retry OK"
REC-101332,UNKNOWN,+255714***865,2023-11-12T19:40:00Z,VOICE_CALL,110054.37,UNKNOWN,Dar es Salaam,360,4G_LTE,Huawei P40 Lite,Standard call; cell handover success
REC-101763,+255714***672,+255714***701,2023-11-07T00:34:46Z,VOICE_CALL,0.0,UNKNOWN,Other / Unknown,45,UNKNOWN,Nokia 105 (Feature Phone),Standard call; cell handover success
REC-100230,INVA *** 140,+255714***236,2023-11-29T05:02:46Z,VOICE_CALL,0.0,SUSPENDED,Dar es Salaam,0,5G_NR,Transsion Infinix Hot 30,Flagged for KYC update; verified by agent
REC-101338,+255714***345,+255714***140,2023-11-06T16:01:42Z,TIGO_PESA_CASH_IN,114275.0,PENDING_KYC,Zanzibar,1800,2G_GSM,Unknown,Standard call; cell handover success
REC-102022,+255714***825,+255714***126,2023-11-04T00:00:00Z,BUNDLE_PURCHASE,24257.84,PENDING_KYC,Zanzibar,1800,UNKNOWN,Nokia 105 (Feature Phone),Standard call; cell handover success
REC-100401,+255714***494,+255714***154,2023-11-18T11:23:58Z,VOICE_CALL,51819.07,PENDING_KYC,Dar es Salaam,30,4G_LTE,Nokia 105 (Feature Phone),Standard call; cell handover success
REC-100292,+255714***166,+255714***644,2023-11-18T14:45:27Z,TIGO_PESA_CASH_IN,120338.62,ACTIVE,Dar es Salaam,0,4G_LTE,Unknown,Flagged for KYC update; verified by agent
REC-102471,+255714***603,+255714***014,2023-11-05T14:00:42Z,TIGO_PESA_CASH_IN,51583.0,TERMINATED,Dodoma,30,5G_NR,"iPhone 13,2 (iOS 16.5)",
REC-101363,INVA *** 140,INVA *** 140,2023-11-04T00:00:00Z,SMS_PACK,84657.0,TERMINATED,Morogoro,0,5G_NR,"iPhone 13,2 (iOS 16.5)",
REC-101455,+255714***194,+255714***193,2023-11-22T22:21:06Z,TIGO_PESA_CASH_IN,0.0,SUSPENDED,Mwanza,0,3G_WCDMA,Huawei P40 Lite,"USSD session timeout, retry OK"
REC-102277,+255714***058,+255714***864,2023-11-06T22:32:26Z,SMS_PACK,32874.08,UNKNOWN,Zanzibar,1800,2G_GSM,Samsung Galaxy A14; Android 13,Standard call; cell handover success
REC-100101,INVA *** 140,+255714***289,2023-11-21T16:51:24Z,VOICE_CALL,59862.14,PENDING_KYC,Dar es Salaam,30,2G_GSM,Transsion Infinix Hot 30,Standard call; cell handover success
REC-102408,+255714***249,+255714***702,2023-11-07T22:44:00Z,BUNDLE_PURCHASE,37918.0,UNKNOWN,Tanga,1800,4G_LTE,Nokia 105 (Feature Phone),"USSD session timeout, retry OK"
REC-100524,+255714***125,+255714***564,2023-11-08T15:15:00Z,VOICE_CALL,21933.45,UNKNOWN,Dar es Salaam,45,4G_LTE,Tecno Spark 10 Pro,Flagged for KYC update; verified by agent
REC-100517,+255714***112,+255714***946,1970-01-01T00:00:00Z,SMS_PACK,114572.04,ACTIVE,Zanzibar,135,4G_LTE,"iPhone 13,2 (iOS 16.5)","VIP Subscriber, priority routing"
REC-100558,INVA *** 140,+255714***756,2023-11-07T00:56:16Z,TIGO_PESA_CASH_IN,139700.0,CHURNED,Tanga,0,4G_LTE,Tecno Spark 10 Pro,Standard call; cell handover success
REC-102378,+255714***784,+255714***906,2023-11-22T05:06:00Z,TIGO_PESA_CASH_OUT,44757.92,CHURNED,Arusha,0,5G_NR,Tecno Spark 10 Pro,"USSD session timeout, retry OK"
REC-102279,+255714***619,+255714***330,2023-11-18T09:25:00Z,BUNDLE_PURCHASE,7339.02,ACTIVE,Other / Unknown,135,5G_NR,Transsion Infinix Hot 30,None
REC-102489,+255714***139,+255714***029,2023-11-19T04:02:49Z,TIGO_PESA_CASH_OUT,32326.41,UNKNOWN,Mbeya,30,4G_LTE,"iPhone 13,2 (iOS 16.5)",Flagged for KYC update; verified by agent
REC-101526,+255714***797,+255714***400,2023-11-10T21:54:37Z,DATA_RECHARGE,6075.21,TERMINATED,Mwanza,135,UNKNOWN,Tecno Spark 10 Pro,"Customer stated: 'Cannot connect to 4G in Posta area, please help'"
REC-100312,+255714***893,+255714***098,2023-11-26T07:07:46Z,DATA_RECHARGE,147526.27,SUSPENDED,Zanzibar,0,3G_WCDMA,Samsung Galaxy A14; Android 13,"Customer stated: 'Cannot connect to 4G in Posta area, please help'"
REC-100036,+255714***222,+255714***850,1970-01-01T00:00:00Z,VOICE_CALL,0.0,UNKNOWN,Arusha,135,3G_WCDMA,Transsion Infinix Hot 30,Flagged for KYC update; verified by agent
REC-101331,+255714***028,+255714***192,2023-11-15T01:21:00Z,BUNDLE_PURCHASE,0.0,ACTIVE,Mwanza,45,4G_LTE,"iPhone 13,2 (iOS 16.5)",Standard call; cell handover success
REC-100147,+255714***811,+255714***510,2023-11-27T13:09:35Z,TIGO_PESA_CASH_IN,145077.07,UNKNOWN,Arusha,0,2G_GSM,Transsion Infinix Hot 30,Flagged for KYC update; verified by agent
REC-100026,+255714***179,INVA *** 140,2023-11-04T23:29:00Z,VOICE_CALL,0.0,ACTIVE,Mbeya,0,UNKNOWN,Tecno Spark 10 Pro,Standard call; cell handover success
REC-100588,+255714***071,+255714***441,2023-11-30T05:18:34Z,TIGO_PESA_CASH_OUT,118188.75,PENDING_KYC,Dodoma,135,3G_WCDMA,Unknown,Standard call; cell handover success
REC-101531,+255714***138,+255714***302,2023-11-19T03:12:46Z,DATA_RECHARGE,99661.0,PENDING_KYC,Zanzibar,135,UNKNOWN,Unknown,Standard call; cell handover success
REC-100825,+255714***179,+255714***921,2023-11-24T18:24:00Z,TIGO_PESA_CASH_IN,46743.83,UNKNOWN,Mwanza,0,3G_WCDMA,Unknown,"Customer stated: 'Cannot connect to 4G in Posta area, please help'"
REC-101602,INVA *** 140,+255714***550,2023-11-09T22:54:00Z,VOICE_CALL,80075.0,PENDING_KYC,Arusha,0,2G_GSM,"iPhone 13,2 (iOS 16.5)",None
REC-101891,+255714***975,+255714***344,2023-11-19T00:09:07Z,BUNDLE_PURCHASE,7224.69,UNKNOWN,Mwanza,0,4G_LTE,Nokia 105 (Feature Phone),None
REC-100343,+255714***905,+255714***576,2023-11-29T21:01:34Z,VOICE_CALL,78204.4,SUSPENDED,Mwanza,135,5G_NR,Samsung Galaxy A14; Android 13,Flagged for KYC update; verified by agent
REC-100974,+255714***494,+255714***946,2023-12-04T01:55:08Z,TIGO_PESA_CASH_IN,83020.36,SUSPENDED,Dar es Salaam,45,2G_GSM,Tecno Spark 10 Pro,"VIP Subscriber, priority routing"
REC-101496,+255714***850,+255714***247,2023-11-11T23:50:00Z,BUNDLE_PURCHASE,116447.03,ACTIVE,Tanga,45,2G_GSM,Nokia 105 (Feature Phone),
REC-100423,+255714***372,INVA *** 140,2023-11-13T02:55:50Z,TIGO_PESA_CASH_OUT,112525.55,ACTIVE,Dar es Salaam,360,5G_NR,Tecno Spark 10 Pro,"Customer stated: 'Cannot connect to 4G in Posta area, please help'"
REC-101949,+255714***139,+255714***373,2023-11-25T09:07:00Z,BUNDLE_PURCHASE,95826.0,CHURNED,Arusha,1800,2G_GSM,Unknown,Standard call; cell handover success
REC-100406,+255714***359,+255714***055,2023-11-05T19:33:08Z,BUNDLE_PURCHASE,142392.9,TERMINATED,Dodoma,45,4G_LTE,Nokia 105 (Feature Phone),"Customer stated: 'Cannot connect to 4G in Posta area, please help'"
REC-101154,INVA *** 140,+255714***685,2023-11-23T02:45:59Z,DATA_RECHARGE,81485.84,SUSPENDED,Dar es Salaam,360,UNKNOWN,Transsion Infinix Hot 30,"VIP Subscriber, priority routing"
REC-100278,+255714***975,+255714***632,2023-11-04T00:00:00Z,BUNDLE_PURCHASE,45379.13,UNKNOWN,Arusha,360,4G_LTE,Transsion Infinix Hot 30,Flagged for KYC update; verified by agent
REC-100152,+255714***590,+255714***001,2023-11-23T15:53:00Z,TIGO_PESA_CASH_IN,143214.03,TERMINATED,Dar es Salaam,30,3G_WCDMA,Nokia 105 (Feature Phone),"USSD session timeout, retry OK"
REC-102431,INVA *** 140,+255714***782,2023-11-28T21:37:36Z,DATA_RECHARGE,116504.4,ACTIVE,Arusha,1800,5G_NR,Unknown,None
REC-100233,+255714***274,INVA *** 140,2023-11-16T06:51:00Z,TIGO_PESA_CASH_OUT,0.0,SUSPENDED,Mbeya,120,4G_LTE,Samsung Galaxy A14; Android 13,"Customer stated: 'Cannot connect to 4G in Posta area, please help'"
REC-102130,+255714***715,+255714***411,2023-12-02T05:02:33Z,SMS_PACK,12262.87,SUSPENDED,Mwanza,30,UNKNOWN,Transsion Infinix Hot 30,"VIP Subscriber, priority routing"
REC-101310,+255714***194,INVA *** 140,2023-11-17T13:55:26Z,TIGO_PESA_CASH_OUT,124631.1,SUSPENDED,Mbeya,0,5G_NR,Transsion Infinix Hot 30,Flagged for KYC update; verified by agent
REC-101779,+255714***372,+255714***439,2023-11-10T09:41:04Z,DATA_RECHARGE,38593.64,UNKNOWN,Mwanza,120,4G_LTE,Tecno Spark 10 Pro,Flagged for KYC update; verified by agent
REC-100149,+255714***385,+255714***112,2023-11-27T09:40:00Z,SMS_PACK,109247.0,UNKNOWN,Arusha,1800,5G_NR,Nokia 105 (Feature Phone),"Customer stated: 'Cannot connect to 4G in Posta area, please help'"
REC-102251,+255714***386,+255714***003,2023-11-13T10:02:00Z,TIGO_PESA_CASH_IN,84425.0,SUSPENDED,Morogoro,135,4G_LTE,Transsion Infinix Hot 30,Flagged for KYC update; verified by agent
REC-101388,+255714***644,+255714***836,2023-11-13T06:36:53Z,VOICE_CALL,126800.36,SUSPENDED,Dodoma,0,5G_NR,Samsung Galaxy A14; Android 13,"VIP Subscriber, priority routing"
REC-100596,+255714***193,+255714***412,2023-11-11T07:18:00Z,SMS_PACK,56961.03,UNKNOWN,Morogoro,120,UNKNOWN,Unknown,"USSD session timeout, retry OK"
REC-102439,UNKNOWN,+255714***208,2023-11-22T15:12:07Z,DATA_RECHARGE,81873.11,PENDING_KYC,Mbeya,0,5G_NR,Huawei P40 Lite,None
REC-100058,INVA *** 000,+255714***550,2023-12-04T02:29:00Z,SMS_PACK,15335.42,TERMINATED,Other / Unknown,0,4G_LTE,"iPhone 13,2 (iOS 16.5)",Flagged for KYC update; verified by agent
REC-101103,+255714***892,+255714***864,2023-11-04T00:00:00Z,VOICE_CALL,130225.0,CHURNED,Arusha,30,UNKNOWN,Nokia 105 (Feature Phone),"Customer stated: 'Cannot connect to 4G in Posta area, please help'"
REC-101578,+255714***385,+255714***166,2023-11-21T04:16:07Z,DATA_RECHARGE,60100.0,UNKNOWN,Dar es Salaam,135,5G_NR,Unknown,Standard call; cell handover success
REC-100865,+255714***865,+255714***852,2023-11-16T01:46:00Z,DATA_RECHARGE,136203.03,TERMINATED,Dar es Salaam,120,UNKNOWN,Huawei P40 Lite,"USSD session timeout, retry OK"
REC-102257,+255714***976,+255714***249,2023-11-11T23:24:00Z,VOICE_CALL,33513.15,ACTIVE,Mwanza,0,4G_LTE,Nokia 105 (Feature Phone),"USSD session timeout, retry OK"
REC-101220,+255714***083,+255714***631,2023-11-30T07:55:17Z,DATA_RECHARGE,41844.09,ACTIVE,Other / Unknown,120,4G_LTE,Samsung Galaxy A14; Android 13,None
REC-101251,+255714***934,+255714***370,2023-11-24T10:07:14Z,BUNDLE_PURCHASE,128475.0,CHURNED,Dar es Salaam,1800,4G_LTE,"iPhone 13,2 (iOS 16.5)","VIP Subscriber, priority routing"
REC-101657,+255714***399,UNKNOWN,2023-11-21T21:55:04Z,SMS_PACK,145655.38,SUSPENDED,Arusha,30,3G_WCDMA,Samsung Galaxy A14; Android 13,"VIP Subscriber, priority routing"
REC-102137,+255714***893,+255714***536,2023-11-19T04:35:00Z,DATA_RECHARGE,898.08,TERMINATED,Mwanza,0,4G_LTE,Nokia 105 (Feature Phone),None
REC-102296,+255714***413,+255714***454,2023-11-11T07:57:26Z,TIGO_PESA_CASH_OUT,58940.75,UNKNOWN,Mwanza,360,5G_NR,"iPhone 13,2 (iOS 16.5)","VIP Subscriber, priority routing"
REC-101573,+255714***193,+255714***153,2023-11-11T19:46:17Z,SMS_PACK,58922.99,CHURNED,Mbeya,135,UNKNOWN,"iPhone 13,2 (iOS 16.5)",Standard call; cell handover success
REC-100220,+255714***562,+255714***960,2023-11-10T23:20:00Z,SMS_PACK,148944.55,UNKNOWN,Morogoro,0,2G_GSM,Nokia 105 (Feature Phone),Flagged for KYC update; verified by agent
REC-102165,INVA *** 140,+255714***480,2023-11-04T14:05:54Z,VOICE_CALL,79277.88,CHURNED,Arusha,0,3G_WCDMA,Huawei P40 Lite,Standard call; cell handover success
REC-101070,+255714***017,+255714***481,2023-11-12T21:00:49Z,TIGO_PESA_CASH_IN,147553.0,ACTIVE,Other / Unknown,135,2G_GSM,Unknown,None
REC-100018,+255714***469,+255714***304,2023-11-14T21:15:21Z,TIGO_PESA_CASH_OUT,135415.21,ACTIVE,Dodoma,360,UNKNOWN,Unknown,"Customer stated: 'Cannot connect to 4G in Posta area, please help'"
REC-100237,+255714***469,+255714***085,2023-11-26T11:43:00Z,TIGO_PESA_CASH_IN,0.0,ACTIVE,Morogoro,0,4G_LTE,Samsung Galaxy A14; Android 13,Flagged for KYC update; verified by agent
REC-100713,+255714***632,+255714***836,2023-11-08T19:53:00Z,TIGO_PESA_CASH_IN,136432.19,SUSPENDED,Mwanza,0,4G_LTE,Transsion Infinix Hot 30,Flagged for KYC update; verified by agent
REC-100779,+255714***017,INVA *** 140,2023-11-25T17:06:44Z,TIGO_PESA_CASH_IN,136925.0,ACTIVE,Mbeya,120,4G_LTE,Nokia 105 (Feature Phone),
REC-101441,+255714***549,+255714***839,2023-11-18T23:19:00Z,TIGO_PESA_CASH_OUT,137300.0,TERMINATED,Mwanza,0,3G_WCDMA,Unknown,"Customer stated: 'Cannot connect to 4G in Posta area, please help'"
REC-100193,UNKNOWN,+255714***137,2023-11-20T12:09:00Z,TIGO_PESA_CASH_OUT,50543.07,ACTIVE,Mwanza,30,2G_GSM,Nokia 105 (Feature Phone),Flagged for KYC update; verified by agent
REC-101037,INVA *** 000,+255714***428,2023-11-07T07:16:00Z,TIGO_PESA_CASH_IN,71756.0,ACTIVE,Other / Unknown,30,4G_LTE,Nokia 105 (Feature Phone),"USSD session timeout, retry OK"
REC-100247,INVA *** 000,+255714***715,2023-11-23T08:46:02Z,TIGO_PESA_CASH_IN,0.0,SUSPENDED,Arusha,120,2G_GSM,Tecno Spark 10 Pro,None
REC-101176,+255714***316,UNKNOWN,2023-11-23T03:29:09Z,TIGO_PESA_CASH_IN,59462.71,TERMINATED,Dar es Salaam,45,4G_LTE,Transsion Infinix Hot 30,Standard call; cell handover success
REC-102011,+255714***179,UNKNOWN,2023-11-24T19:46:00Z,SMS_PACK,19716.09,ACTIVE,Other / Unknown,45,4G_LTE,Huawei P40 Lite,"Customer stated: 'Cannot connect to 4G in Posta area, please help'"
REC-100614,INVA *** 140,+255714***345,2023-12-04T03:26:00Z,BUNDLE_PURCHASE,143633.87,TERMINATED,Other / Unknown,360,UNKNOWN,Nokia 105 (Feature Phone),"Customer stated: 'Cannot connect to 4G in Posta area, please help'"
REC-101773,+255714***523,+255714***632,2023-11-18T00:33:36Z,SMS_PACK,2932.12,CHURNED,Mwanza,1800,2G_GSM,"iPhone 13,2 (iOS 16.5)","VIP Subscriber, priority routing"
REC-102209,+255714***220,+255714***126,2023-11-04T15:13:00Z,TIGO_PESA_CASH_OUT,63450.0,ACTIVE,Other / Unknown,135,4G_LTE,Samsung Galaxy A14; Android 13,"Customer stated: 'Cannot connect to 4G in Posta area, please help'"
REC-102072,+255714***262,+255714***261,2023-11-29T23:36:13Z,TIGO_PESA_CASH_OUT,0.0,ACTIVE,Arusha,45,4G_LTE,Nokia 105 (Feature Phone),
REC-101889,+255714***192,+255714***029,2023-11-19T10:06:00Z,DATA_RECHARGE,130348.78,ACTIVE,Dar es Salaam,1800,3G_WCDMA,"iPhone 13,2 (iOS 16.5)","Customer stated: 'Cannot connect to 4G in Posta area, please help'"
REC-102329,+255714***715,+255714***973,2023-11-29T02:37:13Z,DATA_RECHARGE,47871.0,UNKNOWN,Dar es Salaam,135,UNKNOWN,Transsion Infinix Hot 30,"Customer stated: 'Cannot connect to 4G in Posta area, please help'"
REC-102004,+255714***548,+255714***509,2023-11-04T00:00:00Z,DATA_RECHARGE,147968.82,CHURNED,Arusha,0,2G_GSM,"iPhone 13,2 (iOS 16.5)",
REC-101641,+255714***248,INVA *** 140,2023-12-01T13:23:00Z,VOICE_CALL,145591.0,TERMINATED,Dodoma,30,2G_GSM,Huawei P40 Lite,"USSD session timeout, retry OK"
REC-100183,+255714***729,+255714***740,2023-11-09T01:09:29Z,TIGO_PESA_CASH_OUT,57200.0,ACTIVE,Other / Unknown,0,4G_LTE,"iPhone 13,2 (iOS 16.5)","VIP Subscriber, priority routing"
REC-100073,+255714***508,INVA *** 140,2023-11-04T00:00:00Z,BUNDLE_PURCHASE,5866.92,TERMINATED,Arusha,0,3G_WCDMA,Samsung Galaxy A14; Android 13,None
REC-101899,UNKNOWN,+255714***494,2023-11-17T06:57:00Z,DATA_RECHARGE,106155.95,CHURNED,Dar es Salaam,0,4G_LTE,"iPhone 13,2 (iOS 16.5)","VIP Subscriber, priority routing"
REC-102492,+255714***509,+255714***248,2023-11-15T07:12:37Z,TIGO_PESA_CASH_OUT,54408.0,SUSPENDED,Mbeya,120,UNKNOWN,Huawei P40 Lite,
REC-102335,+255714***400,+255714***249,2023-11-12T14:40:00Z,TIGO_PESA_CASH_OUT,0.0,ACTIVE,Arusha,30,2G_GSM,Samsung Galaxy A14; Android 13,
REC-100327,+255714***016,+255714***686,2023-11-19T20:46:37Z,TIGO_PESA_CASH_OUT,25711.61,SUSPENDED,Other / Unknown,135,5G_NR,Unknown,"USSD session timeout, retry OK"
REC-101902,+255714***974,+255714***796,2023-11-11T08:05:26Z,DATA_RECHARGE,20784.68,ACTIVE,Dar es Salaam,30,4G_LTE,Unknown,Standard call; cell handover success
REC-100593,INVA *** 140,INVA *** 140,2023-11-29T08:21:46Z,BUNDLE_PURCHASE,47181.74,SUSPENDED,Dar es Salaam,0,UNKNOWN,Huawei P40 Lite,Standard call; cell handover success
REC-102263,+255714***536,+255714***125,2023-11-17T02:55:00Z,SMS_PACK,140782.0,TERMINATED,Arusha,120,4G_LTE,Transsion Infinix Hot 30,Standard call; cell handover success
REC-101435,+255714***166,INVA *** 140,2023-11-04T17:35:00Z,TIGO_PESA_CASH_OUT,38836.0,ACTIVE,Zanzibar,360,2G_GSM,Nokia 105 (Feature Phone),"USSD session timeout, retry OK"
REC-101463,+255714***741,+255714***728,2023-11-25T16:49:01Z,DATA_RECHARGE,80561.82,UNKNOWN,Dar es Salaam,30,2G_GSM,Nokia 105 (Feature Phone),"Customer stated: 'Cannot connect to 4G in Posta area, please help'"
REC-102114,INVA *** 000,INVA *** 140,2023-11-25T14:57:00Z,BUNDLE_PURCHASE,77809.88,TERMINATED,Mwanza,0,4G_LTE,Tecno Spark 10 Pro,None
REC-101736,+255714***974,UNKNOWN,2023-11-07T04:10:37Z,TIGO_PESA_CASH_OUT,0.0,CHURNED,Mwanza,120,4G_LTE,Huawei P40 Lite,
REC-100702,+255714***469,INVA *** 000,2023-11-07T01:21:24Z,VOICE_CALL,147051.0,UNKNOWN,Dodoma,45,4G_LTE,Nokia 105 (Feature Phone),"Customer stated: 'Cannot connect to 4G in Posta area, please help'"
REC-101033,+255714***535,+255714***069,2023-12-04T05:30:38Z,TIGO_PESA_CASH_OUT,125770.64,UNKNOWN,Morogoro,120,3G_WCDMA,"iPhone 13,2 (iOS 16.5)",None
REC-101302,UNKNOWN,+255714***548,2023-11-20T10:43:38Z,VOICE_CALL,142734.0,SUSPENDED,Other / Unknown,1800,3G_WCDMA,Nokia 105 (Feature Phone),Standard call; cell handover success
REC-102025,+255714***318,+255714***262,2023-12-01T13:13:30Z,TIGO_PESA_CASH_IN,143950.0,TERMINATED,Dar es Salaam,0,4G_LTE,Tecno Spark 10 Pro,"VIP Subscriber, priority routing"
REC-100008,+255714***810,+255714***262,2023-11-12T06:36:53Z,SMS_PACK,63612.92,CHURNED,Tanga,0,2G_GSM,Tecno Spark 10 Pro,Standard call; cell handover success
REC-101820,INVA *** 140,+255714***014,2023-11-09T09:02:07Z,BUNDLE_PURCHASE,28248.48,CHURNED,Dodoma,0,4G_LTE,"iPhone 13,2 (iOS 16.5)",Flagged for KYC update; verified by agent
REC-102343,INVA *** 140,+255714***192,2023-11-11T04:41:07Z,BUNDLE_PURCHASE,0.0,ACTIVE,Dodoma,45,3G_WCDMA,Huawei P40 Lite,
REC-102441,+255714***194,+255714***879,2023-11-07T22:48:02Z,TIGO_PESA_CASH_IN,138937.32,PENDING_KYC,Other / Unknown,30,3G_WCDMA,Nokia 105 (Feature Phone),Standard call; cell handover success
REC-100466,+255714***428,+255714***496,2023-11-14T06:01:07Z,BUNDLE_PURCHASE,59199.0,ACTIVE,Arusha,1800,UNKNOWN,Transsion Infinix Hot 30,Flagged for KYC update; verified by agent
REC-100148,+255714***358,+255714***057,2023-11-16T06:24:00Z,VOICE_CALL,86099.0,SUSPENDED,Dar es Salaam,0,5G_NR,Transsion Infinix Hot 30,Flagged for KYC update; verified by agent
REC-100766,+255714***151,INVA *** 000,2023-11-23T20:05:05Z,BUNDLE_PURCHASE,29635.11,ACTIVE,Other / Unknown,0,5G_NR,Transsion Infinix Hot 30,
REC-101965,+255714***110,+255714***509,2023-12-04T07:54:32Z,SMS_PACK,0.0,PENDING_KYC,Zanzibar,135,3G_WCDMA,Nokia 105 (Feature Phone),"Customer stated: 'Cannot connect to 4G in Posta area, please help'"
REC-101964,+255714***920,+255714***303,2023-11-18T08:06:45Z,TIGO_PESA_CASH_IN,56838.25,TERMINATED,Arusha,0,4G_LTE,Unknown,
REC-101927,+255714***055,INVA *** 000,2023-12-03T05:34:38Z,VOICE_CALL,31200.0,ACTIVE,Dar es Salaam,30,UNKNOWN,Transsion Infinix Hot 30,"VIP Subscriber, priority routing"
REC-101957,INVA *** 140,+255714***331,2023-11-15T11:57:01Z,VOICE_CALL,0.0,ACTIVE,Tanga,135,3G_WCDMA,"iPhone 13,2 (iOS 16.5)",
REC-102409,+255714***824,+255714***672,2023-12-02T12:19:00Z,TIGO_PESA_CASH_OUT,18109.0,ACTIVE,Other / Unknown,0,4G_LTE,Nokia 105 (Feature Phone),Flagged for KYC update; verified by agent
REC-100468,+255714***606,+255714***233,2023-11-23T12:09:00Z,BUNDLE_PURCHASE,1054.0,PENDING_KYC,Zanzibar,135,3G_WCDMA,Unknown,
REC-100432,+255714***235,+255714***563,2023-11-19T11:23:45Z,SMS_PACK,128744.0,TERMINATED,Dodoma,0,3G_WCDMA,"iPhone 13,2 (iOS 16.5)","USSD session timeout, retry OK"
REC-100154,+255714***809,+255714***331,2023-11-27T10:36:00Z,VOICE_CALL,102338.2,UNKNOWN,Arusha,135,4G_LTE,Transsion Infinix Hot 30,"Customer stated: 'Cannot connect to 4G in Posta area, please help'"
REC-100347,+255714***151,UNKNOWN,2023-11-07T14:52:00Z,TIGO_PESA_CASH_IN,33654.65,ACTIVE,Dodoma,135,2G_GSM,Nokia 105 (Feature Phone),Standard call; cell handover success
REC-101068,+255714***124,+255714***494,2023-11-22T03:37:52Z,TIGO_PESA_CASH_OUT,82456.72,TERMINATED,Arusha,135,4G_LTE,Transsion Infinix Hot 30,"VIP Subscriber, priority routing"
REC-100334,INVA *** 140,+255714***043,2023-12-03T00:55:00Z,SMS_PACK,134784.88,TERMINATED,Dodoma,120,2G_GSM,Transsion Infinix Hot 30,"USSD session timeout, retry OK"
REC-101963,INVA *** 140,+255714***976,2023-11-11T10:23:00Z,DATA_RECHARGE,570.34,SUSPENDED,Arusha,120,4G_LTE,Transsion Infinix Hot 30,
REC-101756,+255714***345,+255714***481,2023-11-07T11:30:58Z,VOICE_CALL,60631.76,ACTIVE,Zanzibar,120,UNKNOWN,Huawei P40 Lite,Standard call; cell handover success
REC-100782,+255714***386,INVA *** 140,2023-11-14T16:36:50Z,DATA_RECHARGE,145775.0,ACTIVE,Dodoma,30,4G_LTE,Tecno Spark 10 Pro,"USSD session timeout, retry OK"
REC-101700,+255714***274,+255714***960,2023-11-26T08:46:00Z,VOICE_CALL,110650.0,PENDING_KYC,Zanzibar,30,5G_NR,Tecno Spark 10 Pro,Flagged for KYC update; verified by agent
REC-101369,+255714***017,+255714***113,2023-12-04T08:59:00Z,BUNDLE_PURCHASE,77175.0,UNKNOWN,Zanzibar,45,4G_LTE,Samsung Galaxy A14; Android 13,"Customer stated: 'Cannot connect to 4G in Posta area, please help'"
REC-100905,+255714***768,+255714***385,2023-11-20T02:43:49Z,SMS_PACK,85014.2,ACTIVE,Mwanza,120,UNKNOWN,Huawei P40 Lite,None
REC-100365,+255714***002,+255714***111,2023-11-15T14:06:55Z,TIGO_PESA_CASH_IN,47873.3,TERMINATED,Tanga,135,5G_NR,Transsion Infinix Hot 30,None
REC-102401,+255714***098,+255714***577,2023-11-20T17:05:00Z,SMS_PACK,34900.0,TERMINATED,Tanga,0,4G_LTE,Tecno Spark 10 Pro,"USSD session timeout, retry OK"
REC-100089,+255714***973,+255714***030,2023-12-03T07:53:00Z,VOICE_CALL,68074.81,ACTIVE,Other / Unknown,1800,5G_NR,Transsion Infinix Hot 30,
REC-100910,+255714***866,INVA *** 140,2023-11-04T23:39:53Z,TIGO_PESA_CASH_IN,62737.29,ACTIVE,Dar es Salaam,360,4G_LTE,"iPhone 13,2 (iOS 16.5)",Flagged for KYC update; verified by agent
REC-100207,+255714***439,INVA *** 140,2023-11-04T20:23:15Z,TIGO_PESA_CASH_OUT,20911.94,UNKNOWN,Other / Unknown,0,3G_WCDMA,Nokia 105 (Feature Phone),"Customer stated: 'Cannot connect to 4G in Posta area, please help'"
REC-101013,+255714***713,+255714***932,2023-11-21T16:35:17Z,BUNDLE_PURCHASE,90339.98,UNKNOWN,Zanzibar,0,UNKNOWN,Huawei P40 Lite,"USSD session timeout, retry OK"
REC-101714,+255714***096,INVA *** 140,2023-11-15T10:33:53Z,DATA_RECHARGE,134863.46,SUSPENDED,Arusha,120,4G_LTE,Samsung Galaxy A14; Android 13,Flagged for KYC update; verified by agent
REC-101364,+255714***797,+255714***192,2023-12-04T01:34:00Z,BUNDLE_PURCHASE,6175.0,PENDING_KYC,Dodoma,1800,3G_WCDMA,Nokia 105 (Feature Phone),Flagged for KYC update; verified by agent
REC-101633,+255714***249,UNKNOWN,2023-11-06T05:10:21Z,VOICE_CALL,89386.24,PENDING_KYC,Arusha,0,2G_GSM,Tecno Spark 10 Pro,Flagged for KYC update; verified by agent
REC-100408,+255714***124,INVA *** 140,2023-11-11T05:07:53Z,TIGO_PESA_CASH_IN,0.0,ACTIVE,Dodoma,45,4G_LTE,Huawei P40 Lite,Flagged for KYC update; verified by agent
REC-101666,+255714***825,+255714***481,2023-11-29T07:09:25Z,TIGO_PESA_CASH_IN,118620.98,PENDING_KYC,Dar es Salaam,45,2G_GSM,Samsung Galaxy A14; Android 13,
REC-101874,+255714***633,INVA *** 140,2023-12-02T19:12:33Z,SMS_PACK,0.0,PENDING_KYC,Mbeya,0,UNKNOWN,"iPhone 13,2 (iOS 16.5)",Flagged for KYC update; verified by agent
REC-102143,UNKNOWN,+255714***715,2023-11-06T09:03:05Z,SMS_PACK,8795.33,UNKNOWN,Dar es Salaam,360,UNKNOWN,Transsion Infinix Hot 30,Flagged for KYC update; verified by agent
REC-101592,+255714***220,+255714***332,2023-11-04T00:00:00Z,DATA_RECHARGE,64127.0,UNKNOWN,Arusha,30,2G_GSM,Tecno Spark 10 Pro,
REC-102345,+255714***096,+255714***947,2023-11-16T22:24:20Z,SMS_PACK,19770.24,SUSPENDED,Arusha,0,4G_LTE,"iPhone 13,2 (iOS 16.5)","Customer stated: 'Cannot connect to 4G in Posta area, please help'"
REC-101945,+255714***645,+255714***551,2023-11-09T03:36:44Z,SMS_PACK,39775.0,PENDING_KYC,Zanzibar,360,4G_LTE,Nokia 105 (Feature Phone),Flagged for KYC update; verified by agent
REC-101528,+255714***166,+255714***645,2023-12-03T09:20:14Z,TIGO_PESA_CASH_OUT,28950.0,PENDING_KYC,Dar es Salaam,1800,3G_WCDMA,Unknown,"VIP Subscriber, priority routing"
REC-100289,+255714***783,+255714***235,2023-11-29T05:15:42Z,SMS_PACK,92845.84,ACTIVE,Zanzibar,120,2G_GSM,"iPhone 13,2 (iOS 16.5)",None
REC-100455,+255714***619,INVA *** 000,2023-11-18T13:10:28Z,DATA_RECHARGE,0.0,TERMINATED,Morogoro,360,4G_LTE,Nokia 105 (Feature Phone),"Customer stated: 'Cannot connect to 4G in Posta area, please help'"
REC-100977,+255714***509,+255714***441,2023-12-03T16:51:02Z,TIGO_PESA_CASH_IN,74144.47,UNKNOWN,Zanzibar,1800,5G_NR,Nokia 105 (Feature Phone),"USSD session timeout, retry OK"
REC-100625,+255714***565,+255714***919,2023-11-16T00:02:54Z,VOICE_CALL,116475.0,ACTIVE,Other / Unknown,0,2G_GSM,Samsung Galaxy A14; Android 13,"VIP Subscriber, priority routing"
REC-101430,UNKNOWN,+255714***548,2023-11-15T04:01:00Z,SMS_PACK,134822.23,ACTIVE,Zanzibar,45,4G_LTE,Unknown,Flagged for KYC update; verified by agent
REC-101303,+255714***071,INVA *** 000,2023-11-18T23:34:00Z,BUNDLE_PURCHASE,50989.28,ACTIVE,Other / Unknown,0,5G_NR,Tecno Spark 10 Pro,"Customer stated: 'Cannot connect to 4G in Posta area, please help'"
REC-100291,UNKNOWN,+255714***014,2023-11-11T17:59:00Z,VOICE_CALL,117039.17,ACTIVE,Mwanza,120,3G_WCDMA,Tecno Spark 10 Pro,"USSD session timeout, retry OK"
REC-101944,+255714***166,+255714***358,2023-11-08T01:01:34Z,VOICE_CALL,134295.77,TERMINATED,Mwanza,120,5G_NR,Samsung Galaxy A14; Android 13,Standard call; cell handover success
REC-100159,INVA *** 000,+255714***439,2023-11-04T00:00:00Z,TIGO_PESA_CASH_IN,57844.37,TERMINATED,Mwanza,360,2G_GSM,Nokia 105 (Feature Phone),Standard call; cell handover success
REC-101607,+255714***276,INVA *** 000,2023-11-04T00:00:00Z,TIGO_PESA_CASH_IN,119323.35,PENDING_KYC,Arusha,1800,3G_WCDMA,Huawei P40 Lite,"VIP Subscriber, priority routing"
REC-100245,+255714***400,INVA *** 140,2023-12-01T23:15:12Z,BUNDLE_PURCHASE,48579.86,ACTIVE,Mwanza,120,4G_LTE,Unknown,None
REC-100458,+255714***495,INVA *** 000,2023-11-04T00:00:00Z,DATA_RECHARGE,125723.33,CHURNED,Arusha,0,4G_LTE,Nokia 105 (Feature Phone),Flagged for KYC update; verified by agent
REC-101885,+255714***973,+255714***454,2023-11-10T11:39:38Z,BUNDLE_PURCHASE,0.0,PENDING_KYC,Dodoma,0,4G_LTE,"iPhone 13,2 (iOS 16.5)","USSD session timeout, retry OK"
REC-100763,INVA *** 000,INVA *** 140,2023-11-27T05:59:23Z,TIGO_PESA_CASH_OUT,47322.0,CHURNED,Arusha,0,UNKNOWN,Tecno Spark 10 Pro,
REC-101961,INVA *** 140,+255714***427,2023-11-16T07:56:31Z,DATA_RECHARGE,56363.93,PENDING_KYC,Dar es Salaam,0,4G_LTE,Samsung Galaxy A14; Android 13,
REC-101715,+255714***494,+255714***467,2023-11-20T14:18:00Z,TIGO_PESA_CASH_IN,128099.3,SUSPENDED,Mwanza,360,5G_NR,Unknown,
REC-100206,INVA *** 140,+255714***795,2023-11-30T14:18:52Z,SMS_PACK,0.0,SUSPENDED,Mbeya,45,3G_WCDMA,Tecno Spark 10 Pro,Flagged for KYC update; verified by agent
REC-100823,UNKNOWN,INVA *** 140,2023-11-29T17:15:39Z,SMS_PACK,96150.15,PENDING_KYC,Arusha,45,5G_NR,Transsion Infinix Hot 30,"VIP Subscriber, priority routing"
REC-101214,+255714***373,+255714***111,2023-11-24T18:45:25Z,VOICE_CALL,98855.68,ACTIVE,Arusha,0,4G_LTE,Huawei P40 Lite,"VIP Subscriber, priority routing"
REC-102171,+255714***743,+255714***208,2023-11-14T12:51:52Z,TIGO_PESA_CASH_IN,110591.5,ACTIVE,Dodoma,120,UNKNOWN,Samsung Galaxy A14; Android 13,"VIP Subscriber, priority routing"
REC-101831,+255714***865,UNKNOWN,2023-11-05T04:17:33Z,VOICE_CALL,37143.98,UNKNOWN,Other / Unknown,30,4G_LTE,Unknown,None
REC-101281,+255714***932,INVA *** 140,2023-12-01T04:08:00Z,DATA_RECHARGE,61231.52,ACTIVE,Dodoma,360,4G_LTE,Unknown,Standard call; cell handover success
REC-101834,+255714***673,+255714***933,2023-11-19T14:34:21Z,VOICE_CALL,130075.0,SUSPENDED,Arusha,135,UNKNOWN,Unknown,"Customer stated: 'Cannot connect to 4G in Posta area, please help'"
REC-100992,+255714***755,+255714***099,2023-11-08T01:18:00Z,DATA_RECHARGE,97352.06,UNKNOWN,Dodoma,0,3G_WCDMA,Huawei P40 Lite,"USSD session timeout, retry OK"
REC-100112,+255714***604,+255714***823,2023-11-04T00:00:00Z,DATA_RECHARGE,34368.19,ACTIVE,Mwanza,0,2G_GSM,Unknown,Standard call; cell handover success
REC-102019,UNKNOWN,INVA *** 140,2023-11-18T14:20:00Z,DATA_RECHARGE,14650.0,ACTIVE,Mwanza,45,4G_LTE,Transsion Infinix Hot 30,Standard call; cell handover success
REC-100157,+255714***358,+255714***262,2023-11-17T18:06:01Z,DATA_RECHARGE,121417.67,PENDING_KYC,Other / Unknown,360,4G_LTE,"iPhone 13,2 (iOS 16.5)","VIP Subscriber, priority routing"
REC-102448,INVA *** 140,INVA *** 000,2023-11-18T13:35:00Z,SMS_PACK,125406.73,ACTIVE,Arusha,0,UNKNOWN,Huawei P40 Lite,"VIP Subscriber, priority routing"
REC-101723,+255714***055,+255714***576,2023-11-15T16:30:00Z,TIGO_PESA_CASH_IN,53516.55,TERMINATED,Arusha,45,4G_LTE,Huawei P40 Lite,
REC-101975,+255714***042,+255714***495,2023-11-12T12:05:00Z,TIGO_PESA_CASH_IN,122225.0,CHURNED,Dar es Salaam,0,5G_NR,Transsion Infinix Hot 30,
REC-100439,+255714***700,+255714***165,2023-11-26T03:39:00Z,BUNDLE_PURCHASE,53665.83,SUSPENDED,Other / Unknown,1800,4G_LTE,Unknown,None
REC-100227,+255714***918,+255714***494,2023-12-04T01:33:48Z,VOICE_CALL,46738.86,ACTIVE,Dar es Salaam,45,4G_LTE,Samsung Galaxy A14; Android 13,Flagged for KYC update; verified by agent
REC-101413,+255714***221,+255714***220,2023-11-09T23:33:42Z,SMS_PACK,99100.0,CHURNED,Arusha,120,4G_LTE,Huawei P40 Lite,None
REC-101767,+255714***605,+255714***303,2023-11-04T14:45:00Z,TIGO_PESA_CASH_OUT,140590.0,CHURNED,Dar es Salaam,45,UNKNOWN,Transsion Infinix Hot 30,"Customer stated: 'Cannot connect to 4G in Posta area, please help'"
REC-100760,+255714***496,+255714***522,2023-11-30T02:44:45Z,SMS_PACK,142350.0,TERMINATED,Zanzibar,0,5G_NR,Samsung Galaxy A14; Android 13,Flagged for KYC update; verified by agent
REC-102086,+255714***085,UNKNOWN,2023-11-16T06:15:44Z,VOICE_CALL,0.0,TERMINATED,Mwanza,0,UNKNOWN,Unknown,"VIP Subscriber, priority routing"
REC-102068,+255714***591,+255714***741,2023-11-30T09:22:00Z,BUNDLE_PURCHASE,48435.83,PENDING_KYC,Dar es Salaam,1800,5G_NR,Samsung Galaxy A14; Android 13,None
REC-102249,+255714***000,+255714***044,2023-11-27T15:31:17Z,BUNDLE_PURCHASE,51399.64,ACTIVE,Mwanza,1800,4G_LTE,Tecno Spark 10 Pro,"USSD session timeout, retry OK"
REC-102265,INVA *** 140,+255714***974,2023-12-03T00:34:48Z,DATA_RECHARGE,118782.0,SUSPENDED,Zanzibar,0,2G_GSM,Nokia 105 (Feature Phone),Flagged for KYC update; verified by agent
REC-102080,+255714***645,INVA *** 140,2023-11-29T18:48:41Z,SMS_PACK,38175.0,TERMINATED,Morogoro,0,2G_GSM,Huawei P40 Lite,"VIP Subscriber, priority routing"
REC-101572,UNKNOWN,+255714***481,2023-11-09T18:09:39Z,TIGO_PESA_CASH_IN,145505.58,UNKNOWN,Other / Unknown,120,2G_GSM,Nokia 105 (Feature Phone),"USSD session timeout, retry OK"
REC-102422,+255714***222,+255714***562,2023-11-05T04:55:30Z,TIGO_PESA_CASH_OUT,81907.35,PENDING_KYC,Mbeya,0,3G_WCDMA,Transsion Infinix Hot 30,"VIP Subscriber, priority routing"
REC-100320,INVA *** 140,INVA *** 140,2023-11-17T01:34:08Z,TIGO_PESA_CASH_OUT,58511.0,PENDING_KYC,Mwanza,0,3G_WCDMA,Nokia 105 (Feature Phone),"VIP Subscriber, priority routing"
REC-101545,INVA *** 140,+255714***112,2023-11-06T22:28:21Z,SMS_PACK,0.0,ACTIVE,Zanzibar,0,UNKNOWN,Unknown,"Customer stated: 'Cannot connect to 4G in Posta area, please help'"
REC-100199,+255714***139,+255714***672,2023-12-03T01:58:45Z,SMS_PACK,75319.63,ACTIVE,Zanzibar,0,5G_NR,Transsion Infinix Hot 30,"VIP Subscriber, priority routing"
REC-101621,+255714***194,+255714***042,2023-12-02T14:49:10Z,DATA_RECHARGE,89000.66,UNKNOWN,Dodoma,0,3G_WCDMA,Transsion Infinix Hot 30,"Customer stated: 'Cannot connect to 4G in Posta area, please help'"
REC-100389,+255714***467,+255714***564,2023-12-03T07:15:07Z,DATA_RECHARGE,82725.0,SUSPENDED,Mbeya,0,5G_NR,Tecno Spark 10 Pro,Standard call; cell handover success
REC-101403,+255714***825,UNKNOWN,2023-11-26T05:32:18Z,TIGO_PESA_CASH_IN,115578.0,PENDING_KYC,Other / Unknown,0,3G_WCDMA,Transsion Infinix Hot 30,None
REC-102376,+255714***973,+255714***440,1970-01-01T00:00:00Z,TIGO_PESA_CASH_IN,84758.32,ACTIVE,Arusha,0,2G_GSM,Huawei P40 Lite,Flagged for KYC update; verified by agent
REC-100221,+255714***344,+255714***193,2023-11-24T11:53:56Z,BUNDLE_PURCHASE,0.0,ACTIVE,Dar es Salaam,45,UNKNOWN,Samsung Galaxy A14; Android 13,Standard call; cell handover success
REC-100297,+255714***288,+255714***070,2023-11-23T04:38:00Z,DATA_RECHARGE,125925.0,ACTIVE,Dar es Salaam,45,2G_GSM,Unknown,"Customer stated: 'Cannot connect to 4G in Posta area, please help'"
REC-102057,+255714***810,+255714***836,2023-11-07T02:38:00Z,SMS_PACK,75761.25,ACTIVE,Arusha,0,2G_GSM,Huawei P40 Lite,Flagged for KYC update; verified by agent
REC-100116,+255714***743,+255714***562,2023-11-08T13:56:37Z,DATA_RECHARGE,0.0,ACTIVE,Dodoma,0,4G_LTE,Unknown,"Customer stated: 'Cannot connect to 4G in Posta area, please help'"
REC-100098,+255714***208,INVA *** 140,2023-11-07T01:30:57Z,DATA_RECHARGE,24033.0,ACTIVE,Mwanza,0,4G_LTE,Transsion Infinix Hot 30,"Customer stated: 'Cannot connect to 4G in Posta area, please help'"
REC-102219,+255714***413,INVA *** 140,2023-11-04T00:00:00Z,BUNDLE_PURCHASE,68350.0,PENDING_KYC,Dar es Salaam,0,4G_LTE,Samsung Galaxy A14; Android 13,Flagged for KYC update; verified by agent
REC-101772,UNKNOWN,+255714***521,2023-11-10T23:07:00Z,SMS_PACK,46596.63,SUSPENDED,Dodoma,360,2G_GSM,Unknown,"VIP Subscriber, priority routing"
REC-101525,INVA *** 140,+255714***578,2023-11-10T02:22:00Z,TIGO_PESA_CASH_OUT,114375.0,TERMINATED,Zanzibar,30,4G_LTE,Tecno Spark 10 Pro,
REC-102103,+255714***768,+255714***151,2023-11-13T19:46:20Z,BUNDLE_PURCHASE,0.0,SUSPENDED,Mwanza,45,5G_NR,Nokia 105 (Feature Phone),
REC-101903,+255714***521,+255714***439,2023-11-05T20:17:00Z,VOICE_CALL,144151.6,ACTIVE,Dar es Salaam,120,5G_NR,Huawei P40 Lite,"USSD session timeout, retry OK"
REC-100020,INVA *** 140,+255714***644,2023-11-12T00:38:40Z,VOICE_CALL,144136.45,SUSPENDED,Dar es Salaam,0,4G_LTE,Unknown,Flagged for KYC update; verified by agent
REC-101499,+255714***521,+255714***946,2023-11-06T04:43:00Z,TIGO_PESA_CASH_OUT,0.0,UNKNOWN,Zanzibar,0,2G_GSM,"iPhone 13,2 (iOS 16.5)","Customer stated: 'Cannot connect to 4G in Posta area, please help'"
REC-102259,+255714***002,+255714***976,2023-11-29T20:03:00Z,TIGO_PESA_CASH_IN,19318.0,SUSPENDED,Arusha,30,2G_GSM,Huawei P40 Lite,
REC-100868,+255714***960,+255714***428,2023-11-17T21:57:13Z,TIGO_PESA_CASH_IN,130423.78,SUSPENDED,Arusha,0,4G_LTE,Samsung Galaxy A14; Android 13,
REC-100342,+255714***852,+255714***289,2023-12-02T08:27:05Z,VOICE_CALL,64110.66,SUSPENDED,Dar es Salaam,360,2G_GSM,Huawei P40 Lite,"Customer stated: 'Cannot connect to 4G in Posta area, please help'"
REC-101672,+255714***042,+255714***277,2023-11-09T09:36:43Z,VOICE_CALL,27670.85,CHURNED,Mwanza,120,4G_LTE,Nokia 105 (Feature Phone),"USSD session timeout, retry OK"
REC-101193,+255714***030,+255714***839,2023-11-04T00:00:00Z,SMS_PACK,0.0,SUSPENDED,Mwanza,135,4G_LTE,Transsion Infinix Hot 30,"USSD session timeout, retry OK"
REC-100633,UNKNOWN,+255714***674,2023-11-15T05:03:55Z,SMS_PACK,34926.0,SUSPENDED,Zanzibar,30,UNKNOWN,Nokia 105 (Feature Phone),"Customer stated: 'Cannot connect to 4G in Posta area, please help'"
REC-100371,+255714***000,+255714***221,2023-11-27T06:52:00Z,BUNDLE_PURCHASE,0.0,PENDING_KYC,Mwanza,0,UNKNOWN,Transsion Infinix Hot 30,None
REC-101967,+255714***248,+255714***153,2023-11-10T22:03:58Z,DATA_RECHARGE,10852.5,PENDING_KYC,Other / Unknown,1800,4G_LTE,Transsion Infinix Hot 30,"VIP Subscriber, priority routing"
REC-100852,+255714***042,+255714***987,2023-12-01T01:37:30Z,SMS_PACK,49776.57,ACTIVE,Arusha,0,4G_LTE,Unknown,Standard call; cell handover success
REC-101431,+255714***727,INVA *** 000,2023-12-01T16:39:28Z,BUNDLE_PURCHASE,49550.7,ACTIVE,Dar es Salaam,0,3G_WCDMA,Huawei P40 Lite,
REC-100941,+255714***975,+255714***619,2023-11-05T02:27:53Z,DATA_RECHARGE,48200.0,CHURNED,Other / Unknown,0,4G_LTE,Transsion Infinix Hot 30,
REC-100854,+255714***370,+255714***562,2023-11-25T10:58:00Z,TIGO_PESA_CASH_OUT,0.0,SUSPENDED,Dar es Salaam,0,4G_LTE,Unknown,None
REC-100798,+255714***030,+255714***359,2023-11-13T21:08:00Z,TIGO_PESA_CASH_IN,26357.0,TERMINATED,Dodoma,0,2G_GSM,Unknown,None
REC-101167,INVA *** 000,+255714***329,2023-11-30T04:25:00Z,TIGO_PESA_CASH_OUT,101790.05,UNKNOWN,Dodoma,1800,3G_WCDMA,Nokia 105 (Feature Phone),Standard call; cell handover success
REC-102337,+255714***234,INVA *** 140,2023-11-20T00:26:14Z,TIGO_PESA_CASH_IN,98850.0,PENDING_KYC,Zanzibar,120,4G_LTE,Transsion Infinix Hot 30,None
REC-101206,+255714***193,+255714***959,2023-11-09T12:53:21Z,BUNDLE_PURCHASE,116491.39,SUSPENDED,Arusha,0,UNKNOWN,Huawei P40 Lite,
REC-100358,+255714***056,+255714***700,2023-11-10T08:27:40Z,SMS_PACK,77971.67,ACTIVE,Dar es Salaam,120,3G_WCDMA,Huawei P40 Lite,"VIP Subscriber, priority routing"
REC-100274,+255714***934,+255714***839,2023-11-21T07:29:52Z,TIGO_PESA_CASH_OUT,38175.0,UNKNOWN,Tanga,135,2G_GSM,Samsung Galaxy A14; Android 13,"VIP Subscriber, priority routing"
REC-101843,UNKNOWN,UNKNOWN,2023-11-21T21:52:00Z,TIGO_PESA_CASH_OUT,0.0,SUSPENDED,Mwanza,0,3G_WCDMA,Tecno Spark 10 Pro,"VIP Subscriber, priority routing"
REC-101690,INVA *** 140,+255714***631,2023-11-09T21:44:28Z,DATA_RECHARGE,82128.29,PENDING_KYC,Zanzibar,30,UNKNOWN,Samsung Galaxy A14; Android 13,Flagged for KYC update; verified by agent
REC-101288,+255714***345,+255714***111,2023-11-11T04:03:49Z,TIGO_PESA_CASH_IN,3409.64,PENDING_KYC,Other / Unknown,0,3G_WCDMA,Samsung Galaxy A14; Android 13,Flagged for KYC update; verified by agent
REC-100130,+255714***756,+255714***439,2023-11-17T05:12:50Z,TIGO_PESA_CASH_IN,105753.65,TERMINATED,Zanzibar,120,4G_LTE,"iPhone 13,2 (iOS 16.5)",None
REC-100155,+255714***742,+255714***987,2023-11-07T09:09:00Z,VOICE_CALL,98018.66,ACTIVE,Arusha,135,UNKNOWN,"iPhone 13,2 (iOS 16.5)","VIP Subscriber, priority routing"
REC-101125,+255714***139,INVA *** 140,2023-11-04T00:00:00Z,SMS_PACK,106608.07,ACTIVE,Mwanza,30,2G_GSM,Transsion Infinix Hot 30,Standard call; cell handover success
REC-100040,INVA *** 140,+255714***236,2023-11-11T22:15:11Z,SMS_PACK,32485.96,TERMINATED,Mbeya,0,3G_WCDMA,Samsung Galaxy A14; Android 13,Flagged for KYC update; verified by agent
REC-101036,+255714***907,+255714***098,2023-12-01T09:45:00Z,DATA_RECHARGE,70050.0,ACTIVE,Zanzibar,0,3G_WCDMA,Huawei P40 Lite,"Customer stated: 'Cannot connect to 4G in Posta area, please help'"
REC-100503,INVA *** 140,+255714***701,2023-11-15T04:57:00Z,TIGO_PESA_CASH_OUT,53930.34,SUSPENDED,Morogoro,1800,4G_LTE,Unknown,None
REC-102271,+255714***234,+255714***083,2023-11-04T00:00:00Z,VOICE_CALL,0.0,CHURNED,Dar es Salaam,30,4G_LTE,Nokia 105 (Feature Phone),Flagged for KYC update; verified by agent
REC-101247,+255714***811,+255714***058,2023-11-12T05:47:00Z,VOICE_CALL,82093.4,UNKNOWN,Mbeya,0,5G_NR,Transsion Infinix Hot 30,Standard call; cell handover success
REC-101536,INVA *** 000,+255714***002,2023-11-15T12:52:03Z,VOICE_CALL,33309.21,PENDING_KYC,Zanzibar,0,4G_LTE,Nokia 105 (Feature Phone),"VIP Subscriber, priority routing"
REC-101993,+255714***370,+255714***208,2023-11-04T00:00:00Z,DATA_RECHARGE,56551.13,UNKNOWN,Dar es Salaam,30,3G_WCDMA,Tecno Spark 10 Pro,"Customer stated: 'Cannot connect to 4G in Posta area, please help'"
REC-100820,+255714***577,+255714***933,2023-11-08T05:54:00Z,DATA_RECHARGE,0.0,CHURNED,Zanzibar,0,3G_WCDMA,Unknown,Flagged for KYC update; verified by agent
REC-101520,+255714***495,+255714***617,2023-11-15T21:44:00Z,VOICE_CALL,128072.0,UNKNOWN,Tanga,1800,UNKNOWN,Huawei P40 Lite,None
REC-101086,+255714***139,+255714***113,2023-11-13T15:29:21Z,DATA_RECHARGE,127368.14,CHURNED,Other / Unknown,360,2G_GSM,Transsion Infinix Hot 30,Standard call; cell handover success
REC-100042,+255714***769,+255714***167,2023-11-28T02:03:02Z,DATA_RECHARGE,41300.0,CHURNED,Mwanza,135,4G_LTE,"iPhone 13,2 (iOS 16.5)",None
REC-102400,+255714***577,UNKNOWN,2023-12-04T11:58:50Z,DATA_RECHARGE,5399.43,SUSPENDED,Tanga,0,5G_NR,Huawei P40 Lite,None
REC-100002,INVA *** 140,INVA *** 140,2023-11-30T23:07:00Z,TIGO_PESA_CASH_OUT,33450.0,ACTIVE,Arusha,135,5G_NR,Tecno Spark 10 Pro,Flagged for KYC update; verified by agent
REC-100099,+255714***235,+255714***481,2023-11-21T06:22:39Z,TIGO_PESA_CASH_OUT,17078.0,UNKNOWN,Zanzibar,1800,4G_LTE,Tecno Spark 10 Pro,"VIP Subscriber, priority routing"
REC-100167,+255714***809,+255714***181,2023-11-30T22:32:00Z,TIGO_PESA_CASH_OUT,0.0,SUSPENDED,Zanzibar,30,4G_LTE,Tecno Spark 10 Pro,Flagged for KYC update; verified by agent
REC-100213,+255714***385,+255714***195,2023-11-10T22:49:00Z,DATA_RECHARGE,22363.39,SUSPENDED,Other / Unknown,135,3G_WCDMA,"iPhone 13,2 (iOS 16.5)",Standard call; cell handover success
REC-101106,+255714***385,+255714***919,2023-11-29T23:31:04Z,TIGO_PESA_CASH_OUT,96451.9,ACTIVE,Mbeya,0,UNKNOWN,"iPhone 13,2 (iOS 16.5)","Customer stated: 'Cannot connect to 4G in Posta area, please help'"
REC-100286,UNKNOWN,+255714***154,2023-11-15T09:34:31Z,SMS_PACK,147739.49,ACTIVE,Morogoro,1800,4G_LTE,Samsung Galaxy A14; Android 13,"USSD session timeout, retry OK"
REC-102182,INVA *** 140,+255714***590,2023-11-16T09:07:43Z,BUNDLE_PURCHASE,117203.22,UNKNOWN,Zanzibar,360,3G_WCDMA,Transsion Infinix Hot 30,"Customer stated: 'Cannot connect to 4G in Posta area, please help'"
REC-101984,+255714***729,+255714***755,2023-11-04T00:00:00Z,DATA_RECHARGE,140806.0,CHURNED,Zanzibar,0,4G_LTE,"iPhone 13,2 (iOS 16.5)","Customer stated: 'Cannot connect to 4G in Posta area, please help'"
REC-101576,INVA *** 140,INVA *** 000,2023-11-25T18:22:51Z,BUNDLE_PURCHASE,93000.0,UNKNOWN,Dar es Salaam,1800,UNKNOWN,Huawei P40 Lite,"Customer stated: 'Cannot connect to 4G in Posta area, please help'"
REC-100709,+255714***125,UNKNOWN,1970-01-01T00:00:00Z,BUNDLE_PURCHASE,76833.0,ACTIVE,Arusha,0,4G_LTE,"iPhone 13,2 (iOS 16.5)","USSD session timeout, retry OK"
REC-100606,INVA *** 140,+255714***099,2023-11-20T01:33:05Z,TIGO_PESA_CASH_OUT,88550.0,ACTIVE,Mwanza,135,4G_LTE,Transsion Infinix Hot 30,"VIP Subscriber, priority routing"
REC-102275,+255714***263,UNKNOWN,2023-11-18T13:07:00Z,DATA_RECHARGE,8683.0,CHURNED,Zanzibar,30,4G_LTE,Nokia 105 (Feature Phone),"Customer stated: 'Cannot connect to 4G in Posta area, please help'"
REC-101571,+255714***345,+255714***878,2023-11-30T15:18:00Z,BUNDLE_PURCHASE,15517.0,TERMINATED,Arusha,0,2G_GSM,"iPhone 13,2 (iOS 16.5)","Customer stated: 'Cannot connect to 4G in Posta area, please help'"
REC-101906,INVA *** 140,+255714***179,2023-11-12T22:47:33Z,SMS_PACK,8649.06,SUSPENDED,Dodoma,0,4G_LTE,Nokia 105 (Feature Phone),"Customer stated: 'Cannot connect to 4G in Posta area, please help'"
REC-101020,+255714***318,+255714***236,2023-11-12T16:29:00Z,SMS_PACK,103869.82,SUSPENDED,Zanzibar,0,4G_LTE,Nokia 105 (Feature Phone),Standard call; cell handover success
REC-102062,+255714***537,+255714***124,2023-11-21T09:39:17Z,TIGO_PESA_CASH_IN,94000.0,ACTIVE,Arusha,135,2G_GSM,Huawei P40 Lite,"VIP Subscriber, priority routing"
REC-101533,+255714***014,+255714***605,2023-11-07T12:16:00Z,TIGO_PESA_CASH_OUT,0.0,TERMINATED,Arusha,30,4G_LTE,"iPhone 13,2 (iOS 16.5)",Flagged for KYC update; verified by agent
REC-102396,+255714***509,INVA *** 140,2023-11-04T15:26:29Z,SMS_PACK,18215.73,UNKNOWN,Other / Unknown,135,3G_WCDMA,Unknown,"VIP Subscriber, priority routing"
REC-100434,+255714***343,+255714***576,2023-11-19T10:48:58Z,TIGO_PESA_CASH_IN,0.0,UNKNOWN,Other / Unknown,45,4G_LTE,Nokia 105 (Feature Phone),"VIP Subscriber, priority routing"
REC-101539,+255714***988,+255714***891,2023-11-10T21:47:00Z,VOICE_CALL,19494.84,ACTIVE,Morogoro,0,4G_LTE,Transsion Infinix Hot 30,
REC-102488,INVA *** 000,+255714***973,2023-11-23T23:48:00Z,TIGO_PESA_CASH_IN,38560.0,ACTIVE,Dar es Salaam,1800,4G_LTE,Samsung Galaxy A14; Android 13,None
REC-100952,INVA *** 140,+255714***192,2023-11-26T20:54:00Z,BUNDLE_PURCHASE,63400.0,UNKNOWN,Dodoma,0,2G_GSM,Samsung Galaxy A14; Android 13,"USSD session timeout, retry OK"
REC-102493,+255714***604,+255714***029,2023-11-30T05:15:30Z,DATA_RECHARGE,146276.17,ACTIVE,Arusha,0,4G_LTE,Unknown,None
REC-100537,+255714***577,+255714***933,2023-11-23T23:31:00Z,BUNDLE_PURCHASE,120716.94,UNKNOWN,Mwanza,120,3G_WCDMA,Transsion Infinix Hot 30,"USSD session timeout, retry OK"
REC-101443,INVA *** 140,+255714***096,2023-11-09T17:02:58Z,VOICE_CALL,74261.0,ACTIVE,Other / Unknown,0,4G_LTE,Samsung Galaxy A14; Android 13,"VIP Subscriber, priority routing"
REC-101022,+255714***508,+255714***659,2023-11-05T03:16:00Z,VOICE_CALL,107100.0,UNKNOWN,Zanzibar,120,2G_GSM,Transsion Infinix Hot 30,
REC-101368,UNKNOWN,+255714***633,2023-11-24T10:46:16Z,VOICE_CALL,126234.0,ACTIVE,Other / Unknown,360,4G_LTE,Unknown,Standard call; cell handover success
REC-101165,+255714***537,+255714***274,2023-11-05T12:21:00Z,BUNDLE_PURCHASE,75924.21,ACTIVE,Arusha,0,3G_WCDMA,"iPhone 13,2 (iOS 16.5)",None
REC-102495,+255714***809,+255714***754,2023-11-06T05:08:36Z,BUNDLE_PURCHASE,0.0,SUSPENDED,Mwanza,1800,5G_NR,Huawei P40 Lite,Flagged for KYC update; verified by agent
REC-102150,+255714***289,INVA *** 140,2023-11-30T01:33:53Z,SMS_PACK,20296.0,ACTIVE,Dar es Salaam,135,2G_GSM,"iPhone 13,2 (iOS 16.5)","Customer stated: 'Cannot connect to 4G in Posta area, please help'"
REC-100539,+255714***880,+255714***303,2023-11-25T13:32:52Z,BUNDLE_PURCHASE,109128.95,SUSPENDED,Dodoma,0,4G_LTE,"iPhone 13,2 (iOS 16.5)",Flagged for KYC update; verified by agent
REC-101051,+255714***989,+255714***001,2023-11-06T12:43:39Z,DATA_RECHARGE,142043.59,UNKNOWN,Morogoro,1800,4G_LTE,Nokia 105 (Feature Phone),"USSD session timeout, retry OK"
REC-102450,+255714***921,+255714***879,2023-11-04T21:43:00Z,VOICE_CALL,83275.0,ACTIVE,Arusha,360,4G_LTE,Nokia 105 (Feature Phone),Flagged for KYC update; verified by agent
REC-101991,INVA *** 140,+255714***373,2023-11-14T10:08:00Z,TIGO_PESA_CASH_OUT,105408.15,ACTIVE,Dodoma,1800,3G_WCDMA,Transsion Infinix Hot 30,None
REC-100459,+255714***261,+255714***139,2023-11-10T03:21:00Z,VOICE_CALL,25556.26,TERMINATED,Zanzibar,1800,4G_LTE,Transsion Infinix Hot 30,
REC-100483,+255714***276,+255714***371,2023-11-15T13:15:55Z,VOICE_CALL,49256.77,PENDING_KYC,Arusha,135,4G_LTE,Samsung Galaxy A14; Android 13,"Customer stated: 'Cannot connect to 4G in Posta area, please help'"
REC-100208,+255714***522,+255714***797,2023-11-06T00:10:39Z,DATA_RECHARGE,44167.44,UNKNOWN,Mwanza,45,UNKNOWN,Transsion Infinix Hot 30,Standard call; cell handover success
REC-100767,+255714***536,+255714***425,2023-11-23T01:24:52Z,TIGO_PESA_CASH_OUT,0.0,TERMINATED,Arusha,45,4G_LTE,Transsion Infinix Hot 30,"VIP Subscriber, priority routing"
REC-100838,+255714***685,+255714***439,2023-11-29T08:10:49Z,SMS_PACK,105094.49,PENDING_KYC,Mwanza,360,4G_LTE,Samsung Galaxy A14; Android 13,Standard call; cell handover success
REC-100697,INVA *** 000,+255714***590,2023-11-14T23:32:12Z,TIGO_PESA_CASH_OUT,0.0,ACTIVE,Mwanza,45,UNKNOWN,Nokia 105 (Feature Phone),Flagged for KYC update; verified by agent
REC-101794,+255714***042,INVA *** 140,2023-11-16T14:11:00Z,BUNDLE_PURCHASE,0.0,ACTIVE,Other / Unknown,0,UNKNOWN,Transsion Infinix Hot 30,"VIP Subscriber, priority routing"
REC-100712,+255714***016,INVA *** 140,2023-11-11T23:03:00Z,TIGO_PESA_CASH_IN,148871.12,ACTIVE,Tanga,120,4G_LTE,Tecno Spark 10 Pro,"VIP Subscriber, priority routing"
REC-101876,+255714***633,+255714***989,2023-11-04T00:00:00Z,VOICE_CALL,0.0,TERMINATED,Zanzibar,120,UNKNOWN,Transsion Infinix Hot 30,Standard call; cell handover success
REC-101634,INVA *** 140,+255714***565,2023-11-27T14:33:00Z,BUNDLE_PURCHASE,47291.78,PENDING_KYC,Arusha,45,5G_NR,Unknown,Standard call; cell handover success
REC-100668,+255714***618,+255714***289,2023-11-05T03:42:29Z,DATA_RECHARGE,3671.4,SUSPENDED,Dodoma,120,2G_GSM,Samsung Galaxy A14; Android 13,"VIP Subscriber, priority routing"
REC-101765,+255714***124,INVA *** 140,2023-12-04T10:20:01Z,TIGO_PESA_CASH_OUT,24320.44,SUSPENDED,Tanga,135,2G_GSM,"iPhone 13,2 (iOS 16.5)",
REC-102351,+255714***275,+255714***288,2023-12-04T02:44:12Z,TIGO_PESA_CASH_OUT,0.0,PENDING_KYC,Dar es Salaam,120,4G_LTE,Tecno Spark 10 Pro,None
REC-101117,+255714***110,UNKNOWN,2023-11-27T15:23:26Z,DATA_RECHARGE,2644.43,SUSPENDED,Zanzibar,1800,5G_NR,Tecno Spark 10 Pro,"VIP Subscriber, priority routing"
REC-100756,INVA *** 140,+255714***262,2023-12-02T17:05:00Z,SMS_PACK,63575.0,SUSPENDED,Dar es Salaam,120,5G_NR,Samsung Galaxy A14; Android 13,Flagged for KYC update; verified by agent
REC-100205,+255714***564,UNKNOWN,2023-11-11T00:16:57Z,TIGO_PESA_CASH_IN,18120.32,SUSPENDED,Dodoma,45,2G_GSM,Transsion Infinix Hot 30,"Customer stated: 'Cannot connect to 4G in Posta area, please help'"
REC-100934,+255714***332,INVA *** 000,2023-11-04T00:00:00Z,BUNDLE_PURCHASE,112901.59,TERMINATED,Dar es Salaam,0,5G_NR,Unknown,None
REC-100513,+255714***960,+255714***907,2023-11-22T02:35:00Z,VOICE_CALL,80395.84,ACTIVE,Dar es Salaam,45,2G_GSM,Tecno Spark 10 Pro,"USSD session timeout, retry OK"
REC-100884,+255714***960,+255714***425,2023-11-28T03:11:00Z,TIGO_PESA_CASH_OUT,33933.19,TERMINATED,Tanga,0,4G_LTE,Nokia 105 (Feature Phone),"USSD session timeout, retry OK"
REC-100180,+255714***083,+255714***329,2023-11-22T15:01:57Z,VOICE_CALL,92866.0,PENDING_KYC,Other / Unknown,0,4G_LTE,Samsung Galaxy A14; Android 13,Standard call; cell handover success
REC-100310,INVA *** 140,+255714***562,2023-11-15T09:33:33Z,SMS_PACK,97244.36,UNKNOWN,Mwanza,0,3G_WCDMA,Transsion Infinix Hot 30,"Customer stated: 'Cannot connect to 4G in Posta area, please help'"
REC-100598,INVA *** 140,+255714***550,2023-12-02T17:59:07Z,TIGO_PESA_CASH_OUT,0.0,PENDING_KYC,Dodoma,45,4G_LTE,Huawei P40 Lite,Flagged for KYC update; verified by agent
REC-100126,+255714***482,INVA *** 140,2023-11-30T23:44:45Z,TIGO_PESA_CASH_IN,48521.11,TERMINATED,Mwanza,0,2G_GSM,Nokia 105 (Feature Phone),"Customer stated: 'Cannot connect to 4G in Posta area, please help'"
REC-100087,+255714***728,+255714***124,2023-11-14T23:49:25Z,DATA_RECHARGE,49619.65,ACTIVE,Mwanza,45,4G_LTE,Huawei P40 Lite,"USSD session timeout, retry OK"
REC-100364,+255714***330,+255714***371,2023-11-08T07:34:24Z,TIGO_PESA_CASH_OUT,92250.0,ACTIVE,Arusha,30,3G_WCDMA,Nokia 105 (Feature Phone),Standard call; cell handover success
REC-101985,+255714***274,+255714***866,2023-11-18T09:28:00Z,TIGO_PESA_CASH_OUT,131575.0,ACTIVE,Mbeya,30,3G_WCDMA,Tecno Spark 10 Pro,Standard call; cell handover success
REC-100515,+255714***317,+255714***523,2023-11-08T05:14:06Z,VOICE_CALL,0.0,PENDING_KYC,Dodoma,360,4G_LTE,Tecno Spark 10 Pro,Flagged for KYC update; verified by agent
REC-102500,INVA *** 000,+255714***096,2023-11-17T00:42:34Z,VOICE_CALL,109999.9,ACTIVE,Dodoma,1800,5G_NR,"iPhone 13,2 (iOS 16.5)",
REC-102472,INVA *** 000,+255714***536,2023-11-15T17:54:32Z,TIGO_PESA_CASH_OUT,0.0,ACTIVE,Arusha,360,UNKNOWN,Nokia 105 (Feature Phone),"USSD session timeout, retry OK"
REC-101283,+255714***332,+255714***304,2023-11-24T08:28:47Z,BUNDLE_PURCHASE,22775.0,TERMINATED,Zanzibar,360,4G_LTE,Samsung Galaxy A14; Android 13,None
REC-101537,+255714***427,+255714***510,2023-11-04T00:00:00Z,TIGO_PESA_CASH_OUT,128457.47,PENDING_KYC,Tanga,30,UNKNOWN,Unknown,"USSD session timeout, retry OK"
REC-102330,+255714***590,+255714***411,2023-11-07T19:07:17Z,SMS_PACK,85948.99,SUSPENDED,Mwanza,45,UNKNOWN,Huawei P40 Lite,Flagged for KYC update; verified by agent
REC-100842,+255714***537,+255714***795,2023-11-23T15:10:00Z,VOICE_CALL,137466.0,CHURNED,Zanzibar,45,2G_GSM,Nokia 105 (Feature Phone),Standard call; cell handover success
REC-100753,+255714***058,UNKNOWN,2023-11-08T05:11:56Z,VOICE_CALL,0.0,ACTIVE,Mwanza,45,3G_WCDMA,Transsion Infinix Hot 30,
REC-100075,+255714***385,+255714***728,2023-12-04T02:19:53Z,TIGO_PESA_CASH_OUT,93146.7,UNKNOWN,Arusha,120,3G_WCDMA,Nokia 105 (Feature Phone),"USSD session timeout, retry OK"
REC-101474,+255714***700,+255714***617,2023-11-10T03:18:09Z,TIGO_PESA_CASH_OUT,73275.0,CHURNED,Dodoma,1800,5G_NR,Unknown,"Customer stated: 'Cannot connect to 4G in Posta area, please help'"
REC-100340,+255714***521,INVA *** 140,2023-11-24T18:19:07Z,DATA_RECHARGE,91023.9,ACTIVE,Mbeya,1800,UNKNOWN,Samsung Galaxy A14; Android 13,"VIP Subscriber, priority routing"
REC-100460,+255714***660,+255714***563,2023-11-04T23:02:37Z,TIGO_PESA_CASH_IN,139119.77,TERMINATED,Zanzibar,0,4G_LTE,Huawei P40 Lite,
REC-100849,+255714***866,+255714***795,2023-11-07T22:47:00Z,BUNDLE_PURCHASE,12182.5,ACTIVE,Zanzibar,120,4G_LTE,Huawei P40 Lite,Standard call; cell handover success
REC-101300,+255714***741,INVA *** 140,2023-11-09T14:26:00Z,SMS_PACK,40100.0,ACTIVE,Zanzibar,45,4G_LTE,Huawei P40 Lite,Flagged for KYC update; verified by agent
REC-102294,+255714***016,+255714***878,2023-11-09T11:23:51Z,BUNDLE_PURCHASE,127700.67,UNKNOWN,Dar es Salaam,30,4G_LTE,Transsion Infinix Hot 30,"Customer stated: 'Cannot connect to 4G in Posta area, please help'"
REC-100870,INVA *** 140,+255714***330,2023-11-09T19:24:24Z,VOICE_CALL,76287.22,ACTIVE,Arusha,120,5G_NR,Huawei P40 Lite,"USSD session timeout, retry OK"
REC-100981,+255714***891,+255714***866,2023-11-29T13:56:00Z,TIGO_PESA_CASH_OUT,98196.85,TERMINATED,Arusha,360,3G_WCDMA,Unknown,None
REC-102038,+255714***824,INVA *** 140,2023-11-19T08:16:00Z,TIGO_PESA_CASH_IN,120056.62,ACTIVE,Tanga,45,2G_GSM,Tecno Spark 10 Pro,"Customer stated: 'Cannot connect to 4G in Posta area, please help'"
REC-101484,INVA *** 140,INVA *** 000,2023-11-23T06:42:00Z,SMS_PACK,89400.0,ACTIVE,Dodoma,120,5G_NR,"iPhone 13,2 (iOS 16.5)","VIP Subscriber, priority routing"
REC-100138,+255714***646,+255714***331,2023-11-19T04:11:14Z,TIGO_PESA_CASH_OUT,37109.25,PENDING_KYC,Dar es Salaam,0,4G_LTE,Transsion Infinix Hot 30,"Customer stated: 'Cannot connect to 4G in Posta area, please help'"
REC-100691,UNKNOWN,+255714***304,2023-11-05T22:16:05Z,DATA_RECHARGE,139386.02,CHURNED,Mwanza,120,4G_LTE,Tecno Spark 10 Pro,
REC-101770,+255714***167,UNKNOWN,2023-11-12T09:19:21Z,SMS_PACK,131597.34,ACTIVE,Morogoro,0,4G_LTE,"iPhone 13,2 (iOS 16.5)","Customer stated: 'Cannot connect to 4G in Posta area, please help'"
REC-101293,+255714***345,INVA *** 140,2023-11-23T17:06:58Z,TIGO_PESA_CASH_IN,0.0,ACTIVE,Dodoma,360,5G_NR,Samsung Galaxy A14; Android 13,Flagged for KYC update; verified by agent
REC-101424,+255714***824,UNKNOWN,2023-11-21T21:54:46Z,TIGO_PESA_CASH_OUT,127466.0,UNKNOWN,Mbeya,45,3G_WCDMA,Samsung Galaxy A14; Android 13,"USSD session timeout, retry OK"
REC-100790,+255714***083,+255714***425,2023-12-02T12:23:55Z,TIGO_PESA_CASH_OUT,126533.0,TERMINATED,Mbeya,45,5G_NR,"iPhone 13,2 (iOS 16.5)","VIP Subscriber, priority routing"
REC-102239,+255714***728,+255714***358,2023-11-28T12:20:33Z,DATA_RECHARGE,124042.0,TERMINATED,Arusha,360,2G_GSM,Tecno Spark 10 Pro,None
REC-100943,INVA *** 140,+255714***592,2023-11-25T02:17:38Z,BUNDLE_PURCHASE,0.0,ACTIVE,Arusha,0,5G_NR,Nokia 105 (Feature Phone),Standard call; cell handover success
REC-101246,+255714***291,+255714***222,2023-11-22T13:05:49Z,VOICE_CALL,118226.13,ACTIVE,Dodoma,30,3G_WCDMA,Nokia 105 (Feature Phone),"VIP Subscriber, priority routing"
REC-101738,INVA *** 000,+255714***124,2023-11-10T01:49:04Z,VOICE_CALL,96615.66,ACTIVE,Dodoma,360,4G_LTE,"iPhone 13,2 (iOS 16.5)",
REC-100921,INVA *** 140,+255714***304,2023-12-04T06:19:00Z,SMS_PACK,23402.17,ACTIVE,Dar es Salaam,135,UNKNOWN,Unknown,"VIP Subscriber, priority routing"
REC-102222,+255714***111,+255714***029,2023-11-04T20:09:44Z,TIGO_PESA_CASH_OUT,42332.39,UNKNOWN,Zanzibar,120,UNKNOWN,Samsung Galaxy A14; Android 13,
REC-102015,INVA *** 000,+255714***632,2023-11-15T16:56:00Z,TIGO_PESA_CASH_IN,105003.54,TERMINATED,Mbeya,45,2G_GSM,Nokia 105 (Feature Phone),"VIP Subscriber, priority routing"
REC-102344,+255714***070,+255714***715,2023-11-12T03:09:00Z,BUNDLE_PURCHASE,109839.65,TERMINATED,Dar es Salaam,0,4G_LTE,Tecno Spark 10 Pro,"VIP Subscriber, priority routing"
REC-101987,+255714***138,+255714***700,2023-11-07T07:08:38Z,BUNDLE_PURCHASE,131727.37,UNKNOWN,Zanzibar,0,5G_NR,Tecno Spark 10 Pro,
REC-101366,+255714***291,INVA *** 140,2023-11-12T23:10:28Z,TIGO_PESA_CASH_IN,65815.61,UNKNOWN,Other / Unknown,360,2G_GSM,Huawei P40 Lite,"VIP Subscriber, priority routing"
REC-100106,+255714***206,+255714***344,2023-11-17T20:14:00Z,BUNDLE_PURCHASE,8900.0,TERMINATED,Zanzibar,0,4G_LTE,Samsung Galaxy A14; Android 13,"USSD session timeout, retry OK"
REC-100501,+255714***632,+255714***549,2023-11-04T00:00:00Z,TIGO_PESA_CASH_OUT,139207.79,UNKNOWN,Zanzibar,30,4G_LTE,Nokia 105 (Feature Phone),"USSD session timeout, retry OK"
REC-101027,INVA *** 000,+255714***386,2023-11-14T16:10:07Z,BUNDLE_PURCHASE,115725.0,TERMINATED,Dodoma,30,UNKNOWN,Unknown,Flagged for KYC update; verified by agent
REC-101689,+255714***000,+255714***371,2023-11-28T17:12:49Z,TIGO_PESA_CASH_OUT,0.0,PENDING_KYC,Zanzibar,135,UNKNOWN,Samsung Galaxy A14; Android 13,"USSD session timeout, retry OK"
REC-102481,+255714***166,+255714***276,2023-12-02T21:53:04Z,DATA_RECHARGE,35518.0,PENDING_KYC,Arusha,1800,4G_LTE,Unknown,Flagged for KYC update; verified by agent
REC-101724,+255714***562,+255714***412,2023-11-25T22:44:34Z,TIGO_PESA_CASH_OUT,137650.0,ACTIVE,Mwanza,0,2G_GSM,"iPhone 13,2 (iOS 16.5)","USSD session timeout, retry OK"
REC-101339,+255714***344,+255714***193,2023-11-22T13:51:30Z,SMS_PACK,77393.02,UNKNOWN,Dodoma,0,UNKNOWN,Unknown,None
REC-101731,INVA *** 140,+255714***576,2023-11-05T03:01:59Z,VOICE_CALL,127736.71,SUSPENDED,Arusha,360,4G_LTE,Tecno Spark 10 Pro,Standard call; cell handover success
REC-100848,+255714***466,+255714***919,2023-11-30T00:34:00Z,TIGO_PESA_CASH_OUT,28925.47,PENDING_KYC,Zanzibar,30,5G_NR,Huawei P40 Lite,Standard call; cell handover success
REC-101055,+255714***058,+255714***318,2023-11-17T01:01:47Z,TIGO_PESA_CASH_OUT,102219.0,TERMINATED,Arusha,360,3G_WCDMA,Nokia 105 (Feature Phone),"VIP Subscriber, priority routing"
REC-100418,+255714***194,+255714***604,2023-11-29T08:21:24Z,BUNDLE_PURCHASE,142488.21,CHURNED,Dar es Salaam,45,5G_NR,Huawei P40 Lite,None
REC-100132,+255714***797,+255714***469,2023-11-15T09:28:00Z,VOICE_CALL,147777.32,PENDING_KYC,Dar es Salaam,30,2G_GSM,Huawei P40 Lite,"USSD session timeout, retry OK"
REC-102188,INVA *** 140,+255714***398,2023-11-11T12:39:19Z,BUNDLE_PURCHASE,55324.42,UNKNOWN,Dar es Salaam,30,3G_WCDMA,Nokia 105 (Feature Phone),Standard call; cell handover success
REC-101462,UNKNOWN,+255714***523,2023-11-12T19:21:16Z,VOICE_CALL,0.0,ACTIVE,Zanzibar,0,4G_LTE,Samsung Galaxy A14; Android 13,
REC-102421,+255714***304,INVA *** 140,2023-11-12T08:54:00Z,TIGO_PESA_CASH_IN,0.0,CHURNED,Dodoma,120,UNKNOWN,Samsung Galaxy A14; Android 13,None
REC-102084,INVA *** 140,+255714***921,2023-11-14T18:21:25Z,BUNDLE_PURCHASE,128015.0,UNKNOWN,Morogoro,0,3G_WCDMA,Huawei P40 Lite,Flagged for KYC update; verified by agent
REC-102285,+255714***741,INVA *** 000,2023-11-08T20:23:11Z,BUNDLE_PURCHASE,7798.0,PENDING_KYC,Arusha,45,4G_LTE,Nokia 105 (Feature Phone),"VIP Subscriber, priority routing"
REC-100426,UNKNOWN,INVA *** 140,2023-11-28T16:07:57Z,TIGO_PESA_CASH_OUT,0.0,SUSPENDED,Mwanza,120,4G_LTE,Samsung Galaxy A14; Android 13,"VIP Subscriber, priority routing"
REC-101762,+255714***701,+255714***770,2023-11-24T14:53:58Z,TIGO_PESA_CASH_OUT,0.0,CHURNED,Other / Unknown,135,4G_LTE,Tecno Spark 10 Pro,
REC-100464,+255714***003,+255714***098,2023-12-01T20:44:24Z,DATA_RECHARGE,134452.0,TERMINATED,Mwanza,0,4G_LTE,Samsung Galaxy A14; Android 13,
REC-100108,INVA *** 140,+255714***234,2023-11-04T00:00:00Z,VOICE_CALL,0.0,ACTIVE,Zanzibar,45,4G_LTE,"iPhone 13,2 (iOS 16.5)",
REC-102338,INVA *** 140,+255714***850,2023-12-02T14:39:12Z,TIGO_PESA_CASH_IN,114664.31,ACTIVE,Mwanza,0,5G_NR,Nokia 105 (Feature Phone),"VIP Subscriber, priority routing"
REC-101005,INVA *** 140,+255714***003,2023-11-27T07:12:00Z,TIGO_PESA_CASH_IN,19666.0,CHURNED,Tanga,0,3G_WCDMA,Transsion Infinix Hot 30,
REC-102461,+255714***318,+255714***839,2023-11-11T03:45:04Z,DATA_RECHARGE,33125.0,ACTIVE,Zanzibar,0,4G_LTE,Nokia 105 (Feature Phone),"USSD session timeout, retry OK"
REC-101865,+255714***358,UNKNOWN,2023-11-23T20:37:00Z,VOICE_CALL,23075.0,ACTIVE,Arusha,0,4G_LTE,Unknown,
REC-102108,+255714***277,+255714***274,2023-11-24T20:49:44Z,TIGO_PESA_CASH_IN,49350.49,ACTIVE,Zanzibar,135,5G_NR,Samsung Galaxy A14; Android 13,"USSD session timeout, retry OK"
REC-101983,+255714***644,+255714***236,2023-11-17T12:57:00Z,DATA_RECHARGE,58460.89,UNKNOWN,Arusha,120,UNKNOWN,"iPhone 13,2 (iOS 16.5)","Customer stated: 'Cannot connect to 4G in Posta area, please help'"
REC-101703,+255714***839,+255714***125,2023-11-12T03:51:23Z,BUNDLE_PURCHASE,132514.61,TERMINATED,Mwanza,1800,3G_WCDMA,Huawei P40 Lite,Standard call; cell handover success
REC-100285,+255714***192,UNKNOWN,2023-11-29T18:24:07Z,BUNDLE_PURCHASE,78855.59,ACTIVE,Mwanza,0,5G_NR,Unknown,Flagged for KYC update; verified by agent
REC-102049,+255714***810,+255714***113,2023-12-03T02:38:17Z,BUNDLE_PURCHASE,139969.94,SUSPENDED,Dar es Salaam,135,4G_LTE,Samsung Galaxy A14; Android 13,None
REC-100250,+255714***234,INVA *** 140,2023-11-09T18:27:14Z,BUNDLE_PURCHASE,0.0,CHURNED,Other / Unknown,135,2G_GSM,Samsung Galaxy A14; Android 13,"USSD session timeout, retry OK"
REC-100131,+255714***466,+255714***755,1970-01-01T00:00:00Z,SMS_PACK,52440.08,UNKNOWN,Mwanza,360,UNKNOWN,"iPhone 13,2 (iOS 16.5)",
REC-101630,+255714***043,INVA *** 140,2023-11-27T13:15:07Z,DATA_RECHARGE,0.0,UNKNOWN,Dodoma,120,4G_LTE,"iPhone 13,2 (iOS 16.5)","USSD session timeout, retry OK"
REC-100857,+255714***946,+255714***385,2023-12-02T02:02:48Z,VOICE_CALL,148645.34,SUSPENDED,Dar es Salaam,0,4G_LTE,"iPhone 13,2 (iOS 16.5)","Customer stated: 'Cannot connect to 4G in Posta area, please help'"
REC-102135,UNKNOWN,+255714***796,2023-11-22T14:34:25Z,SMS_PACK,36675.0,SUSPENDED,Arusha,0,5G_NR,Samsung Galaxy A14; Android 13,"USSD session timeout, retry OK"
REC-100796,+255714***961,INVA *** 140,2023-11-10T09:53:00Z,DATA_RECHARGE,91125.0,UNKNOWN,Zanzibar,45,4G_LTE,Unknown,"USSD session timeout, retry OK"
REC-100550,+255714***645,UNKNOWN,2023-11-12T07:02:08Z,SMS_PACK,39515.03,PENDING_KYC,Tanga,1800,4G_LTE,Tecno Spark 10 Pro,"Customer stated: 'Cannot connect to 4G in Posta area, please help'"
REC-100769,+255714***537,+255714***521,2023-11-25T07:15:31Z,VOICE_CALL,133656.65,SUSPENDED,Tanga,0,4G_LTE,Huawei P40 Lite,
REC-100023,+255714***673,+255714***179,2023-11-16T08:50:03Z,TIGO_PESA_CASH_IN,43105.61,UNKNOWN,Mwanza,1800,4G_LTE,Nokia 105 (Feature Phone),None
REC-100776,+255714***233,+255714***043,2023-11-20T01:16:00Z,BUNDLE_PURCHASE,5183.0,CHURNED,Dar es Salaam,30,UNKNOWN,Transsion Infinix Hot 30,"Customer stated: 'Cannot connect to 4G in Posta area, please help'"
REC-102244,+255714***891,INVA *** 140,2023-11-12T19:13:00Z,VOICE_CALL,34856.86,UNKNOWN,Mwanza,360,4G_LTE,Huawei P40 Lite,None
REC-100572,+255714***288,INVA *** 140,2023-11-16T21:09:00Z,BUNDLE_PURCHASE,12725.0,ACTIVE,Other / Unknown,0,4G_LTE,Unknown,Flagged for KYC update; verified by agent
REC-102402,+255714***044,+255714***578,2023-12-04T09:22:00Z,SMS_PACK,39058.0,ACTIVE,Mwanza,0,3G_WCDMA,Tecno Spark 10 Pro,"VIP Subscriber, priority routing"
REC-100637,+255714***015,INVA *** 140,2023-11-25T13:32:25Z,SMS_PACK,10273.94,ACTIVE,Arusha,120,2G_GSM,Transsion Infinix Hot 30,
REC-101759,+255714***959,INVA *** 140,2023-11-15T21:20:00Z,VOICE_CALL,101348.49,TERMINATED,Mwanza,0,4G_LTE,Tecno Spark 10 Pro,"USSD session timeout, retry OK"
REC-100896,INVA *** 140,+255714***754,2023-12-04T06:46:23Z,BUNDLE_PURCHASE,49788.0,ACTIVE,Dar es Salaam,135,4G_LTE,Unknown,
REC-100677,INVA *** 140,+255714***606,2023-11-16T21:37:00Z,SMS_PACK,52613.0,CHURNED,Dar es Salaam,135,3G_WCDMA,Nokia 105 (Feature Phone),Flagged for KYC update; verified by agent
REC-100670,+255714***537,+255714***578,2023-11-18T12:17:00Z,VOICE_CALL,34737.0,SUSPENDED,Mbeya,0,4G_LTE,"iPhone 13,2 (iOS 16.5)",None
REC-102438,INVA *** 140,+255714***194,2023-11-10T18:15:15Z,SMS_PACK,0.0,SUSPENDED,Morogoro,1800,4G_LTE,Nokia 105 (Feature Phone),"VIP Subscriber, priority routing"
REC-100511,+255714***015,+255714***947,2023-12-02T17:53:00Z,VOICE_CALL,22350.0,ACTIVE,Dodoma,45,4G_LTE,Tecno Spark 10 Pro,"USSD session timeout, retry OK"
REC-102021,+255714***373,INVA *** 140,2023-11-04T00:00:00Z,DATA_RECHARGE,65150.0,CHURNED,Dar es Salaam,0,4G_LTE,Nokia 105 (Feature Phone),"Customer stated: 'Cannot connect to 4G in Posta area, please help'"
REC-101228,+255714***565,+255714***685,2023-12-02T01:55:59Z,TIGO_PESA_CASH_IN,718.35,ACTIVE,Mwanza,135,5G_NR,Nokia 105 (Feature Phone),None
REC-102156,+255714***302,+255714***179,2023-11-27T16:05:27Z,TIGO_PESA_CASH_IN,67947.7,TERMINATED,Dar es Salaam,0,5G_NR,Unknown,"VIP Subscriber, priority routing"
REC-102416,INVA *** 140,INVA *** 000,2023-12-02T17:25:16Z,SMS_PACK,147566.31,ACTIVE,Mwanza,135,4G_LTE,Nokia 105 (Feature Phone),"Customer stated: 'Cannot connect to 4G in Posta area, please help'"
REC-100627,+255714***781,+255714***275,2023-11-24T11:11:00Z,DATA_RECHARGE,129755.12,PENDING_KYC,Dodoma,0,UNKNOWN,Transsion Infinix Hot 30,Standard call; cell handover success
REC-101249,+255714***507,+255714***961,2023-11-22T17:30:09Z,TIGO_PESA_CASH_IN,95681.85,UNKNOWN,Mwanza,1800,4G_LTE,Transsion Infinix Hot 30,"Customer stated: 'Cannot connect to 4G in Posta area, please help'"
REC-101713,INVA *** 140,+255714***507,2023-11-04T00:00:00Z,DATA_RECHARGE,89455.77,ACTIVE,Dodoma,360,UNKNOWN,"iPhone 13,2 (iOS 16.5)",Standard call; cell handover success
REC-102385,+255714***742,+255714***372,2023-11-05T17:13:00Z,TIGO_PESA_CASH_OUT,13213.43,PENDING_KYC,Dar es Salaam,0,2G_GSM,"iPhone 13,2 (iOS 16.5)",Flagged for KYC update; verified by agent
REC-100795,+255714***784,+255714***755,2023-11-13T04:23:45Z,SMS_PACK,85310.0,ACTIVE,Dar es Salaam,30,5G_NR,Transsion Infinix Hot 30,Standard call; cell handover success
REC-100638,INVA *** 140,INVA *** 000,2023-11-06T18:02:36Z,BUNDLE_PURCHASE,0.0,TERMINATED,Arusha,30,4G_LTE,Samsung Galaxy A14; Android 13,
REC-101347,+255714***838,+255714***837,2023-11-04T22:24:00Z,BUNDLE_PURCHASE,0.0,ACTIVE,Tanga,360,3G_WCDMA,"iPhone 13,2 (iOS 16.5)","VIP Subscriber, priority routing"
REC-102117,+255714***357,+255714***769,2023-11-12T21:07:02Z,TIGO_PESA_CASH_OUT,131244.38,ACTIVE,Other / Unknown,135,UNKNOWN,Unknown,Flagged for KYC update; verified by agent
REC-101426,+255714***029,+255714***988,2023-11-11T04:58:00Z,TIGO_PESA_CASH_OUT,44871.0,ACTIVE,Dar es Salaam,1800,4G_LTE,Unknown,None
REC-101844,+255714***137,+255714***781,2023-11-24T15:38:41Z,BUNDLE_PURCHASE,128447.5,ACTIVE,Dodoma,0,3G_WCDMA,Transsion Infinix Hot 30,"USSD session timeout, retry OK"
REC-101126,+255714***016,INVA *** 140,2023-11-09T16:13:05Z,DATA_RECHARGE,96250.0,SUSPENDED,Dar es Salaam,1800,UNKNOWN,Samsung Galaxy A14; Android 13,"Customer stated: 'Cannot connect to 4G in Posta area, please help'"
REC-101241,+255714***291,+255714***003,2023-12-02T13:44:34Z,SMS_PACK,110773.03,UNKNOWN,Arusha,1800,4G_LTE,Unknown,Flagged for KYC update; verified by agent
REC-102303,INVA *** 140,+255714***000,2023-11-23T06:24:05Z,TIGO_PESA_CASH_OUT,15463.0,UNKNOWN,Zanzibar,1800,4G_LTE,Samsung Galaxy A14; Android 13,"VIP Subscriber, priority routing"
REC-102497,+255714***001,+255714***564,2023-11-25T22:46:00Z,DATA_RECHARGE,64347.04,TERMINATED,Dar es Salaam,1800,4G_LTE,Huawei P40 Lite,"VIP Subscriber, priority routing"
REC-102283,INVA *** 140,+255714***864,2023-11-08T08:45:56Z,TIGO_PESA_CASH_IN,58435.47,ACTIVE,Dodoma,135,2G_GSM,Huawei P40 Lite,
REC-100491,+255714***933,UNKNOWN,2023-11-14T13:33:55Z,SMS_PACK,0.0,ACTIVE,Zanzibar,30,4G_LTE,Samsung Galaxy A14; Android 13,"Customer stated: 'Cannot connect to 4G in Posta area, please help'"
REC-100833,INVA *** 140,+255714***510,2023-11-23T13:42:12Z,DATA_RECHARGE,60739.85,UNKNOWN,Zanzibar,0,4G_LTE,Samsung Galaxy A14; Android 13,"USSD session timeout, retry OK"
REC-102474,+255714***961,INVA *** 000,2023-11-11T18:47:36Z,DATA_RECHARGE,145316.78,UNKNOWN,Zanzibar,360,4G_LTE,"iPhone 13,2 (iOS 16.5)",
REC-101014,+255714***906,INVA *** 000,2023-11-12T05:10:44Z,VOICE_CALL,102219.0,SUSPENDED,Arusha,1800,2G_GSM,Transsion Infinix Hot 30,None
REC-102203,INVA *** 000,+255714***700,2023-11-17T07:55:40Z,SMS_PACK,94552.77,CHURNED,Arusha,45,5G_NR,Nokia 105 (Feature Phone),None
REC-100398,+255714***521,INVA *** 140,2023-12-02T05:52:14Z,DATA_RECHARGE,0.0,UNKNOWN,Arusha,120,4G_LTE,Tecno Spark 10 Pro,None
REC-101145,UNKNOWN,+255714***371,2023-11-28T04:32:09Z,TIGO_PESA_CASH_OUT,0.0,UNKNOWN,Mbeya,45,3G_WCDMA,Tecno Spark 10 Pro,"VIP Subscriber, priority routing"
REC-101559,+255714***000,+255714***370,2023-11-04T00:00:00Z,TIGO_PESA_CASH_OUT,95925.0,TERMINATED,Zanzibar,30,UNKNOWN,Nokia 105 (Feature Phone),"Customer stated: 'Cannot connect to 4G in Posta area, please help'"
REC-101894,+255714***138,+255714***276,2023-11-17T03:58:35Z,SMS_PACK,117350.0,UNKNOWN,Zanzibar,30,4G_LTE,Samsung Galaxy A14; Android 13,Flagged for KYC update; verified by agent
REC-101285,+255714***715,+255714***563,2023-12-04T05:07:00Z,TIGO_PESA_CASH_IN,0.0,ACTIVE,Dar es Salaam,0,3G_WCDMA,Huawei P40 Lite,"VIP Subscriber, priority routing"
REC-101973,+255714***290,+255714***414,2023-11-25T06:50:00Z,TIGO_PESA_CASH_OUT,44279.15,SUSPENDED,Dodoma,0,UNKNOWN,"iPhone 13,2 (iOS 16.5)","Customer stated: 'Cannot connect to 4G in Posta area, please help'"
REC-102326,+255714***606,+255714***535,2023-11-10T13:42:00Z,TIGO_PESA_CASH_OUT,0.0,PENDING_KYC,Other / Unknown,120,4G_LTE,Transsion Infinix Hot 30,None
REC-101425,+255714***740,+255714***317,1970-01-01T00:00:00Z,TIGO_PESA_CASH_IN,0.0,PENDING_KYC,Dodoma,30,2G_GSM,Tecno Spark 10 Pro,"VIP Subscriber, priority routing"
REC-100305,+255714***619,+255714***496,2023-11-20T03:11:00Z,BUNDLE_PURCHASE,132267.89,SUSPENDED,Mwanza,135,5G_NR,Tecno Spark 10 Pro,"Customer stated: 'Cannot connect to 4G in Posta area, please help'"
REC-101385,UNKNOWN,+255714***428,2023-12-01T06:21:00Z,DATA_RECHARGE,14986.27,TERMINATED,Dodoma,1800,UNKNOWN,Samsung Galaxy A14; Android 13,None
REC-101751,+255714***946,+255714***660,2023-11-29T05:28:00Z,DATA_RECHARGE,32085.47,PENDING_KYC,Other / Unknown,120,4G_LTE,Unknown,"Customer stated: 'Cannot connect to 4G in Posta area, please help'"
REC-101699,+255714***537,UNKNOWN,2023-11-11T12:54:00Z,TIGO_PESA_CASH_OUT,30402.21,ACTIVE,Mwanza,0,3G_WCDMA,Tecno Spark 10 Pro,None
REC-102323,+255714***644,UNKNOWN,2023-11-07T04:44:52Z,VOICE_CALL,122787.45,PENDING_KYC,Dar es Salaam,0,4G_LTE,Huawei P40 Lite,"USSD session timeout, retry OK"
REC-101611,+255714***304,+255714***685,2023-11-19T23:12:17Z,DATA_RECHARGE,19417.21,ACTIVE,Dar es Salaam,120,UNKNOWN,Huawei P40 Lite,"VIP Subscriber, priority routing"
REC-101782,+255714***548,INVA *** 140,2023-11-30T21:31:00Z,TIGO_PESA_CASH_OUT,20300.0,UNKNOWN,Dodoma,30,UNKNOWN,Nokia 105 (Feature Phone),"Customer stated: 'Cannot connect to 4G in Posta area, please help'"
REC-101764,+255714***151,UNKNOWN,2023-11-10T01:33:06Z,TIGO_PESA_CASH_OUT,8625.0,ACTIVE,Dodoma,360,4G_LTE,Transsion Infinix Hot 30,"VIP Subscriber, priority routing"
REC-100190,INVA *** 140,+255714***454,2023-11-21T16:33:44Z,BUNDLE_PURCHASE,14425.0,TERMINATED,Dodoma,0,5G_NR,Transsion Infinix Hot 30,"Customer stated: 'Cannot connect to 4G in Posta area, please help'"
REC-101445,+255714***165,+255714***891,2023-11-15T20:37:00Z,TIGO_PESA_CASH_IN,0.0,ACTIVE,Other / Unknown,45,4G_LTE,Samsung Galaxy A14; Android 13,
REC-102133,+255714***000,+255714***727,2023-11-23T02:54:00Z,BUNDLE_PURCHASE,132873.0,ACTIVE,Dodoma,45,5G_NR,Transsion Infinix Hot 30,"USSD session timeout, retry OK"
REC-100477,+255714***932,+255714***441,2023-11-25T19:17:58Z,DATA_RECHARGE,138888.49,ACTIVE,Other / Unknown,135,UNKNOWN,"iPhone 13,2 (iOS 16.5)","VIP Subscriber, priority routing"
REC-101114,+255714***208,+255714***371,2023-11-28T09:04:24Z,TIGO_PESA_CASH_OUT,84344.07,SUSPENDED,Dar es Salaam,0,4G_LTE,Unknown,"VIP Subscriber, priority routing"
REC-100017,+255714***795,+255714***796,2023-11-08T01:03:07Z,TIGO_PESA_CASH_OUT,0.0,ACTIVE,Dar es Salaam,1800,UNKNOWN,Samsung Galaxy A14; Android 13,"VIP Subscriber, priority routing"
REC-102446,+255714***097,+255714***206,2023-11-11T02:05:54Z,TIGO_PESA_CASH_OUT,94785.92,PENDING_KYC,Arusha,0,2G_GSM,Nokia 105 (Feature Phone),None
REC-100560,INVA *** 140,+255714***797,2023-11-06T15:40:29Z,DATA_RECHARGE,0.0,TERMINATED,Dodoma,135,5G_NR,Tecno Spark 10 Pro,Standard call; cell handover success
REC-100828,+255714***330,+255714***153,2023-11-18T06:15:01Z,BUNDLE_PURCHASE,99966.24,ACTIVE,Mwanza,45,4G_LTE,"iPhone 13,2 (iOS 16.5)","Customer stated: 'Cannot connect to 4G in Posta area, please help'"
REC-100886,+255714***770,+255714***822,2023-11-04T00:00:00Z,SMS_PACK,67001.29,PENDING_KYC,Mwanza,0,4G_LTE,Nokia 105 (Feature Phone),None
REC-100928,+255714***741,INVA *** 140,2023-11-12T18:50:22Z,VOICE_CALL,142475.0,ACTIVE,Mbeya,120,4G_LTE,Transsion Infinix Hot 30,"USSD session timeout, retry OK"
REC-100840,+255714***274,+255714***276,2023-11-12T18:18:01Z,VOICE_CALL,136262.2,ACTIVE,Zanzibar,0,5G_NR,Samsung Galaxy A14; Android 13,Flagged for KYC update; verified by agent
REC-100204,+255714***179,INVA *** 140,2023-12-03T11:44:00Z,TIGO_PESA_CASH_OUT,91900.0,CHURNED,Dodoma,0,2G_GSM,"iPhone 13,2 (iOS 16.5)",None
REC-101065,INVA *** 000,+255714***056,2023-11-11T22:38:26Z,TIGO_PESA_CASH_OUT,80699.97,ACTIVE,Mwanza,45,3G_WCDMA,Tecno Spark 10 Pro,Flagged for KYC update; verified by agent
REC-100922,+255714***918,+255714***481,2023-11-30T22:07:31Z,TIGO_PESA_CASH_IN,147518.81,ACTIVE,Mwanza,30,4G_LTE,"iPhone 13,2 (iOS 16.5)",Standard call; cell handover success
REC-101833,UNKNOWN,INVA *** 000,2023-12-02T05:10:00Z,SMS_PACK,72925.0,UNKNOWN,Mwanza,0,5G_NR,Huawei P40 Lite,
REC-101863,+255714***906,+255714***783,2023-11-26T23:23:13Z,BUNDLE_PURCHASE,10425.0,TERMINATED,Zanzibar,0,2G_GSM,Huawei P40 Lite,"USSD session timeout, retry OK"
REC-100433,UNKNOWN,+255714***044,2023-11-09T22:58:00Z,TIGO_PESA_CASH_IN,117849.13,PENDING_KYC,Zanzibar,0,UNKNOWN,Transsion Infinix Hot 30,Standard call; cell handover success
REC-101091,+255714***166,+255714***414,2023-11-23T05:26:13Z,TIGO_PESA_CASH_OUT,0.0,TERMINATED,Dodoma,45,3G_WCDMA,Tecno Spark 10 Pro,"VIP Subscriber, priority routing"
REC-101147,INVA *** 140,+255714***357,2023-11-20T18:31:00Z,BUNDLE_PURCHASE,101576.97,PENDING_KYC,Other / Unknown,120,UNKNOWN,Huawei P40 Lite,None
REC-101329,+255714***510,+255714***193,2023-11-22T03:21:58Z,BUNDLE_PURCHASE,94350.0,CHURNED,Arusha,0,5G_NR,"iPhone 13,2 (iOS 16.5)",Standard call; cell handover success
REC-101978,+255714***905,+255714***975,2023-12-02T10:45:39Z,VOICE_CALL,0.0,CHURNED,Dar es Salaam,45,4G_LTE,Unknown,Flagged for KYC update; verified by agent
REC-101063,+255714***345,+255714***606,2023-11-15T17:27:29Z,VOICE_CALL,57500.0,CHURNED,Morogoro,0,UNKNOWN,"iPhone 13,2 (iOS 16.5)",None
REC-101389,+255714***577,+255714***740,2023-12-03T10:37:12Z,BUNDLE_PURCHASE,113025.0,CHURNED,Arusha,135,5G_NR,"iPhone 13,2 (iOS 16.5)","Customer stated: 'Cannot connect to 4G in Posta area, please help'"
REC-101292,+255714***097,INVA *** 140,1970-01-01T00:00:00Z,VOICE_CALL,28962.89,UNKNOWN,Mwanza,360,5G_NR,Huawei P40 Lite,"VIP Subscriber, priority routing"
REC-101113,+255714***605,+255714***920,2023-11-15T00:49:10Z,BUNDLE_PURCHASE,4059.97,SUSPENDED,Mwanza,120,3G_WCDMA,Nokia 105 (Feature Phone),"Customer stated: 'Cannot connect to 4G in Posta area, please help'"
REC-101828,+255714***523,+255714***565,2023-11-04T00:00:00Z,VOICE_CALL,138864.21,SUSPENDED,Mbeya,30,4G_LTE,"iPhone 13,2 (iOS 16.5)","Customer stated: 'Cannot connect to 4G in Posta area, please help'"
REC-100005,+255714***181,+255714***741,2023-11-07T23:24:00Z,BUNDLE_PURCHASE,95425.0,SUSPENDED,Arusha,0,3G_WCDMA,Tecno Spark 10 Pro,
REC-101948,+255714***824,+255714***139,2023-11-21T05:34:16Z,TIGO_PESA_CASH_OUT,117750.0,TERMINATED,Dar es Salaam,1800,UNKNOWN,Tecno Spark 10 Pro,Flagged for KYC update; verified by agent
REC-101919,+255714***770,+255714***002,2023-11-09T20:11:31Z,DATA_RECHARGE,96484.0,CHURNED,Mwanza,0,4G_LTE,Huawei P40 Lite,"Customer stated: 'Cannot connect to 4G in Posta area, please help'"
REC-101615,+255714***208,+255714***961,2023-11-07T10:32:00Z,SMS_PACK,1563.6,TERMINATED,Dodoma,0,5G_NR,Nokia 105 (Feature Phone),"USSD session timeout, retry OK"
REC-101024,+255714***468,+255714***428,2023-11-04T00:00:00Z,TIGO_PESA_CASH_IN,87228.0,PENDING_KYC,Dodoma,0,5G_NR,Nokia 105 (Feature Phone),None
REC-100498,+255714***386,+255714***495,2023-11-10T21:57:00Z,TIGO_PESA_CASH_IN,26174.7,PENDING_KYC,Dodoma,360,UNKNOWN,Unknown,"VIP Subscriber, priority routing"
REC-100888,+255714***480,+255714***673,2023-11-08T02:32:29Z,SMS_PACK,0.0,ACTIVE,Dodoma,0,4G_LTE,Unknown,Standard call; cell handover success
REC-102300,+255714***276,+255714***085,2023-11-22T21:02:00Z,SMS_PACK,101642.95,TERMINATED,Zanzibar,135,2G_GSM,Huawei P40 Lite,
REC-102147,+255714***274,+255714***755,2023-11-06T19:30:00Z,BUNDLE_PURCHASE,149972.55,UNKNOWN,Mwanza,30,5G_NR,Transsion Infinix Hot 30,"Customer stated: 'Cannot connect to 4G in Posta area, please help'"
REC-101429,+255714***015,+255714***988,2023-11-29T01:31:00Z,DATA_RECHARGE,925.0,ACTIVE,Dodoma,0,UNKNOWN,Samsung Galaxy A14; Android 13,
REC-102204,+255714***097,+255714***727,2023-11-30T08:25:26Z,SMS_PACK,0.0,TERMINATED,Dar es Salaam,120,3G_WCDMA,Transsion Infinix Hot 30,Flagged for KYC update; verified by agent
REC-100068,+255714***522,+255714***181,2023-11-11T12:44:32Z,TIGO_PESA_CASH_OUT,29000.0,ACTIVE,Dar es Salaam,360,UNKNOWN,Unknown,None
REC-100100,INVA *** 000,+255714***837,2023-11-14T18:19:39Z,DATA_RECHARGE,114742.05,ACTIVE,Dar es Salaam,0,4G_LTE,Transsion Infinix Hot 30,Flagged for KYC update; verified by agent
REC-101376,+255714***564,INVA *** 140,2023-11-22T19:54:35Z,TIGO_PESA_CASH_IN,0.0,UNKNOWN,Other / Unknown,135,4G_LTE,Tecno Spark 10 Pro,
REC-101925,UNKNOWN,+255714***522,2023-11-06T02:38:49Z,SMS_PACK,0.0,ACTIVE,Arusha,360,4G_LTE,Samsung Galaxy A14; Android 13,None
REC-100332,+255714***551,+255714***839,2023-11-04T00:00:00Z,DATA_RECHARGE,114340.12,TERMINATED,Dodoma,120,4G_LTE,Nokia 105 (Feature Phone),Flagged for KYC update; verified by agent
REC-100090,+255714***702,+255714***959,2023-11-09T18:00:00Z,TIGO_PESA_CASH_OUT,107004.0,ACTIVE,Mwanza,45,4G_LTE,"iPhone 13,2 (iOS 16.5)","USSD session timeout, retry OK"
REC-100355,+255714***154,UNKNOWN,2023-11-14T04:51:02Z,DATA_RECHARGE,0.0,SUSPENDED,Arusha,120,UNKNOWN,"iPhone 13,2 (iOS 16.5)",None
REC-101685,+255714***318,+255714***248,2023-11-04T17:21:00Z,TIGO_PESA_CASH_OUT,139197.67,CHURNED,Dar es Salaam,1800,UNKNOWN,Tecno Spark 10 Pro,None
REC-100757,+255714***729,+255714***548,2023-11-09T20:33:49Z,VOICE_CALL,136748.61,ACTIVE,Mwanza,0,4G_LTE,Unknown,None
REC-100222,+255714***482,+255714***426,2023-11-16T12:54:51Z,TIGO_PESA_CASH_IN,96870.77,TERMINATED,Dar es Salaam,360,4G_LTE,Huawei P40 Lite,Standard call; cell handover success
REC-100191,+255714***263,INVA *** 140,1970-01-01T00:00:00Z,BUNDLE_PURCHASE,78405.0,SUSPENDED,Arusha,360,5G_NR,Tecno Spark 10 Pro,"Customer stated: 'Cannot connect to 4G in Posta area, please help'"
REC-101541,+255714***565,+255714***562,2023-11-28T13:09:00Z,TIGO_PESA_CASH_IN,123813.62,SUSPENDED,Mwanza,0,3G_WCDMA,Tecno Spark 10 Pro,
REC-102031,+255714***591,+255714***548,2023-11-28T16:59:14Z,SMS_PACK,0.0,TERMINATED,Arusha,135,4G_LTE,Nokia 105 (Feature Phone),"Customer stated: 'Cannot connect to 4G in Posta area, please help'"
REC-100404,+255714***138,+255714***414,1970-01-01T00:00:00Z,SMS_PACK,15390.75,UNKNOWN,Dar es Salaam,45,4G_LTE,Huawei P40 Lite,"Customer stated: 'Cannot connect to 4G in Posta area, please help'"
REC-101131,+255714***702,+255714***988,2023-11-08T23:28:00Z,VOICE_CALL,0.0,ACTIVE,Zanzibar,135,4G_LTE,Tecno Spark 10 Pro,Flagged for KYC update; verified by agent
REC-102357,+255714***878,UNKNOWN,2023-11-22T04:51:18Z,BUNDLE_PURCHASE,131952.6,CHURNED,Morogoro,135,3G_WCDMA,Tecno Spark 10 Pro,"Customer stated: 'Cannot connect to 4G in Posta area, please help'"
REC-102164,+255714***084,INVA *** 140,2023-11-20T14:42:50Z,TIGO_PESA_CASH_OUT,103470.6,SUSPENDED,Dodoma,1800,4G_LTE,"iPhone 13,2 (iOS 16.5)",None
REC-101609,+255714***769,UNKNOWN,2023-11-05T14:37:39Z,SMS_PACK,119342.0,UNKNOWN,Other / Unknown,45,UNKNOWN,Samsung Galaxy A14; Android 13,"Customer stated: 'Cannot connect to 4G in Posta area, please help'"
REC-100181,+255714***317,INVA *** 140,2023-11-18T10:14:00Z,VOICE_CALL,75581.0,PENDING_KYC,Arusha,0,4G_LTE,Huawei P40 Lite,Flagged for KYC update; verified by agent
REC-100051,+255714***729,+255714***371,2023-11-21T00:44:44Z,TIGO_PESA_CASH_IN,132108.0,TERMINATED,Mbeya,0,2G_GSM,"iPhone 13,2 (iOS 16.5)","VIP Subscriber, priority routing"
REC-100718,+255714***960,+255714***592,2023-11-09T01:18:47Z,DATA_RECHARGE,86509.85,TERMINATED,Mbeya,0,UNKNOWN,Unknown,"VIP Subscriber, priority routing"
REC-102240,INVA *** 140,+255714***028,2023-12-02T09:59:08Z,TIGO_PESA_CASH_OUT,46801.57,ACTIVE,Arusha,120,UNKNOWN,"iPhone 13,2 (iOS 16.5)",Standard call; cell handover success
REC-101888,+255714***755,+255714***509,2023-11-24T02:27:00Z,VOICE_CALL,41515.0,SUSPENDED,Arusha,120,UNKNOWN,Unknown,"USSD session timeout, retry OK"
REC-101809,+255714***824,+255714***741,2023-11-13T13:42:00Z,TIGO_PESA_CASH_OUT,6728.0,UNKNOWN,Dodoma,0,4G_LTE,Unknown,"Customer stated: 'Cannot connect to 4G in Posta area, please help'"
REC-101180,+255714***373,+255714***494,2023-11-20T10:32:56Z,BUNDLE_PURCHASE,0.0,CHURNED,Dar es Salaam,360,UNKNOWN,Unknown,"USSD session timeout, retry OK"
REC-101073,UNKNOWN,INVA *** 140,2023-11-27T13:44:20Z,TIGO_PESA_CASH_IN,105688.68,ACTIVE,Mbeya,45,4G_LTE,"iPhone 13,2 (iOS 16.5)","Customer stated: 'Cannot connect to 4G in Posta area, please help'"
REC-101688,+255714***208,+255714***741,1970-01-01T00:00:00Z,TIGO_PESA_CASH_OUT,107080.81,TERMINATED,Arusha,360,2G_GSM,Samsung Galaxy A14; Android 13,"VIP Subscriber, priority routing"
REC-100861,+255714***247,+255714***015,2023-11-15T22:08:22Z,SMS_PACK,66321.47,ACTIVE,Zanzibar,0,5G_NR,Tecno Spark 10 Pro,Standard call; cell handover success
REC-100141,+255714***208,+255714***960,1970-01-01T00:00:00Z,TIGO_PESA_CASH_OUT,131925.0,ACTIVE,Dodoma,1800,3G_WCDMA,"iPhone 13,2 (iOS 16.5)",Flagged for KYC update; verified by agent
REC-100497,+255714***605,+255714***685,2023-11-15T15:54:14Z,BUNDLE_PURCHASE,96878.47,TERMINATED,Other / Unknown,30,3G_WCDMA,Huawei P40 Lite,
REC-100095,+255714***343,+255714***016,2023-12-01T12:19:00Z,TIGO_PESA_CASH_IN,17675.35,SUSPENDED,Dodoma,1800,UNKNOWN,Unknown,Standard call; cell handover success
REC-100786,+255714***096,+255714***290,2023-11-26T13:54:15Z,BUNDLE_PURCHASE,57471.43,PENDING_KYC,Dar es Salaam,30,UNKNOWN,Transsion Infinix Hot 30,"Customer stated: 'Cannot connect to 4G in Posta area, please help'"
REC-101313,UNKNOWN,+255714***822,2023-11-23T06:16:00Z,BUNDLE_PURCHASE,48994.0,PENDING_KYC,Other / Unknown,360,UNKNOWN,Tecno Spark 10 Pro,Flagged for KYC update; verified by agent
REC-102081,UNKNOWN,+255714***617,2023-11-09T20:49:22Z,TIGO_PESA_CASH_IN,82169.65,TERMINATED,Dodoma,30,2G_GSM,Nokia 105 (Feature Phone),"VIP Subscriber, priority routing"
REC-100457,+255714***590,+255714***003,2023-12-03T05:41:00Z,SMS_PACK,23094.77,SUSPENDED,Mwanza,120,3G_WCDMA,"iPhone 13,2 (iOS 16.5)",None
REC-100475,INVA *** 140,+255714***892,2023-11-09T16:06:25Z,VOICE_CALL,74822.95,SUSPENDED,Dodoma,30,UNKNOWN,Unknown,
REC-100936,+255714***151,+255714***345,2023-11-22T16:15:51Z,VOICE_CALL,71862.94,PENDING_KYC,Mbeya,135,4G_LTE,"iPhone 13,2 (iOS 16.5)","Customer stated: 'Cannot connect to 4G in Posta area, please help'"
REC-101705,+255714***702,+255714***865,1970-01-01T00:00:00Z,DATA_RECHARGE,101951.94,ACTIVE,Dar es Salaam,135,2G_GSM,Samsung Galaxy A14; Android 13,None
REC-101754,+255714***522,+255714***124,2023-12-04T12:08:00Z,BUNDLE_PURCHASE,0.0,ACTIVE,Mwanza,30,UNKNOWN,Samsung Galaxy A14; Android 13,None
REC-100325,+255714***181,+255714***768,2023-11-07T03:35:21Z,BUNDLE_PURCHASE,69450.0,TERMINATED,Other / Unknown,0,5G_NR,Samsung Galaxy A14; Android 13,Flagged for KYC update; verified by agent
REC-100658,+255714***371,+255714***248,2023-11-26T22:41:10Z,VOICE_CALL,11443.0,PENDING_KYC,Dodoma,30,4G_LTE,Transsion Infinix Hot 30,None
REC-100966,+255714***921,+255714***494,2023-11-08T02:31:10Z,TIGO_PESA_CASH_OUT,134925.0,SUSPENDED,Mwanza,30,5G_NR,Nokia 105 (Feature Phone),"Customer stated: 'Cannot connect to 4G in Posta area, please help'"
REC-101353,+255714***277,+255714***001,2023-11-22T03:21:55Z,TIGO_PESA_CASH_OUT,143500.0,PENDING_KYC,Dodoma,135,UNKNOWN,Tecno Spark 10 Pro,Standard call; cell handover success
REC-100759,+255714***781,INVA *** 140,2023-12-03T08:11:44Z,DATA_RECHARGE,5012.77,ACTIVE,Arusha,0,4G_LTE,Huawei P40 Lite,None
REC-101222,+255714***838,+255714***590,2023-11-16T16:48:57Z,TIGO_PESA_CASH_OUT,0.0,SUSPENDED,Zanzibar,0,5G_NR,Transsion Infinix Hot 30,"VIP Subscriber, priority routing"
REC-100971,+255714***154,+255714***192,2023-11-18T00:29:00Z,BUNDLE_PURCHASE,116813.15,CHURNED,Zanzibar,0,2G_GSM,Nokia 105 (Feature Phone),"VIP Subscriber, priority routing"
REC-101504,+255714***111,+255714***918,2023-11-20T21:28:00Z,DATA_RECHARGE,56052.8,CHURNED,Arusha,0,UNKNOWN,Unknown,Flagged for KYC update; verified by agent
REC-102041,INVA *** 000,+255714***591,2023-11-10T22:46:36Z,SMS_PACK,104731.69,TERMINATED,Dar es Salaam,45,2G_GSM,Samsung Galaxy A14; Android 13,"USSD session timeout, retry OK"
REC-102044,+255714***467,+255714***439,2023-11-25T14:01:17Z,SMS_PACK,57355.47,CHURNED,Dar es Salaam,0,2G_GSM,Tecno Spark 10 Pro,"Customer stated: 'Cannot connect to 4G in Posta area, please help'"
REC-102170,INVA *** 140,+255714***316,2023-11-21T21:32:00Z,SMS_PACK,0.0,CHURNED,Zanzibar,1800,2G_GSM,Transsion Infinix Hot 30,Flagged for KYC update; verified by agent
REC-101626,+255714***577,+255714***755,2023-11-04T22:02:32Z,BUNDLE_PURCHASE,0.0,CHURNED,Arusha,1800,UNKNOWN,Nokia 105 (Feature Phone),None
REC-102035,+255714***330,+255714***469,2023-11-17T12:04:40Z,BUNDLE_PURCHASE,30145.72,SUSPENDED,Other / Unknown,30,4G_LTE,Huawei P40 Lite,"Customer stated: 'Cannot connect to 4G in Posta area, please help'"
REC-102350,+255714***138,INVA *** 140,2023-11-09T02:53:10Z,TIGO_PESA_CASH_OUT,61378.91,PENDING_KYC,Arusha,1800,4G_LTE,Huawei P40 Lite,Flagged for KYC update; verified by agent
REC-102289,INVA *** 140,UNKNOWN,2023-12-02T02:01:24Z,TIGO_PESA_CASH_OUT,60525.0,UNKNOWN,Zanzibar,0,4G_LTE,Tecno Spark 10 Pro,"Customer stated: 'Cannot connect to 4G in Posta area, please help'"
REC-102189,+255714***549,UNKNOWN,2023-11-24T08:29:25Z,TIGO_PESA_CASH_OUT,7124.54,TERMINATED,Other / Unknown,0,UNKNOWN,"iPhone 13,2 (iOS 16.5)","Customer stated: 'Cannot connect to 4G in Posta area, please help'"
REC-102293,+255714***111,+255714***918,2023-11-15T09:43:51Z,TIGO_PESA_CASH_IN,6323.47,PENDING_KYC,Zanzibar,0,4G_LTE,Tecno Spark 10 Pro,"VIP Subscriber, priority routing"
REC-100730,+255714***770,+255714***933,2023-11-28T21:29:01Z,BUNDLE_PURCHASE,0.0,UNKNOWN,Other / Unknown,45,4G_LTE,Samsung Galaxy A14; Android 13,Flagged for KYC update; verified by agent
REC-101255,+255714***825,+255714***659,2023-11-30T03:45:39Z,TIGO_PESA_CASH_OUT,32474.21,TERMINATED,Dar es Salaam,0,UNKNOWN,Samsung Galaxy A14; Android 13,None
REC-101148,+255714***795,+255714***085,2023-11-22T01:23:00Z,SMS_PACK,81645.0,PENDING_KYC,Morogoro,1800,4G_LTE,Samsung Galaxy A14; Android 13,
REC-101597,+255714***247,+255714***495,2023-11-14T06:26:59Z,DATA_RECHARGE,123900.0,SUSPENDED,Dodoma,0,2G_GSM,Transsion Infinix Hot 30,Standard call; cell handover success
REC-101043,+255714***782,INVA *** 140,2023-12-03T22:26:56Z,VOICE_CALL,147310.51,CHURNED,Dar es Salaam,45,4G_LTE,Huawei P40 Lite,"VIP Subscriber, priority routing"
REC-102328,+255714***398,+255714***304,2023-11-23T23:37:16Z,VOICE_CALL,72363.49,SUSPENDED,Dar es Salaam,45,4G_LTE,Transsion Infinix Hot 30,"USSD session timeout, retry OK"
REC-100850,+255714***508,UNKNOWN,2023-11-04T00:00:00Z,TIGO_PESA_CASH_OUT,105639.36,SUSPENDED,Mwanza,0,2G_GSM,Huawei P40 Lite,Flagged for KYC update; verified by agent
REC-100991,INVA *** 140,+255714***113,2023-11-29T10:29:36Z,VOICE_CALL,86300.0,SUSPENDED,Dar es Salaam,135,UNKNOWN,Tecno Spark 10 Pro,"Customer stated: 'Cannot connect to 4G in Posta area, please help'"
REC-100764,+255714***796,+255714***713,2023-11-20T19:04:00Z,VOICE_CALL,36309.72,ACTIVE,Dar es Salaam,120,2G_GSM,Samsung Galaxy A14; Android 13,None
REC-100417,+255714***755,INVA *** 140,2023-11-14T07:29:00Z,TIGO_PESA_CASH_OUT,13981.86,SUSPENDED,Dar es Salaam,0,4G_LTE,Nokia 105 (Feature Phone),"Customer stated: 'Cannot connect to 4G in Posta area, please help'"
REC-100440,+255714***303,+255714***865,2023-11-27T02:48:11Z,VOICE_CALL,68610.0,PENDING_KYC,Zanzibar,120,4G_LTE,"iPhone 13,2 (iOS 16.5)",None
REC-101548,+255714***003,+255714***138,2023-11-20T01:38:05Z,SMS_PACK,121725.0,CHURNED,Arusha,120,4G_LTE,Nokia 105 (Feature Phone),"VIP Subscriber, priority routing"
REC-102185,+255714***357,+255714***412,2023-11-27T00:36:00Z,TIGO_PESA_CASH_OUT,19185.91,ACTIVE,Dar es Salaam,0,5G_NR,Nokia 105 (Feature Phone),"USSD session timeout, retry OK"
REC-100252,+255714***496,+255714***028,2023-11-13T03:16:00Z,SMS_PACK,769.0,UNKNOWN,Dodoma,0,4G_LTE,Huawei P40 Lite,"USSD session timeout, retry OK"
REC-100384,INVA *** 140,+255714***839,2023-11-28T15:54:32Z,BUNDLE_PURCHASE,23542.66,PENDING_KYC,Other / Unknown,30,4G_LTE,Samsung Galaxy A14; Android 13,Standard call; cell handover success
REC-100892,+255714***455,+255714***083,2023-11-23T13:10:48Z,BUNDLE_PURCHASE,53900.0,ACTIVE,Arusha,0,UNKNOWN,Unknown,"USSD session timeout, retry OK"
REC-101330,+255714***151,+255714***810,2023-11-23T01:45:55Z,SMS_PACK,83293.06,UNKNOWN,Arusha,0,4G_LTE,Nokia 105 (Feature Phone),"Customer stated: 'Cannot connect to 4G in Posta area, please help'"
REC-101697,+255714***839,+255714***195,2023-12-03T19:37:57Z,DATA_RECHARGE,33075.0,UNKNOWN,Zanzibar,0,3G_WCDMA,Nokia 105 (Feature Phone),
REC-102091,+255714***386,INVA *** 140,2023-11-17T01:03:00Z,VOICE_CALL,123809.78,TERMINATED,Arusha,0,5G_NR,Transsion Infinix Hot 30,Flagged for KYC update; verified by agent
REC-100729,+255714***274,+255714***207,2023-11-25T07:59:14Z,DATA_RECHARGE,92833.17,TERMINATED,Dar es Salaam,360,4G_LTE,"iPhone 13,2 (iOS 16.5)",
REC-101564,+255714***112,+255714***030,2023-11-14T01:24:15Z,SMS_PACK,24613.4,UNKNOWN,Dodoma,120,UNKNOWN,Samsung Galaxy A14; Android 13,"VIP Subscriber, priority routing"
REC-100594,+255714***042,+255714***357,2023-11-29T00:54:00Z,VOICE_CALL,0.0,TERMINATED,Other / Unknown,1800,5G_NR,Samsung Galaxy A14; Android 13,"VIP Subscriber, priority routing"
REC-102269,+255714***797,+255714***014,2023-11-28T17:11:56Z,VOICE_CALL,0.0,TERMINATED,Other / Unknown,0,5G_NR,"iPhone 13,2 (iOS 16.5)",Flagged for KYC update; verified by agent
REC-101139,+255714***083,+255714***987,2023-11-05T01:15:00Z,TIGO_PESA_CASH_IN,9469.1,TERMINATED,Morogoro,1800,4G_LTE,Tecno Spark 10 Pro,None
REC-100689,+255714***016,+255714***003,2023-12-03T23:37:00Z,DATA_RECHARGE,0.0,UNKNOWN,Zanzibar,0,4G_LTE,Transsion Infinix Hot 30,None
REC-101982,+255714***481,+255714***411,2023-11-11T08:03:43Z,BUNDLE_PURCHASE,64237.61,ACTIVE,Arusha,45,4G_LTE,Unknown,None
REC-101328,+255714***125,INVA *** 140,2023-11-30T08:38:00Z,DATA_RECHARGE,115156.79,ACTIVE,Other / Unknown,0,4G_LTE,Unknown,Flagged for KYC update; verified by agent
REC-100695,+255714***576,+255714***592,2023-11-10T15:22:51Z,BUNDLE_PURCHASE,99725.0,ACTIVE,Dodoma,0,2G_GSM,Unknown,"Customer stated: 'Cannot connect to 4G in Posta area, please help'"
REC-101708,INVA *** 140,INVA *** 140,2023-11-04T00:00:00Z,SMS_PACK,0.0,TERMINATED,Dar es Salaam,45,5G_NR,Huawei P40 Lite,
REC-100102,+255714***111,+255714***797,2023-11-20T06:36:00Z,DATA_RECHARGE,120298.0,CHURNED,Dar es Salaam,135,UNKNOWN,Samsung Galaxy A14; Android 13,Flagged for KYC update; verified by agent
REC-101305,INVA *** 140,INVA *** 000,2023-12-04T09:25:41Z,TIGO_PESA_CASH_OUT,41597.56,ACTIVE,Other / Unknown,0,3G_WCDMA,Huawei P40 Lite,Standard call; cell handover success
REC-102070,INVA *** 140,+255714***973,2023-11-15T23:33:48Z,TIGO_PESA_CASH_OUT,67199.0,ACTIVE,Other / Unknown,1800,2G_GSM,Transsion Infinix Hot 30,None
REC-101450,+255714***384,+255714***880,2023-12-04T04:45:30Z,SMS_PACK,145859.44,ACTIVE,Mbeya,360,4G_LTE,Huawei P40 Lite,"VIP Subscriber, priority routing"
REC-100566,+255714***508,+255714***976,2023-12-02T03:20:23Z,DATA_RECHARGE,32099.35,TERMINATED,Mwanza,0,4G_LTE,Samsung Galaxy A14; Android 13,Standard call; cell handover success
REC-101873,+255714***562,+255714***304,2023-11-20T04:11:00Z,VOICE_CALL,30175.0,PENDING_KYC,Dar es Salaam,30,4G_LTE,Unknown,"Customer stated: 'Cannot connect to 4G in Posta area, please help'"
REC-101402,+255714***304,+255714***291,2023-11-04T00:00:00Z,TIGO_PESA_CASH_IN,98096.78,PENDING_KYC,Mwanza,45,UNKNOWN,"iPhone 13,2 (iOS 16.5)",None
REC-100151,+255714***454,INVA *** 000,2023-11-18T12:56:00Z,SMS_PACK,31488.0,TERMINATED,Zanzibar,30,2G_GSM,Unknown,
REC-100754,INVA *** 000,+255714***537,2023-11-25T06:14:28Z,SMS_PACK,42132.18,ACTIVE,Arusha,135,5G_NR,Tecno Spark 10 Pro,"Customer stated: 'Cannot connect to 4G in Posta area, please help'"
REC-100580,+255714***236,+255714***605,2023-11-21T08:13:54Z,TIGO_PESA_CASH_OUT,104778.41,TERMINATED,Arusha,0,5G_NR,Transsion Infinix Hot 30,Flagged for KYC update; verified by agent
REC-100129,+255714***343,+255714***701,2023-11-08T05:48:00Z,BUNDLE_PURCHASE,21085.42,TERMINATED,Other / Unknown,360,4G_LTE,Samsung Galaxy A14; Android 13,"VIP Subscriber, priority routing"
REC-101540,+255714***617,+255714***565,2023-11-22T15:08:00Z,VOICE_CALL,0.0,PENDING_KYC,Mwanza,1800,3G_WCDMA,Nokia 105 (Feature Phone),None
REC-100739,INVA *** 140,+255714***426,2023-11-14T13:18:00Z,DATA_RECHARGE,1050.0,UNKNOWN,Dar es Salaam,1800,3G_WCDMA,Huawei P40 Lite,
REC-100814,+255714***796,UNKNOWN,2023-11-09T11:08:08Z,DATA_RECHARGE,69412.64,ACTIVE,Arusha,0,3G_WCDMA,"iPhone 13,2 (iOS 16.5)","USSD session timeout, retry OK"
REC-101384,+255714***974,+255714***592,2023-11-07T16:20:28Z,BUNDLE_PURCHASE,19453.2,UNKNOWN,Morogoro,1800,4G_LTE,Samsung Galaxy A14; Android 13,Standard call; cell handover success
REC-100303,+255714***110,+255714***606,2023-11-13T18:15:45Z,SMS_PACK,51021.07,UNKNOWN,Dar es Salaam,0,3G_WCDMA,Nokia 105 (Feature Phone),Standard call; cell handover success
REC-101006,INVA *** 140,+255714***866,2023-11-11T10:21:29Z,DATA_RECHARGE,99051.88,TERMINATED,Tanga,0,4G_LTE,"iPhone 13,2 (iOS 16.5)","USSD session timeout, retry OK"
REC-100314,INVA *** 140,+255714***920,2023-12-02T07:26:21Z,BUNDLE_PURCHASE,54033.8,SUSPENDED,Arusha,1800,4G_LTE,Unknown,Standard call; cell handover success
REC-100318,+255714***976,INVA *** 140,2023-11-14T17:48:00Z,SMS_PACK,94612.42,PENDING_KYC,Dar es Salaam,120,2G_GSM,Unknown,
REC-101460,+255714***083,+255714***428,2023-11-13T04:58:59Z,VOICE_CALL,132769.27,CHURNED,Dodoma,1800,4G_LTE,Samsung Galaxy A14; Android 13,"USSD session timeout, retry OK"
REC-101530,INVA *** 140,+255714***743,2023-11-18T18:48:48Z,DATA_RECHARGE,28978.81,ACTIVE,Dar es Salaam,120,4G_LTE,Tecno Spark 10 Pro,"Customer stated: 'Cannot connect to 4G in Posta area, please help'"
REC-100770,+255714***399,+255714***288,2023-11-30T22:40:54Z,VOICE_CALL,75075.0,SUSPENDED,Mwanza,45,4G_LTE,Tecno Spark 10 Pro,Standard call; cell handover success
REC-100043,+255714***303,+255714***195,2023-11-23T15:17:20Z,BUNDLE_PURCHASE,84876.6,PENDING_KYC,Arusha,0,4G_LTE,Samsung Galaxy A14; Android 13,"USSD session timeout, retry OK"
REC-102242,+255714***619,+255714***660,2023-11-28T06:03:47Z,TIGO_PESA_CASH_IN,0.0,ACTIVE,Dodoma,360,2G_GSM,Transsion Infinix Hot 30,Standard call; cell handover success
REC-101408,+255714***455,+255714***796,2023-11-21T23:01:00Z,TIGO_PESA_CASH_IN,39652.19,UNKNOWN,Arusha,1800,5G_NR,Nokia 105 (Feature Phone),"VIP Subscriber, priority routing"
REC-102253,+255714***797,+255714***674,2023-11-18T22:19:49Z,DATA_RECHARGE,95485.78,TERMINATED,Mwanza,0,2G_GSM,Transsion Infinix Hot 30,Flagged for KYC update; verified by agent
REC-100923,+255714***208,+255714***017,2023-11-24T17:20:00Z,SMS_PACK,100611.36,UNKNOWN,Arusha,360,4G_LTE,"iPhone 13,2 (iOS 16.5)","Customer stated: 'Cannot connect to 4G in Posta area, please help'"
REC-100346,UNKNOWN,+255714***523,2023-11-20T22:31:51Z,BUNDLE_PURCHASE,92297.0,ACTIVE,Arusha,135,4G_LTE,Samsung Galaxy A14; Android 13,None
REC-102339,+255714***466,+255714***192,2023-11-26T15:33:00Z,VOICE_CALL,33150.0,ACTIVE,Dodoma,135,4G_LTE,Transsion Infinix Hot 30,None
REC-101901,+255714***138,+255714***537,2023-11-09T12:20:19Z,TIGO_PESA_CASH_IN,11770.49,UNKNOWN,Morogoro,45,4G_LTE,Samsung Galaxy A14; Android 13,None
REC-100453,+255714***702,+255714***112,2023-11-18T01:46:13Z,TIGO_PESA_CASH_OUT,77775.0,ACTIVE,Arusha,0,4G_LTE,Nokia 105 (Feature Phone),
REC-101201,INVA *** 140,+255714***165,2023-11-08T09:03:00Z,TIGO_PESA_CASH_IN,0.0,ACTIVE,Dar es Salaam,45,4G_LTE,Nokia 105 (Feature Phone),"USSD session timeout, retry OK"
REC-101374,+255714***591,+255714***647,2023-12-02T14:20:07Z,SMS_PACK,139575.0,ACTIVE,Mwanza,0,2G_GSM,Tecno Spark 10 Pro,Flagged for KYC update; verified by agent
REC-101796,+255714***098,INVA *** 140,2023-11-30T16:56:02Z,VOICE_CALL,102300.0,CHURNED,Arusha,0,4G_LTE,Huawei P40 Lite,"USSD session timeout, retry OK"
REC-100316,+255714***304,+255714***742,2023-12-04T07:14:00Z,BUNDLE_PURCHASE,36952.16,TERMINATED,Dodoma,0,3G_WCDMA,Tecno Spark 10 Pro,Standard call; cell handover success
REC-102327,+255714***510,+255714***880,2023-12-03T22:09:00Z,DATA_RECHARGE,19403.56,UNKNOWN,Mbeya,45,4G_LTE,Samsung Galaxy A14; Android 13,"Customer stated: 'Cannot connect to 4G in Posta area, please help'"
REC-101001,+255714***084,+255714***343,2023-12-03T10:51:02Z,DATA_RECHARGE,130019.0,CHURNED,Tanga,135,UNKNOWN,"iPhone 13,2 (iOS 16.5)","Customer stated: 'Cannot connect to 4G in Posta area, please help'"
REC-101619,UNKNOWN,+255714***565,2023-11-30T12:01:25Z,SMS_PACK,137897.39,TERMINATED,Dar es Salaam,30,4G_LTE,Samsung Galaxy A14; Android 13,Flagged for KYC update; verified by agent
REC-100864,+255714***345,+255714***044,2023-11-07T06:46:12Z,VOICE_CALL,0.0,TERMINATED,Mbeya,0,3G_WCDMA,Huawei P40 Lite,
REC-100699,INVA *** 000,+255714***577,2023-11-30T03:12:00Z,SMS_PACK,42814.0,SUSPENDED,Mbeya,135,4G_LTE,"iPhone 13,2 (iOS 16.5)","USSD session timeout, retry OK"
REC-101155,+255714***288,+255714***631,2023-11-12T13:12:35Z,DATA_RECHARGE,137685.02,ACTIVE,Arusha,360,3G_WCDMA,Huawei P40 Lite,None
REC-100405,+255714***591,+255714***469,2023-11-04T00:00:00Z,TIGO_PESA_CASH_IN,73744.96,CHURNED,Dodoma,360,4G_LTE,Huawei P40 Lite,"USSD session timeout, retry OK"
REC-100272,+255714***318,+255714***236,2023-11-05T20:12:15Z,TIGO_PESA_CASH_OUT,0.0,SUSPENDED,Arusha,120,4G_LTE,"iPhone 13,2 (iOS 16.5)","USSD session timeout, retry OK"
REC-102464,+255714***494,+255714***303,2023-11-28T10:28:40Z,DATA_RECHARGE,0.0,TERMINATED,Mbeya,45,4G_LTE,Tecno Spark 10 Pro,Standard call; cell handover success
REC-101822,+255714***591,+255714***195,2023-11-23T16:10:40Z,TIGO_PESA_CASH_OUT,0.0,SUSPENDED,Mwanza,45,3G_WCDMA,Transsion Infinix Hot 30,Flagged for KYC update; verified by agent
REC-100217,INVA *** 000,+255714***000,1970-01-01T00:00:00Z,SMS_PACK,0.0,TERMINATED,Dar es Salaam,30,5G_NR,Samsung Galaxy A14; Android 13,"USSD session timeout, retry OK"
REC-100544,INVA *** 140,+255714***110,2023-11-04T00:00:00Z,TIGO_PESA_CASH_IN,74719.44,ACTIVE,Mwanza,30,UNKNOWN,Huawei P40 Lite,
REC-101730,+255714***891,+255714***454,2023-11-09T16:03:00Z,BUNDLE_PURCHASE,27910.98,CHURNED,Arusha,360,3G_WCDMA,"iPhone 13,2 (iOS 16.5)",Standard call; cell handover success
REC-100853,+255714***647,+255714***372,2023-11-07T22:40:01Z,TIGO_PESA_CASH_OUT,89923.0,ACTIVE,Mbeya,0,4G_LTE,Tecno Spark 10 Pro,
REC-100636,UNKNOWN,+255714***179,2023-11-22T21:41:00Z,SMS_PACK,118218.41,SUSPENDED,Mwanza,0,4G_LTE,Tecno Spark 10 Pro,None
REC-102048,+255714***702,+255714***796,2023-11-25T03:51:05Z,TIGO_PESA_CASH_IN,132504.04,PENDING_KYC,Dar es Salaam,1800,5G_NR,Huawei P40 Lite,"VIP Subscriber, priority routing"
REC-100583,+255714***017,+255714***262,2023-11-05T09:20:45Z,TIGO_PESA_CASH_IN,132195.46,SUSPENDED,Arusha,1800,4G_LTE,Unknown,"VIP Subscriber, priority routing"
REC-101511,INVA *** 140,+255714***987,2023-11-24T02:22:00Z,TIGO_PESA_CASH_OUT,80031.0,CHURNED,Dar es Salaam,1800,3G_WCDMA,"iPhone 13,2 (iOS 16.5)","VIP Subscriber, priority routing"
REC-101728,+255714***962,+255714***221,2023-11-30T02:33:41Z,BUNDLE_PURCHASE,29219.76,TERMINATED,Dodoma,0,4G_LTE,Transsion Infinix Hot 30,None
REC-100678,+255714***494,+255714***714,2023-11-05T21:08:00Z,SMS_PACK,100018.51,PENDING_KYC,Other / Unknown,45,5G_NR,"iPhone 13,2 (iOS 16.5)",Standard call; cell handover success
REC-101896,+255714***085,+255714***015,2023-11-30T12:36:24Z,TIGO_PESA_CASH_OUT,144771.87,SUSPENDED,Morogoro,0,5G_NR,Samsung Galaxy A14; Android 13,"VIP Subscriber, priority routing"
REC-100128,+255714***167,+255714***701,2023-11-25T18:43:50Z,VOICE_CALL,19371.39,CHURNED,Dodoma,135,2G_GSM,Samsung Galaxy A14; Android 13,Standard call; cell handover success
REC-102194,+255714***453,INVA *** 140,2023-11-13T03:43:00Z,BUNDLE_PURCHASE,47234.0,CHURNED,Arusha,0,4G_LTE,Unknown,"USSD session timeout, retry OK"
REC-100035,+255714***810,UNKNOWN,2023-11-08T15:00:58Z,TIGO_PESA_CASH_IN,77560.0,TERMINATED,Dar es Salaam,120,4G_LTE,Tecno Spark 10 Pro,Flagged for KYC update; verified by agent
REC-100079,+255714***646,+255714***768,2023-11-11T03:34:00Z,SMS_PACK,15026.0,ACTIVE,Mwanza,0,4G_LTE,Huawei P40 Lite,"USSD session timeout, retry OK"
REC-100536,+255714***412,+255714***002,2023-11-20T14:44:41Z,SMS_PACK,126705.94,TERMINATED,Mwanza,0,2G_GSM,Unknown,Standard call; cell handover success
REC-102415,INVA *** 000,INVA *** 140,2023-11-04T00:00:00Z,TIGO_PESA_CASH_IN,42175.0,PENDING_KYC,Mwanza,0,4G_LTE,Tecno Spark 10 Pro,"VIP Subscriber, priority routing"
REC-101221,+255714***386,+255714***411,2023-11-11T15:28:00Z,SMS_PACK,97370.52,CHURNED,Mwanza,135,3G_WCDMA,Nokia 105 (Feature Phone),Standard call; cell handover success
REC-100989,+255714***701,+255714***976,2023-11-05T15:10:49Z,DATA_RECHARGE,18318.97,CHURNED,Zanzibar,0,UNKNOWN,Huawei P40 Lite,"VIP Subscriber, priority routing"
REC-101717,+255714***700,+255714***195,2023-11-30T14:20:34Z,VOICE_CALL,52349.53,SUSPENDED,Dar es Salaam,45,UNKNOWN,Unknown,"USSD session timeout, retry OK"
REC-102083,+255714***044,+255714***288,2023-11-04T00:00:00Z,TIGO_PESA_CASH_OUT,122787.43,ACTIVE,Dodoma,360,2G_GSM,Transsion Infinix Hot 30,Flagged for KYC update; verified by agent
REC-101747,INVA *** 140,+255714***784,2023-11-23T17:48:16Z,SMS_PACK,56600.0,PENDING_KYC,Other / Unknown,30,3G_WCDMA,Tecno Spark 10 Pro,"Customer stated: 'Cannot connect to 4G in Posta area, please help'"
REC-100304,+255714***428,+255714***673,2023-11-06T20:48:44Z,BUNDLE_PURCHASE,0.0,PENDING_KYC,Zanzibar,45,4G_LTE,Huawei P40 Lite,Flagged for KYC update; verified by agent
REC-102096,+255714***729,+255714***017,2023-11-15T15:38:55Z,VOICE_CALL,0.0,SUSPENDED,Arusha,135,5G_NR,Tecno Spark 10 Pro,"VIP Subscriber, priority routing"
REC-101054,UNKNOWN,+255714***507,2023-11-18T14:36:00Z,VOICE_CALL,135707.0,TERMINATED,Arusha,135,UNKNOWN,"iPhone 13,2 (iOS 16.5)","USSD session timeout, retry OK"
REC-100445,+255714***329,+255714***961,2023-11-22T21:41:07Z,TIGO_PESA_CASH_IN,74397.0,ACTIVE,Arusha,45,2G_GSM,Unknown,
REC-101969,+255714***414,+255714***795,2023-11-29T09:28:40Z,TIGO_PESA_CASH_IN,0.0,ACTIVE,Dar es Salaam,360,UNKNOWN,"iPhone 13,2 (iOS 16.5)",Standard call; cell handover success
REC-101555,+255714***370,+255714***070,2023-11-29T11:30:00Z,VOICE_CALL,97125.0,ACTIVE,Arusha,120,4G_LTE,Samsung Galaxy A14; Android 13,Flagged for KYC update; verified by agent
REC-100582,+255714***976,+255714***592,2023-11-08T16:38:00Z,SMS_PACK,72692.02,SUSPENDED,Tanga,0,4G_LTE,Unknown,"Customer stated: 'Cannot connect to 4G in Posta area, please help'"
REC-100758,UNKNOWN,+255714***976,2023-11-15T09:53:06Z,VOICE_CALL,112175.81,ACTIVE,Dodoma,0,4G_LTE,Transsion Infinix Hot 30,"USSD session timeout, retry OK"
REC-102112,+255714***948,UNKNOWN,2023-11-26T06:12:00Z,VOICE_CALL,50850.0,CHURNED,Dodoma,135,4G_LTE,Tecno Spark 10 Pro,"VIP Subscriber, priority routing"
REC-101177,+255714***713,+255714***522,2023-12-02T02:12:00Z,TIGO_PESA_CASH_IN,148568.73,ACTIVE,Arusha,0,5G_NR,Nokia 105 (Feature Phone),"Customer stated: 'Cannot connect to 4G in Posta area, please help'"
REC-102309,+255714***685,+255714***055,2023-11-27T00:40:50Z,BUNDLE_PURCHASE,45400.0,UNKNOWN,Zanzibar,360,2G_GSM,Tecno Spark 10 Pro,Standard call; cell handover success
REC-102193,+255714***563,+255714***425,2023-11-06T00:37:00Z,SMS_PACK,127034.38,ACTIVE,Dodoma,0,2G_GSM,Unknown,
REC-102036,+255714***057,+255714***480,2023-11-23T12:30:44Z,TIGO_PESA_CASH_IN,77878.99,ACTIVE,Other / Unknown,0,3G_WCDMA,Tecno Spark 10 Pro,Standard call; cell handover success
REC-101018,+255714***236,+255714***974,2023-11-04T00:00:00Z,DATA_RECHARGE,66786.0,TERMINATED,Dar es Salaam,0,2G_GSM,Tecno Spark 10 Pro,Standard call; cell handover success
REC-101286,+255714***372,+255714***605,2023-11-20T02:40:00Z,VOICE_CALL,68243.97,UNKNOWN,Arusha,0,4G_LTE,Transsion Infinix Hot 30,
REC-101907,+255714***920,+255714***647,2023-12-01T05:11:00Z,SMS_PACK,93950.44,PENDING_KYC,Arusha,30,3G_WCDMA,Unknown,None
REC-101510,+255714***795,+255714***548,2023-11-05T05:35:32Z,VOICE_CALL,93601.0,ACTIVE,Arusha,0,4G_LTE,Tecno Spark 10 Pro,"VIP Subscriber, priority routing"
REC-100615,+255714***453,+255714***494,2023-12-03T14:42:22Z,TIGO_PESA_CASH_IN,2873.0,ACTIVE,Tanga,0,4G_LTE,Samsung Galaxy A14; Android 13,
REC-102340,+255714***070,+255714***562,2023-11-12T07:03:50Z,DATA_RECHARGE,31595.15,CHURNED,Dodoma,120,4G_LTE,Nokia 105 (Feature Phone),Standard call; cell handover success
REC-100899,+255714***988,+255714***370,2023-11-16T12:21:28Z,VOICE_CALL,41232.51,CHURNED,Other / Unknown,135,4G_LTE,Unknown,
REC-100915,+255714***795,+255714***810,2023-11-19T04:43:41Z,BUNDLE_PURCHASE,114121.11,CHURNED,Dodoma,135,4G_LTE,Transsion Infinix Hot 30,"USSD session timeout, retry OK"
REC-100313,+255714***727,+255714***454,2023-11-04T18:47:57Z,TIGO_PESA_CASH_IN,0.0,ACTIVE,Arusha,30,2G_GSM,Samsung Galaxy A14; Android 13,None
REC-101360,+255714***768,+255714***399,2023-11-14T04:01:58Z,SMS_PACK,120646.19,SUSPENDED,Zanzibar,360,UNKNOWN,Transsion Infinix Hot 30,"Customer stated: 'Cannot connect to 4G in Posta area, please help'"
REC-100275,INVA *** 000,+255714***153,2023-12-03T08:01:02Z,BUNDLE_PURCHASE,42760.0,PENDING_KYC,Dar es Salaam,30,5G_NR,Nokia 105 (Feature Phone),"USSD session timeout, retry OK"
REC-101040,INVA *** 140,+255714***467,2023-11-07T14:21:18Z,BUNDLE_PURCHASE,62349.86,SUSPENDED,Arusha,45,UNKNOWN,"iPhone 13,2 (iOS 16.5)","VIP Subscriber, priority routing"
REC-100940,+255714***206,+255714***864,2023-11-07T02:12:44Z,TIGO_PESA_CASH_OUT,27337.93,UNKNOWN,Dar es Salaam,0,UNKNOWN,Samsung Galaxy A14; Android 13,"USSD session timeout, retry OK"
REC-100160,+255714***274,+255714***042,2023-11-10T05:57:50Z,TIGO_PESA_CASH_OUT,46367.55,UNKNOWN,Mwanza,0,4G_LTE,Tecno Spark 10 Pro,"USSD session timeout, retry OK"
REC-101047,+255714***713,INVA *** 140,2023-11-26T13:56:00Z,SMS_PACK,82423.07,PENDING_KYC,Dar es Salaam,1800,4G_LTE,Tecno Spark 10 Pro,Flagged for KYC update; verified by agent
REC-101042,+255714***302,+255714***288,2023-11-16T17:50:00Z,TIGO_PESA_CASH_OUT,14064.81,SUSPENDED,Arusha,30,4G_LTE,Nokia 105 (Feature Phone),"VIP Subscriber, priority routing"
REC-101959,+255714***165,+255714***647,2023-11-24T05:23:11Z,TIGO_PESA_CASH_OUT,90825.0,ACTIVE,Dodoma,120,4G_LTE,Unknown,"USSD session timeout, retry OK"
REC-100755,+255714***796,+255714***851,2023-11-20T16:44:14Z,DATA_RECHARGE,120420.0,SUSPENDED,Dodoma,135,2G_GSM,Transsion Infinix Hot 30,Standard call; cell handover success
REC-101778,+255714***674,+255714***291,2023-12-01T08:20:00Z,SMS_PACK,0.0,UNKNOWN,Zanzibar,0,4G_LTE,Transsion Infinix Hot 30,"Customer stated: 'Cannot connect to 4G in Posta area, please help'"
REC-101232,+255714***233,INVA *** 140,2023-11-18T02:55:28Z,SMS_PACK,88499.62,SUSPENDED,Dar es Salaam,30,4G_LTE,Huawei P40 Lite,"VIP Subscriber, priority routing"
REC-100722,+255714***976,+255714***836,2023-11-10T05:32:43Z,TIGO_PESA_CASH_IN,45227.11,SUSPENDED,Dar es Salaam,135,4G_LTE,Tecno Spark 10 Pro,
REC-102395,+255714***715,+255714***179,2023-11-22T14:53:33Z,SMS_PACK,103008.1,CHURNED,Dar es Salaam,0,2G_GSM,Huawei P40 Lite,"VIP Subscriber, priority routing"
REC-102161,INVA *** 000,INVA *** 140,1970-01-01T00:00:00Z,SMS_PACK,37260.84,UNKNOWN,Mwanza,360,4G_LTE,Huawei P40 Lite,
REC-100846,INVA *** 000,INVA *** 140,2023-11-16T18:24:00Z,TIGO_PESA_CASH_OUT,65908.47,SUSPENDED,Arusha,135,UNKNOWN,Huawei P40 Lite,None
REC-101513,+255714***632,INVA *** 140,2023-11-14T14:33:00Z,SMS_PACK,0.0,TERMINATED,Arusha,0,2G_GSM,Samsung Galaxy A14; Android 13,
REC-100055,+255714***275,+255714***946,2023-11-10T15:42:00Z,TIGO_PESA_CASH_IN,7304.6,TERMINATED,Arusha,0,4G_LTE,Unknown,"VIP Subscriber, priority routing"
REC-102246,+255714***933,+255714***644,2023-12-03T08:46:00Z,DATA_RECHARGE,34753.44,ACTIVE,Mwanza,1800,5G_NR,Huawei P40 Lite,
REC-101524,UNKNOWN,INVA *** 000,2023-11-30T09:25:00Z,SMS_PACK,115700.0,TERMINATED,Dar es Salaam,120,4G_LTE,Samsung Galaxy A14; Android 13,"VIP Subscriber, priority routing"
REC-101464,+255714***112,+255714***113,2023-12-01T12:01:27Z,BUNDLE_PURCHASE,7146.33,TERMINATED,Arusha,0,2G_GSM,Unknown,None
REC-100595,UNKNOWN,+255714***742,2023-11-04T18:17:46Z,TIGO_PESA_CASH_OUT,51177.55,UNKNOWN,Morogoro,1800,UNKNOWN,Huawei P40 Lite,Flagged for KYC update; verified by agent
REC-100591,+255714***317,+255714***551,2023-11-04T18:25:44Z,TIGO_PESA_CASH_IN,135081.0,ACTIVE,Dodoma,0,4G_LTE,"iPhone 13,2 (iOS 16.5)",Standard call; cell handover success
REC-102491,+255714***645,+255714***606,2023-12-01T10:45:00Z,VOICE_CALL,82814.91,SUSPENDED,Dodoma,0,2G_GSM,Huawei P40 Lite,"VIP Subscriber, priority routing"
REC-101341,+255714***056,UNKNOWN,2023-12-02T01:55:18Z,VOICE_CALL,3914.67,UNKNOWN,Arusha,30,4G_LTE,Samsung Galaxy A14; Android 13,"VIP Subscriber, priority routing"
REC-100279,+255714***893,INVA *** 140,2023-11-20T16:15:44Z,SMS_PACK,13850.32,TERMINATED,Dodoma,30,5G_NR,Tecno Spark 10 Pro,Standard call; cell handover success
REC-101172,UNKNOWN,+255714***303,2023-11-08T04:14:33Z,BUNDLE_PURCHASE,0.0,UNKNOWN,Zanzibar,0,UNKNOWN,Unknown,"Customer stated: 'Cannot connect to 4G in Posta area, please help'"
REC-102324,INVA *** 000,+255714***768,2023-11-08T11:38:00Z,DATA_RECHARGE,0.0,ACTIVE,Dar es Salaam,1800,2G_GSM,"iPhone 13,2 (iOS 16.5)",
REC-102381,+255714***385,+255714***233,2023-11-16T08:43:54Z,TIGO_PESA_CASH_OUT,85051.99,ACTIVE,Dodoma,0,4G_LTE,Nokia 105 (Feature Phone),Flagged for KYC update; verified by agent
REC-101629,+255714***480,+255714***453,2023-11-08T03:56:01Z,VOICE_CALL,93397.0,TERMINATED,Dar es Salaam,45,4G_LTE,Unknown,"USSD session timeout, retry OK"
REC-101812,INVA *** 140,+255714***193,2023-11-18T05:55:46Z,TIGO_PESA_CASH_IN,60021.47,SUSPENDED,Tanga,30,4G_LTE,Samsung Galaxy A14; Android 13,"Customer stated: 'Cannot connect to 4G in Posta area, please help'"
REC-100577,+255714***989,+255714***166,2023-11-11T21:48:25Z,SMS_PACK,0.0,PENDING_KYC,Dar es Salaam,0,2G_GSM,"iPhone 13,2 (iOS 16.5)",Flagged for KYC update; verified by agent
REC-102228,+255714***428,+255714***975,2023-11-05T01:30:47Z,TIGO_PESA_CASH_OUT,57150.0,SUSPENDED,Other / Unknown,135,4G_LTE,"iPhone 13,2 (iOS 16.5)",Standard call; cell handover success
REC-101675,UNKNOWN,+255714***098,2023-11-17T21:48:42Z,VOICE_CALL,140784.58,PENDING_KYC,Dar es Salaam,120,4G_LTE,Unknown,
REC-100603,+255714***755,+255714***290,2023-11-24T09:28:00Z,TIGO_PESA_CASH_OUT,35306.93,UNKNOWN,Dar es Salaam,0,4G_LTE,Tecno Spark 10 Pro,
REC-100031,+255714***702,INVA *** 140,2023-11-19T17:40:00Z,TIGO_PESA_CASH_OUT,91125.0,CHURNED,Morogoro,120,5G_NR,Samsung Galaxy A14; Android 13,
REC-101466,+255714***781,+255714***016,2023-11-27T15:42:06Z,DATA_RECHARGE,682.26,SUSPENDED,Tanga,360,2G_GSM,"iPhone 13,2 (iOS 16.5)",
REC-101383,+255714***304,+255714***549,2023-11-25T07:56:00Z,TIGO_PESA_CASH_IN,0.0,TERMINATED,Mwanza,0,UNKNOWN,Huawei P40 Lite,"Customer stated: 'Cannot connect to 4G in Posta area, please help'"
REC-102417,INVA *** 000,INVA *** 000,2023-11-16T16:51:14Z,TIGO_PESA_CASH_OUT,134425.0,ACTIVE,Dar es Salaam,45,UNKNOWN,Tecno Spark 10 Pro,None
REC-102361,+255714***029,+255714***070,2023-12-02T13:22:00Z,BUNDLE_PURCHASE,88213.38,PENDING_KYC,Mwanza,135,4G_LTE,Nokia 105 (Feature Phone),"VIP Subscriber, priority routing"
REC-101028,+255714***592,+255714***399,2023-11-15T13:21:00Z,TIGO_PESA_CASH_IN,124388.13,ACTIVE,Other / Unknown,135,5G_NR,Huawei P40 Lite,"Customer stated: 'Cannot connect to 4G in Posta area, please help'"
REC-100622,UNKNOWN,+255714***866,1970-01-01T00:00:00Z,VOICE_CALL,102175.0,CHURNED,Zanzibar,0,4G_LTE,"iPhone 13,2 (iOS 16.5)","VIP Subscriber, priority routing"
REC-101663,INVA *** 000,+255714***907,2023-11-15T23:52:43Z,VOICE_CALL,55210.0,SUSPENDED,Mwanza,0,UNKNOWN,"iPhone 13,2 (iOS 16.5)","USSD session timeout, retry OK"
REC-101914,INVA *** 140,+255714***220,2023-11-08T06:07:29Z,TIGO_PESA_CASH_OUT,0.0,UNKNOWN,Dar es Salaam,0,3G_WCDMA,Unknown,Standard call; cell handover success
REC-101178,+255714***537,UNKNOWN,2023-11-28T11:10:14Z,VOICE_CALL,12450.0,TERMINATED,Tanga,30,UNKNOWN,Transsion Infinix Hot 30,"USSD session timeout, retry OK"
REC-100254,+255714***797,+255714***427,2023-11-17T09:13:00Z,DATA_RECHARGE,37806.36,TERMINATED,Dar es Salaam,0,4G_LTE,Transsion Infinix Hot 30,"Customer stated: 'Cannot connect to 4G in Posta area, please help'"
REC-101052,INVA *** 140,+255714***644,2023-11-13T15:32:00Z,TIGO_PESA_CASH_IN,144645.97,PENDING_KYC,Zanzibar,1800,UNKNOWN,"iPhone 13,2 (iOS 16.5)",Standard call; cell handover success
REC-101829,+255714***948,+255714***096,2023-11-19T06:40:00Z,DATA_RECHARGE,94711.09,ACTIVE,Other / Unknown,0,UNKNOWN,Nokia 105 (Feature Phone),"USSD session timeout, retry OK"
REC-100500,INVA *** 140,+255714***097,2023-11-14T11:14:00Z,BUNDLE_PURCHASE,106217.0,CHURNED,Arusha,30,3G_WCDMA,Huawei P40 Lite,Flagged for KYC update; verified by agent
REC-100085,INVA *** 140,UNKNOWN,2023-11-22T11:55:00Z,DATA_RECHARGE,0.0,CHURNED,Dar es Salaam,30,2G_GSM,Nokia 105 (Feature Phone),"USSD session timeout, retry OK"
REC-101212,+255714***098,+255714***961,2023-11-17T08:02:14Z,TIGO_PESA_CASH_IN,48087.6,UNKNOWN,Arusha,0,4G_LTE,Samsung Galaxy A14; Android 13,"USSD session timeout, retry OK"
REC-100694,UNKNOWN,+255714***687,2023-11-22T08:40:00Z,DATA_RECHARGE,0.0,UNKNOWN,Dar es Salaam,360,4G_LTE,Huawei P40 Lite,Standard call; cell handover success
REC-100690,+255714***014,INVA *** 000,1970-01-01T00:00:00Z,DATA_RECHARGE,0.0,PENDING_KYC,Other / Unknown,1800,4G_LTE,"iPhone 13,2 (iOS 16.5)",Flagged for KYC update; verified by agent
REC-100163,+255714***754,+255714***371,2023-12-02T19:38:00Z,TIGO_PESA_CASH_OUT,14100.0,ACTIVE,Zanzibar,45,2G_GSM,Transsion Infinix Hot 30,"Customer stated: 'Cannot connect to 4G in Posta area, please help'"
REC-101355,+255714***318,+255714***359,2023-12-01T10:46:32Z,VOICE_CALL,115488.95,ACTIVE,Arusha,0,UNKNOWN,Nokia 105 (Feature Phone),None
REC-100301,+255714***809,INVA *** 140,2023-11-27T11:27:00Z,SMS_PACK,98746.0,ACTIVE,Dar es Salaam,120,4G_LTE,Tecno Spark 10 Pro,"USSD session timeout, retry OK"
REC-101758,+255714***124,+255714***989,2023-11-04T19:18:03Z,BUNDLE_PURCHASE,0.0,TERMINATED,Arusha,135,2G_GSM,Tecno Spark 10 Pro,Flagged for KYC update; verified by agent
REC-100858,+255714***302,+255714***864,2023-11-16T08:47:00Z,TIGO_PESA_CASH_IN,19892.58,ACTIVE,Other / Unknown,0,4G_LTE,Tecno Spark 10 Pro,Standard call; cell handover success
REC-101405,+255714***466,+255714***373,2023-11-07T11:02:00Z,VOICE_CALL,91207.71,SUSPENDED,Dar es Salaam,360,5G_NR,Nokia 105 (Feature Phone),
REC-101869,UNKNOWN,+255714***892,2023-11-24T22:24:00Z,TIGO_PESA_CASH_OUT,49525.0,PENDING_KYC,Zanzibar,120,4G_LTE,Tecno Spark 10 Pro,"USSD session timeout, retry OK"
REC-101325,+255714***112,+255714***743,2023-11-25T22:05:00Z,SMS_PACK,142444.0,ACTIVE,Dar es Salaam,45,5G_NR,Unknown,Standard call; cell handover success
REC-100748,+255714***932,+255714***880,2023-11-04T00:00:00Z,BUNDLE_PURCHASE,110551.66,ACTIVE,Arusha,45,3G_WCDMA,Unknown,Standard call; cell handover success
REC-102099,INVA *** 000,+255714***522,2023-11-18T08:16:46Z,VOICE_CALL,46684.93,UNKNOWN,Tanga,0,4G_LTE,Transsion Infinix Hot 30,"VIP Subscriber, priority routing"
REC-100704,+255714***481,+255714***878,2023-11-29T06:07:20Z,DATA_RECHARGE,3950.0,UNKNOWN,Zanzibar,360,4G_LTE,Nokia 105 (Feature Phone),"VIP Subscriber, priority routing"
REC-102206,+255714***947,INVA *** 140,2023-11-28T11:52:02Z,VOICE_CALL,39396.0,SUSPENDED,Dar es Salaam,0,5G_NR,Nokia 105 (Feature Phone),Standard call; cell handover success
REC-100202,UNKNOWN,+255714***933,2023-11-13T11:07:00Z,DATA_RECHARGE,96251.59,ACTIVE,Tanga,120,3G_WCDMA,Huawei P40 Lite,"Customer stated: 'Cannot connect to 4G in Posta area, please help'"
REC-100728,+255714***907,UNKNOWN,2023-11-10T15:10:00Z,DATA_RECHARGE,51946.02,SUSPENDED,Dar es Salaam,30,3G_WCDMA,Huawei P40 Lite,
REC-101508,+255714***028,+255714***743,2023-11-17T12:04:41Z,VOICE_CALL,12085.23,TERMINATED,Dodoma,360,4G_LTE,Huawei P40 Lite,
REC-100270,+255714***658,+255714***263,2023-11-13T20:48:28Z,DATA_RECHARGE,125628.01,PENDING_KYC,Dar es Salaam,30,4G_LTE,"iPhone 13,2 (iOS 16.5)","USSD session timeout, retry OK"
REC-101905,+255714***905,+255714***645,2023-11-10T15:18:00Z,DATA_RECHARGE,46000.0,TERMINATED,Mwanza,0,3G_WCDMA,Unknown,"VIP Subscriber, priority routing"
REC-102295,+255714***070,+255714***507,2023-11-15T01:38:22Z,BUNDLE_PURCHASE,19500.0,TERMINATED,Mwanza,0,4G_LTE,Huawei P40 Lite,"VIP Subscriber, priority routing"
REC-100283,+255714***263,+255714***014,2023-11-25T08:04:00Z,TIGO_PESA_CASH_OUT,57805.8,SUSPENDED,Dodoma,0,5G_NR,Unknown,None
REC-101056,+255714***522,+255714***770,2023-11-28T02:02:08Z,TIGO_PESA_CASH_IN,90219.0,CHURNED,Dar es Salaam,0,4G_LTE,Nokia 105 (Feature Phone),
REC-101732,INVA *** 140,+255714***028,2023-11-24T18:39:00Z,TIGO_PESA_CASH_OUT,25951.0,ACTIVE,Arusha,135,3G_WCDMA,Samsung Galaxy A14; Android 13,"USSD session timeout, retry OK"
REC-101659,INVA *** 000,+255714***057,2023-11-23T19:26:22Z,VOICE_CALL,132563.75,SUSPENDED,Arusha,0,5G_NR,Transsion Infinix Hot 30,"Customer stated: 'Cannot connect to 4G in Posta area, please help'"
REC-100298,+255714***866,+255714***262,2023-11-16T04:52:53Z,TIGO_PESA_CASH_IN,145536.68,SUSPENDED,Mbeya,135,3G_WCDMA,Unknown,Flagged for KYC update; verified by agent
REC-102359,+255714***551,+255714***768,2023-11-23T09:30:13Z,VOICE_CALL,0.0,CHURNED,Zanzibar,0,4G_LTE,Unknown,None
REC-100322,+255714***235,UNKNOWN,2023-11-06T00:07:00Z,TIGO_PESA_CASH_OUT,23870.36,CHURNED,Mbeya,360,4G_LTE,"iPhone 13,2 (iOS 16.5)","USSD session timeout, retry OK"
REC-101098,+255714***825,+255714***288,2023-11-30T04:49:00Z,TIGO_PESA_CASH_OUT,0.0,TERMINATED,Dar es Salaam,0,3G_WCDMA,Unknown,Flagged for KYC update; verified by agent
REC-100174,+255714***098,+255714***370,2023-12-01T15:19:48Z,DATA_RECHARGE,0.0,TERMINATED,Mwanza,0,4G_LTE,"iPhone 13,2 (iOS 16.5)",
REC-101942,+255714***085,+255714***973,2023-11-10T02:44:39Z,DATA_RECHARGE,52380.88,TERMINATED,Arusha,30,UNKNOWN,Transsion Infinix Hot 30,Flagged for KYC update; verified by agent
REC-100215,+255714***414,+255714***126,1970-01-01T00:00:00Z,VOICE_CALL,119453.85,PENDING_KYC,Arusha,0,5G_NR,Tecno Spark 10 Pro,None
REC-101078,+255714***713,INVA *** 140,2023-11-28T03:39:29Z,TIGO_PESA_CASH_IN,135919.59,SUSPENDED,Mwanza,360,3G_WCDMA,Transsion Infinix Hot 30,"USSD session timeout, retry OK"
REC-102104,+255714***003,+255714***206,2023-11-29T09:11:00Z,SMS_PACK,28579.19,SUSPENDED,Mwanza,1800,2G_GSM,Huawei P40 Lite,Flagged for KYC update; verified by agent
REC-100671,+255714***975,INVA *** 140,2023-11-20T02:57:00Z,DATA_RECHARGE,66632.95,PENDING_KYC,Dar es Salaam,120,4G_LTE,Nokia 105 (Feature Phone),Flagged for KYC update; verified by agent
REC-102230,+255714***865,+255714***728,2023-11-28T15:16:00Z,TIGO_PESA_CASH_OUT,0.0,PENDING_KYC,Dar es Salaam,0,4G_LTE,Transsion Infinix Hot 30,None
REC-101307,+255714***167,INVA *** 140,2023-11-04T12:59:00Z,TIGO_PESA_CASH_OUT,96711.0,SUSPENDED,Dodoma,0,4G_LTE,Tecno Spark 10 Pro,"VIP Subscriber, priority routing"
REC-102356,INVA *** 140,+255714***647,2023-12-03T07:07:39Z,TIGO_PESA_CASH_OUT,18100.0,ACTIVE,Mwanza,45,4G_LTE,Huawei P40 Lite,Flagged for KYC update; verified by agent
REC-101468,+255714***140,+255714***358,1970-01-01T00:00:00Z,BUNDLE_PURCHASE,90565.3,ACTIVE,Other / Unknown,45,4G_LTE,Nokia 105 (Feature Phone),
REC-100555,INVA *** 140,+255714***154,2023-11-26T12:49:48Z,SMS_PACK,74375.28,SUSPENDED,Arusha,360,5G_NR,Nokia 105 (Feature Phone),"Customer stated: 'Cannot connect to 4G in Posta area, please help'"
REC-102040,+255714***125,INVA *** 000,2023-11-21T06:35:00Z,SMS_PACK,94518.0,SUSPENDED,Mbeya,0,4G_LTE,Transsion Infinix Hot 30,Flagged for KYC update; verified by agent
REC-101077,+255714***702,+255714***194,2023-11-04T00:00:00Z,TIGO_PESA_CASH_IN,90620.48,UNKNOWN,Dodoma,45,5G_NR,Unknown,"USSD session timeout, retry OK"
REC-100244,INVA *** 140,+255714***825,2023-11-11T04:06:00Z,TIGO_PESA_CASH_OUT,0.0,UNKNOWN,Arusha,1800,UNKNOWN,Samsung Galaxy A14; Android 13,"Customer stated: 'Cannot connect to 4G in Posta area, please help'"
REC-101787,+255714***125,+255714***905,2023-11-08T00:44:25Z,SMS_PACK,29529.0,TERMINATED,Dodoma,0,4G_LTE,Samsung Galaxy A14; Android 13,"Customer stated: 'Cannot connect to 4G in Posta area, please help'"
REC-102172,+255714***578,+255714***756,2023-11-12T21:15:00Z,TIGO_PESA_CASH_IN,22125.0,UNKNOWN,Arusha,360,UNKNOWN,Nokia 105 (Feature Phone),Standard call; cell handover success
REC-102469,+255714***247,+255714***042,2023-11-09T21:26:22Z,SMS_PACK,116549.8,ACTIVE,Dodoma,0,4G_LTE,Huawei P40 Lite,"VIP Subscriber, priority routing"
REC-100909,+255714***742,INVA *** 140,2023-12-04T07:35:01Z,SMS_PACK,56002.0,PENDING_KYC,Zanzibar,120,5G_NR,Nokia 105 (Feature Phone),
REC-100736,+255714***646,+255714***919,2023-11-30T09:51:42Z,SMS_PACK,23474.02,PENDING_KYC,Mbeya,360,UNKNOWN,Unknown,None
REC-101917,+255714***001,INVA *** 140,2023-11-25T23:12:00Z,TIGO_PESA_CASH_OUT,28000.0,ACTIVE,Morogoro,45,3G_WCDMA,Unknown,
REC-100446,+255714***359,+255714***000,2023-11-18T15:50:53Z,TIGO_PESA_CASH_OUT,92528.04,SUSPENDED,Other / Unknown,30,5G_NR,Huawei P40 Lite,None
REC-102116,INVA *** 140,+255714***523,2023-11-26T03:30:00Z,VOICE_CALL,45449.08,ACTIVE,Mwanza,0,UNKNOWN,Nokia 105 (Feature Phone),None
REC-101836,UNKNOWN,+255714***277,2023-11-20T23:41:00Z,DATA_RECHARGE,38095.94,ACTIVE,Arusha,0,3G_WCDMA,Nokia 105 (Feature Phone),
REC-100590,+255714***207,+255714***055,2023-11-04T00:00:00Z,BUNDLE_PURCHASE,9143.0,UNKNOWN,Mwanza,135,3G_WCDMA,Nokia 105 (Feature Phone),
REC-102288,+255714***932,+255714***179,2023-11-04T00:00:00Z,TIGO_PESA_CASH_IN,48527.0,TERMINATED,Mwanza,0,2G_GSM,Nokia 105 (Feature Phone),
REC-100609,+255714***781,INVA *** 140,2023-11-29T04:48:32Z,BUNDLE_PURCHASE,58064.78,ACTIVE,Mwanza,0,2G_GSM,Transsion Infinix Hot 30,"VIP Subscriber, priority routing"
REC-100710,+255714***003,+255714***181,2023-12-03T05:41:58Z,TIGO_PESA_CASH_IN,41970.66,UNKNOWN,Mwanza,360,3G_WCDMA,Nokia 105 (Feature Phone),Flagged for KYC update; verified by agent
REC-100115,+255714***166,+255714***852,2023-11-12T09:02:01Z,DATA_RECHARGE,120288.25,TERMINATED,Dar es Salaam,0,UNKNOWN,Tecno Spark 10 Pro,Standard call; cell handover success
REC-100487,+255714***411,+255714***482,2023-11-25T14:09:31Z,BUNDLE_PURCHASE,0.0,ACTIVE,Morogoro,0,3G_WCDMA,Samsung Galaxy A14; Android 13,"VIP Subscriber, priority routing"
REC-101161,+255714***413,INVA *** 140,2023-11-06T06:30:25Z,TIGO_PESA_CASH_OUT,55003.49,SUSPENDED,Dar es Salaam,1800,4G_LTE,Tecno Spark 10 Pro,"VIP Subscriber, priority routing"
REC-101947,+255714***564,INVA *** 140,2023-11-11T14:13:06Z,VOICE_CALL,33677.0,PENDING_KYC,Mwanza,120,UNKNOWN,Nokia 105 (Feature Phone),"Customer stated: 'Cannot connect to 4G in Posta area, please help'"
REC-101420,+255714***151,INVA *** 000,2023-11-18T05:00:01Z,VOICE_CALL,121250.0,ACTIVE,Dodoma,360,UNKNOWN,Huawei P40 Lite,"Customer stated: 'Cannot connect to 4G in Posta area, please help'"
REC-101596,+255714***412,INVA *** 140,2023-11-18T13:22:48Z,BUNDLE_PURCHASE,30874.59,PENDING_KYC,Zanzibar,1800,4G_LTE,"iPhone 13,2 (iOS 16.5)",Flagged for KYC update; verified by agent
REC-101083,+255714***343,+255714***413,2023-11-20T13:44:57Z,SMS_PACK,16321.99,ACTIVE,Arusha,0,4G_LTE,Samsung Galaxy A14; Android 13,
REC-102482,UNKNOWN,+255714***727,2023-11-08T22:21:25Z,SMS_PACK,0.0,ACTIVE,Dar es Salaam,0,4G_LTE,Transsion Infinix Hot 30,Standard call; cell handover success
REC-100890,+255714***440,+255714***206,2023-11-30T08:58:04Z,DATA_RECHARGE,95398.52,UNKNOWN,Arusha,0,3G_WCDMA,Samsung Galaxy A14; Android 13,"Customer stated: 'Cannot connect to 4G in Posta area, please help'"
REC-100259,+255714***933,+255714***014,2023-11-14T04:51:00Z,VOICE_CALL,4347.49,TERMINATED,Dar es Salaam,0,UNKNOWN,Samsung Galaxy A14; Android 13,"USSD session timeout, retry OK"
REC-101953,+255714***140,+255714***784,2023-11-30T07:28:08Z,TIGO_PESA_CASH_IN,101459.16,ACTIVE,Mwanza,45,4G_LTE,Tecno Spark 10 Pro,Standard call; cell handover success
REC-100788,+255714***510,+255714***784,2023-11-22T16:26:11Z,BUNDLE_PURCHASE,123100.0,TERMINATED,Arusha,135,4G_LTE,Huawei P40 Lite,"Customer stated: 'Cannot connect to 4G in Posta area, please help'"
REC-101419,UNKNOWN,+255714***685,2023-11-23T10:31:00Z,TIGO_PESA_CASH_OUT,40666.55,CHURNED,Dodoma,360,UNKNOWN,Samsung Galaxy A14; Android 13,
REC-100080,+255714***619,+255714***521,2023-11-13T00:51:27Z,DATA_RECHARGE,20250.0,CHURNED,Zanzibar,1800,5G_NR,Unknown,Flagged for KYC update; verified by agent
REC-102069,+255714***836,+255714***825,2023-11-19T06:19:00Z,TIGO_PESA_CASH_IN,39301.49,PENDING_KYC,Arusha,135,5G_NR,Tecno Spark 10 Pro,"Customer stated: 'Cannot connect to 4G in Posta area, please help'"
REC-100287,+255714***934,+255714***742,2023-11-30T11:13:00Z,BUNDLE_PURCHASE,0.0,ACTIVE,Other / Unknown,0,4G_LTE,Nokia 105 (Feature Phone),"VIP Subscriber, priority routing"
REC-101089,+255714***058,+255714***058,2023-11-07T16:58:00Z,BUNDLE_PURCHASE,0.0,PENDING_KYC,Dodoma,0,5G_NR,Transsion Infinix Hot 30,"USSD session timeout, retry OK"
REC-101361,+255714***207,+255714***770,2023-11-16T04:28:50Z,DATA_RECHARGE,105075.0,ACTIVE,Dar es Salaam,360,3G_WCDMA,Transsion Infinix Hot 30,"Customer stated: 'Cannot connect to 4G in Posta area, please help'"
REC-100411,+255714***975,+255714***822,2023-11-28T21:28:22Z,BUNDLE_PURCHASE,70580.0,SUSPENDED,Dodoma,0,3G_WCDMA,"iPhone 13,2 (iOS 16.5)",Flagged for KYC update; verified by agent
REC-100263,+255714***948,+255714***002,2023-11-26T07:23:29Z,DATA_RECHARGE,142384.69,SUSPENDED,Arusha,45,4G_LTE,Transsion Infinix Hot 30,"VIP Subscriber, priority routing"
REC-100599,+255714***988,INVA *** 000,2023-11-30T04:42:58Z,VOICE_CALL,104325.0,ACTIVE,Arusha,1800,5G_NR,Samsung Galaxy A14; Android 13,Standard call; cell handover success
REC-102250,+255714***359,+255714***247,2023-11-26T01:05:26Z,VOICE_CALL,42722.15,ACTIVE,Zanzibar,30,UNKNOWN,Transsion Infinix Hot 30,"USSD session timeout, retry OK"
REC-100009,+255714***140,+255714***017,2023-11-30T13:50:00Z,TIGO_PESA_CASH_IN,115405.51,TERMINATED,Dodoma,45,3G_WCDMA,Samsung Galaxy A14; Android 13,
REC-101144,INVA *** 140,+255714***070,2023-11-11T13:48:58Z,SMS_PACK,6472.31,TERMINATED,Zanzibar,30,5G_NR,Unknown,Standard call; cell handover success
REC-100192,+255714***069,+255714***192,2023-11-08T05:50:00Z,TIGO_PESA_CASH_IN,38129.11,PENDING_KYC,Tanga,120,3G_WCDMA,Samsung Galaxy A14; Android 13,Flagged for KYC update; verified by agent
REC-101789,+255714***645,+255714***181,2023-11-07T22:55:22Z,BUNDLE_PURCHASE,30150.0,SUSPENDED,Zanzibar,0,4G_LTE,Tecno Spark 10 Pro,
REC-100732,+255714***083,+255714***672,2023-11-07T00:24:18Z,TIGO_PESA_CASH_IN,16953.21,CHURNED,Dodoma,120,5G_NR,Samsung Galaxy A14; Android 13,Flagged for KYC update; verified by agent
REC-101248,+255714***921,+255714***852,2023-11-28T20:24:48Z,BUNDLE_PURCHASE,118352.32,PENDING_KYC,Dar es Salaam,1800,3G_WCDMA,Transsion Infinix Hot 30,"VIP Subscriber, priority routing"
REC-101701,+255714***207,+255714***729,2023-11-30T02:11:07Z,TIGO_PESA_CASH_IN,22500.81,SUSPENDED,Dodoma,45,3G_WCDMA,Nokia 105 (Feature Phone),Flagged for KYC update; verified by agent
REC-102374,+255714***797,+255714***508,2023-11-17T06:02:08Z,BUNDLE_PURCHASE,103650.8,ACTIVE,Arusha,360,3G_WCDMA,Transsion Infinix Hot 30,"VIP Subscriber, priority routing"
REC-102179,UNKNOWN,+255714***014,2023-11-15T01:40:00Z,BUNDLE_PURCHASE,55925.0,UNKNOWN,Mwanza,360,4G_LTE,Transsion Infinix Hot 30,"VIP Subscriber, priority routing"
REC-102379,UNKNOWN,INVA *** 140,2023-11-24T07:26:54Z,DATA_RECHARGE,106001.07,PENDING_KYC,Zanzibar,0,UNKNOWN,Huawei P40 Lite,Standard call; cell handover success
REC-100427,+255714***303,+255714***920,2023-12-04T09:06:28Z,TIGO_PESA_CASH_OUT,62399.15,UNKNOWN,Other / Unknown,120,4G_LTE,Nokia 105 (Feature Phone),Flagged for KYC update; verified by agent
REC-102414,+255714***782,+255714***769,2023-11-13T07:01:12Z,TIGO_PESA_CASH_OUT,0.0,PENDING_KYC,Tanga,1800,2G_GSM,Nokia 105 (Feature Phone),Standard call; cell handover success
REC-101399,+255714***606,+255714***085,2023-11-17T06:46:00Z,DATA_RECHARGE,95969.81,ACTIVE,Dar es Salaam,45,4G_LTE,"iPhone 13,2 (iOS 16.5)",Standard call; cell handover success
REC-100369,+255714***058,+255714***371,2023-11-17T14:36:28Z,BUNDLE_PURCHASE,0.0,UNKNOWN,Arusha,0,4G_LTE,Nokia 105 (Feature Phone),
REC-101777,+255714***274,+255714***426,2023-12-02T03:23:00Z,BUNDLE_PURCHASE,61523.12,CHURNED,Dodoma,45,2G_GSM,Nokia 105 (Feature Phone),Standard call; cell handover success
REC-101997,+255714***687,+255714***591,2023-11-22T12:26:00Z,SMS_PACK,106663.0,ACTIVE,Zanzibar,30,5G_NR,Transsion Infinix Hot 30,"VIP Subscriber, priority routing"
REC-100241,INVA *** 000,+255714***263,2023-11-22T13:54:46Z,SMS_PACK,94729.0,UNKNOWN,Morogoro,360,UNKNOWN,Samsung Galaxy A14; Android 13,"VIP Subscriber, priority routing"
REC-101215,+255714***699,+255714***236,2023-11-30T19:39:00Z,VOICE_CALL,40000.0,UNKNOWN,Arusha,0,5G_NR,"iPhone 13,2 (iOS 16.5)",Flagged for KYC update; verified by agent
REC-102307,+255714***809,+255714***754,2023-11-07T16:22:00Z,SMS_PACK,97062.61,PENDING_KYC,Dodoma,120,4G_LTE,Nokia 105 (Feature Phone),None
REC-101224,+255714***165,+255714***933,2023-11-07T16:17:47Z,BUNDLE_PURCHASE,68437.14,SUSPENDED,Zanzibar,120,4G_LTE,Unknown,"USSD session timeout, retry OK"
REC-102163,+255714***577,+255714***535,2023-11-15T05:46:00Z,DATA_RECHARGE,98797.44,ACTIVE,Mbeya,360,UNKNOWN,Huawei P40 Lite,None
REC-102111,+255714***699,+255714***029,2023-11-25T12:58:19Z,BUNDLE_PURCHASE,0.0,PENDING_KYC,Dar es Salaam,0,4G_LTE,Unknown,Flagged for KYC update; verified by agent
REC-100007,UNKNOWN,+255714***962,2023-11-16T11:33:00Z,SMS_PACK,84424.54,UNKNOWN,Dodoma,135,5G_NR,"iPhone 13,2 (iOS 16.5)",Flagged for KYC update; verified by agent
REC-102009,INVA *** 140,+255714***440,2023-11-29T01:00:00Z,TIGO_PESA_CASH_OUT,147750.2,TERMINATED,Other / Unknown,120,UNKNOWN,"iPhone 13,2 (iOS 16.5)","VIP Subscriber, priority routing"
REC-100723,+255714***947,UNKNOWN,2023-11-28T02:05:37Z,VOICE_CALL,53684.0,TERMINATED,Mwanza,30,4G_LTE,Samsung Galaxy A14; Android 13,"USSD session timeout, retry OK"
REC-100819,UNKNOWN,+255714***536,2023-11-16T02:14:02Z,DATA_RECHARGE,47609.32,SUSPENDED,Mwanza,0,4G_LTE,Samsung Galaxy A14; Android 13,
REC-102457,+255714***124,+255714***400,1970-01-01T00:00:00Z,TIGO_PESA_CASH_IN,89068.84,PENDING_KYC,Dar es Salaam,360,2G_GSM,Transsion Infinix Hot 30,None
REC-100339,+255714***961,+255714***932,2023-11-29T07:21:11Z,TIGO_PESA_CASH_IN,25574.0,PENDING_KYC,Tanga,0,4G_LTE,Transsion Infinix Hot 30,"Customer stated: 'Cannot connect to 4G in Posta area, please help'"
REC-101977,+255714***277,+255714***659,2023-11-28T06:39:54Z,DATA_RECHARGE,89792.92,TERMINATED,Dar es Salaam,0,2G_GSM,Unknown,Flagged for KYC update; verified by agent
REC-101826,+255714***207,+255714***865,2023-11-15T05:51:56Z,VOICE_CALL,4903.0,CHURNED,Mwanza,120,4G_LTE,Nokia 105 (Feature Phone),Flagged for KYC update; verified by agent
REC-100449,+255714***289,INVA *** 140,2023-11-27T13:29:00Z,DATA_RECHARGE,28639.91,CHURNED,Dodoma,45,5G_NR,Unknown,
REC-101674,+255714***482,+255714***468,1970-01-01T00:00:00Z,DATA_RECHARGE,9841.0,ACTIVE,Tanga,0,2G_GSM,Unknown,Standard call; cell handover success
REC-100824,+255714***494,INVA *** 000,2023-11-08T20:14:00Z,DATA_RECHARGE,138136.76,ACTIVE,Mwanza,1800,3G_WCDMA,Huawei P40 Lite,Flagged for KYC update; verified by agent
REC-101275,UNKNOWN,+255714***302,2023-11-16T21:36:10Z,BUNDLE_PURCHASE,121195.07,UNKNOWN,Tanga,135,UNKNOWN,Huawei P40 Lite,Standard call; cell handover success
REC-101349,+255714***413,+255714***399,2023-11-26T12:51:39Z,VOICE_CALL,21710.91,CHURNED,Mbeya,30,2G_GSM,Tecno Spark 10 Pro,"Customer stated: 'Cannot connect to 4G in Posta area, please help'"
REC-101225,INVA *** 000,+255714***714,2023-11-25T18:40:47Z,DATA_RECHARGE,3063.29,PENDING_KYC,Dodoma,120,2G_GSM,Huawei P40 Lite,
REC-101928,+255714***866,+255714***523,2023-11-11T01:46:42Z,SMS_PACK,15115.0,ACTIVE,Arusha,360,3G_WCDMA,Nokia 105 (Feature Phone),None
REC-100267,+255714***646,+255714***235,2023-11-20T14:26:00Z,SMS_PACK,36018.1,CHURNED,Dar es Salaam,30,UNKNOWN,Unknown,"USSD session timeout, retry OK"
REC-102210,+255714***069,INVA *** 140,2023-12-01T17:44:04Z,VOICE_CALL,98687.22,CHURNED,Morogoro,120,4G_LTE,"iPhone 13,2 (iOS 16.5)",None
REC-100424,+255714***633,+255714***329,2023-11-27T08:45:48Z,DATA_RECHARGE,0.0,TERMINATED,Zanzibar,135,2G_GSM,"iPhone 13,2 (iOS 16.5)",
REC-100326,+255714***345,+255714***276,2023-11-15T21:28:22Z,VOICE_CALL,43128.0,SUSPENDED,Mwanza,0,3G_WCDMA,Tecno Spark 10 Pro,Standard call; cell handover success
REC-100741,+255714***017,+255714***962,2023-11-06T21:14:50Z,SMS_PACK,0.0,SUSPENDED,Mbeya,0,4G_LTE,Nokia 105 (Feature Phone),"USSD session timeout, retry OK"
REC-101523,+255714***825,+255714***453,2023-12-01T18:15:02Z,DATA_RECHARGE,22342.57,TERMINATED,Zanzibar,135,4G_LTE,Huawei P40 Lite,
REC-100255,INVA *** 000,+255714***659,2023-11-22T21:27:15Z,TIGO_PESA_CASH_IN,82130.58,PENDING_KYC,Morogoro,120,4G_LTE,Transsion Infinix Hot 30,"VIP Subscriber, priority routing"
REC-100111,INVA *** 140,UNKNOWN,2023-11-22T19:05:00Z,SMS_PACK,118853.46,UNKNOWN,Dar es Salaam,135,2G_GSM,Tecno Spark 10 Pro,"VIP Subscriber, priority routing"
REC-101280,+255714***098,+255714***784,2023-11-04T00:00:00Z,SMS_PACK,134611.33,TERMINATED,Dar es Salaam,30,3G_WCDMA,Nokia 105 (Feature Phone),"VIP Subscriber, priority routing"
REC-101862,+255714***618,+255714***276,2023-11-26T02:52:00Z,TIGO_PESA_CASH_OUT,74711.74,UNKNOWN,Zanzibar,0,UNKNOWN,Unknown,Standard call; cell handover success
REC-100867,+255714***165,+255714***481,2023-11-21T22:09:56Z,TIGO_PESA_CASH_OUT,95850.0,PENDING_KYC,Dar es Salaam,0,5G_NR,Huawei P40 Lite,Standard call; cell handover success
REC-100317,+255714***345,+255714***864,2023-11-29T11:26:08Z,BUNDLE_PURCHASE,67110.76,SUSPENDED,Mwanza,1800,4G_LTE,Samsung Galaxy A14; Android 13,Flagged for KYC update; verified by agent
REC-100701,+255714***085,+255714***167,2023-12-02T10:56:00Z,VOICE_CALL,0.0,ACTIVE,Dodoma,135,4G_LTE,Unknown,Flagged for KYC update; verified by agent
REC-102127,+255714***481,+255714***193,2023-11-27T09:11:00Z,DATA_RECHARGE,97935.23,UNKNOWN,Dar es Salaam,0,4G_LTE,Nokia 105 (Feature Phone),"VIP Subscriber, priority routing"
REC-100893,+255714***659,+255714***976,2023-11-13T01:30:00Z,TIGO_PESA_CASH_OUT,143469.0,CHURNED,Dodoma,45,UNKNOWN,Transsion Infinix Hot 30,None
REC-101935,INVA *** 140,UNKNOWN,2023-11-07T08:12:35Z,VOICE_CALL,55700.0,TERMINATED,Dodoma,0,5G_NR,Nokia 105 (Feature Phone),"Customer stated: 'Cannot connect to 4G in Posta area, please help'"
REC-100945,+255714***878,+255714***768,2023-11-05T15:38:13Z,BUNDLE_PURCHASE,40451.71,PENDING_KYC,Dar es Salaam,0,5G_NR,Tecno Spark 10 Pro,
REC-101282,+255714***289,+255714***002,2023-11-15T00:37:00Z,VOICE_CALL,84488.21,ACTIVE,Arusha,1800,5G_NR,Huawei P40 Lite,"USSD session timeout, retry OK"
REC-100382,INVA *** 140,+255714***275,2023-11-30T21:35:09Z,TIGO_PESA_CASH_IN,48900.0,UNKNOWN,Arusha,0,2G_GSM,"iPhone 13,2 (iOS 16.5)","Customer stated: 'Cannot connect to 4G in Posta area, please help'"
REC-100410,UNKNOWN,+255714***331,2023-11-09T16:37:11Z,DATA_RECHARGE,28119.6,TERMINATED,Tanga,120,2G_GSM,"iPhone 13,2 (iOS 16.5)",Flagged for KYC update; verified by agent
REC-100050,+255714***207,+255714***907,2023-11-08T14:11:30Z,TIGO_PESA_CASH_IN,132303.86,PENDING_KYC,Morogoro,135,5G_NR,Samsung Galaxy A14; Android 13,"Customer stated: 'Cannot connect to 4G in Posta area, please help'"
REC-100442,+255714***891,INVA *** 140,2023-11-09T12:08:48Z,TIGO_PESA_CASH_OUT,122724.16,ACTIVE,Mwanza,1800,3G_WCDMA,Transsion Infinix Hot 30,Standard call; cell handover success
REC-101204,+255714***247,+255714***536,2023-11-10T10:28:34Z,TIGO_PESA_CASH_OUT,100365.76,ACTIVE,Dodoma,0,5G_NR,"iPhone 13,2 (iOS 16.5)","Customer stated: 'Cannot connect to 4G in Posta area, please help'"
REC-101521,+255714***645,UNKNOWN,2023-11-25T14:35:00Z,DATA_RECHARGE,45131.3,TERMINATED,Mwanza,120,5G_NR,Nokia 105 (Feature Phone),"USSD session timeout, retry OK"
REC-100647,+255714***261,INVA *** 140,2023-11-27T06:20:31Z,SMS_PACK,122252.46,ACTIVE,Mwanza,120,3G_WCDMA,Unknown,
REC-102377,INVA *** 140,UNKNOWN,2023-11-05T04:50:49Z,TIGO_PESA_CASH_OUT,49076.7,CHURNED,Dar es Salaam,45,4G_LTE,Unknown,Flagged for KYC update; verified by agent
REC-100124,+255714***960,+255714***606,2023-11-27T11:46:22Z,TIGO_PESA_CASH_IN,5975.0,TERMINATED,Dodoma,0,UNKNOWN,Nokia 105 (Feature Phone),"USSD session timeout, retry OK"
REC-101151,+255714***770,+255714***590,2023-11-25T06:32:00Z,SMS_PACK,147275.0,PENDING_KYC,Dodoma,135,5G_NR,Samsung Galaxy A14; Android 13,Flagged for KYC update; verified by agent
REC-101129,+255714***412,+255714***919,2023-12-03T03:15:00Z,TIGO_PESA_CASH_OUT,95475.0,PENDING_KYC,Dar es Salaam,0,5G_NR,Tecno Spark 10 Pro,"VIP Subscriber, priority routing"
REC-100086,+255714***055,INVA *** 000,2023-11-04T00:00:00Z,VOICE_CALL,99584.0,ACTIVE,Dar es Salaam,30,4G_LTE,"iPhone 13,2 (iOS 16.5)",None
REC-100535,+255714***290,+255714***782,2023-11-04T00:00:00Z,TIGO_PESA_CASH_OUT,0.0,ACTIVE,Mbeya,120,5G_NR,Tecno Spark 10 Pro,"VIP Subscriber, priority routing"
REC-100547,+255714***686,UNKNOWN,2023-11-07T03:55:12Z,SMS_PACK,137660.0,TERMINATED,Mbeya,135,5G_NR,Nokia 105 (Feature Phone),
REC-101030,+255714***576,+255714***276,2023-11-18T21:19:00Z,BUNDLE_PURCHASE,80969.03,ACTIVE,Arusha,0,4G_LTE,Nokia 105 (Feature Phone),Standard call; cell handover success
REC-102297,+255714***069,+255714***480,2023-11-16T16:43:50Z,BUNDLE_PURCHASE,81860.87,ACTIVE,Arusha,0,4G_LTE,Transsion Infinix Hot 30,"VIP Subscriber, priority routing"
REC-101529,INVA *** 140,UNKNOWN,2023-11-22T00:13:00Z,BUNDLE_PURCHASE,45102.52,TERMINATED,Dodoma,135,4G_LTE,Samsung Galaxy A14; Android 13,"VIP Subscriber, priority routing"
REC-102480,+255714***577,+255714***919,2023-11-24T15:37:21Z,SMS_PACK,0.0,ACTIVE,Other / Unknown,0,4G_LTE,Tecno Spark 10 Pro,"USSD session timeout, retry OK"
REC-102006,+255714***644,+255714***715,2023-11-10T01:22:00Z,VOICE_CALL,136227.0,ACTIVE,Dar es Salaam,0,3G_WCDMA,Nokia 105 (Feature Phone),None
REC-101009,+255714***811,+255714***220,2023-11-27T23:56:32Z,TIGO_PESA_CASH_IN,0.0,UNKNOWN,Dodoma,0,4G_LTE,Transsion Infinix Hot 30,Standard call; cell handover success
REC-100877,+255714***413,+255714***290,2023-11-19T17:52:00Z,VOICE_CALL,12685.14,ACTIVE,Morogoro,0,4G_LTE,Unknown,Flagged for KYC update; verified by agent
REC-100170,INVA *** 140,INVA *** 140,2023-11-20T01:49:26Z,DATA_RECHARGE,45613.78,UNKNOWN,Arusha,135,5G_NR,Tecno Spark 10 Pro,"VIP Subscriber, priority routing"
REC-101515,+255714***330,+255714***455,2023-11-17T17:27:36Z,TIGO_PESA_CASH_IN,84675.0,TERMINATED,Zanzibar,0,4G_LTE,Samsung Galaxy A14; Android 13,"VIP Subscriber, priority routing"
REC-100504,+255714***727,INVA *** 140,2023-11-08T18:01:00Z,BUNDLE_PURCHASE,59475.0,UNKNOWN,Dar es Salaam,30,3G_WCDMA,"iPhone 13,2 (iOS 16.5)",
REC-100525,INVA *** 140,INVA *** 000,2023-11-25T03:02:18Z,SMS_PACK,75116.96,UNKNOWN,Mwanza,135,5G_NR,Transsion Infinix Hot 30,
REC-100799,+255714***550,+255714***823,2023-11-25T13:15:11Z,TIGO_PESA_CASH_OUT,63848.73,ACTIVE,Tanga,135,3G_WCDMA,"iPhone 13,2 (iOS 16.5)",Standard call; cell handover success
REC-101610,+255714***303,+255714***139,2023-11-25T03:38:44Z,TIGO_PESA_CASH_OUT,87987.57,CHURNED,Dar es Salaam,30,4G_LTE,Huawei P40 Lite,Standard call; cell handover success
REC-101359,+255714***028,+255714***973,2023-11-13T07:56:53Z,TIGO_PESA_CASH_IN,80000.0,CHURNED,Zanzibar,135,4G_LTE,Transsion Infinix Hot 30,Standard call; cell handover success
REC-101488,+255714***850,+255714***631,2023-11-28T00:31:00Z,TIGO_PESA_CASH_IN,0.0,SUSPENDED,Dar es Salaam,0,2G_GSM,Transsion Infinix Hot 30,Flagged for KYC update; verified by agent
REC-102363,+255714***700,+255714***743,2023-11-14T18:20:20Z,BUNDLE_PURCHASE,101675.47,CHURNED,Arusha,1800,5G_NR,Nokia 105 (Feature Phone),
REC-101950,+255714***933,+255714***411,2023-11-24T21:59:00Z,TIGO_PESA_CASH_OUT,36475.0,TERMINATED,Dodoma,0,4G_LTE,Samsung Galaxy A14; Android 13,"Customer stated: 'Cannot connect to 4G in Posta area, please help'"
REC-101878,INVA *** 140,+255714***702,2023-11-11T03:29:00Z,BUNDLE_PURCHASE,124565.02,CHURNED,Other / Unknown,360,4G_LTE,"iPhone 13,2 (iOS 16.5)",None
REC-100242,UNKNOWN,+255714***850,2023-11-20T14:30:21Z,VOICE_CALL,6875.0,SUSPENDED,Morogoro,135,UNKNOWN,Nokia 105 (Feature Phone),"Customer stated: 'Cannot connect to 4G in Posta area, please help'"
REC-102236,+255714***754,+255714***604,2023-11-04T19:45:01Z,TIGO_PESA_CASH_IN,37513.4,TERMINATED,Arusha,30,5G_NR,Unknown,"VIP Subscriber, priority routing"
REC-100021,UNKNOWN,INVA *** 140,2023-11-06T10:31:28Z,BUNDLE_PURCHASE,12757.0,UNKNOWN,Zanzibar,30,5G_NR,"iPhone 13,2 (iOS 16.5)",
REC-101259,+255714***372,+255714***044,2023-11-18T13:44:00Z,SMS_PACK,0.0,TERMINATED,Arusha,120,4G_LTE,"iPhone 13,2 (iOS 16.5)",None
REC-100119,UNKNOWN,INVA *** 140,2023-11-18T11:53:00Z,DATA_RECHARGE,45522.1,PENDING_KYC,Other / Unknown,0,4G_LTE,Samsung Galaxy A14; Android 13,None
REC-102166,INVA *** 140,+255714***933,2023-11-04T00:00:00Z,TIGO_PESA_CASH_OUT,136044.0,UNKNOWN,Dar es Salaam,135,5G_NR,Tecno Spark 10 Pro,None
REC-102334,+255714***507,INVA *** 140,2023-11-20T01:36:07Z,BUNDLE_PURCHASE,75202.48,TERMINATED,Mwanza,30,2G_GSM,Nokia 105 (Feature Phone),
REC-100982,+255714***549,+255714***878,2023-11-19T19:37:00Z,TIGO_PESA_CASH_OUT,46550.0,PENDING_KYC,Dar es Salaam,135,4G_LTE,Transsion Infinix Hot 30,"USSD session timeout, retry OK"
REC-100265,+255714***003,UNKNOWN,2023-12-03T00:47:52Z,BUNDLE_PURCHASE,117362.01,ACTIVE,Arusha,0,4G_LTE,Huawei P40 Lite,None
REC-101271,+255714***291,+255714***028,2023-11-07T00:52:00Z,TIGO_PESA_CASH_OUT,76606.83,UNKNOWN,Dar es Salaam,0,4G_LTE,Unknown,"Customer stated: 'Cannot connect to 4G in Posta area, please help'"
REC-102462,+255714***221,+255714***633,2023-11-07T16:46:11Z,TIGO_PESA_CASH_IN,98575.0,SUSPENDED,Arusha,45,4G_LTE,Tecno Spark 10 Pro,Flagged for KYC update; verified by agent
REC-101390,+255714***113,+255714***797,2023-11-20T09:57:59Z,TIGO_PESA_CASH_IN,90124.33,ACTIVE,Dar es Salaam,0,2G_GSM,Nokia 105 (Feature Phone),
REC-101414,+255714***947,INVA *** 140,2023-11-04T00:00:00Z,DATA_RECHARGE,18608.42,SUSPENDED,Arusha,0,4G_LTE,Samsung Galaxy A14; Android 13,
REC-102375,+255714***138,+255714***796,2023-11-16T07:22:03Z,SMS_PACK,53861.77,PENDING_KYC,Dar es Salaam,45,4G_LTE,Samsung Galaxy A14; Android 13,"Customer stated: 'Cannot connect to 4G in Posta area, please help'"
REC-100673,INVA *** 140,+255714***165,2023-11-14T06:52:17Z,TIGO_PESA_CASH_IN,129425.0,CHURNED,Dodoma,135,4G_LTE,Transsion Infinix Hot 30,"Customer stated: 'Cannot connect to 4G in Posta area, please help'"
REC-101755,+255714***427,+255714***331,2023-11-26T14:48:53Z,VOICE_CALL,0.0,PENDING_KYC,Dar es Salaam,1800,UNKNOWN,Transsion Infinix Hot 30,
REC-100437,+255714***206,+255714***480,2023-11-29T11:08:00Z,VOICE_CALL,31383.32,TERMINATED,Mwanza,45,4G_LTE,Unknown,"USSD session timeout, retry OK"
REC-100948,+255714***359,+255714***825,2023-11-20T21:45:21Z,SMS_PACK,112515.42,ACTIVE,Arusha,360,4G_LTE,Nokia 105 (Feature Phone),
REC-100720,+255714***921,+255714***044,2023-11-21T06:14:00Z,DATA_RECHARGE,149136.0,UNKNOWN,Other / Unknown,0,2G_GSM,Transsion Infinix Hot 30,Flagged for KYC update; verified by agent
REC-102124,+255714***960,INVA *** 140,2023-12-03T18:37:36Z,TIGO_PESA_CASH_OUT,122150.74,PENDING_KYC,Dodoma,360,4G_LTE,Tecno Spark 10 Pro,
REC-101060,+255714***113,+255714***576,2023-11-05T04:46:45Z,DATA_RECHARGE,0.0,SUSPENDED,Dodoma,0,4G_LTE,Nokia 105 (Feature Phone),"VIP Subscriber, priority routing"
REC-102266,+255714***645,+255714***892,2023-11-09T07:06:31Z,DATA_RECHARGE,0.0,SUSPENDED,Mwanza,30,4G_LTE,Nokia 105 (Feature Phone),None
REC-100467,+255714***509,+255714***468,2023-11-06T04:50:00Z,VOICE_CALL,11026.64,ACTIVE,Zanzibar,45,4G_LTE,Nokia 105 (Feature Phone),"VIP Subscriber, priority routing"
REC-100022,+255714***071,+255714***960,2023-11-19T01:44:00Z,TIGO_PESA_CASH_OUT,47768.49,PENDING_KYC,Tanga,0,4G_LTE,Huawei P40 Lite,Flagged for KYC update; verified by agent
REC-102443,+255714***057,+255714***563,2023-11-10T01:53:44Z,TIGO_PESA_CASH_IN,0.0,TERMINATED,Dar es Salaam,1800,4G_LTE,Huawei P40 Lite,"USSD session timeout, retry OK"
REC-102221,+255714***906,+255714***359,2023-11-20T01:56:05Z,DATA_RECHARGE,36240.64,TERMINATED,Dar es Salaam,1800,3G_WCDMA,Unknown,None
REC-101050,UNKNOWN,+255714***138,2023-11-08T12:12:00Z,TIGO_PESA_CASH_OUT,4063.21,UNKNOWN,Zanzibar,135,5G_NR,Transsion Infinix Hot 30,None
REC-100551,+255714***249,+255714***959,2023-11-26T00:49:35Z,SMS_PACK,20845.79,TERMINATED,Mwanza,0,4G_LTE,"iPhone 13,2 (iOS 16.5)",Flagged for KYC update; verified by agent
REC-101497,+255714***003,+255714***988,2023-12-04T09:10:00Z,TIGO_PESA_CASH_IN,0.0,SUSPENDED,Arusha,45,4G_LTE,"iPhone 13,2 (iOS 16.5)",
REC-101088,UNKNOWN,+255714***056,2023-11-25T09:19:08Z,VOICE_CALL,0.0,PENDING_KYC,Dar es Salaam,0,5G_NR,Huawei P40 Lite,None
REC-101955,+255714***960,UNKNOWN,2023-11-04T00:00:00Z,DATA_RECHARGE,125200.0,CHURNED,Dar es Salaam,45,5G_NR,"iPhone 13,2 (iOS 16.5)","USSD session timeout, retry OK"
REC-100618,+255714***274,+255714***672,2023-11-21T21:06:00Z,DATA_RECHARGE,13950.0,TERMINATED,Arusha,120,3G_WCDMA,Tecno Spark 10 Pro,"VIP Subscriber, priority routing"
REC-101322,+255714***359,+255714***249,2023-11-04T19:30:46Z,VOICE_CALL,6909.8,SUSPENDED,Morogoro,120,4G_LTE,"iPhone 13,2 (iOS 16.5)",Flagged for KYC update; verified by agent
REC-101102,INVA *** 000,+255714***784,2023-11-12T03:06:00Z,BUNDLE_PURCHASE,66898.82,TERMINATED,Zanzibar,360,4G_LTE,Nokia 105 (Feature Phone),Standard call; cell handover success
REC-101560,+255714***331,+255714***974,2023-11-10T06:34:41Z,BUNDLE_PURCHASE,65583.99,TERMINATED,Other / Unknown,45,4G_LTE,Huawei P40 Lite,Flagged for KYC update; verified by agent
REC-100420,+255714***000,+255714***783,2023-11-28T17:10:57Z,BUNDLE_PURCHASE,121214.0,PENDING_KYC,Arusha,120,2G_GSM,Nokia 105 (Feature Phone),"Customer stated: 'Cannot connect to 4G in Posta area, please help'"
REC-101081,+255714***042,+255714***317,2023-11-26T08:21:49Z,SMS_PACK,13177.0,TERMINATED,Zanzibar,0,4G_LTE,Unknown,Flagged for KYC update; verified by agent
REC-100932,+255714***304,INVA *** 140,2023-11-25T14:59:50Z,SMS_PACK,0.0,TERMINATED,Dodoma,30,3G_WCDMA,Nokia 105 (Feature Phone),"Customer stated: 'Cannot connect to 4G in Posta area, please help'"
REC-101016,+255714***603,+255714***768,2023-12-04T06:33:20Z,BUNDLE_PURCHASE,143911.73,PENDING_KYC,Arusha,45,3G_WCDMA,Unknown,Flagged for KYC update; verified by agent
REC-100084,+255714***154,+255714***233,2023-11-30T14:30:33Z,DATA_RECHARGE,58602.55,UNKNOWN,Dodoma,45,3G_WCDMA,Nokia 105 (Feature Phone),"VIP Subscriber, priority routing"
REC-102256,INVA *** 140,+255714***644,2023-11-21T17:03:15Z,TIGO_PESA_CASH_OUT,34594.15,TERMINATED,Arusha,135,3G_WCDMA,Nokia 105 (Feature Phone),None
REC-100876,+255714***591,+255714***673,2023-11-15T16:35:57Z,TIGO_PESA_CASH_OUT,118052.47,ACTIVE,Mbeya,120,UNKNOWN,Transsion Infinix Hot 30,
REC-101677,+255714***304,+255714***781,2023-11-18T08:08:57Z,SMS_PACK,70275.0,CHURNED,Dar es Salaam,0,4G_LTE,"iPhone 13,2 (iOS 16.5)","Customer stated: 'Cannot connect to 4G in Posta area, please help'"
REC-100062,+255714***961,+255714***370,2023-11-05T18:21:00Z,VOICE_CALL,34724.0,UNKNOWN,Morogoro,0,UNKNOWN,Nokia 105 (Feature Phone),None
REC-102235,+255714***140,INVA *** 140,2023-11-20T20:04:37Z,TIGO_PESA_CASH_IN,79990.35,ACTIVE,Dar es Salaam,1800,UNKNOWN,Samsung Galaxy A14; Android 13,"USSD session timeout, retry OK"
REC-101860,+255714***345,+255714***932,2023-11-28T21:46:42Z,BUNDLE_PURCHASE,4532.74,SUSPENDED,Arusha,0,4G_LTE,Unknown,Standard call; cell handover success
REC-102234,INVA *** 140,+255714***344,2023-12-03T13:51:29Z,TIGO_PESA_CASH_IN,14000.0,SUSPENDED,Zanzibar,0,4G_LTE,Unknown,"Customer stated: 'Cannot connect to 4G in Posta area, please help'"
REC-101544,+255714***755,+255714***002,2023-11-10T19:40:20Z,VOICE_CALL,13349.93,UNKNOWN,Zanzibar,1800,4G_LTE,"iPhone 13,2 (iOS 16.5)",
REC-101644,UNKNOWN,+255714***055,2023-11-26T15:43:00Z,TIGO_PESA_CASH_IN,4033.52,UNKNOWN,Dar es Salaam,0,2G_GSM,Samsung Galaxy A14; Android 13,"Customer stated: 'Cannot connect to 4G in Posta area, please help'"
REC-101824,INVA *** 140,+255714***796,2023-11-29T13:42:55Z,TIGO_PESA_CASH_IN,44353.59,TERMINATED,Zanzibar,0,2G_GSM,Huawei P40 Lite,Standard call; cell handover success
REC-101821,+255714***729,+255714***633,2023-11-14T20:02:00Z,SMS_PACK,20425.0,CHURNED,Mwanza,360,4G_LTE,"iPhone 13,2 (iOS 16.5)",None
REC-101554,+255714***097,+255714***960,2023-11-25T16:04:00Z,DATA_RECHARGE,69759.22,PENDING_KYC,Arusha,360,4G_LTE,Unknown,Flagged for KYC update; verified by agent
REC-102148,+255714***893,+255714***318,2023-11-20T07:29:58Z,TIGO_PESA_CASH_IN,18400.0,SUSPENDED,Tanga,0,4G_LTE,Transsion Infinix Hot 30,Standard call; cell handover success
REC-101186,+255714***523,+255714***467,2023-11-19T13:07:38Z,TIGO_PESA_CASH_IN,0.0,ACTIVE,Dar es Salaam,0,UNKNOWN,"iPhone 13,2 (iOS 16.5)",None
REC-101003,UNKNOWN,+255714***015,2023-11-05T18:18:00Z,TIGO_PESA_CASH_IN,4750.0,ACTIVE,Dodoma,0,2G_GSM,Transsion Infinix Hot 30,None
REC-100024,UNKNOWN,+255714***412,2023-11-17T05:20:50Z,VOICE_CALL,133512.05,TERMINATED,Tanga,120,4G_LTE,Tecno Spark 10 Pro,Flagged for KYC update; verified by agent
REC-101595,+255714***686,+255714***316,2023-11-21T19:43:00Z,DATA_RECHARGE,0.0,TERMINATED,Dar es Salaam,0,4G_LTE,Tecno Spark 10 Pro,Standard call; cell handover success
REC-101035,+255714***906,+255714***467,2023-11-16T11:52:00Z,BUNDLE_PURCHASE,87054.29,UNKNOWN,Zanzibar,1800,5G_NR,Samsung Galaxy A14; Android 13,None
REC-102056,+255714***699,+255714***234,2023-11-27T05:07:53Z,BUNDLE_PURCHASE,0.0,TERMINATED,Dar es Salaam,0,4G_LTE,Unknown,Flagged for KYC update; verified by agent
REC-101853,INVA *** 140,INVA *** 000,2023-11-29T18:44:49Z,TIGO_PESA_CASH_IN,0.0,PENDING_KYC,Arusha,360,4G_LTE,Samsung Galaxy A14; Android 13,Flagged for KYC update; verified by agent
REC-102066,+255714***701,+255714***290,2023-11-16T10:17:00Z,SMS_PACK,57366.15,UNKNOWN,Morogoro,360,4G_LTE,Transsion Infinix Hot 30,"Customer stated: 'Cannot connect to 4G in Posta area, please help'"
REC-100914,UNKNOWN,+255714***427,2023-11-15T18:19:29Z,DATA_RECHARGE,14155.07,SUSPENDED,Zanzibar,0,5G_NR,Samsung Galaxy A14; Android 13,"VIP Subscriber, priority routing"
REC-101026,UNKNOWN,+255714***138,2023-11-16T19:35:15Z,TIGO_PESA_CASH_IN,122846.08,SUSPENDED,Mwanza,0,UNKNOWN,Samsung Galaxy A14; Android 13,"USSD session timeout, retry OK"
REC-101021,+255714***565,+255714***961,2023-11-28T12:23:36Z,SMS_PACK,144505.04,ACTIVE,Mwanza,360,5G_NR,Nokia 105 (Feature Phone),Standard call; cell handover success
REC-100509,+255714***809,+255714***822,2023-11-27T10:46:00Z,VOICE_CALL,0.0,PENDING_KYC,Arusha,0,4G_LTE,Nokia 105 (Feature Phone),Flagged for KYC update; verified by agent
REC-102092,INVA *** 140,+255714***781,2023-11-27T08:09:13Z,BUNDLE_PURCHASE,60291.0,TERMINATED,Tanga,0,4G_LTE,Huawei P40 Lite,"Customer stated: 'Cannot connect to 4G in Posta area, please help'"
REC-101509,+255714***151,INVA *** 140,2023-11-20T02:15:41Z,TIGO_PESA_CASH_OUT,82294.7,SUSPENDED,Dar es Salaam,0,UNKNOWN,Samsung Galaxy A14; Android 13,None
REC-101434,+255714***699,+255714***496,2023-11-06T15:02:00Z,SMS_PACK,0.0,PENDING_KYC,Dar es Salaam,45,4G_LTE,Samsung Galaxy A14; Android 13,"VIP Subscriber, priority routing"
REC-100210,INVA *** 000,+255714***535,2023-11-16T12:37:02Z,TIGO_PESA_CASH_IN,131284.07,TERMINATED,Dodoma,0,3G_WCDMA,Unknown,"VIP Subscriber, priority routing"
REC-101377,INVA *** 140,+255714***962,2023-12-04T02:43:00Z,TIGO_PESA_CASH_OUT,57867.74,TERMINATED,Tanga,135,4G_LTE,Tecno Spark 10 Pro,"Customer stated: 'Cannot connect to 4G in Posta area, please help'"
REC-100610,+255714***851,+255714***959,2023-11-17T10:48:57Z,BUNDLE_PURCHASE,144539.0,SUSPENDED,Mbeya,45,5G_NR,Huawei P40 Lite,"Customer stated: 'Cannot connect to 4G in Posta area, please help'"
REC-101067,+255714***261,+255714***017,2023-11-26T11:12:13Z,TIGO_PESA_CASH_OUT,142875.0,TERMINATED,Mwanza,135,4G_LTE,Nokia 105 (Feature Phone),Standard call; cell handover success
REC-101205,INVA *** 140,+255714***576,2023-11-08T16:54:49Z,VOICE_CALL,24762.67,UNKNOWN,Mbeya,120,3G_WCDMA,Unknown,
REC-102412,+255714***839,+255714***192,2023-11-16T21:46:01Z,BUNDLE_PURCHASE,109462.17,TERMINATED,Dodoma,0,5G_NR,"iPhone 13,2 (iOS 16.5)",Standard call; cell handover success
REC-100746,+255714***823,+255714***617,2023-11-13T15:04:00Z,VOICE_CALL,21956.59,PENDING_KYC,Other / Unknown,135,4G_LTE,Nokia 105 (Feature Phone),Standard call; cell handover success
REC-101806,UNKNOWN,+255714***535,2023-11-07T00:36:46Z,TIGO_PESA_CASH_OUT,35857.35,SUSPENDED,Dodoma,0,5G_NR,Samsung Galaxy A14; Android 13,Flagged for KYC update; verified by agent
REC-101008,+255714***069,+255714***276,2023-11-23T04:48:52Z,SMS_PACK,7678.76,SUSPENDED,Dar es Salaam,45,4G_LTE,Samsung Galaxy A14; Android 13,None
REC-100261,+255714***303,+255714***179,2023-11-09T04:53:20Z,VOICE_CALL,100387.11,UNKNOWN,Arusha,1800,4G_LTE,Unknown,"Customer stated: 'Cannot connect to 4G in Posta area, please help'"
REC-100225,+255714***154,+255714***674,2023-11-24T16:14:00Z,TIGO_PESA_CASH_OUT,105420.69,UNKNOWN,Mbeya,45,5G_NR,Samsung Galaxy A14; Android 13,"USSD session timeout, retry OK"
REC-101168,INVA *** 140,+255714***537,2023-11-16T17:09:33Z,BUNDLE_PURCHASE,140562.08,PENDING_KYC,Arusha,0,4G_LTE,Samsung Galaxy A14; Android 13,Standard call; cell handover success
REC-101855,INVA *** 000,+255714***316,2023-11-14T06:56:52Z,VOICE_CALL,75378.61,TERMINATED,Other / Unknown,1800,UNKNOWN,Transsion Infinix Hot 30,
REC-100195,+255714***687,+255714***043,2023-11-26T22:03:03Z,SMS_PACK,31842.44,ACTIVE,Dodoma,0,4G_LTE,Nokia 105 (Feature Phone),"USSD session timeout, retry OK"
REC-100818,+255714***071,+255714***111,2023-11-17T12:46:33Z,TIGO_PESA_CASH_OUT,31252.95,TERMINATED,Tanga,360,4G_LTE,Samsung Galaxy A14; Android 13,"VIP Subscriber, priority routing"
REC-101473,UNKNOWN,INVA *** 140,2023-11-04T00:00:00Z,VOICE_CALL,141644.8,SUSPENDED,Mbeya,360,4G_LTE,Huawei P40 Lite,"Customer stated: 'Cannot connect to 4G in Posta area, please help'"
REC-100490,+255714***795,+255714***551,2023-11-26T22:09:57Z,SMS_PACK,0.0,ACTIVE,Dodoma,30,2G_GSM,Samsung Galaxy A14; Android 13,"USSD session timeout, retry OK"
REC-100374,+255714***658,+255714***138,2023-11-28T09:26:20Z,DATA_RECHARGE,48436.24,UNKNOWN,Dar es Salaam,45,4G_LTE,Tecno Spark 10 Pro,"USSD session timeout, retry OK"
REC-101229,+255714***453,+255714***550,2023-12-03T17:06:17Z,BUNDLE_PURCHASE,84821.29,PENDING_KYC,Tanga,120,4G_LTE,Tecno Spark 10 Pro,"VIP Subscriber, priority routing"
REC-100328,+255714***658,+255714***701,2023-11-21T22:11:11Z,TIGO_PESA_CASH_IN,73302.22,ACTIVE,Mwanza,45,2G_GSM,"iPhone 13,2 (iOS 16.5)","USSD session timeout, retry OK"
REC-100246,+255714***727,+255714***918,2023-12-02T20:37:00Z,DATA_RECHARGE,146109.99,SUSPENDED,Mwanza,1800,UNKNOWN,Unknown,
REC-102064,INVA *** 140,+255714***425,2023-11-15T22:02:31Z,BUNDLE_PURCHASE,98801.32,SUSPENDED,Arusha,0,UNKNOWN,Huawei P40 Lite,
REC-102200,+255714***496,+255714***343,2023-11-21T03:30:09Z,DATA_RECHARGE,142313.0,SUSPENDED,Zanzibar,360,4G_LTE,Unknown,None
REC-101733,+255714***195,+255714***044,2023-12-02T16:48:04Z,TIGO_PESA_CASH_IN,64831.13,PENDING_KYC,Mwanza,0,4G_LTE,Nokia 105 (Feature Phone),Flagged for KYC update; verified by agent
REC-101304,+255714***920,INVA *** 000,2023-11-06T05:55:53Z,SMS_PACK,98397.51,SUSPENDED,Arusha,1800,3G_WCDMA,Transsion Infinix Hot 30,"Customer stated: 'Cannot connect to 4G in Posta area, please help'"
REC-102485,+255714***099,+255714***496,2023-11-12T17:06:01Z,SMS_PACK,80475.0,CHURNED,Dodoma,0,2G_GSM,Huawei P40 Lite,"VIP Subscriber, priority routing"
REC-100985,UNKNOWN,UNKNOWN,2023-11-23T10:40:42Z,SMS_PACK,143980.0,SUSPENDED,Mwanza,135,4G_LTE,Samsung Galaxy A14; Android 13,"VIP Subscriber, priority routing"
REC-101757,+255714***165,+255714***852,2023-12-02T00:25:03Z,BUNDLE_PURCHASE,139600.0,UNKNOWN,Arusha,135,4G_LTE,Tecno Spark 10 Pro,None
REC-101549,+255714***249,+255714***906,2023-11-19T04:07:00Z,TIGO_PESA_CASH_OUT,0.0,TERMINATED,Zanzibar,1800,3G_WCDMA,Huawei P40 Lite,Standard call; cell handover success
REC-100887,+255714***110,+255714***481,2023-11-11T03:37:36Z,TIGO_PESA_CASH_IN,109879.24,CHURNED,Dar es Salaam,120,4G_LTE,Samsung Galaxy A14; Android 13,"USSD session timeout, retry OK"
REC-100685,INVA *** 140,INVA *** 000,2023-11-28T02:22:02Z,TIGO_PESA_CASH_OUT,113658.0,TERMINATED,Dodoma,30,5G_NR,Unknown,Flagged for KYC update; verified by agent
REC-100964,INVA *** 140,INVA *** 000,2023-11-25T19:08:00Z,TIGO_PESA_CASH_OUT,124249.2,CHURNED,Dar es Salaam,30,3G_WCDMA,Nokia 105 (Feature Phone),Standard call; cell handover success
REC-101780,+255714***098,INVA *** 000,2023-11-12T00:31:41Z,DATA_RECHARGE,60666.41,ACTIVE,Mwanza,360,4G_LTE,Nokia 105 (Feature Phone),
REC-100827,+255714***617,+255714***549,2023-11-26T13:00:00Z,VOICE_CALL,0.0,ACTIVE,Dar es Salaam,0,5G_NR,Samsung Galaxy A14; Android 13,"Customer stated: 'Cannot connect to 4G in Posta area, please help'"
REC-102087,INVA *** 140,+255714***112,2023-11-12T10:31:46Z,BUNDLE_PURCHASE,53909.94,UNKNOWN,Mwanza,1800,4G_LTE,Tecno Spark 10 Pro,
REC-102078,+255714***851,+255714***743,2023-11-07T15:16:11Z,VOICE_CALL,136222.5,ACTIVE,Morogoro,0,4G_LTE,Huawei P40 Lite,"Customer stated: 'Cannot connect to 4G in Posta area, please help'"
REC-100958,+255714***003,+255714***111,2023-11-26T07:52:34Z,DATA_RECHARGE,138624.63,TERMINATED,Dar es Salaam,1800,UNKNOWN,Tecno Spark 10 Pro,None
REC-100381,+255714***454,+255714***537,2023-11-13T18:02:35Z,VOICE_CALL,103542.87,ACTIVE,Mwanza,0,3G_WCDMA,Nokia 105 (Feature Phone),"Customer stated: 'Cannot connect to 4G in Posta area, please help'"
REC-100065,INVA *** 000,+255714***973,2023-11-04T13:33:47Z,SMS_PACK,130475.0,ACTIVE,Arusha,1800,5G_NR,Huawei P40 Lite,None
REC-102227,INVA *** 140,+255714***947,2023-12-02T12:01:39Z,DATA_RECHARGE,44758.47,ACTIVE,Arusha,0,2G_GSM,Huawei P40 Lite,"USSD session timeout, retry OK"
REC-102059,+255714***755,+255714***988,2023-12-03T09:16:00Z,SMS_PACK,93003.19,SUSPENDED,Dar es Salaam,360,5G_NR,Tecno Spark 10 Pro,"VIP Subscriber, priority routing"
REC-101314,+255714***137,+255714***713,2023-11-29T06:06:24Z,BUNDLE_PURCHASE,0.0,PENDING_KYC,Tanga,0,4G_LTE,Samsung Galaxy A14; Android 13,Flagged for KYC update; verified by agent
REC-101574,INVA *** 140,+255714***330,2023-11-14T10:03:00Z,TIGO_PESA_CASH_IN,92700.0,SUSPENDED,Mwanza,30,4G_LTE,Huawei P40 Lite,"USSD session timeout, retry OK"
REC-102419,+255714***660,+255714***521,2023-11-26T23:22:32Z,VOICE_CALL,98756.02,TERMINATED,Zanzibar,0,UNKNOWN,Tecno Spark 10 Pro,Flagged for KYC update; verified by agent
REC-102142,+255714***222,INVA *** 000,2023-11-26T20:59:41Z,TIGO_PESA_CASH_IN,113805.81,UNKNOWN,Arusha,0,2G_GSM,"iPhone 13,2 (iOS 16.5)","USSD session timeout, retry OK"
REC-100705,+255714***811,+255714***687,2023-11-25T13:28:00Z,TIGO_PESA_CASH_IN,85927.75,ACTIVE,Mbeya,45,3G_WCDMA,Unknown,
REC-102026,+255714***989,UNKNOWN,2023-11-27T22:46:00Z,BUNDLE_PURCHASE,87625.0,ACTIVE,Morogoro,30,UNKNOWN,Transsion Infinix Hot 30,"USSD session timeout, retry OK"
REC-100047,INVA *** 140,UNKNOWN,2023-11-14T03:17:00Z,VOICE_CALL,0.0,SUSPENDED,Dar es Salaam,360,UNKNOWN,Nokia 105 (Feature Phone),Standard call; cell handover success
REC-100700,INVA *** 140,+255714***674,2023-11-19T06:29:38Z,TIGO_PESA_CASH_OUT,98375.0,PENDING_KYC,Zanzibar,360,4G_LTE,"iPhone 13,2 (iOS 16.5)",Flagged for KYC update; verified by agent
REC-102180,INVA *** 140,+255714***591,2023-11-21T04:18:18Z,VOICE_CALL,0.0,UNKNOWN,Dar es Salaam,1800,4G_LTE,Transsion Infinix Hot 30,"Customer stated: 'Cannot connect to 4G in Posta area, please help'"
REC-100431,UNKNOWN,+255714***948,2023-11-11T18:10:30Z,TIGO_PESA_CASH_IN,126190.5,CHURNED,Other / Unknown,1800,UNKNOWN,"iPhone 13,2 (iOS 16.5)",Standard call; cell handover success
REC-101209,INVA *** 140,+255714***221,2023-11-28T12:10:34Z,BUNDLE_PURCHASE,149422.28,ACTIVE,Other / Unknown,30,4G_LTE,Tecno Spark 10 Pro,Standard call; cell handover success
REC-102306,+255714***017,+255714***946,2023-12-04T08:35:54Z,TIGO_PESA_CASH_IN,13799.76,TERMINATED,Dar es Salaam,0,UNKNOWN,Transsion Infinix Hot 30,"VIP Subscriber, priority routing"
REC-101446,+255714***658,+255714***302,2023-12-01T23:31:55Z,TIGO_PESA_CASH_IN,130852.48,SUSPENDED,Dodoma,0,4G_LTE,Tecno Spark 10 Pro,"VIP Subscriber, priority routing"
REC-100553,+255714***687,+255714***907,2023-11-22T08:30:24Z,DATA_RECHARGE,59327.38,UNKNOWN,Arusha,0,4G_LTE,Huawei P40 Lite,
REC-102452,+255714***439,+255714***262,2023-11-10T03:57:04Z,DATA_RECHARGE,4375.03,ACTIVE,Arusha,1800,4G_LTE,"iPhone 13,2 (iOS 16.5)","VIP Subscriber, priority routing"
REC-101343,+255714***975,INVA *** 140,2023-11-23T19:42:55Z,VOICE_CALL,95176.96,SUSPENDED,Dar es Salaam,0,3G_WCDMA,Transsion Infinix Hot 30,None
REC-100659,+255714***713,+255714***837,2023-11-11T03:14:00Z,TIGO_PESA_CASH_IN,100700.0,PENDING_KYC,Dar es Salaam,0,2G_GSM,Nokia 105 (Feature Phone),Flagged for KYC update; verified by agent
REC-100441,+255714***373,+255714***509,2023-11-20T13:04:55Z,TIGO_PESA_CASH_IN,68265.82,PENDING_KYC,Dar es Salaam,30,3G_WCDMA,Transsion Infinix Hot 30,None
REC-100516,+255714***633,INVA *** 140,2023-11-21T02:44:01Z,DATA_RECHARGE,106629.28,ACTIVE,Arusha,45,UNKNOWN,Nokia 105 (Feature Phone),Flagged for KYC update; verified by agent
REC-102494,+255714***167,+255714***687,2023-11-13T08:23:43Z,TIGO_PESA_CASH_OUT,78267.97,UNKNOWN,Dodoma,135,UNKNOWN,Unknown,Standard call; cell handover success
REC-101904,INVA *** 140,+255714***809,2023-11-22T03:52:00Z,DATA_RECHARGE,0.0,ACTIVE,Arusha,45,4G_LTE,Nokia 105 (Feature Phone),Standard call; cell handover success
REC-101866,+255714***098,+255714***959,2023-12-01T01:19:01Z,VOICE_CALL,23625.0,UNKNOWN,Zanzibar,135,UNKNOWN,Nokia 105 (Feature Phone),None
REC-100045,+255714***781,+255714***291,2023-11-06T11:07:34Z,VOICE_CALL,142466.95,ACTIVE,Tanga,45,4G_LTE,"iPhone 13,2 (iOS 16.5)","Customer stated: 'Cannot connect to 4G in Posta area, please help'"
REC-101710,INVA *** 140,+255714***373,2023-11-06T19:51:51Z,TIGO_PESA_CASH_IN,146250.0,PENDING_KYC,Dar es Salaam,45,UNKNOWN,Transsion Infinix Hot 30,
REC-101768,+255714***700,+255714***521,2023-11-05T07:43:45Z,DATA_RECHARGE,93925.0,SUSPENDED,Dodoma,120,4G_LTE,Tecno Spark 10 Pro,"USSD session timeout, retry OK"
REC-100484,+255714***413,+255714***988,2023-12-04T02:15:49Z,TIGO_PESA_CASH_OUT,27120.08,PENDING_KYC,Arusha,30,5G_NR,"iPhone 13,2 (iOS 16.5)","USSD session timeout, retry OK"
REC-101849,+255714***413,+255714***989,2023-12-03T11:03:00Z,TIGO_PESA_CASH_OUT,0.0,UNKNOWN,Zanzibar,45,UNKNOWN,Tecno Spark 10 Pro,"USSD session timeout, retry OK"
REC-102020,INVA *** 000,+255714***577,2023-11-05T21:45:00Z,SMS_PACK,16024.95,ACTIVE,Zanzibar,0,3G_WCDMA,Transsion Infinix Hot 30,None
REC-100415,+255714***370,+255714***454,2023-11-04T00:00:00Z,TIGO_PESA_CASH_IN,0.0,TERMINATED,Zanzibar,45,3G_WCDMA,Tecno Spark 10 Pro,Standard call; cell handover success
REC-100962,+255714***124,+255714***139,2023-11-16T06:02:00Z,DATA_RECHARGE,145925.0,ACTIVE,Tanga,30,UNKNOWN,"iPhone 13,2 (iOS 16.5)",Flagged for KYC update; verified by agent
REC-101299,+255714***741,INVA *** 140,2023-11-12T19:22:55Z,DATA_RECHARGE,33974.28,SUSPENDED,Dar es Salaam,135,4G_LTE,Unknown,
REC-101159,INVA *** 000,+255714***440,2023-11-07T15:35:50Z,TIGO_PESA_CASH_OUT,107103.92,UNKNOWN,Dodoma,30,3G_WCDMA,Samsung Galaxy A14; Android 13,"Customer stated: 'Cannot connect to 4G in Posta area, please help'"
REC-100975,+255714***261,+255714***946,2023-11-09T06:42:55Z,BUNDLE_PURCHASE,132305.29,ACTIVE,Arusha,0,4G_LTE,Transsion Infinix Hot 30,"VIP Subscriber, priority routing"
REC-100946,+255714***233,+255714***824,2023-11-23T17:50:44Z,DATA_RECHARGE,26700.0,ACTIVE,Arusha,0,3G_WCDMA,Tecno Spark 10 Pro,"USSD session timeout, retry OK"
REC-101805,UNKNOWN,+255714***152,1970-01-01T00:00:00Z,SMS_PACK,57962.91,ACTIVE,Dodoma,0,UNKNOWN,Huawei P40 Lite,"Customer stated: 'Cannot connect to 4G in Posta area, please help'"
REC-101213,+255714***823,+255714***455,2023-11-08T06:02:11Z,SMS_PACK,82575.0,UNKNOWN,Mwanza,1800,4G_LTE,Tecno Spark 10 Pro,"VIP Subscriber, priority routing"
REC-100538,+255714***783,+255714***947,2023-11-05T09:53:47Z,SMS_PACK,0.0,UNKNOWN,Zanzibar,120,4G_LTE,Unknown,
REC-101061,+255714***700,+255714***289,2023-11-13T10:33:17Z,SMS_PACK,29554.0,PENDING_KYC,Dar es Salaam,0,4G_LTE,Unknown,Flagged for KYC update; verified by agent
REC-101725,+255714***249,+255714***893,2023-11-05T07:31:00Z,BUNDLE_PURCHASE,35821.92,TERMINATED,Mbeya,0,2G_GSM,"iPhone 13,2 (iOS 16.5)",
REC-100803,UNKNOWN,+255714***235,2023-12-02T08:55:00Z,SMS_PACK,63551.65,TERMINATED,Arusha,120,4G_LTE,Unknown,"Customer stated: 'Cannot connect to 4G in Posta area, please help'"
REC-100236,+255714***276,+255714***288,2023-12-03T05:49:00Z,BUNDLE_PURCHASE,9811.0,ACTIVE,Arusha,360,5G_NR,Unknown,"USSD session timeout, retry OK"
REC-100672,+255714***880,+255714***124,2023-11-14T10:20:03Z,DATA_RECHARGE,76359.97,PENDING_KYC,Mwanza,45,4G_LTE,"iPhone 13,2 (iOS 16.5)",Flagged for KYC update; verified by agent
REC-101790,+255714***439,INVA *** 000,2023-11-26T06:49:00Z,TIGO_PESA_CASH_IN,82717.55,TERMINATED,Zanzibar,135,4G_LTE,Transsion Infinix Hot 30,
REC-101397,+255714***797,UNKNOWN,2023-11-16T13:53:33Z,BUNDLE_PURCHASE,119634.0,ACTIVE,Dar es Salaam,1800,4G_LTE,Samsung Galaxy A14; Android 13,"Customer stated: 'Cannot connect to 4G in Posta area, please help'"
REC-100226,UNKNOWN,INVA *** 000,2023-11-20T08:54:50Z,TIGO_PESA_CASH_OUT,88172.36,ACTIVE,Mwanza,135,4G_LTE,Unknown,Flagged for KYC update; verified by agent
REC-102405,+255714***852,+255714***014,2023-11-06T18:18:46Z,TIGO_PESA_CASH_IN,78384.0,CHURNED,Zanzibar,1800,4G_LTE,Tecno Spark 10 Pro,"USSD session timeout, retry OK"
REC-101647,+255714***439,+255714***069,2023-11-12T14:12:30Z,DATA_RECHARGE,111650.0,ACTIVE,Dar es Salaam,30,5G_NR,Samsung Galaxy A14; Android 13,Flagged for KYC update; verified by agent
REC-100990,+255714***921,INVA *** 140,1970-01-01T00:00:00Z,TIGO_PESA_CASH_IN,118625.0,UNKNOWN,Mwanza,0,4G_LTE,Samsung Galaxy A14; Android 13,Standard call; cell handover success
REC-100092,INVA *** 140,+255714***852,2023-11-15T14:26:00Z,TIGO_PESA_CASH_OUT,51175.0,PENDING_KYC,Dar es Salaam,30,3G_WCDMA,Tecno Spark 10 Pro,
REC-100894,+255714***222,+255714***277,2023-11-18T15:10:49Z,TIGO_PESA_CASH_IN,0.0,PENDING_KYC,Dar es Salaam,1800,UNKNOWN,Tecno Spark 10 Pro,"USSD session timeout, retry OK"
REC-101002,UNKNOWN,INVA *** 000,2023-11-13T07:49:07Z,TIGO_PESA_CASH_IN,131922.07,SUSPENDED,Dar es Salaam,0,4G_LTE,Tecno Spark 10 Pro,"Customer stated: 'Cannot connect to 4G in Posta area, please help'"
REC-102001,+255714***071,+255714***003,2023-11-28T05:47:00Z,DATA_RECHARGE,0.0,CHURNED,Other / Unknown,0,UNKNOWN,Unknown,
REC-102119,+255714***877,+255714***685,2023-12-01T04:10:11Z,BUNDLE_PURCHASE,56917.19,SUSPENDED,Dar es Salaam,360,4G_LTE,Huawei P40 Lite,None
REC-100044,+255714***289,+255714***371,2023-11-22T21:56:10Z,TIGO_PESA_CASH_IN,0.0,TERMINATED,Dar es Salaam,0,4G_LTE,Nokia 105 (Feature Phone),Standard call; cell handover success
REC-102418,+255714***495,+255714***001,2023-11-21T11:23:14Z,TIGO_PESA_CASH_OUT,0.0,CHURNED,Dodoma,1800,UNKNOWN,Transsion Infinix Hot 30,Flagged for KYC update; verified by agent
REC-101797,INVA *** 140,+255714***770,2023-11-04T00:00:00Z,SMS_PACK,67000.0,ACTIVE,Dodoma,30,4G_LTE,Huawei P40 Lite,
REC-101837,+255714***195,UNKNOWN,2023-11-30T06:56:44Z,SMS_PACK,0.0,TERMINATED,Arusha,45,5G_NR,Transsion Infinix Hot 30,
REC-101671,+255714***550,+255714***537,2023-11-13T04:30:16Z,SMS_PACK,10175.0,UNKNOWN,Dodoma,1800,4G_LTE,Transsion Infinix Hot 30,"Customer stated: 'Cannot connect to 4G in Posta area, please help'"
REC-101676,+255714***399,+255714***167,2023-12-01T10:34:58Z,TIGO_PESA_CASH_OUT,7315.28,CHURNED,Arusha,30,4G_LTE,Nokia 105 (Feature Phone),Standard call; cell handover success
REC-101553,+255714***359,+255714***098,2023-11-12T03:55:07Z,DATA_RECHARGE,89083.11,TERMINATED,Dodoma,120,4G_LTE,"iPhone 13,2 (iOS 16.5)",Standard call; cell handover success
REC-101452,+255714***563,+255714***466,2023-12-02T13:11:07Z,VOICE_CALL,96796.74,PENDING_KYC,Mbeya,0,4G_LTE,Huawei P40 Lite,"Customer stated: 'Cannot connect to 4G in Posta area, please help'"
REC-102115,+255714***248,INVA *** 140,2023-11-04T00:00:00Z,TIGO_PESA_CASH_IN,46974.57,TERMINATED,Arusha,1800,3G_WCDMA,Samsung Galaxy A14; Android 13,"Customer stated: 'Cannot connect to 4G in Posta area, please help'"
REC-101603,+255714***606,+255714***975,2023-11-30T17:43:00Z,BUNDLE_PURCHASE,61725.0,TERMINATED,Arusha,360,3G_WCDMA,Tecno Spark 10 Pro,
REC-102195,+255714***276,+255714***359,2023-12-02T22:14:09Z,TIGO_PESA_CASH_OUT,67053.0,CHURNED,Arusha,135,3G_WCDMA,"iPhone 13,2 (iOS 16.5)","USSD session timeout, retry OK"
REC-102028,INVA *** 140,+255714***453,2023-11-26T05:15:16Z,BUNDLE_PURCHASE,125375.0,PENDING_KYC,Dar es Salaam,120,4G_LTE,Samsung Galaxy A14; Android 13,None
REC-100688,+255714***234,+255714***548,2023-11-04T00:00:00Z,SMS_PACK,66924.0,CHURNED,Tanga,0,5G_NR,Transsion Infinix Hot 30,"Customer stated: 'Cannot connect to 4G in Posta area, please help'"
REC-100229,+255714***358,INVA *** 000,2023-11-28T14:16:00Z,TIGO_PESA_CASH_OUT,76861.89,UNKNOWN,Arusha,30,4G_LTE,Tecno Spark 10 Pro,None
REC-100972,+255714***455,+255714***167,2023-11-15T14:17:38Z,SMS_PACK,30778.0,CHURNED,Other / Unknown,0,5G_NR,Huawei P40 Lite,"VIP Subscriber, priority routing"
REC-101169,+255714***878,INVA *** 140,2023-11-22T18:13:00Z,TIGO_PESA_CASH_IN,56356.7,SUSPENDED,Dar es Salaam,120,3G_WCDMA,Unknown,
REC-101606,INVA *** 140,+255714***619,2023-11-08T02:24:00Z,DATA_RECHARGE,45225.0,PENDING_KYC,Dar es Salaam,0,4G_LTE,Tecno Spark 10 Pro,None
REC-102280,+255714***454,+255714***769,2023-11-06T04:09:19Z,VOICE_CALL,72135.53,PENDING_KYC,Arusha,0,4G_LTE,Nokia 105 (Feature Phone),Standard call; cell handover success
REC-100403,+255714***055,+255714***864,2023-11-27T01:56:00Z,SMS_PACK,141803.88,TERMINATED,Other / Unknown,30,UNKNOWN,Samsung Galaxy A14; Android 13,"VIP Subscriber, priority routing"
REC-100995,+255714***017,+255714***592,2023-11-07T20:55:00Z,TIGO_PESA_CASH_IN,0.0,SUSPENDED,Arusha,360,4G_LTE,Transsion Infinix Hot 30,"USSD session timeout, retry OK"
REC-101851,+255714***152,+255714***304,2023-11-05T04:43:14Z,BUNDLE_PURCHASE,48619.0,SUSPENDED,Morogoro,360,4G_LTE,Samsung Galaxy A14; Android 13,"USSD session timeout, retry OK"
REC-100280,+255714***275,+255714***166,2023-12-02T17:08:09Z,BUNDLE_PURCHASE,141673.0,SUSPENDED,Zanzibar,0,UNKNOWN,Nokia 105 (Feature Phone),"Customer stated: 'Cannot connect to 4G in Posta area, please help'"
REC-101743,INVA *** 140,INVA *** 000,2023-11-18T18:05:00Z,BUNDLE_PURCHASE,55773.61,ACTIVE,Dodoma,1800,2G_GSM,Samsung Galaxy A14; Android 13,"USSD session timeout, retry OK"
REC-102292,+255714***441,INVA *** 140,2023-11-21T22:45:00Z,VOICE_CALL,78519.41,TERMINATED,Arusha,0,UNKNOWN,Tecno Spark 10 Pro,
REC-101926,+255714***989,+255714***987,2023-11-04T00:00:00Z,BUNDLE_PURCHASE,39539.4,ACTIVE,Arusha,30,4G_LTE,Samsung Galaxy A14; Android 13,"Customer stated: 'Cannot connect to 4G in Posta area, please help'"
REC-100077,+255714***768,+255714***892,2023-11-27T23:12:00Z,VOICE_CALL,35950.0,UNKNOWN,Mwanza,360,4G_LTE,Unknown,
REC-101527,+255714***469,INVA *** 140,2023-11-05T20:07:44Z,DATA_RECHARGE,0.0,ACTIVE,Arusha,0,4G_LTE,Nokia 105 (Feature Phone),None
REC-101875,+255714***331,+255714***113,2023-11-25T04:57:00Z,BUNDLE_PURCHASE,44142.42,PENDING_KYC,Morogoro,360,4G_LTE,Unknown,Flagged for KYC update; verified by agent
REC-102153,+255714***521,+255714***317,2023-11-11T14:03:12Z,VOICE_CALL,7471.0,PENDING_KYC,Mwanza,1800,5G_NR,Huawei P40 Lite,"Customer stated: 'Cannot connect to 4G in Posta area, please help'"
REC-100808,+255714***345,+255714***207,2023-11-22T09:59:52Z,BUNDLE_PURCHASE,0.0,ACTIVE,Mwanza,0,4G_LTE,Samsung Galaxy A14; Android 13,"USSD session timeout, retry OK"
REC-101845,+255714***905,+255714***371,2023-11-19T04:42:00Z,TIGO_PESA_CASH_IN,10775.0,PENDING_KYC,Mwanza,0,4G_LTE,Unknown,None
REC-102105,+255714***291,+255714***220,2023-11-30T02:00:01Z,TIGO_PESA_CASH_OUT,65709.0,ACTIVE,Zanzibar,135,UNKNOWN,Unknown,"USSD session timeout, retry OK"
REC-101417,+255714***810,+255714***441,2023-12-01T05:24:00Z,SMS_PACK,21168.78,PENDING_KYC,Morogoro,30,UNKNOWN,Nokia 105 (Feature Phone),None
REC-100546,+255714***125,UNKNOWN,2023-11-25T01:57:00Z,TIGO_PESA_CASH_OUT,0.0,ACTIVE,Dodoma,0,4G_LTE,Tecno Spark 10 Pro,None
REC-102367,+255714***426,+255714***331,2023-11-18T23:05:00Z,TIGO_PESA_CASH_OUT,0.0,ACTIVE,Dodoma,0,UNKNOWN,Nokia 105 (Feature Phone),"USSD session timeout, retry OK"
REC-101990,+255714***864,+255714***618,2023-11-17T05:46:55Z,VOICE_CALL,0.0,ACTIVE,Arusha,0,UNKNOWN,Nokia 105 (Feature Phone),"VIP Subscriber, priority routing"
REC-100957,+255714***304,INVA *** 140,2023-11-22T03:21:00Z,SMS_PACK,0.0,TERMINATED,Zanzibar,1800,2G_GSM,Transsion Infinix Hot 30,Flagged for KYC update; verified by agent
REC-102192,INVA *** 000,+255714***919,2023-11-18T06:24:30Z,TIGO_PESA_CASH_IN,107225.76,ACTIVE,Zanzibar,0,4G_LTE,Huawei P40 Lite,None
REC-100597,+255714***892,+255714***425,2023-11-08T23:41:00Z,VOICE_CALL,64020.57,SUSPENDED,Zanzibar,0,5G_NR,Nokia 105 (Feature Phone),Standard call; cell handover success
REC-101825,INVA *** 140,+255714***099,2023-11-20T02:18:36Z,VOICE_CALL,49574.22,TERMINATED,Arusha,135,4G_LTE,Transsion Infinix Hot 30,"USSD session timeout, retry OK"
REC-100414,INVA *** 140,+255714***769,2023-11-29T18:49:20Z,VOICE_CALL,0.0,ACTIVE,Arusha,1800,2G_GSM,Transsion Infinix Hot 30,
REC-100422,+255714***193,+255714***233,2023-12-03T19:06:02Z,TIGO_PESA_CASH_IN,50001.11,ACTIVE,Dodoma,45,4G_LTE,Nokia 105 (Feature Phone),"USSD session timeout, retry OK"
REC-100885,+255714***932,+255714***288,2023-11-05T20:05:14Z,BUNDLE_PURCHASE,0.0,UNKNOWN,Mbeya,120,4G_LTE,Transsion Infinix Hot 30,None
REC-101294,+255714***755,+255714***124,2023-11-30T10:35:00Z,VOICE_CALL,0.0,PENDING_KYC,Other / Unknown,1800,4G_LTE,"iPhone 13,2 (iOS 16.5)","VIP Subscriber, priority routing"
REC-100926,+255714***017,+255714***631,2023-11-04T00:00:00Z,SMS_PACK,113496.97,ACTIVE,Dodoma,360,4G_LTE,Tecno Spark 10 Pro,Flagged for KYC update; verified by agent
REC-101092,+255714***207,UNKNOWN,2023-11-13T10:29:32Z,DATA_RECHARGE,14679.51,ACTIVE,Mwanza,30,4G_LTE,Samsung Galaxy A14; Android 13,"Customer stated: 'Cannot connect to 4G in Posta area, please help'"
REC-101781,UNKNOWN,+255714***303,2023-11-07T18:40:00Z,TIGO_PESA_CASH_IN,111308.0,ACTIVE,Mwanza,0,4G_LTE,Tecno Spark 10 Pro,"VIP Subscriber, priority routing"
REC-100472,+255714***687,+255714***357,2023-11-19T10:45:16Z,TIGO_PESA_CASH_OUT,0.0,PENDING_KYC,Dar es Salaam,0,5G_NR,Samsung Galaxy A14; Android 13,"USSD session timeout, retry OK"
REC-100740,+255714***208,+255714***358,2023-11-17T13:03:00Z,BUNDLE_PURCHASE,18305.96,UNKNOWN,Arusha,360,4G_LTE,Nokia 105 (Feature Phone),Flagged for KYC update; verified by agent
REC-100835,+255714***523,INVA *** 140,2023-11-04T00:00:00Z,DATA_RECHARGE,134310.0,ACTIVE,Mwanza,360,4G_LTE,Samsung Galaxy A14; Android 13,None
REC-100290,INVA *** 140,+255714***044,2023-11-18T20:19:00Z,DATA_RECHARGE,6400.0,SUSPENDED,Zanzibar,30,4G_LTE,Samsung Galaxy A14; Android 13,"VIP Subscriber, priority routing"
REC-101999,+255714***454,+255714***277,2023-11-27T13:46:20Z,TIGO_PESA_CASH_OUT,68654.14,ACTIVE,Zanzibar,360,4G_LTE,Tecno Spark 10 Pro,Flagged for KYC update; verified by agent
REC-102032,+255714***795,INVA *** 140,2023-11-27T07:18:00Z,SMS_PACK,0.0,TERMINATED,Zanzibar,0,UNKNOWN,Nokia 105 (Feature Phone),None
REC-100094,+255714***591,+255714***508,2023-11-24T21:58:45Z,SMS_PACK,8191.19,TERMINATED,Dodoma,0,2G_GSM,Huawei P40 Lite,Flagged for KYC update; verified by agent
REC-100212,+255714***193,INVA *** 140,2023-11-18T17:09:00Z,TIGO_PESA_CASH_IN,0.0,UNKNOWN,Other / Unknown,0,4G_LTE,Unknown,None
REC-100644,+255714***947,+255714***043,2023-11-04T00:00:00Z,VOICE_CALL,11166.63,SUSPENDED,Mwanza,120,4G_LTE,Tecno Spark 10 Pro,"USSD session timeout, retry OK"
REC-100061,+255714***686,INVA *** 140,2023-11-10T13:06:00Z,TIGO_PESA_CASH_OUT,103457.0,TERMINATED,Zanzibar,1800,3G_WCDMA,Transsion Infinix Hot 30,"VIP Subscriber, priority routing"
REC-101718,+255714***304,+255714***453,2023-11-20T16:35:28Z,BUNDLE_PURCHASE,0.0,ACTIVE,Dar es Salaam,0,4G_LTE,"iPhone 13,2 (iOS 16.5)","Customer stated: 'Cannot connect to 4G in Posta area, please help'"
REC-100528,+255714***303,+255714***987,2023-11-30T20:12:30Z,TIGO_PESA_CASH_IN,121525.0,ACTIVE,Dar es Salaam,135,4G_LTE,Transsion Infinix Hot 30,"Customer stated: 'Cannot connect to 4G in Posta area, please help'"
REC-101661,+255714***933,+255714***329,2023-11-17T08:22:00Z,BUNDLE_PURCHASE,107441.85,PENDING_KYC,Dodoma,30,4G_LTE,Unknown,None
REC-102212,+255714***071,+255714***647,2023-11-23T06:59:00Z,TIGO_PESA_CASH_IN,119525.0,UNKNOWN,Zanzibar,0,4G_LTE,Tecno Spark 10 Pro,Flagged for KYC update; verified by agent
REC-100448,INVA *** 140,+255714***510,2023-11-21T22:46:00Z,VOICE_CALL,0.0,SUSPENDED,Dodoma,135,4G_LTE,Tecno Spark 10 Pro,
REC-100792,+255714***521,+255714***892,2023-11-15T06:35:08Z,TIGO_PESA_CASH_IN,0.0,CHURNED,Mwanza,0,5G_NR,Samsung Galaxy A14; Android 13,Flagged for KYC update; verified by agent
REC-101803,+255714***386,+255714***565,2023-11-11T04:31:00Z,SMS_PACK,134362.3,ACTIVE,Mwanza,135,4G_LTE,Samsung Galaxy A14; Android 13,None
REC-102173,+255714***754,INVA *** 140,2023-11-29T17:56:58Z,TIGO_PESA_CASH_IN,65666.0,ACTIVE,Other / Unknown,1800,4G_LTE,Tecno Spark 10 Pro,"VIP Subscriber, priority routing"
REC-100721,+255714***564,INVA *** 140,2023-11-08T03:44:46Z,TIGO_PESA_CASH_IN,126000.0,ACTIVE,Dodoma,0,3G_WCDMA,"iPhone 13,2 (iOS 16.5)","USSD session timeout, retry OK"
REC-100179,UNKNOWN,INVA *** 140,2023-11-07T08:39:00Z,BUNDLE_PURCHASE,0.0,ACTIVE,Dar es Salaam,135,4G_LTE,Unknown,
REC-100563,+255714***988,+255714***029,2023-11-10T09:17:23Z,TIGO_PESA_CASH_IN,0.0,SUSPENDED,Arusha,1800,UNKNOWN,Tecno Spark 10 Pro,Standard call; cell handover success
REC-101793,INVA *** 000,+255714***713,2023-12-01T14:44:26Z,TIGO_PESA_CASH_IN,76578.08,UNKNOWN,Dar es Salaam,0,5G_NR,Unknown,"Customer stated: 'Cannot connect to 4G in Posta area, please help'"
REC-101645,+255714***138,+255714***646,2023-11-06T15:02:00Z,VOICE_CALL,60847.76,SUSPENDED,Dodoma,45,UNKNOWN,"iPhone 13,2 (iOS 16.5)",None
REC-100114,INVA *** 000,INVA *** 140,2023-11-26T07:15:40Z,DATA_RECHARGE,80334.67,PENDING_KYC,Arusha,30,4G_LTE,Huawei P40 Lite,"Customer stated: 'Cannot connect to 4G in Posta area, please help'"
REC-100429,+255714***565,+255714***959,2023-11-27T18:25:25Z,TIGO_PESA_CASH_OUT,119690.0,PENDING_KYC,Arusha,0,UNKNOWN,Huawei P40 Lite,"USSD session timeout, retry OK"
REC-100454,+255714***565,+255714***427,2023-11-19T16:18:38Z,BUNDLE_PURCHASE,8389.75,ACTIVE,Zanzibar,0,2G_GSM,Transsion Infinix Hot 30,Standard call; cell handover success
REC-100973,INVA *** 000,+255714***317,2023-11-08T08:47:06Z,VOICE_CALL,67275.0,SUSPENDED,Mwanza,45,4G_LTE,Nokia 105 (Feature Phone),None
REC-100060,+255714***537,+255714***674,2023-11-04T00:00:00Z,VOICE_CALL,81912.0,TERMINATED,Arusha,0,4G_LTE,"iPhone 13,2 (iOS 16.5)",None
REC-101662,UNKNOWN,+255714***619,2023-11-06T17:49:00Z,TIGO_PESA_CASH_IN,0.0,PENDING_KYC,Dodoma,120,UNKNOWN,Nokia 105 (Feature Phone),"USSD session timeout, retry OK"
REC-100567,+255714***291,+255714***098,2023-11-23T20:59:40Z,VOICE_CALL,3566.55,CHURNED,Dodoma,360,4G_LTE,Unknown,
REC-101882,+255714***290,INVA *** 140,2023-11-18T10:13:00Z,VOICE_CALL,34575.02,PENDING_KYC,Dodoma,0,4G_LTE,Huawei P40 Lite,"USSD session timeout, retry OK"
REC-102139,+255714***714,+255714***549,2023-11-26T07:18:00Z,VOICE_CALL,76069.64,ACTIVE,Dodoma,1800,5G_NR,"iPhone 13,2 (iOS 16.5)","USSD session timeout, retry OK"
REC-100088,+255714***948,+255714***028,2023-11-21T21:36:17Z,DATA_RECHARGE,88533.51,TERMINATED,Dar es Salaam,45,4G_LTE,Transsion Infinix Hot 30,Standard call; cell handover success
REC-100336,+255714***206,INVA *** 140,2023-11-10T21:44:00Z,TIGO_PESA_CASH_OUT,121770.31,PENDING_KYC,Zanzibar,120,2G_GSM,"iPhone 13,2 (iOS 16.5)",
REC-101517,+255714***962,+255714***880,2023-11-21T09:09:00Z,TIGO_PESA_CASH_OUT,103748.62,TERMINATED,Dar es Salaam,0,3G_WCDMA,"iPhone 13,2 (iOS 16.5)","USSD session timeout, retry OK"
REC-100778,+255714***551,+255714***934,2023-11-17T02:30:00Z,DATA_RECHARGE,124667.09,PENDING_KYC,Mwanza,360,4G_LTE,"iPhone 13,2 (iOS 16.5)","USSD session timeout, retry OK"
REC-102463,+255714***592,+255714***959,2023-11-28T05:11:08Z,TIGO_PESA_CASH_IN,43154.0,UNKNOWN,Mbeya,120,2G_GSM,Nokia 105 (Feature Phone),Flagged for KYC update; verified by agent
REC-100834,+255714***044,INVA *** 140,2023-12-01T23:00:41Z,TIGO_PESA_CASH_OUT,0.0,ACTIVE,Morogoro,1800,4G_LTE,Nokia 105 (Feature Phone),"VIP Subscriber, priority routing"
REC-100508,+255714***058,+255714***795,2023-11-28T07:47:00Z,VOICE_CALL,123508.48,UNKNOWN,Mwanza,0,2G_GSM,Nokia 105 (Feature Phone),"Customer stated: 'Cannot connect to 4G in Posta area, please help'"
REC-100248,+255714***756,INVA *** 140,2023-11-21T13:57:00Z,BUNDLE_PURCHASE,84750.0,SUSPENDED,Zanzibar,1800,5G_NR,"iPhone 13,2 (iOS 16.5)","Customer stated: 'Cannot connect to 4G in Posta area, please help'"
REC-101244,+255714***796,+255714***208,2023-11-26T21:12:31Z,DATA_RECHARGE,0.0,TERMINATED,Dar es Salaam,0,UNKNOWN,Samsung Galaxy A14; Android 13,None
REC-101478,+255714***825,+255714***181,2023-11-15T00:23:44Z,TIGO_PESA_CASH_OUT,0.0,TERMINATED,Other / Unknown,1800,4G_LTE,Tecno Spark 10 Pro,"USSD session timeout, retry OK"
REC-100383,+255714***275,+255714***633,2023-11-29T01:42:20Z,TIGO_PESA_CASH_OUT,0.0,CHURNED,Tanga,120,5G_NR,Nokia 105 (Feature Phone),"VIP Subscriber, priority routing"
REC-100387,+255714***604,+255714***454,2023-11-07T08:08:48Z,BUNDLE_PURCHASE,40239.44,ACTIVE,Mwanza,0,4G_LTE,Huawei P40 Lite,"VIP Subscriber, priority routing"
REC-101189,UNKNOWN,+255714***467,2023-11-23T23:31:00Z,TIGO_PESA_CASH_OUT,121141.4,TERMINATED,Other / Unknown,30,4G_LTE,"iPhone 13,2 (iOS 16.5)","Customer stated: 'Cannot connect to 4G in Posta area, please help'"
REC-100826,+255714***865,+255714***839,2023-11-04T21:55:59Z,TIGO_PESA_CASH_OUT,139121.34,ACTIVE,Zanzibar,360,2G_GSM,Huawei P40 Lite,
REC-101895,+255714***551,+255714***112,2023-11-16T08:20:00Z,TIGO_PESA_CASH_OUT,74584.29,ACTIVE,Zanzibar,120,4G_LTE,Nokia 105 (Feature Phone),Standard call; cell handover success
REC-100762,+255714***797,+255714***946,1970-01-01T00:00:00Z,TIGO_PESA_CASH_OUT,146699.98,SUSPENDED,Dodoma,0,4G_LTE,Transsion Infinix Hot 30,Flagged for KYC update; verified by agent
REC-101093,+255714***700,UNKNOWN,2023-11-15T13:33:27Z,DATA_RECHARGE,73236.95,SUSPENDED,Zanzibar,0,5G_NR,Samsung Galaxy A14; Android 13,"VIP Subscriber, priority routing"
REC-101494,INVA *** 000,+255714***016,2023-11-04T00:00:00Z,SMS_PACK,27138.12,TERMINATED,Arusha,30,3G_WCDMA,Nokia 105 (Feature Phone),None
REC-100407,+255714***221,+255714***565,2023-11-24T18:27:00Z,DATA_RECHARGE,86148.33,TERMINATED,Tanga,30,3G_WCDMA,Huawei P40 Lite,Flagged for KYC update; verified by agent
REC-101090,+255714***715,INVA *** 000,2023-12-03T00:23:37Z,DATA_RECHARGE,6883.57,PENDING_KYC,Zanzibar,30,UNKNOWN,Unknown,"Customer stated: 'Cannot connect to 4G in Posta area, please help'"
REC-102151,UNKNOWN,+255714***536,2023-11-28T17:51:26Z,TIGO_PESA_CASH_IN,139216.66,CHURNED,Tanga,135,4G_LTE,Samsung Galaxy A14; Android 13,Standard call; cell handover success
REC-100768,+255714***962,+255714***920,2023-11-11T05:20:20Z,SMS_PACK,0.0,UNKNOWN,Tanga,1800,UNKNOWN,Tecno Spark 10 Pro,"Customer stated: 'Cannot connect to 4G in Posta area, please help'"
REC-100015,+255714***727,INVA *** 140,2023-12-02T05:32:08Z,BUNDLE_PURCHASE,71164.32,SUSPENDED,Dar es Salaam,0,4G_LTE,Transsion Infinix Hot 30,"USSD session timeout, retry OK"
REC-101076,INVA *** 140,+255714***427,1970-01-01T00:00:00Z,VOICE_CALL,26997.0,CHURNED,Arusha,0,UNKNOWN,Nokia 105 (Feature Phone),Flagged for KYC update; verified by agent
REC-100988,+255714***934,+255714***893,2023-11-26T00:39:50Z,SMS_PACK,132745.49,PENDING_KYC,Arusha,0,5G_NR,Tecno Spark 10 Pro,Flagged for KYC update; verified by agent
REC-101583,+255714***058,+255714***411,2023-11-23T11:02:00Z,SMS_PACK,60800.0,CHURNED,Other / Unknown,120,4G_LTE,Tecno Spark 10 Pro,"Customer stated: 'Cannot connect to 4G in Posta area, please help'"
REC-100067,INVA *** 140,+255714***411,1970-01-01T00:00:00Z,TIGO_PESA_CASH_OUT,142086.0,ACTIVE,Zanzibar,360,2G_GSM,Nokia 105 (Feature Phone),"USSD session timeout, retry OK"
REC-101929,INVA *** 000,INVA *** 140,2023-11-08T19:03:29Z,TIGO_PESA_CASH_IN,14256.34,UNKNOWN,Zanzibar,360,5G_NR,"iPhone 13,2 (iOS 16.5)","Customer stated: 'Cannot connect to 4G in Posta area, please help'"
REC-101776,+255714***839,+255714***921,2023-11-06T23:03:22Z,TIGO_PESA_CASH_IN,28300.0,SUSPENDED,Arusha,135,2G_GSM,Huawei P40 Lite,Flagged for KYC update; verified by agent
REC-101135,+255714***549,+255714***302,2023-11-28T11:01:04Z,DATA_RECHARGE,107217.28,ACTIVE,Dar es Salaam,45,4G_LTE,"iPhone 13,2 (iOS 16.5)",
REC-100573,+255714***455,+255714***700,2023-11-19T17:59:00Z,BUNDLE_PURCHASE,108752.16,TERMINATED,Mwanza,45,4G_LTE,"iPhone 13,2 (iOS 16.5)","VIP Subscriber, priority routing"
REC-100716,+255714***042,+255714***274,2023-11-11T10:26:00Z,TIGO_PESA_CASH_OUT,85350.34,CHURNED,Arusha,135,4G_LTE,Transsion Infinix Hot 30,Flagged for KYC update; verified by agent
REC-101669,+255714***756,+255714***304,2023-11-12T20:41:43Z,VOICE_CALL,145500.0,TERMINATED,Mwanza,0,UNKNOWN,Samsung Galaxy A14; Android 13,"VIP Subscriber, priority routing"
REC-101649,INVA *** 140,+255714***221,1970-01-01T00:00:00Z,TIGO_PESA_CASH_IN,18307.09,ACTIVE,Dodoma,45,UNKNOWN,"iPhone 13,2 (iOS 16.5)",Flagged for KYC update; verified by agent
REC-100904,+255714***288,+255714***591,2023-11-16T15:27:26Z,VOICE_CALL,21629.0,PENDING_KYC,Zanzibar,120,4G_LTE,Unknown,"Customer stated: 'Cannot connect to 4G in Posta area, please help'"
REC-102076,+255714***769,+255714***728,2023-11-05T13:40:34Z,DATA_RECHARGE,56925.0,SUSPENDED,Dar es Salaam,0,5G_NR,Huawei P40 Lite,Flagged for KYC update; verified by agent
REC-100056,+255714***002,+255714***864,2023-11-07T00:04:49Z,TIGO_PESA_CASH_IN,141200.0,ACTIVE,Dodoma,0,4G_LTE,Huawei P40 Lite,
REC-102090,UNKNOWN,+255714***647,2023-11-24T22:41:23Z,DATA_RECHARGE,135738.24,SUSPENDED,Arusha,135,UNKNOWN,Samsung Galaxy A14; Android 13,"VIP Subscriber, priority routing"
REC-100682,+255714***070,+255714***891,2023-11-28T03:00:08Z,DATA_RECHARGE,75640.76,UNKNOWN,Arusha,45,4G_LTE,Samsung Galaxy A14; Android 13,
REC-102407,INVA *** 140,INVA *** 140,2023-11-13T09:02:00Z,TIGO_PESA_CASH_IN,56395.86,ACTIVE,Zanzibar,0,4G_LTE,Samsung Galaxy A14; Android 13,"VIP Subscriber, priority routing"
REC-102120,UNKNOWN,UNKNOWN,2023-11-21T12:19:33Z,BUNDLE_PURCHASE,56725.0,SUSPENDED,Dodoma,30,3G_WCDMA,"iPhone 13,2 (iOS 16.5)","VIP Subscriber, priority routing"
REC-102411,+255714***606,+255714***658,2023-11-12T11:15:00Z,BUNDLE_PURCHASE,0.0,PENDING_KYC,Mbeya,0,4G_LTE,Huawei P40 Lite,Flagged for KYC update; verified by agent
REC-100465,INVA *** 000,+255714***332,2023-11-20T05:00:00Z,TIGO_PESA_CASH_IN,24713.92,ACTIVE,Dodoma,135,5G_NR,Samsung Galaxy A14; Android 13,"USSD session timeout, retry OK"
REC-101800,+255714***701,+255714***071,2023-11-18T04:56:52Z,DATA_RECHARGE,12289.68,ACTIVE,Dodoma,135,4G_LTE,Samsung Galaxy A14; Android 13,"USSD session timeout, retry OK"
REC-100676,+255714***140,+255714***536,2023-11-24T16:41:00Z,TIGO_PESA_CASH_OUT,145588.65,PENDING_KYC,Mwanza,0,3G_WCDMA,Samsung Galaxy A14; Android 13,"VIP Subscriber, priority routing"
REC-102332,+255714***865,+255714***234,2023-11-13T11:46:24Z,BUNDLE_PURCHASE,62463.91,TERMINATED,Other / Unknown,1800,5G_NR,Unknown,Flagged for KYC update; verified by agent
REC-102425,+255714***921,UNKNOWN,2023-12-03T02:50:00Z,SMS_PACK,91055.24,UNKNOWN,Arusha,1800,5G_NR,Transsion Infinix Hot 30,"VIP Subscriber, priority routing"
REC-101532,+255714***044,+255714***959,1970-01-01T00:00:00Z,SMS_PACK,106323.04,TERMINATED,Dodoma,0,4G_LTE,Unknown,
REC-101704,+255714***083,UNKNOWN,2023-12-02T14:19:20Z,VOICE_CALL,0.0,SUSPENDED,Arusha,0,4G_LTE,Nokia 105 (Feature Phone),"Customer stated: 'Cannot connect to 4G in Posta area, please help'"
REC-101392,+255714***454,+255714***509,2023-11-25T15:58:14Z,TIGO_PESA_CASH_IN,0.0,TERMINATED,Mwanza,135,UNKNOWN,Tecno Spark 10 Pro,"Customer stated: 'Cannot connect to 4G in Posta area, please help'"
REC-102394,+255714***702,+255714***468,2023-12-02T12:44:31Z,TIGO_PESA_CASH_IN,95578.62,UNKNOWN,Zanzibar,120,4G_LTE,"iPhone 13,2 (iOS 16.5)",None
REC-102362,+255714***167,INVA *** 140,2023-11-27T18:29:21Z,BUNDLE_PURCHASE,0.0,ACTIVE,Zanzibar,0,4G_LTE,Tecno Spark 10 Pro,
REC-101146,INVA *** 000,INVA *** 140,2023-11-07T13:32:00Z,TIGO_PESA_CASH_IN,0.0,TERMINATED,Tanga,1800,4G_LTE,Tecno Spark 10 Pro,"USSD session timeout, retry OK"
REC-100012,+255714***877,+255714***619,2023-11-10T14:44:37Z,DATA_RECHARGE,0.0,SUSPENDED,Mwanza,1800,UNKNOWN,Huawei P40 Lite,"Customer stated: 'Cannot connect to 4G in Posta area, please help'"
REC-101326,+255714***893,+255714***660,2023-11-07T21:18:15Z,BUNDLE_PURCHASE,33156.58,ACTIVE,Arusha,120,UNKNOWN,Samsung Galaxy A14; Android 13,Flagged for KYC update; verified by agent
REC-101230,+255714***003,+255714***782,2023-11-28T10:47:03Z,DATA_RECHARGE,64900.0,ACTIVE,Dar es Salaam,45,4G_LTE,Transsion Infinix Hot 30,None
REC-101149,+255714***345,+255714***688,2023-11-20T21:17:21Z,DATA_RECHARGE,133147.35,CHURNED,Zanzibar,360,2G_GSM,Transsion Infinix Hot 30,Standard call; cell handover success
REC-101015,+255714***987,INVA *** 000,2023-11-23T10:20:00Z,BUNDLE_PURCHASE,0.0,PENDING_KYC,Mwanza,45,4G_LTE,Tecno Spark 10 Pro,"VIP Subscriber, priority routing"
REC-102007,+255714***784,+255714***206,2023-11-23T23:48:02Z,TIGO_PESA_CASH_IN,84298.0,TERMINATED,Zanzibar,30,2G_GSM,Transsion Infinix Hot 30,None
REC-100495,+255714***359,+255714***880,2023-11-08T14:56:39Z,VOICE_CALL,58907.03,ACTIVE,Dar es Salaam,45,5G_NR,Samsung Galaxy A14; Android 13,
REC-100747,+255714***795,+255714***482,2023-11-23T03:36:13Z,VOICE_CALL,16950.31,ACTIVE,Arusha,120,UNKNOWN,Samsung Galaxy A14; Android 13,"USSD session timeout, retry OK"
REC-100049,+255714***070,+255714***565,2023-11-11T22:28:11Z,TIGO_PESA_CASH_OUT,26825.0,TERMINATED,Tanga,1800,UNKNOWN,Transsion Infinix Hot 30,"Customer stated: 'Cannot connect to 4G in Posta area, please help'"
REC-100519,+255714***427,+255714***193,2023-11-17T23:23:17Z,BUNDLE_PURCHASE,52501.56,UNKNOWN,Tanga,120,2G_GSM,Huawei P40 Lite,"VIP Subscriber, priority routing"
REC-100266,+255714***425,INVA *** 140,2023-11-24T10:56:00Z,TIGO_PESA_CASH_IN,57775.0,PENDING_KYC,Dar es Salaam,45,5G_NR,Transsion Infinix Hot 30,Flagged for KYC update; verified by agent
REC-101308,+255714***153,+255714***373,2023-11-20T14:53:00Z,SMS_PACK,68767.0,ACTIVE,Arusha,360,2G_GSM,"iPhone 13,2 (iOS 16.5)",None
REC-101469,+255714***411,+255714***384,2023-11-11T18:07:54Z,DATA_RECHARGE,127930.11,PENDING_KYC,Zanzibar,30,UNKNOWN,"iPhone 13,2 (iOS 16.5)",
REC-101327,+255714***987,+255714***235,2023-11-19T07:25:15Z,BUNDLE_PURCHASE,14344.31,ACTIVE,Dar es Salaam,1800,4G_LTE,Transsion Infinix Hot 30,"USSD session timeout, retry OK"
REC-100655,+255714***166,+255714***139,2023-11-26T15:51:00Z,TIGO_PESA_CASH_IN,105197.0,TERMINATED,Dodoma,45,3G_WCDMA,"iPhone 13,2 (iOS 16.5)",Flagged for KYC update; verified by agent
REC-101769,+255714***316,INVA *** 140,2023-11-13T10:27:00Z,SMS_PACK,0.0,PENDING_KYC,Dar es Salaam,0,4G_LTE,Samsung Galaxy A14; Android 13,
REC-100518,+255714***096,INVA *** 140,2023-11-16T19:00:11Z,VOICE_CALL,10404.0,ACTIVE,Dar es Salaam,120,2G_GSM,"iPhone 13,2 (iOS 16.5)",Flagged for KYC update; verified by agent
REC-101858,+255714***455,INVA *** 000,2023-11-08T13:56:44Z,TIGO_PESA_CASH_IN,14294.77,ACTIVE,Zanzibar,1800,2G_GSM,"iPhone 13,2 (iOS 16.5)","USSD session timeout, retry OK"
REC-100908,+255714***988,INVA *** 140,2023-11-18T21:57:00Z,VOICE_CALL,65604.17,TERMINATED,Zanzibar,30,2G_GSM,Tecno Spark 10 Pro,Standard call; cell handover success
REC-101749,+255714***015,INVA *** 140,2023-11-07T09:54:23Z,DATA_RECHARGE,0.0,SUSPENDED,Morogoro,0,4G_LTE,Unknown,Standard call; cell handover success
REC-100564,INVA *** 140,INVA *** 140,1970-01-01T00:00:00Z,BUNDLE_PURCHASE,0.0,SUSPENDED,Zanzibar,0,5G_NR,Samsung Galaxy A14; Android 13,"USSD session timeout, retry OK"
REC-100489,UNKNOWN,+255714***248,2023-11-08T21:55:00Z,VOICE_CALL,72227.55,PENDING_KYC,Morogoro,0,3G_WCDMA,Transsion Infinix Hot 30,None
REC-101512,+255714***754,+255714***933,2023-12-03T17:32:08Z,DATA_RECHARGE,20212.0,ACTIVE,Zanzibar,30,4G_LTE,Huawei P40 Lite,Standard call; cell handover success
REC-101658,+255714***275,+255714***014,2023-11-11T06:44:20Z,BUNDLE_PURCHASE,105332.32,ACTIVE,Other / Unknown,135,4G_LTE,Nokia 105 (Feature Phone),Flagged for KYC update; verified by agent
REC-101287,+255714***932,+255714***644,2023-11-05T07:48:00Z,TIGO_PESA_CASH_OUT,66375.0,CHURNED,Arusha,0,4G_LTE,Transsion Infinix Hot 30,Flagged for KYC update; verified by agent
REC-100725,+255714***852,+255714***016,2023-11-22T04:53:00Z,TIGO_PESA_CASH_OUT,133875.0,TERMINATED,Dar es Salaam,0,4G_LTE,Unknown,"Customer stated: 'Cannot connect to 4G in Posta area, please help'"
REC-100715,+255714***425,+255714***373,2023-11-13T06:43:15Z,TIGO_PESA_CASH_IN,121010.0,UNKNOWN,Mbeya,135,3G_WCDMA,Huawei P40 Lite,Flagged for KYC update; verified by agent
REC-100161,+255714***509,+255714***672,2023-12-03T21:57:33Z,TIGO_PESA_CASH_IN,62675.0,PENDING_KYC,Mbeya,120,UNKNOWN,"iPhone 13,2 (iOS 16.5)",
REC-102198,+255714***262,INVA *** 140,2023-11-15T10:23:00Z,TIGO_PESA_CASH_IN,72227.72,PENDING_KYC,Dar es Salaam,360,2G_GSM,Samsung Galaxy A14; Android 13,Flagged for KYC update; verified by agent
REC-100907,+255714***384,+255714***441,2023-11-14T02:10:19Z,TIGO_PESA_CASH_OUT,130527.5,PENDING_KYC,Zanzibar,45,4G_LTE,Unknown,Standard call; cell handover success
REC-101992,+255714***084,INVA *** 140,2023-11-23T05:13:21Z,TIGO_PESA_CASH_OUT,53759.05,SUSPENDED,Arusha,135,4G_LTE,Transsion Infinix Hot 30,None
REC-100543,+255714***098,UNKNOWN,2023-11-22T03:39:00Z,SMS_PACK,98785.88,ACTIVE,Arusha,0,2G_GSM,Nokia 105 (Feature Phone),Standard call; cell handover success
REC-101297,+255714***165,+255714***043,2023-11-15T14:55:10Z,BUNDLE_PURCHASE,0.0,ACTIVE,Zanzibar,1800,4G_LTE,Nokia 105 (Feature Phone),"Customer stated: 'Cannot connect to 4G in Posta area, please help'"
REC-101195,+255714***509,+255714***015,2023-11-28T20:01:08Z,DATA_RECHARGE,32053.73,UNKNOWN,Mwanza,1800,3G_WCDMA,Huawei P40 Lite,Standard call; cell handover success
REC-101678,+255714***919,+255714***809,2023-11-27T10:46:50Z,DATA_RECHARGE,83938.0,PENDING_KYC,Zanzibar,0,3G_WCDMA,"iPhone 13,2 (iOS 16.5)",None
REC-100532,+255714***822,+255714***715,2023-11-21T06:20:34Z,TIGO_PESA_CASH_IN,62083.48,SUSPENDED,Arusha,120,4G_LTE,Tecno Spark 10 Pro,Standard call; cell handover success
REC-101268,UNKNOWN,+255714***905,2023-11-18T15:41:48Z,DATA_RECHARGE,78192.2,ACTIVE,Dodoma,0,UNKNOWN,Unknown,"USSD session timeout, retry OK"
REC-100789,+255714***713,+255714***509,2023-12-02T13:28:13Z,TIGO_PESA_CASH_OUT,19766.0,SUSPENDED,Dodoma,30,2G_GSM,"iPhone 13,2 (iOS 16.5)","Customer stated: 'Cannot connect to 4G in Posta area, please help'"
REC-102101,+255714***466,+255714***822,2023-11-17T11:29:00Z,DATA_RECHARGE,112525.0,SUSPENDED,Dar es Salaam,45,4G_LTE,Transsion Infinix Hot 30,"Customer stated: 'Cannot connect to 4G in Posta area, please help'"
REC-101519,+255714***742,+255714***467,2023-11-14T12:05:59Z,VOICE_CALL,104350.0,ACTIVE,Arusha,30,5G_NR,Samsung Galaxy A14; Android 13,Flagged for KYC update; verified by agent
REC-101344,+255714***153,INVA *** 140,2023-11-08T20:11:25Z,VOICE_CALL,17350.08,ACTIVE,Arusha,0,4G_LTE,Huawei P40 Lite,
REC-100911,INVA *** 140,+255714***288,2023-11-27T06:17:25Z,BUNDLE_PURCHASE,23889.73,UNKNOWN,Arusha,30,4G_LTE,Samsung Galaxy A14; Android 13,Flagged for KYC update; verified by agent
REC-101062,+255714***098,+255714***495,2023-11-19T22:11:56Z,VOICE_CALL,17149.19,UNKNOWN,Mbeya,0,2G_GSM,Nokia 105 (Feature Phone),Flagged for KYC update; verified by agent
REC-101507,+255714***002,+255714***044,2023-11-19T17:51:00Z,SMS_PACK,41900.0,CHURNED,Mwanza,360,2G_GSM,Samsung Galaxy A14; Android 13,None
REC-100541,+255714***220,+255714***111,2023-11-19T14:01:41Z,TIGO_PESA_CASH_OUT,0.0,PENDING_KYC,Other / Unknown,0,4G_LTE,"iPhone 13,2 (iOS 16.5)","USSD session timeout, retry OK"
REC-101636,+255714***906,+255714***496,2023-11-08T04:16:05Z,SMS_PACK,58782.21,ACTIVE,Dar es Salaam,360,5G_NR,Unknown,
REC-101786,+255714***618,+255714***509,2023-12-02T06:30:00Z,TIGO_PESA_CASH_IN,146736.53,TERMINATED,Dar es Salaam,360,4G_LTE,Unknown,"USSD session timeout, retry OK"
REC-101656,+255714***206,+255714***195,2023-11-18T12:54:00Z,VOICE_CALL,0.0,ACTIVE,Dar es Salaam,1800,5G_NR,Huawei P40 Lite,"VIP Subscriber, priority routing"
REC-101218,+255714***138,INVA *** 000,2023-12-02T14:01:00Z,TIGO_PESA_CASH_IN,40769.0,ACTIVE,Dodoma,360,4G_LTE,Huawei P40 Lite,"Customer stated: 'Cannot connect to 4G in Posta area, please help'"
REC-100719,+255714***702,+255714***154,2023-11-27T19:03:42Z,TIGO_PESA_CASH_OUT,0.0,UNKNOWN,Dar es Salaam,135,4G_LTE,Huawei P40 Lite,Flagged for KYC update; verified by agent
REC-102321,+255714***153,+255714***920,2023-11-15T17:05:46Z,BUNDLE_PURCHASE,107743.42,ACTIVE,Zanzibar,0,4G_LTE,Huawei P40 Lite,"Customer stated: 'Cannot connect to 4G in Posta area, please help'"
REC-101568,+255714***673,+255714***782,2023-11-04T00:00:00Z,DATA_RECHARGE,59948.58,PENDING_KYC,Mbeya,360,UNKNOWN,Samsung Galaxy A14; Android 13,"VIP Subscriber, priority routing"
REC-102243,+255714***795,+255714***016,2023-11-17T10:42:00Z,TIGO_PESA_CASH_OUT,0.0,TERMINATED,Other / Unknown,0,UNKNOWN,Samsung Galaxy A14; Android 13,"USSD session timeout, retry OK"
REC-101813,+255714***509,+255714***262,2023-11-15T21:42:00Z,TIGO_PESA_CASH_OUT,15831.06,ACTIVE,Mwanza,1800,3G_WCDMA,Samsung Galaxy A14; Android 13,"Customer stated: 'Cannot connect to 4G in Posta area, please help'"
REC-101348,INVA *** 140,+255714***770,2023-11-21T11:58:00Z,SMS_PACK,57384.1,ACTIVE,Arusha,30,4G_LTE,Unknown,
REC-101010,+255714***179,+255714***043,2023-11-29T11:38:00Z,TIGO_PESA_CASH_IN,0.0,TERMINATED,Mwanza,0,UNKNOWN,Huawei P40 Lite,"Customer stated: 'Cannot connect to 4G in Posta area, please help'"
REC-101720,+255714***124,+255714***510,2023-12-02T22:54:41Z,DATA_RECHARGE,27531.31,SUSPENDED,Dar es Salaam,0,5G_NR,"iPhone 13,2 (iOS 16.5)",
REC-100811,+255714***619,+255714***851,2023-11-08T12:41:00Z,TIGO_PESA_CASH_IN,0.0,SUSPENDED,Dar es Salaam,0,3G_WCDMA,Samsung Galaxy A14; Android 13,Flagged for KYC update; verified by agent
REC-101004,INVA *** 140,+255714***208,2023-11-15T07:41:10Z,VOICE_CALL,63272.49,PENDING_KYC,Zanzibar,135,UNKNOWN,Huawei P40 Lite,"Customer stated: 'Cannot connect to 4G in Posta area, please help'"
REC-100412,+255714***713,+255714***809,2023-11-17T14:37:49Z,TIGO_PESA_CASH_OUT,33772.0,SUSPENDED,Arusha,0,4G_LTE,Transsion Infinix Hot 30,None
REC-100784,+255714***469,+255714***165,2023-11-12T09:43:53Z,BUNDLE_PURCHASE,65663.49,PENDING_KYC,Other / Unknown,360,4G_LTE,Huawei P40 Lite,None
REC-100345,+255714***851,INVA *** 140,2023-11-19T09:29:00Z,BUNDLE_PURCHASE,51981.0,ACTIVE,Other / Unknown,0,4G_LTE,"iPhone 13,2 (iOS 16.5)","Customer stated: 'Cannot connect to 4G in Posta area, please help'"
REC-100105,UNKNOWN,+255714***165,2023-12-01T21:01:17Z,BUNDLE_PURCHASE,0.0,UNKNOWN,Other / Unknown,30,UNKNOWN,Nokia 105 (Feature Phone),"USSD session timeout, retry OK"
REC-101017,+255714***715,UNKNOWN,2023-11-12T05:59:12Z,SMS_PACK,63150.0,SUSPENDED,Dodoma,0,4G_LTE,Tecno Spark 10 Pro,Flagged for KYC update; verified by agent
REC-101810,+255714***193,+255714***058,2023-11-20T03:00:00Z,TIGO_PESA_CASH_IN,0.0,UNKNOWN,Arusha,0,5G_NR,Tecno Spark 10 Pro,
REC-100557,UNKNOWN,+255714***755,2023-11-26T18:01:00Z,VOICE_CALL,2042.88,TERMINATED,Dodoma,120,4G_LTE,Transsion Infinix Hot 30,
REC-101122,+255714***303,+255714***056,2023-11-28T12:22:00Z,SMS_PACK,81569.15,PENDING_KYC,Dar es Salaam,360,4G_LTE,Tecno Spark 10 Pro,"USSD session timeout, retry OK"
REC-102202,+255714***754,+255714***234,2023-11-09T18:17:26Z,BUNDLE_PURCHASE,73640.0,UNKNOWN,Arusha,30,UNKNOWN,Huawei P40 Lite,None
REC-100797,+255714***973,+255714***510,2023-11-10T15:41:56Z,TIGO_PESA_CASH_IN,41413.14,ACTIVE,Dodoma,1800,4G_LTE,Tecno Spark 10 Pro,"Customer stated: 'Cannot connect to 4G in Posta area, please help'"
REC-102264,+255714***262,+255714***961,2023-11-25T12:32:59Z,TIGO_PESA_CASH_OUT,142579.51,UNKNOWN,Arusha,120,5G_NR,"iPhone 13,2 (iOS 16.5)",
REC-101202,+255714***891,+255714***016,2023-11-25T05:04:18Z,DATA_RECHARGE,109509.69,TERMINATED,Mwanza,1800,4G_LTE,Huawei P40 Lite,
REC-102365,UNKNOWN,INVA *** 140,2023-11-27T08:07:00Z,DATA_RECHARGE,74718.0,UNKNOWN,Tanga,360,UNKNOWN,Tecno Spark 10 Pro,"USSD session timeout, retry OK"
REC-102052,INVA *** 140,+255714***454,2023-11-08T21:36:21Z,SMS_PACK,44116.97,ACTIVE,Dodoma,120,3G_WCDMA,Tecno Spark 10 Pro,"USSD session timeout, retry OK"
REC-102467,+255714***548,+255714***096,2023-11-22T04:25:00Z,BUNDLE_PURCHASE,47024.54,TERMINATED,Zanzibar,135,4G_LTE,Transsion Infinix Hot 30,
REC-102155,+255714***962,+255714***332,2023-11-04T00:00:00Z,TIGO_PESA_CASH_OUT,2882.37,TERMINATED,Mbeya,0,4G_LTE,Unknown,None
REC-101943,+255714***754,INVA *** 140,2023-11-04T00:00:00Z,TIGO_PESA_CASH_OUT,43746.0,CHURNED,Zanzibar,1800,4G_LTE,Huawei P40 Lite,None
REC-101406,+255714***713,INVA *** 000,1970-01-01T00:00:00Z,SMS_PACK,0.0,TERMINATED,Tanga,120,5G_NR,Unknown,Flagged for KYC update; verified by agent
REC-100144,+255714***372,+255714***110,2023-11-20T23:17:00Z,BUNDLE_PURCHASE,140872.81,UNKNOWN,Dodoma,1800,4G_LTE,Samsung Galaxy A14; Android 13,"VIP Subscriber, priority routing"
REC-101721,UNKNOWN,+255714***384,2023-11-19T23:18:00Z,DATA_RECHARGE,100325.0,CHURNED,Mwanza,135,4G_LTE,"iPhone 13,2 (iOS 16.5)",
REC-101665,+255714***291,INVA *** 000,2023-11-24T19:35:00Z,SMS_PACK,0.0,CHURNED,Arusha,45,5G_NR,Samsung Galaxy A14; Android 13,Standard call; cell handover success
REC-101737,+255714***880,INVA *** 140,2023-11-12T22:19:21Z,DATA_RECHARGE,41070.85,PENDING_KYC,Other / Unknown,45,UNKNOWN,"iPhone 13,2 (iOS 16.5)",
REC-100019,+255714***001,+255714***796,2023-11-28T03:14:07Z,DATA_RECHARGE,28889.73,ACTIVE,Morogoro,1800,4G_LTE,Nokia 105 (Feature Phone),"USSD session timeout, retry OK"
REC-100750,+255714***043,+255714***275,2023-11-04T13:37:00Z,DATA_RECHARGE,4088.13,ACTIVE,Dodoma,360,4G_LTE,Nokia 105 (Feature Phone),"Customer stated: 'Cannot connect to 4G in Posta area, please help'"
REC-102231,+255714***357,INVA *** 140,2023-11-13T14:35:00Z,SMS_PACK,119049.58,SUSPENDED,Mwanza,120,4G_LTE,"iPhone 13,2 (iOS 16.5)",Flagged for KYC update; verified by agent
REC-102325,INVA *** 140,+255714***713,1970-01-01T00:00:00Z,BUNDLE_PURCHASE,8159.0,UNKNOWN,Dodoma,0,4G_LTE,"iPhone 13,2 (iOS 16.5)",
REC-101911,UNKNOWN,+255714***523,2023-12-02T11:59:00Z,BUNDLE_PURCHASE,133289.85,SUSPENDED,Dodoma,0,2G_GSM,"iPhone 13,2 (iOS 16.5)","USSD session timeout, retry OK"
REC-101263,INVA *** 140,+255714***263,2023-11-04T21:39:21Z,DATA_RECHARGE,31701.18,ACTIVE,Morogoro,0,5G_NR,Unknown,"Customer stated: 'Cannot connect to 4G in Posta area, please help'"
REC-101375,+255714***934,+255714***110,2023-11-25T01:39:43Z,VOICE_CALL,53514.2,UNKNOWN,Other / Unknown,120,4G_LTE,Transsion Infinix Hot 30,"USSD session timeout, retry OK"
REC-100486,UNKNOWN,INVA *** 140,2023-11-15T15:50:41Z,VOICE_CALL,62050.0,SUSPENDED,Morogoro,0,UNKNOWN,Transsion Infinix Hot 30,"USSD session timeout, retry OK"
REC-102426,+255714***508,+255714***343,2023-11-12T15:26:45Z,BUNDLE_PURCHASE,0.0,PENDING_KYC,Dar es Salaam,45,4G_LTE,Nokia 105 (Feature Phone),Flagged for KYC update; verified by agent
REC-101913,+255714***385,+255714***180,2023-12-02T13:21:03Z,VOICE_CALL,62237.34,UNKNOWN,Arusha,360,2G_GSM,Transsion Infinix Hot 30,Standard call; cell handover success
REC-102183,+255714***193,INVA *** 140,2023-11-05T10:03:29Z,TIGO_PESA_CASH_IN,49258.47,SUSPENDED,Other / Unknown,360,4G_LTE,Unknown,"Customer stated: 'Cannot connect to 4G in Posta area, please help'"
REC-100643,+255714***070,+255714***248,2023-11-05T17:01:00Z,DATA_RECHARGE,66532.43,ACTIVE,Dodoma,0,5G_NR,Unknown,Standard call; cell handover success
REC-102458,+255714***700,+255714***056,2023-11-11T23:03:29Z,TIGO_PESA_CASH_IN,106269.0,ACTIVE,Arusha,0,UNKNOWN,Transsion Infinix Hot 30,None
REC-101819,+255714***235,+255714***262,2023-12-01T01:27:06Z,VOICE_CALL,56450.0,SUSPENDED,Arusha,0,UNKNOWN,Transsion Infinix Hot 30,None
REC-101492,+255714***811,+255714***919,2023-11-26T02:20:47Z,TIGO_PESA_CASH_OUT,68225.0,CHURNED,Other / Unknown,30,3G_WCDMA,"iPhone 13,2 (iOS 16.5)",Flagged for KYC update; verified by agent
REC-100425,+255714***261,INVA *** 140,1970-01-01T00:00:00Z,VOICE_CALL,72808.0,TERMINATED,Dodoma,30,5G_NR,Huawei P40 Lite,Standard call; cell handover success
REC-101921,+255714***989,+255714***002,2023-12-02T01:37:00Z,BUNDLE_PURCHASE,41175.0,ACTIVE,Arusha,120,4G_LTE,Tecno Spark 10 Pro,"USSD session timeout, retry OK"
REC-101094,+255714***291,INVA *** 140,2023-11-29T16:37:28Z,TIGO_PESA_CASH_OUT,120641.5,ACTIVE,Mwanza,45,5G_NR,Nokia 105 (Feature Phone),"USSD session timeout, retry OK"
REC-100649,+255714***796,+255714***975,2023-11-19T01:19:00Z,TIGO_PESA_CASH_IN,88250.0,ACTIVE,Arusha,45,5G_NR,Huawei P40 Lite,
REC-101798,INVA *** 000,+255714***151,2023-12-03T15:38:00Z,DATA_RECHARGE,130109.27,PENDING_KYC,Arusha,120,4G_LTE,"iPhone 13,2 (iOS 16.5)",Standard call; cell handover success
REC-102085,+255714***386,+255714***644,2023-11-28T18:17:16Z,VOICE_CALL,64200.0,SUSPENDED,Other / Unknown,45,4G_LTE,Transsion Infinix Hot 30,Flagged for KYC update; verified by agent
REC-100235,+255714***125,INVA *** 000,2023-11-09T00:36:00Z,VOICE_CALL,0.0,UNKNOWN,Dodoma,30,3G_WCDMA,Nokia 105 (Feature Phone),"VIP Subscriber, priority routing"
REC-100711,+255714***974,+255714***892,2023-11-11T11:06:00Z,BUNDLE_PURCHASE,30963.0,TERMINATED,Other / Unknown,120,4G_LTE,Tecno Spark 10 Pro,Standard call; cell handover success
REC-100917,+255714***537,INVA *** 140,2023-11-21T09:52:00Z,DATA_RECHARGE,4281.69,PENDING_KYC,Other / Unknown,30,4G_LTE,Transsion Infinix Hot 30,Flagged for KYC update; verified by agent
REC-101252,+255714***055,UNKNOWN,2023-11-16T15:46:23Z,BUNDLE_PURCHASE,19075.0,UNKNOWN,Dar es Salaam,360,4G_LTE,Nokia 105 (Feature Phone),"USSD session timeout, retry OK"
REC-102159,+255714***522,UNKNOWN,2023-11-05T15:03:15Z,VOICE_CALL,148847.38,UNKNOWN,Dodoma,0,5G_NR,Transsion Infinix Hot 30,None
REC-102102,+255714***934,+255714***289,1970-01-01T00:00:00Z,DATA_RECHARGE,116425.0,SUSPENDED,Arusha,1800,3G_WCDMA,Samsung Galaxy A14; Android 13,Standard call; cell handover success
REC-101877,+255714***153,+255714***261,2023-11-04T00:00:00Z,TIGO_PESA_CASH_OUT,106109.56,ACTIVE,Other / Unknown,0,4G_LTE,Samsung Galaxy A14; Android 13,Standard call; cell handover success
REC-100794,+255714***604,+255714***921,2023-11-05T13:48:14Z,TIGO_PESA_CASH_OUT,0.0,ACTIVE,Arusha,135,3G_WCDMA,Tecno Spark 10 Pro,
REC-102218,+255714***056,+255714***247,2023-11-06T19:04:48Z,VOICE_CALL,23000.0,SUSPENDED,Dar es Salaam,30,5G_NR,Huawei P40 Lite,
REC-102315,+255714***413,+255714***413,1970-01-01T00:00:00Z,SMS_PACK,58194.57,PENDING_KYC,Other / Unknown,0,4G_LTE,Samsung Galaxy A14; Android 13,"Customer stated: 'Cannot connect to 4G in Posta area, please help'"
REC-102217,+255714***783,+255714***331,2023-11-20T08:21:00Z,VOICE_CALL,72262.69,TERMINATED,Dodoma,120,UNKNOWN,Nokia 105 (Feature Phone),
REC-101616,+255714***755,+255714***290,2023-11-22T14:47:49Z,DATA_RECHARGE,87925.0,CHURNED,Dodoma,0,4G_LTE,Transsion Infinix Hot 30,"USSD session timeout, retry OK"
REC-100150,+255714***358,+255714***152,2023-11-21T00:03:43Z,BUNDLE_PURCHASE,53465.9,TERMINATED,Tanga,0,4G_LTE,"iPhone 13,2 (iOS 16.5)","USSD session timeout, retry OK"
REC-100744,INVA *** 140,+255714***194,2023-11-20T06:00:00Z,TIGO_PESA_CASH_IN,30986.0,CHURNED,Arusha,0,4G_LTE,Nokia 105 (Feature Phone),
REC-101852,+255714***413,INVA *** 140,2023-11-25T11:46:03Z,VOICE_CALL,25704.0,TERMINATED,Arusha,0,UNKNOWN,"iPhone 13,2 (iOS 16.5)","VIP Subscriber, priority routing"
REC-101586,+255714***933,+255714***015,2023-11-18T20:39:07Z,TIGO_PESA_CASH_IN,142479.24,ACTIVE,Dodoma,0,5G_NR,Nokia 105 (Feature Phone),"USSD session timeout, retry OK"
REC-100947,+255714***976,+255714***029,2023-11-29T22:12:44Z,BUNDLE_PURCHASE,69033.73,CHURNED,Dar es Salaam,45,2G_GSM,Nokia 105 (Feature Phone),
REC-101892,+255714***645,+255714***919,2023-11-17T16:03:37Z,TIGO_PESA_CASH_IN,138841.26,UNKNOWN,Dodoma,0,4G_LTE,"iPhone 13,2 (iOS 16.5)",Standard call; cell handover success
REC-101561,+255714***071,+255714***606,2023-11-13T09:27:28Z,VOICE_CALL,46192.92,TERMINATED,Arusha,360,2G_GSM,"iPhone 13,2 (iOS 16.5)",None
REC-101563,INVA *** 140,INVA *** 140,2023-11-29T10:42:00Z,SMS_PACK,30274.79,SUSPENDED,Dodoma,135,3G_WCDMA,Samsung Galaxy A14; Android 13,
REC-100110,+255714***454,+255714***701,2023-12-03T15:25:10Z,DATA_RECHARGE,50350.0,ACTIVE,Dodoma,360,4G_LTE,Nokia 105 (Feature Phone),
REC-100919,+255714***550,UNKNOWN,2023-11-28T19:01:08Z,VOICE_CALL,91212.77,TERMINATED,Other / Unknown,0,3G_WCDMA,Samsung Galaxy A14; Android 13,
REC-101972,+255714***317,+255714***987,2023-11-07T23:37:00Z,TIGO_PESA_CASH_IN,0.0,ACTIVE,Dar es Salaam,0,4G_LTE,Unknown,"USSD session timeout, retry OK"
REC-100367,+255714***740,+255714***261,2023-11-27T11:31:25Z,BUNDLE_PURCHASE,8546.9,ACTIVE,Dar es Salaam,360,2G_GSM,"iPhone 13,2 (iOS 16.5)","VIP Subscriber, priority routing"
REC-102370,+255714***466,+255714***152,2023-11-19T09:25:02Z,SMS_PACK,0.0,SUSPENDED,Dar es Salaam,0,4G_LTE,Nokia 105 (Feature Phone),"VIP Subscriber, priority routing"
REC-100076,+255714***029,+255714***905,2023-11-18T11:20:14Z,SMS_PACK,82216.42,CHURNED,Morogoro,360,4G_LTE,Transsion Infinix Hot 30,
REC-101886,UNKNOWN,+255714***700,2023-11-06T01:35:18Z,DATA_RECHARGE,0.0,ACTIVE,Other / Unknown,120,5G_NR,Huawei P40 Lite,Standard call; cell handover success
REC-101025,+255714***344,+255714***866,2023-11-23T20:43:58Z,SMS_PACK,111785.76,ACTIVE,Arusha,45,4G_LTE,Nokia 105 (Feature Phone),"USSD session timeout, retry OK"
REC-101575,+255714***427,+255714***207,2023-11-18T23:15:00Z,DATA_RECHARGE,87110.0,PENDING_KYC,Mwanza,0,4G_LTE,Unknown,Standard call; cell handover success
REC-100399,+255714***070,INVA *** 140,2023-11-24T14:04:48Z,TIGO_PESA_CASH_OUT,55107.51,CHURNED,Tanga,0,UNKNOWN,Tecno Spark 10 Pro,Flagged for KYC update; verified by agent
REC-101613,+255714***002,+255714***055,2023-11-09T09:58:14Z,BUNDLE_PURCHASE,107718.24,TERMINATED,Dar es Salaam,45,5G_NR,"iPhone 13,2 (iOS 16.5)",
REC-100011,UNKNOWN,UNKNOWN,2023-11-28T05:29:20Z,VOICE_CALL,17224.22,TERMINATED,Arusha,0,4G_LTE,Huawei P40 Lite,"VIP Subscriber, priority routing"
REC-100357,+255714***373,+255714***825,2023-11-29T07:44:09Z,TIGO_PESA_CASH_IN,59982.98,UNKNOWN,Dodoma,0,2G_GSM,Samsung Galaxy A14; Android 13,Standard call; cell handover success
REC-100053,+255714***494,+255714***686,2023-11-21T04:43:43Z,TIGO_PESA_CASH_OUT,149500.0,CHURNED,Zanzibar,360,5G_NR,Tecno Spark 10 Pro,Flagged for KYC update; verified by agent
REC-102258,+255714***069,UNKNOWN,2023-11-26T20:17:41Z,DATA_RECHARGE,123029.04,ACTIVE,Mwanza,0,UNKNOWN,Tecno Spark 10 Pro,"Customer stated: 'Cannot connect to 4G in Posta area, please help'"
REC-100306,+255714***222,INVA *** 140,2023-11-29T06:05:19Z,TIGO_PESA_CASH_IN,126550.0,TERMINATED,Mbeya,120,4G_LTE,"iPhone 13,2 (iOS 16.5)",Standard call; cell handover success
REC-100641,INVA *** 140,+255714***674,2023-11-14T08:44:05Z,TIGO_PESA_CASH_OUT,129543.66,TERMINATED,Dodoma,135,2G_GSM,"iPhone 13,2 (iOS 16.5)",None
REC-102046,+255714***288,UNKNOWN,2023-11-21T20:42:00Z,TIGO_PESA_CASH_IN,113491.93,PENDING_KYC,Dar es Salaam,135,4G_LTE,Transsion Infinix Hot 30,Flagged for KYC update; verified by agent
REC-101029,+255714***331,+255714***439,2023-11-27T22:48:05Z,TIGO_PESA_CASH_IN,50881.69,CHURNED,Arusha,45,5G_NR,Samsung Galaxy A14; Android 13,"VIP Subscriber, priority routing"
REC-101691,+255714***083,INVA *** 140,2023-11-21T01:56:33Z,TIGO_PESA_CASH_IN,39309.8,ACTIVE,Other / Unknown,0,4G_LTE,"iPhone 13,2 (iOS 16.5)",
REC-100815,+255714***959,+255714***577,2023-12-01T05:22:00Z,VOICE_CALL,53486.81,CHURNED,Zanzibar,135,2G_GSM,Tecno Spark 10 Pro,"VIP Subscriber, priority routing"
REC-100752,INVA *** 140,+255714***507,2023-12-03T14:49:12Z,DATA_RECHARGE,102075.28,TERMINATED,Tanga,360,5G_NR,Samsung Galaxy A14; Android 13,"USSD session timeout, retry OK"
REC-101160,+255714***207,+255714***345,2023-11-21T09:56:00Z,DATA_RECHARGE,0.0,TERMINATED,Zanzibar,45,4G_LTE,"iPhone 13,2 (iOS 16.5)",None
REC-101261,+255714***688,+255714***537,1970-01-01T00:00:00Z,BUNDLE_PURCHASE,14167.0,PENDING_KYC,Arusha,45,3G_WCDMA,Nokia 105 (Feature Phone),"USSD session timeout, retry OK"
REC-100001,+255714***331,+255714***836,2023-11-09T11:38:15Z,SMS_PACK,111225.0,UNKNOWN,Dodoma,0,4G_LTE,Samsung Galaxy A14; Android 13,Flagged for KYC update; verified by agent
REC-101262,+255714***809,+255714***370,2023-11-08T13:55:56Z,BUNDLE_PURCHASE,114325.0,TERMINATED,Dodoma,0,3G_WCDMA,Huawei P40 Lite,None
REC-101370,+255714***702,INVA *** 140,2023-11-18T13:49:00Z,SMS_PACK,76478.52,UNKNOWN,Dodoma,360,5G_NR,Huawei P40 Lite,Flagged for KYC update; verified by agent
REC-100436,+255714***016,INVA *** 140,2023-11-14T16:42:00Z,TIGO_PESA_CASH_IN,30483.05,UNKNOWN,Mwanza,0,4G_LTE,Samsung Galaxy A14; Android 13,"USSD session timeout, retry OK"
REC-100918,+255714***509,UNKNOWN,2023-11-22T16:12:13Z,DATA_RECHARGE,0.0,SUSPENDED,Zanzibar,30,2G_GSM,"iPhone 13,2 (iOS 16.5)","VIP Subscriber, priority routing"
REC-100851,UNKNOWN,+255714***084,2023-11-07T06:13:00Z,BUNDLE_PURCHASE,104778.93,PENDING_KYC,Mwanza,0,4G_LTE,Tecno Spark 10 Pro,"Customer stated: 'Cannot connect to 4G in Posta area, please help'"
REC-100385,+255714***016,UNKNOWN,2023-11-06T00:39:31Z,DATA_RECHARGE,16504.75,ACTIVE,Morogoro,135,4G_LTE,Transsion Infinix Hot 30,Standard call; cell handover success
REC-100136,+255714***768,INVA *** 140,2023-11-19T05:02:18Z,BUNDLE_PURCHASE,80250.0,SUSPENDED,Morogoro,45,4G_LTE,Nokia 105 (Feature Phone),Standard call; cell handover success
REC-100113,+255714***181,+255714***893,2023-11-10T20:54:00Z,BUNDLE_PURCHASE,56819.62,SUSPENDED,Zanzibar,0,3G_WCDMA,Tecno Spark 10 Pro,
REC-101489,+255714***016,+255714***989,2023-11-05T06:16:39Z,VOICE_CALL,80357.0,ACTIVE,Zanzibar,1800,UNKNOWN,Tecno Spark 10 Pro,Flagged for KYC update; verified by agent
REC-102499,+255714***809,+255714***918,2023-11-16T22:07:00Z,TIGO_PESA_CASH_IN,0.0,PENDING_KYC,Arusha,120,4G_LTE,Huawei P40 Lite,
REC-100048,+255714***222,INVA *** 140,2023-11-30T08:54:55Z,TIGO_PESA_CASH_OUT,99397.44,TERMINATED,Dar es Salaam,135,UNKNOWN,Transsion Infinix Hot 30,"VIP Subscriber, priority routing"
REC-102008,+255714***454,+255714***195,2023-11-28T19:13:00Z,SMS_PACK,31450.0,ACTIVE,Tanga,45,4G_LTE,Tecno Spark 10 Pro,Standard call; cell handover success
REC-100054,+255714***110,+255714***208,2023-11-13T11:56:14Z,DATA_RECHARGE,32850.0,UNKNOWN,Zanzibar,360,4G_LTE,Unknown,Flagged for KYC update; verified by agent
REC-100822,+255714***645,+255714***755,2023-11-28T03:01:40Z,TIGO_PESA_CASH_IN,54961.26,CHURNED,Mwanza,30,2G_GSM,Unknown,
REC-100787,+255714***784,+255714***770,2023-11-22T16:42:00Z,DATA_RECHARGE,76380.34,TERMINATED,Mwanza,135,4G_LTE,"iPhone 13,2 (iOS 16.5)","VIP Subscriber, priority routing"
REC-100534,INVA *** 140,INVA *** 000,2023-11-23T10:57:00Z,TIGO_PESA_CASH_IN,86094.53,SUSPENDED,Mwanza,0,2G_GSM,Unknown,None
REC-102013,+255714***688,+255714***973,2023-11-14T03:04:50Z,DATA_RECHARGE,48380.1,SUSPENDED,Dodoma,120,UNKNOWN,Samsung Galaxy A14; Android 13,"VIP Subscriber, priority routing"
REC-102355,INVA *** 140,INVA *** 140,2023-11-15T05:45:00Z,VOICE_CALL,147484.53,UNKNOWN,Dar es Salaam,120,4G_LTE,Tecno Spark 10 Pro,"USSD session timeout, retry OK"
REC-100097,+255714***932,+255714***728,2023-11-05T23:56:25Z,VOICE_CALL,112043.71,PENDING_KYC,Zanzibar,30,4G_LTE,Tecno Spark 10 Pro,"USSD session timeout, retry OK"
REC-101418,+255714***425,+255714***096,1970-01-01T00:00:00Z,TIGO_PESA_CASH_OUT,137441.89,TERMINATED,Mwanza,135,3G_WCDMA,Unknown,"VIP Subscriber, priority routing"
REC-100299,+255714***740,INVA *** 140,2023-11-28T16:57:56Z,TIGO_PESA_CASH_OUT,0.0,ACTIVE,Dar es Salaam,135,3G_WCDMA,Samsung Galaxy A14; Android 13,Standard call; cell handover success
REC-100366,+255714***140,INVA *** 140,2023-11-04T00:00:00Z,DATA_RECHARGE,27990.99,SUSPENDED,Other / Unknown,360,4G_LTE,Nokia 105 (Feature Phone),
REC-101265,UNKNOWN,UNKNOWN,2023-11-14T18:12:10Z,TIGO_PESA_CASH_OUT,55501.77,ACTIVE,Dar es Salaam,360,2G_GSM,Samsung Galaxy A14; Android 13,None
REC-102190,+255714***754,+255714***357,2023-11-19T04:01:17Z,TIGO_PESA_CASH_OUT,781.2,ACTIVE,Mwanza,135,UNKNOWN,Huawei P40 Lite,"Customer stated: 'Cannot connect to 4G in Posta area, please help'"
REC-100295,+255714***865,INVA *** 140,2023-12-04T04:30:23Z,VOICE_CALL,0.0,ACTIVE,Zanzibar,0,4G_LTE,Transsion Infinix Hot 30,"Customer stated: 'Cannot connect to 4G in Posta area, please help'"
REC-101742,+255714***672,+255714***481,2023-11-28T14:20:56Z,DATA_RECHARGE,33244.13,TERMINATED,Arusha,1800,UNKNOWN,Transsion Infinix Hot 30,Standard call; cell handover success
REC-101479,+255714***564,+255714***206,2023-11-06T09:59:57Z,BUNDLE_PURCHASE,0.0,ACTIVE,Tanga,135,4G_LTE,Nokia 105 (Feature Phone),Flagged for KYC update; verified by agent
REC-100859,+255714***124,+255714***262,2023-11-15T01:52:31Z,TIGO_PESA_CASH_OUT,0.0,UNKNOWN,Mwanza,120,2G_GSM,Tecno Spark 10 Pro,"USSD session timeout, retry OK"
REC-101500,+255714***235,+255714***399,2023-11-12T04:45:56Z,DATA_RECHARGE,57479.38,PENDING_KYC,Dar es Salaam,45,3G_WCDMA,Samsung Galaxy A14; Android 13,"USSD session timeout, retry OK"
REC-102000,+255714***249,+255714***619,2023-11-04T13:29:00Z,BUNDLE_PURCHASE,9691.04,ACTIVE,Arusha,0,4G_LTE,Unknown,Flagged for KYC update; verified by agent
REC-102333,+255714***085,+255714***195,2023-11-30T19:50:00Z,TIGO_PESA_CASH_OUT,0.0,ACTIVE,Dar es Salaam,360,UNKNOWN,"iPhone 13,2 (iOS 16.5)",Flagged for KYC update; verified by agent
REC-102017,+255714***947,+255714***537,2023-11-25T08:08:51Z,BUNDLE_PURCHASE,0.0,UNKNOWN,Mwanza,0,4G_LTE,Tecno Spark 10 Pro,None
REC-102129,+255714***645,+255714***879,2023-11-13T06:16:00Z,DATA_RECHARGE,129805.42,PENDING_KYC,Dodoma,0,4G_LTE,Nokia 105 (Feature Phone),
REC-101752,+255714***440,UNKNOWN,2023-11-11T02:15:12Z,DATA_RECHARGE,110366.89,PENDING_KYC,Morogoro,360,UNKNOWN,Samsung Galaxy A14; Android 13,Standard call; cell handover success
REC-101638,INVA *** 000,+255714***781,2023-11-19T03:32:06Z,TIGO_PESA_CASH_IN,0.0,ACTIVE,Arusha,30,4G_LTE,Samsung Galaxy A14; Android 13,
REC-102003,+255714***207,+255714***193,2023-11-18T21:04:55Z,VOICE_CALL,91284.72,SUSPENDED,Arusha,360,UNKNOWN,Tecno Spark 10 Pro,"VIP Subscriber, priority routing"
REC-100727,+255714***850,+255714***154,2023-11-24T22:50:00Z,TIGO_PESA_CASH_OUT,82743.49,TERMINATED,Dodoma,1800,4G_LTE,Nokia 105 (Feature Phone),None
REC-101379,INVA *** 140,+255714***906,2023-11-04T00:00:00Z,TIGO_PESA_CASH_IN,80425.0,UNKNOWN,Arusha,0,3G_WCDMA,"iPhone 13,2 (iOS 16.5)","USSD session timeout, retry OK"
REC-101614,+255714***166,UNKNOWN,2023-11-04T00:00:00Z,TIGO_PESA_CASH_OUT,31243.42,PENDING_KYC,Dar es Salaam,120,4G_LTE,Tecno Spark 10 Pro,Standard call; cell handover success
REC-100793,+255714***920,INVA *** 140,2023-11-26T19:08:41Z,BUNDLE_PURCHASE,18841.31,TERMINATED,Arusha,0,4G_LTE,Transsion Infinix Hot 30,None
REC-101680,+255714***236,+255714***987,2023-11-23T03:50:40Z,TIGO_PESA_CASH_IN,72427.71,PENDING_KYC,Mwanza,120,4G_LTE,Transsion Infinix Hot 30,"Customer stated: 'Cannot connect to 4G in Posta area, please help'"
REC-100855,INVA *** 140,+255714***850,2023-11-05T09:18:00Z,BUNDLE_PURCHASE,72584.91,CHURNED,Arusha,135,4G_LTE,Transsion Infinix Hot 30,Standard call; cell handover success
REC-100428,+255714***112,+255714***864,2023-12-01T05:00:00Z,TIGO_PESA_CASH_IN,115171.37,TERMINATED,Mwanza,135,4G_LTE,Huawei P40 Lite,Standard call; cell handover success
REC-100809,+255714***603,INVA *** 140,2023-11-17T14:41:33Z,SMS_PACK,25965.63,PENDING_KYC,Dar es Salaam,45,5G_NR,Unknown,Flagged for KYC update; verified by agent
REC-102047,+255714***043,+255714***592,2023-11-16T15:42:10Z,TIGO_PESA_CASH_OUT,0.0,ACTIVE,Other / Unknown,30,UNKNOWN,Transsion Infinix Hot 30,"USSD session timeout, retry OK"
REC-101011,+255714***153,+255714***288,2023-11-07T13:45:35Z,TIGO_PESA_CASH_IN,64263.92,UNKNOWN,Arusha,0,4G_LTE,Transsion Infinix Hot 30,None
REC-100684,+255714***590,INVA *** 140,2023-11-09T09:40:24Z,VOICE_CALL,9627.94,UNKNOWN,Dar es Salaam,0,4G_LTE,Huawei P40 Lite,None
REC-101481,INVA *** 000,+255714***029,2023-11-07T07:20:00Z,TIGO_PESA_CASH_IN,79978.5,TERMINATED,Arusha,0,UNKNOWN,Nokia 105 (Feature Phone),Flagged for KYC update; verified by agent
REC-101433,+255714***137,+255714***851,2023-11-04T00:00:00Z,VOICE_CALL,17867.21,ACTIVE,Tanga,45,UNKNOWN,Transsion Infinix Hot 30,None
REC-101683,+255714***426,+255714***098,2023-11-26T15:22:00Z,TIGO_PESA_CASH_IN,60050.0,CHURNED,Zanzibar,30,4G_LTE,Transsion Infinix Hot 30,Standard call; cell handover success
REC-100341,+255714***851,INVA *** 140,2023-11-25T10:57:08Z,BUNDLE_PURCHASE,0.0,UNKNOWN,Dodoma,120,UNKNOWN,Transsion Infinix Hot 30,None
REC-102167,+255714***317,+255714***672,2023-11-20T07:24:00Z,BUNDLE_PURCHASE,71504.11,SUSPENDED,Dodoma,120,4G_LTE,Transsion Infinix Hot 30,"USSD session timeout, retry OK"
REC-102233,UNKNOWN,+255714***729,1970-01-01T00:00:00Z,SMS_PACK,0.0,CHURNED,Tanga,30,4G_LTE,"iPhone 13,2 (iOS 16.5)",Flagged for KYC update; verified by agent
REC-101542,INVA *** 140,UNKNOWN,2023-11-27T06:50:03Z,SMS_PACK,22675.0,ACTIVE,Arusha,45,5G_NR,Huawei P40 Lite,"VIP Subscriber, priority routing"
REC-100924,INVA *** 140,+255714***590,2023-11-04T15:58:00Z,TIGO_PESA_CASH_IN,41427.59,TERMINATED,Zanzibar,0,2G_GSM,Transsion Infinix Hot 30,"VIP Subscriber, priority routing"
REC-101258,UNKNOWN,+255714***058,2023-11-22T09:24:23Z,DATA_RECHARGE,83625.0,SUSPENDED,Mwanza,30,4G_LTE,"iPhone 13,2 (iOS 16.5)","Customer stated: 'Cannot connect to 4G in Posta area, please help'"
REC-100078,+255714***837,+255714***590,2023-11-06T21:21:46Z,BUNDLE_PURCHASE,0.0,TERMINATED,Arusha,30,4G_LTE,Nokia 105 (Feature Phone),Flagged for KYC update; verified by agent
REC-101941,+255714***371,+255714***277,1970-01-01T00:00:00Z,BUNDLE_PURCHASE,44925.46,ACTIVE,Dar es Salaam,1800,5G_NR,Transsion Infinix Hot 30,Standard call; cell handover success
REC-100362,+255714***537,INVA *** 140,2023-11-23T20:23:38Z,VOICE_CALL,103736.2,TERMINATED,Zanzibar,0,3G_WCDMA,Nokia 105 (Feature Phone),"USSD session timeout, retry OK"
REC-101916,+255714***509,UNKNOWN,2023-11-05T07:28:26Z,BUNDLE_PURCHASE,134487.5,TERMINATED,Morogoro,120,4G_LTE,"iPhone 13,2 (iOS 16.5)","VIP Subscriber, priority routing"
REC-100963,INVA *** 000,+255714***208,2023-11-24T05:39:01Z,BUNDLE_PURCHASE,0.0,ACTIVE,Dodoma,360,4G_LTE,Huawei P40 Lite,"VIP Subscriber, priority routing"
REC-101593,INVA *** 140,+255714***234,2023-11-19T07:53:31Z,DATA_RECHARGE,102349.54,TERMINATED,Dar es Salaam,135,4G_LTE,Huawei P40 Lite,"USSD session timeout, retry OK"
REC-100120,INVA *** 140,+255714***399,2023-11-16T06:06:02Z,SMS_PACK,21964.74,CHURNED,Arusha,135,4G_LTE,Nokia 105 (Feature Phone),
REC-100485,+255714***384,+255714***096,2023-11-27T02:36:32Z,TIGO_PESA_CASH_OUT,63024.46,TERMINATED,Tanga,45,UNKNOWN,Unknown,
REC-100743,+255714***770,INVA *** 000,2023-11-05T06:26:32Z,BUNDLE_PURCHASE,0.0,UNKNOWN,Dar es Salaam,135,4G_LTE,Tecno Spark 10 Pro,None
REC-102254,+255714***098,+255714***113,2023-11-24T05:21:49Z,SMS_PACK,127785.74,UNKNOWN,Other / Unknown,0,UNKNOWN,"iPhone 13,2 (iOS 16.5)",Standard call; cell handover success
REC-100631,+255714***084,+255714***550,2023-12-01T16:01:43Z,VOICE_CALL,63598.14,SUSPENDED,Other / Unknown,120,UNKNOWN,Samsung Galaxy A14; Android 13,"USSD session timeout, retry OK"
REC-100402,INVA *** 140,+255714***124,2023-11-11T08:54:14Z,SMS_PACK,104963.91,UNKNOWN,Other / Unknown,1800,4G_LTE,Tecno Spark 10 Pro,Flagged for KYC update; verified by agent
REC-101440,INVA *** 000,+255714***453,2023-11-26T05:57:08Z,DATA_RECHARGE,88448.76,TERMINATED,Mwanza,1800,2G_GSM,"iPhone 13,2 (iOS 16.5)",Standard call; cell handover success
REC-101774,+255714***330,+255714***551,2023-11-29T15:28:07Z,TIGO_PESA_CASH_IN,41829.0,PENDING_KYC,Arusha,120,4G_LTE,"iPhone 13,2 (iOS 16.5)","Customer stated: 'Cannot connect to 4G in Posta area, please help'"
REC-101267,+255714***248,+255714***713,2023-11-04T00:00:00Z,BUNDLE_PURCHASE,76124.96,PENDING_KYC,Mwanza,30,5G_NR,Transsion Infinix Hot 30,"VIP Subscriber, priority routing"
REC-102134,+255714***961,INVA *** 140,2023-11-17T22:02:00Z,SMS_PACK,25028.65,SUSPENDED,Dar es Salaam,45,2G_GSM,Nokia 105 (Feature Phone),Flagged for KYC update; verified by agent
REC-100461,+255714***330,INVA *** 140,2023-11-17T17:48:00Z,TIGO_PESA_CASH_IN,40913.75,UNKNOWN,Dodoma,0,UNKNOWN,Nokia 105 (Feature Phone),
REC-100376,+255714***508,UNKNOWN,2023-11-23T13:25:36Z,VOICE_CALL,81707.2,TERMINATED,Dodoma,0,4G_LTE,Unknown,
REC-101393,+255714***441,+255714***481,2023-11-19T11:40:32Z,TIGO_PESA_CASH_IN,144731.3,UNKNOWN,Tanga,0,3G_WCDMA,"iPhone 13,2 (iOS 16.5)",Flagged for KYC update; verified by agent
REC-100843,INVA *** 140,+255714***016,2023-12-02T16:48:00Z,TIGO_PESA_CASH_IN,0.0,ACTIVE,Dar es Salaam,0,UNKNOWN,Nokia 105 (Feature Phone),Flagged for KYC update; verified by agent
REC-101084,+255714***291,+255714***151,2023-11-06T22:28:29Z,SMS_PACK,12372.09,UNKNOWN,Arusha,0,UNKNOWN,"iPhone 13,2 (iOS 16.5)",
REC-101034,+255714***084,INVA *** 140,2023-11-23T04:13:50Z,SMS_PACK,39593.1,TERMINATED,Dodoma,30,5G_NR,"iPhone 13,2 (iOS 16.5)","USSD session timeout, retry OK"
REC-100829,+255714***413,+255714***195,2023-11-21T17:23:55Z,DATA_RECHARGE,121851.0,PENDING_KYC,Dodoma,0,5G_NR,Tecno Spark 10 Pro,Standard call; cell handover success
REC-100745,+255714***207,+255714***878,2023-11-26T19:27:01Z,DATA_RECHARGE,122431.9,UNKNOWN,Zanzibar,45,4G_LTE,Tecno Spark 10 Pro,"VIP Subscriber, priority routing"
REC-100388,+255714***425,+255714***345,2023-11-16T14:03:07Z,BUNDLE_PURCHASE,93986.1,UNKNOWN,Dodoma,0,UNKNOWN,Nokia 105 (Feature Phone),Standard call; cell handover success
REC-100949,+255714***962,+255714***740,2023-11-13T19:30:11Z,BUNDLE_PURCHASE,39515.87,UNKNOWN,Mbeya,120,4G_LTE,Unknown,"VIP Subscriber, priority routing"
REC-102372,+255714***413,+255714***480,2023-11-20T02:51:00Z,TIGO_PESA_CASH_IN,0.0,PENDING_KYC,Morogoro,30,4G_LTE,Huawei P40 Lite,"USSD session timeout, retry OK"
REC-102225,+255714***563,+255714***685,2023-11-07T00:10:57Z,TIGO_PESA_CASH_OUT,0.0,CHURNED,Morogoro,360,UNKNOWN,Transsion Infinix Hot 30,"Customer stated: 'Cannot connect to 4G in Posta area, please help'"
REC-100133,INVA *** 000,+255714***085,2023-11-07T13:49:27Z,TIGO_PESA_CASH_IN,60025.0,PENDING_KYC,Zanzibar,135,UNKNOWN,Transsion Infinix Hot 30,None
REC-101627,+255714***659,INVA *** 140,2023-11-21T10:27:00Z,TIGO_PESA_CASH_IN,0.0,TERMINATED,Dar es Salaam,45,UNKNOWN,Unknown,Flagged for KYC update; verified by agent
REC-101643,+255714***523,+255714***001,2023-11-16T18:40:02Z,TIGO_PESA_CASH_OUT,83622.39,UNKNOWN,Other / Unknown,135,4G_LTE,"iPhone 13,2 (iOS 16.5)","Customer stated: 'Cannot connect to 4G in Posta area, please help'"
REC-102278,+255714***824,+255714***261,2023-11-09T22:43:04Z,TIGO_PESA_CASH_OUT,140775.0,ACTIVE,Dodoma,1800,3G_WCDMA,Nokia 105 (Feature Phone),Standard call; cell handover success
REC-100681,UNKNOWN,+255714***261,2023-11-12T16:25:00Z,TIGO_PESA_CASH_OUT,736.0,PENDING_KYC,Zanzibar,135,4G_LTE,Tecno Spark 10 Pro,
REC-101476,+255714***604,+255714***055,2023-11-16T21:00:39Z,TIGO_PESA_CASH_IN,98576.05,PENDING_KYC,Dodoma,120,4G_LTE,Tecno Spark 10 Pro,Standard call; cell handover success
REC-101227,+255714***357,+255714***510,2023-12-01T11:57:37Z,BUNDLE_PURCHASE,0.0,SUSPENDED,Other / Unknown,0,2G_GSM,Samsung Galaxy A14; Android 13,Flagged for KYC update; verified by agent
REC-100046,INVA *** 140,+255714***973,2023-11-22T10:00:00Z,DATA_RECHARGE,0.0,ACTIVE,Arusha,360,4G_LTE,Huawei P40 Lite,"VIP Subscriber, priority routing"
REC-100810,+255714***304,INVA *** 000,2023-11-26T04:45:00Z,SMS_PACK,18800.0,UNKNOWN,Zanzibar,0,5G_NR,Tecno Spark 10 Pro,None
REC-102349,+255714***905,+255714***015,2023-11-04T00:00:00Z,VOICE_CALL,65666.17,PENDING_KYC,Dar es Salaam,0,4G_LTE,Huawei P40 Lite,"USSD session timeout, retry OK"
REC-100883,+255714***469,+255714***933,2023-11-11T11:03:29Z,VOICE_CALL,122191.08,SUSPENDED,Dodoma,1800,5G_NR,Huawei P40 Lite,Standard call; cell handover success
REC-101071,+255714***850,+255714***206,2023-11-10T17:19:47Z,TIGO_PESA_CASH_OUT,0.0,UNKNOWN,Other / Unknown,0,4G_LTE,Samsung Galaxy A14; Android 13,None
REC-101748,+255714***729,+255714***303,2023-11-24T03:04:13Z,BUNDLE_PURCHASE,0.0,ACTIVE,Dodoma,360,4G_LTE,Samsung Galaxy A14; Android 13,Standard call; cell handover success
REC-100548,+255714***604,+255714***647,2023-11-25T20:39:31Z,TIGO_PESA_CASH_OUT,0.0,TERMINATED,Mwanza,0,UNKNOWN,Unknown,Flagged for KYC update; verified by agent
REC-101804,+255714***646,+255714***002,2023-11-28T02:21:00Z,TIGO_PESA_CASH_OUT,149671.42,PENDING_KYC,Arusha,120,5G_NR,Nokia 105 (Feature Phone),None
REC-101072,+255714***192,UNKNOWN,2023-11-20T11:27:27Z,VOICE_CALL,0.0,SUSPENDED,Arusha,120,5G_NR,Unknown,"VIP Subscriber, priority routing"
REC-102389,+255714***548,+255714***605,2023-11-12T01:32:00Z,SMS_PACK,0.0,TERMINATED,Arusha,30,3G_WCDMA,"iPhone 13,2 (iOS 16.5)","Customer stated: 'Cannot connect to 4G in Posta area, please help'"
REC-102201,+255714***329,+255714***932,2023-11-25T08:14:05Z,BUNDLE_PURCHASE,16001.09,SUSPENDED,Arusha,0,5G_NR,Nokia 105 (Feature Phone),
REC-101702,+255714***302,+255714***055,2023-11-27T21:57:00Z,VOICE_CALL,16409.32,PENDING_KYC,Dodoma,0,3G_WCDMA,Huawei P40 Lite,"VIP Subscriber, priority routing"
REC-102063,+255714***507,+255714***603,2023-11-26T04:19:00Z,DATA_RECHARGE,0.0,TERMINATED,Dar es Salaam,120,4G_LTE,Tecno Spark 10 Pro,"Customer stated: 'Cannot connect to 4G in Posta area, please help'"
REC-100871,+255714***044,+255714***770,2023-11-18T06:02:00Z,DATA_RECHARGE,4192.0,CHURNED,Mwanza,135,4G_LTE,Tecno Spark 10 Pro,"Customer stated: 'Cannot connect to 4G in Posta area, please help'"
REC-100521,INVA *** 140,+255714***386,2023-11-04T00:00:00Z,TIGO_PESA_CASH_IN,147204.52,UNKNOWN,Arusha,135,4G_LTE,Unknown,"USSD session timeout, retry OK"
REC-102207,+255714***494,+255714***850,2023-11-09T05:45:17Z,VOICE_CALL,28095.32,SUSPENDED,Dodoma,0,4G_LTE,Samsung Galaxy A14; Android 13,Standard call; cell handover success
REC-100742,INVA *** 000,+255714***098,2023-11-04T00:00:00Z,TIGO_PESA_CASH_IN,108450.9,TERMINATED,Mwanza,0,4G_LTE,Unknown,"VIP Subscriber, priority routing"
REC-100493,+255714***742,+255714***714,2023-11-14T13:38:59Z,SMS_PACK,114252.44,TERMINATED,Zanzibar,135,5G_NR,Samsung Galaxy A14; Android 13,"VIP Subscriber, priority routing"
REC-100634,+255714***124,INVA *** 000,2023-11-08T02:07:00Z,TIGO_PESA_CASH_IN,4987.63,TERMINATED,Zanzibar,120,4G_LTE,Huawei P40 Lite,None
REC-102252,+255714***056,UNKNOWN,2023-11-07T21:52:58Z,DATA_RECHARGE,45400.0,PENDING_KYC,Zanzibar,120,UNKNOWN,Nokia 105 (Feature Phone),"Customer stated: 'Cannot connect to 4G in Posta area, please help'"
REC-100664,+255714***290,+255714***754,2023-11-20T09:22:10Z,TIGO_PESA_CASH_IN,84527.09,SUSPENDED,Mbeya,135,3G_WCDMA,Samsung Galaxy A14; Android 13,Flagged for KYC update; verified by agent
REC-100571,+255714***206,+255714***384,2023-11-25T06:33:57Z,TIGO_PESA_CASH_IN,85500.0,ACTIVE,Zanzibar,0,2G_GSM,Transsion Infinix Hot 30,"Customer stated: 'Cannot connect to 4G in Posta area, please help'"
REC-101547,+255714***962,+255714***373,2023-11-11T09:47:11Z,TIGO_PESA_CASH_OUT,141829.29,UNKNOWN,Zanzibar,45,4G_LTE,Samsung Galaxy A14; Android 13,"USSD session timeout, retry OK"
REC-101841,+255714***126,+255714***811,2023-11-04T16:32:29Z,BUNDLE_PURCHASE,128782.97,SUSPENDED,Dodoma,0,4G_LTE,Unknown,Standard call; cell handover success
REC-100052,+255714***357,INVA *** 140,2023-11-27T14:54:39Z,SMS_PACK,106920.44,ACTIVE,Dar es Salaam,360,4G_LTE,Transsion Infinix Hot 30,
REC-101648,+255714***578,+255714***535,2023-11-22T19:20:47Z,DATA_RECHARGE,119095.28,PENDING_KYC,Arusha,0,2G_GSM,Samsung Galaxy A14; Android 13,"VIP Subscriber, priority routing"
REC-101447,+255714***782,UNKNOWN,2023-11-21T05:32:06Z,SMS_PACK,103125.0,PENDING_KYC,Other / Unknown,30,4G_LTE,Transsion Infinix Hot 30,"USSD session timeout, retry OK"
REC-101684,+255714***112,+255714***110,2023-11-22T02:06:06Z,SMS_PACK,0.0,ACTIVE,Dar es Salaam,30,4G_LTE,Nokia 105 (Feature Phone),"VIP Subscriber, priority routing"
REC-101577,+255714***686,+255714***975,2023-12-04T12:01:00Z,BUNDLE_PURCHASE,42991.88,UNKNOWN,Arusha,1800,UNKNOWN,Tecno Spark 10 Pro,"VIP Subscriber, priority routing"
REC-101650,+255714***975,+255714***262,2023-11-30T07:58:06Z,BUNDLE_PURCHASE,109149.98,CHURNED,Dar es Salaam,1800,UNKNOWN,Nokia 105 (Feature Phone),"USSD session timeout, retry OK"
REC-100906,+255714***125,UNKNOWN,2023-11-26T21:45:34Z,SMS_PACK,72700.0,ACTIVE,Dar es Salaam,135,4G_LTE,Samsung Galaxy A14; Android 13,"Customer stated: 'Cannot connect to 4G in Posta area, please help'"
REC-100074,+255714***194,+255714***660,2023-11-05T21:56:00Z,VOICE_CALL,48994.01,CHURNED,Dodoma,135,4G_LTE,"iPhone 13,2 (iOS 16.5)",Standard call; cell handover success
REC-101881,+255714***877,+255714***195,2023-11-04T00:00:00Z,VOICE_CALL,63991.87,TERMINATED,Dar es Salaam,45,4G_LTE,Samsung Galaxy A14; Android 13,Standard call; cell handover success
REC-100027,+255714***317,+255714***069,2023-11-06T10:42:00Z,TIGO_PESA_CASH_IN,31906.44,ACTIVE,Dodoma,1800,UNKNOWN,Transsion Infinix Hot 30,Standard call; cell handover success
REC-101048,+255714***741,+255714***932,2023-11-24T03:14:52Z,VOICE_CALL,0.0,PENDING_KYC,Other / Unknown,0,UNKNOWN,Huawei P40 Lite,"VIP Subscriber, priority routing"
REC-102034,+255714***604,UNKNOWN,2023-11-20T13:03:25Z,SMS_PACK,10304.73,PENDING_KYC,Mbeya,1800,4G_LTE,Unknown,"Customer stated: 'Cannot connect to 4G in Posta area, please help'"
REC-101932,+255714***206,+255714***110,2023-11-16T00:53:35Z,VOICE_CALL,138052.15,ACTIVE,Dodoma,135,4G_LTE,"iPhone 13,2 (iOS 16.5)","Customer stated: 'Cannot connect to 4G in Posta area, please help'"
REC-101884,+255714***357,UNKNOWN,2023-11-25T03:05:40Z,SMS_PACK,0.0,ACTIVE,Morogoro,135,4G_LTE,Unknown,Flagged for KYC update; verified by agent
REC-101269,UNKNOWN,+255714***262,2023-11-04T00:00:00Z,BUNDLE_PURCHASE,104206.11,ACTIVE,Dodoma,0,4G_LTE,"iPhone 13,2 (iOS 16.5)",None
REC-102399,+255714***781,+255714***701,2023-11-22T02:07:24Z,VOICE_CALL,109113.66,ACTIVE,Arusha,30,4G_LTE,Tecno Spark 10 Pro,Standard call; cell handover success
REC-101624,INVA *** 000,+255714***468,2023-11-04T00:00:00Z,VOICE_CALL,0.0,TERMINATED,Dar es Salaam,120,5G_NR,"iPhone 13,2 (iOS 16.5)",Standard call; cell handover success
REC-100895,+255714***564,+255714***097,2023-11-17T03:57:00Z,VOICE_CALL,40613.43,ACTIVE,Mwanza,0,3G_WCDMA,"iPhone 13,2 (iOS 16.5)",Standard call; cell handover success
REC-102152,+255714***713,INVA *** 140,2023-11-04T00:00:00Z,SMS_PACK,1080.39,SUSPENDED,Arusha,30,3G_WCDMA,"iPhone 13,2 (iOS 16.5)",None
REC-101279,+255714***837,+255714***331,1970-01-01T00:00:00Z,SMS_PACK,66577.41,SUSPENDED,Zanzibar,120,5G_NR,Nokia 105 (Feature Phone),
REC-102312,+255714***606,+255714***962,2023-11-25T01:11:00Z,VOICE_CALL,148908.72,ACTIVE,Arusha,0,5G_NR,Tecno Spark 10 Pro,"USSD session timeout, retry OK"
REC-100847,+255714***674,+255714***713,2023-11-04T00:00:00Z,DATA_RECHARGE,5469.26,ACTIVE,Dodoma,135,2G_GSM,Huawei P40 Lite,None
REC-101846,+255714***181,+255714***987,2023-11-25T04:18:57Z,VOICE_CALL,77127.52,TERMINATED,Zanzibar,0,4G_LTE,Samsung Galaxy A14; Android 13,"Customer stated: 'Cannot connect to 4G in Posta area, please help'"
REC-101188,+255714***042,+255714***480,2023-12-03T22:49:36Z,DATA_RECHARGE,103510.29,TERMINATED,Other / Unknown,45,4G_LTE,Transsion Infinix Hot 30,None
REC-100057,+255714***975,+255714***781,2023-11-04T00:00:00Z,DATA_RECHARGE,18208.51,SUSPENDED,Zanzibar,135,3G_WCDMA,Transsion Infinix Hot 30,"USSD session timeout, retry OK"
REC-101799,+255714***303,+255714***412,2023-11-06T23:27:47Z,TIGO_PESA_CASH_OUT,73375.0,UNKNOWN,Zanzibar,0,2G_GSM,"iPhone 13,2 (iOS 16.5)","VIP Subscriber, priority routing"
REC-100168,+255714***743,+255714***688,2023-11-24T20:40:22Z,BUNDLE_PURCHASE,0.0,ACTIVE,Arusha,120,4G_LTE,Samsung Galaxy A14; Android 13,Standard call; cell handover success
REC-102281,+255714***836,+255714***564,2023-11-13T21:15:00Z,TIGO_PESA_CASH_OUT,32011.36,ACTIVE,Zanzibar,1800,4G_LTE,Nokia 105 (Feature Phone),
REC-101082,+255714***222,+255714***715,2023-11-11T23:39:00Z,BUNDLE_PURCHASE,120317.83,ACTIVE,Dar es Salaam,30,UNKNOWN,Huawei P40 Lite,"VIP Subscriber, priority routing"
REC-101317,+255714***729,UNKNOWN,2023-11-11T18:37:00Z,SMS_PACK,129706.7,ACTIVE,Dar es Salaam,30,4G_LTE,Transsion Infinix Hot 30,"Customer stated: 'Cannot connect to 4G in Posta area, please help'"
REC-100939,+255714***961,+255714***304,2023-11-28T18:42:20Z,DATA_RECHARGE,7115.06,ACTIVE,Mwanza,135,4G_LTE,"iPhone 13,2 (iOS 16.5)","Customer stated: 'Cannot connect to 4G in Posta area, please help'"
REC-100686,+255714***880,+255714***604,2023-11-21T19:01:34Z,TIGO_PESA_CASH_IN,121037.4,CHURNED,Arusha,0,2G_GSM,Samsung Galaxy A14; Android 13,None
REC-100657,UNKNOWN,+255714***290,2023-11-15T01:20:32Z,TIGO_PESA_CASH_OUT,61986.08,CHURNED,Dar es Salaam,0,2G_GSM,Unknown,None
REC-100482,+255714***509,+255714***222,2023-11-07T01:20:18Z,BUNDLE_PURCHASE,26795.2,ACTIVE,Dar es Salaam,120,4G_LTE,Transsion Infinix Hot 30,Standard call; cell handover success
REC-100879,INVA *** 000,+255714***754,2023-11-23T05:24:28Z,TIGO_PESA_CASH_OUT,53477.98,UNKNOWN,Arusha,360,4G_LTE,Tecno Spark 10 Pro,None
REC-100863,+255714***439,+255714***016,2023-11-30T19:10:00Z,TIGO_PESA_CASH_IN,0.0,TERMINATED,Mwanza,120,UNKNOWN,Samsung Galaxy A14; Android 13,"USSD session timeout, retry OK"
REC-101182,+255714***659,+255714***865,2023-11-27T20:49:48Z,SMS_PACK,10414.93,ACTIVE,Dodoma,135,UNKNOWN,Transsion Infinix Hot 30,Flagged for KYC update; verified by agent
REC-102466,+255714***140,+255714***754,2023-12-01T17:35:39Z,DATA_RECHARGE,82400.0,CHURNED,Morogoro,120,4G_LTE,"iPhone 13,2 (iOS 16.5)",Standard call; cell handover success
REC-100900,+255714***688,+255714***453,2023-11-24T16:10:30Z,VOICE_CALL,0.0,ACTIVE,Dar es Salaam,135,4G_LTE,Unknown,Standard call; cell handover success
REC-101791,+255714***565,+255714***632,2023-11-07T16:45:19Z,VOICE_CALL,103925.0,TERMINATED,Dar es Salaam,0,UNKNOWN,Transsion Infinix Hot 30,
REC-101870,+255714***112,+255714***618,2023-11-09T10:32:59Z,DATA_RECHARGE,126060.0,SUSPENDED,Dar es Salaam,30,5G_NR,Tecno Spark 10 Pro,
REC-100891,+255714***454,+255714***372,2023-11-17T06:43:00Z,BUNDLE_PURCHASE,57350.0,CHURNED,Zanzibar,1800,4G_LTE,"iPhone 13,2 (iOS 16.5)","USSD session timeout, retry OK"
REC-101046,+255714***959,INVA *** 140,2023-11-04T00:00:00Z,TIGO_PESA_CASH_IN,140287.36,SUSPENDED,Morogoro,1800,4G_LTE,Samsung Galaxy A14; Android 13,"Customer stated: 'Cannot connect to 4G in Posta area, please help'"
REC-102045,+255714***809,+255714***495,2023-11-18T17:04:00Z,TIGO_PESA_CASH_IN,143206.71,PENDING_KYC,Dar es Salaam,0,2G_GSM,"iPhone 13,2 (iOS 16.5)","USSD session timeout, retry OK"
REC-100629,INVA *** 140,+255714***647,2023-11-24T22:43:00Z,TIGO_PESA_CASH_OUT,108831.14,SUSPENDED,Arusha,0,4G_LTE,"iPhone 13,2 (iOS 16.5)","USSD session timeout, retry OK"
REC-101501,UNKNOWN,INVA *** 000,2023-12-01T14:39:38Z,SMS_PACK,0.0,ACTIVE,Zanzibar,135,4G_LTE,Unknown,"USSD session timeout, retry OK"
REC-100474,+255714***932,+255714***125,2023-11-06T14:35:06Z,DATA_RECHARGE,105343.87,SUSPENDED,Other / Unknown,0,5G_NR,Unknown,None
REC-101653,INVA *** 140,+255714***153,2023-11-20T12:22:00Z,BUNDLE_PURCHASE,21650.0,TERMINATED,Arusha,0,4G_LTE,Nokia 105 (Feature Phone),"USSD session timeout, retry OK"
REC-102097,INVA *** 140,+255714***236,2023-11-17T12:59:00Z,DATA_RECHARGE,0.0,TERMINATED,Arusha,0,4G_LTE,Nokia 105 (Feature Phone),"USSD session timeout, retry OK"
REC-101951,+255714***097,+255714***932,2023-12-01T16:49:52Z,VOICE_CALL,0.0,ACTIVE,Arusha,30,4G_LTE,Nokia 105 (Feature Phone),"VIP Subscriber, priority routing"
REC-100379,+255714***207,+255714***371,2023-11-23T17:22:20Z,DATA_RECHARGE,1835.01,PENDING_KYC,Tanga,45,5G_NR,Unknown,"VIP Subscriber, priority routing"
REC-102075,+255714***810,+255714***946,2023-11-24T23:18:11Z,DATA_RECHARGE,133132.68,PENDING_KYC,Dar es Salaam,360,3G_WCDMA,Tecno Spark 10 Pro,"Customer stated: 'Cannot connect to 4G in Posta area, please help'"
REC-102145,+255714***455,+255714***550,2023-11-19T18:31:07Z,DATA_RECHARGE,71091.19,ACTIVE,Dar es Salaam,360,4G_LTE,Transsion Infinix Hot 30,"VIP Subscriber, priority routing"
REC-102174,+255714***811,+255714***124,2023-11-20T16:56:43Z,DATA_RECHARGE,66075.72,UNKNOWN,Dodoma,135,4G_LTE,Transsion Infinix Hot 30,"VIP Subscriber, priority routing"
REC-100282,+255714***263,+255714***740,2023-11-07T07:48:46Z,VOICE_CALL,68081.96,SUSPENDED,Morogoro,45,3G_WCDMA,Unknown,None
REC-101694,INVA *** 000,INVA *** 140,2023-11-25T23:32:22Z,TIGO_PESA_CASH_IN,0.0,UNKNOWN,Mwanza,0,4G_LTE,"iPhone 13,2 (iOS 16.5)","Customer stated: 'Cannot connect to 4G in Posta area, please help'"
REC-102260,+255714***453,+255714***618,2023-11-16T06:35:19Z,SMS_PACK,114415.0,PENDING_KYC,Zanzibar,0,UNKNOWN,Samsung Galaxy A14; Android 13,"USSD session timeout, retry OK"
REC-101458,+255714***411,+255714***206,2023-11-26T01:36:00Z,DATA_RECHARGE,119289.0,ACTIVE,Mwanza,30,3G_WCDMA,Tecno Spark 10 Pro,None
REC-102224,+255714***973,INVA *** 140,2023-11-06T11:32:28Z,BUNDLE_PURCHASE,0.0,PENDING_KYC,Arusha,0,2G_GSM,Samsung Galaxy A14; Android 13,"USSD session timeout, retry OK"
REC-101493,+255714***303,UNKNOWN,2023-11-06T18:33:00Z,SMS_PACK,105189.76,UNKNOWN,Dar es Salaam,0,5G_NR,Tecno Spark 10 Pro,
REC-102033,+255714***590,+255714***686,2023-11-24T07:35:04Z,SMS_PACK,116650.0,ACTIVE,Dodoma,1800,3G_WCDMA,Unknown,Flagged for KYC update; verified by agent
REC-101236,+255714***907,+255714***261,2023-11-26T07:53:21Z,DATA_RECHARGE,92987.61,SUSPENDED,Dodoma,360,UNKNOWN,Nokia 105 (Feature Phone),"Customer stated: 'Cannot connect to 4G in Posta area, please help'"
REC-101207,INVA *** 000,+255714***329,2023-11-28T12:12:39Z,BUNDLE_PURCHASE,115740.43,CHURNED,Arusha,0,4G_LTE,Transsion Infinix Hot 30,Flagged for KYC update; verified by agent
REC-101240,+255714***181,+255714***685,2023-11-27T01:49:59Z,VOICE_CALL,131271.35,ACTIVE,Dar es Salaam,120,4G_LTE,Nokia 105 (Feature Phone),Standard call; cell handover success
REC-100844,+255714***083,+255714***288,2023-11-20T05:18:00Z,DATA_RECHARGE,147208.6,SUSPENDED,Dar es Salaam,45,4G_LTE,Transsion Infinix Hot 30,None
REC-100188,+255714***880,+255714***152,2023-11-08T16:03:00Z,BUNDLE_PURCHASE,44659.23,ACTIVE,Dar es Salaam,360,4G_LTE,Transsion Infinix Hot 30,
REC-102440,INVA *** 140,+255714***233,2023-11-15T02:44:46Z,DATA_RECHARGE,0.0,SUSPENDED,Mwanza,135,3G_WCDMA,Samsung Galaxy A14; Android 13,Flagged for KYC update; verified by agent
REC-100378,+255714***480,+255714***057,2023-11-10T10:31:38Z,TIGO_PESA_CASH_IN,72443.82,CHURNED,Dar es Salaam,120,4G_LTE,"iPhone 13,2 (iOS 16.5)",
REC-100117,UNKNOWN,+255714***193,2023-11-22T15:55:00Z,DATA_RECHARGE,58231.83,SUSPENDED,Dar es Salaam,30,4G_LTE,Unknown,
REC-101915,+255714***879,+255714***850,2023-11-28T15:23:20Z,DATA_RECHARGE,71360.58,PENDING_KYC,Arusha,0,4G_LTE,Tecno Spark 10 Pro,Standard call; cell handover success
REC-100675,+255714***028,+255714***905,2023-12-01T19:09:00Z,BUNDLE_PURCHASE,72386.23,PENDING_KYC,Arusha,45,4G_LTE,Samsung Galaxy A14; Android 13,"VIP Subscriber, priority routing"
REC-101847,+255714***685,+255714***565,2023-11-18T20:45:56Z,TIGO_PESA_CASH_IN,23505.5,PENDING_KYC,Dar es Salaam,45,4G_LTE,Unknown,
REC-101134,+255714***866,INVA *** 140,2023-11-12T00:34:00Z,VOICE_CALL,30275.0,ACTIVE,Dodoma,45,UNKNOWN,Transsion Infinix Hot 30,"VIP Subscriber, priority routing"
REC-100996,UNKNOWN,+255714***743,2023-11-25T20:26:27Z,VOICE_CALL,125206.51,PENDING_KYC,Arusha,135,4G_LTE,Transsion Infinix Hot 30,"Customer stated: 'Cannot connect to 4G in Posta area, please help'"
REC-100931,UNKNOWN,+255714***414,2023-11-20T20:28:24Z,SMS_PACK,135495.49,CHURNED,Mwanza,45,3G_WCDMA,Huawei P40 Lite,Flagged for KYC update; verified by agent
REC-100929,+255714***605,+255714***359,2023-11-28T23:09:00Z,BUNDLE_PURCHASE,124563.72,SUSPENDED,Mwanza,120,3G_WCDMA,Tecno Spark 10 Pro,"VIP Subscriber, priority routing"
REC-101485,+255714***165,+255714***919,2023-11-04T21:26:00Z,BUNDLE_PURCHASE,0.0,TERMINATED,Zanzibar,0,UNKNOWN,Tecno Spark 10 Pro,Flagged for KYC update; verified by agent
REC-100502,+255714***577,UNKNOWN,1970-01-01T00:00:00Z,SMS_PACK,22500.0,PENDING_KYC,Mwanza,0,4G_LTE,Transsion Infinix Hot 30,"VIP Subscriber, priority routing"
REC-100397,+255714***138,+255714***537,2023-12-02T05:59:55Z,SMS_PACK,7872.01,ACTIVE,Dodoma,1800,3G_WCDMA,Unknown,
REC-101962,+255714***685,+255714***439,2023-11-22T19:12:00Z,DATA_RECHARGE,28038.78,TERMINATED,Zanzibar,0,2G_GSM,Nokia 105 (Feature Phone),"USSD session timeout, retry OK"
REC-100284,+255714***495,+255714***576,2023-11-15T11:50:27Z,SMS_PACK,131609.28,ACTIVE,Dodoma,1800,2G_GSM,Tecno Spark 10 Pro,Flagged for KYC update; verified by agent
REC-100839,+255714***262,+255714***878,2023-11-09T17:16:00Z,TIGO_PESA_CASH_OUT,62826.02,ACTIVE,Mwanza,0,4G_LTE,Huawei P40 Lite,"Customer stated: 'Cannot connect to 4G in Posta area, please help'"
REC-101111,+255714***373,+255714***042,2023-11-26T03:19:04Z,BUNDLE_PURCHASE,145176.0,CHURNED,Arusha,45,4G_LTE,Samsung Galaxy A14; Android 13,"Customer stated: 'Cannot connect to 4G in Posta area, please help'"
REC-101278,+255714***439,+255714***318,2023-11-11T08:50:00Z,TIGO_PESA_CASH_OUT,60925.0,ACTIVE,Dodoma,0,2G_GSM,Transsion Infinix Hot 30,Flagged for KYC update; verified by agent
REC-101890,+255714***304,+255714***384,2023-11-21T19:48:45Z,SMS_PACK,135737.09,TERMINATED,Dodoma,45,4G_LTE,"iPhone 13,2 (iOS 16.5)","Customer stated: 'Cannot connect to 4G in Posta area, please help'"
REC-101253,+255714***702,INVA *** 140,2023-11-16T14:20:46Z,BUNDLE_PURCHASE,29482.0,SUSPENDED,Zanzibar,0,3G_WCDMA,Tecno Spark 10 Pro,Flagged for KYC update; verified by agent
REC-101565,+255714***234,+255714***057,2023-11-30T05:05:00Z,DATA_RECHARGE,82700.08,CHURNED,Mbeya,45,3G_WCDMA,Unknown,None
REC-100584,+255714***782,+255714***070,2023-11-28T02:52:43Z,TIGO_PESA_CASH_IN,149052.59,UNKNOWN,Mwanza,45,UNKNOWN,Nokia 105 (Feature Phone),None
REC-101457,+255714***002,+255714***370,2023-11-06T18:16:34Z,TIGO_PESA_CASH_IN,37021.0,UNKNOWN,Mbeya,135,2G_GSM,Tecno Spark 10 Pro,Flagged for KYC update; verified by agent
REC-101173,+255714***329,+255714***330,2023-11-05T01:06:12Z,VOICE_CALL,22318.0,TERMINATED,Dar es Salaam,0,2G_GSM,"iPhone 13,2 (iOS 16.5)",
REC-101137,+255714***096,+255714***727,2023-11-08T17:52:03Z,TIGO_PESA_CASH_IN,131728.0,PENDING_KYC,Dodoma,1800,4G_LTE,"iPhone 13,2 (iOS 16.5)","VIP Subscriber, priority routing"
REC-100335,+255714***633,+255714***414,2023-11-04T16:54:32Z,BUNDLE_PURCHASE,132364.12,SUSPENDED,Dar es Salaam,1800,4G_LTE,Tecno Spark 10 Pro,Flagged for KYC update; verified by agent
REC-101588,+255714***824,+255714***207,2023-11-04T00:00:00Z,DATA_RECHARGE,140871.64,ACTIVE,Mwanza,120,4G_LTE,Nokia 105 (Feature Phone),
REC-100063,+255714***316,+255714***139,2023-11-25T23:27:24Z,TIGO_PESA_CASH_IN,27625.0,PENDING_KYC,Dar es Salaam,0,5G_NR,Transsion Infinix Hot 30,"USSD session timeout, retry OK"
REC-100499,+255714***069,UNKNOWN,2023-11-12T07:33:00Z,SMS_PACK,80529.84,SUSPENDED,Other / Unknown,45,4G_LTE,"iPhone 13,2 (iOS 16.5)","VIP Subscriber, priority routing"
REC-100016,+255714***796,+255714***385,2023-11-09T06:53:00Z,VOICE_CALL,60691.88,ACTIVE,Arusha,120,4G_LTE,Huawei P40 Lite,"Customer stated: 'Cannot connect to 4G in Posta area, please help'"
REC-100901,+255714***003,+255714***823,2023-11-19T04:15:25Z,TIGO_PESA_CASH_IN,69106.39,UNKNOWN,Zanzibar,135,5G_NR,Transsion Infinix Hot 30,"VIP Subscriber, priority routing"
REC-101079,+255714***370,+255714***453,2023-11-08T09:42:48Z,TIGO_PESA_CASH_IN,82915.48,ACTIVE,Morogoro,0,5G_NR,Transsion Infinix Hot 30,Flagged for KYC update; verified by agent
REC-101053,+255714***878,UNKNOWN,2023-11-13T12:35:04Z,DATA_RECHARGE,107005.38,SUSPENDED,Zanzibar,120,2G_GSM,Nokia 105 (Feature Phone),Standard call; cell handover success
REC-100337,+255714***181,+255714***385,2023-11-12T07:57:04Z,DATA_RECHARGE,94616.29,UNKNOWN,Arusha,0,4G_LTE,Tecno Spark 10 Pro,Flagged for KYC update; verified by agent
REC-102453,INVA *** 140,+255714***138,2023-11-30T00:38:24Z,BUNDLE_PURCHASE,8075.0,UNKNOWN,Dar es Salaam,135,4G_LTE,Transsion Infinix Hot 30,"USSD session timeout, retry OK"
REC-101970,+255714***823,+255714***713,2023-11-26T12:39:11Z,TIGO_PESA_CASH_IN,116049.92,UNKNOWN,Morogoro,45,UNKNOWN,"iPhone 13,2 (iOS 16.5)",
REC-100142,+255714***413,+255714***330,2023-11-27T08:29:44Z,TIGO_PESA_CASH_IN,0.0,PENDING_KYC,Arusha,360,4G_LTE,Tecno Spark 10 Pro,None
REC-100391,+255714***565,+255714***837,2023-11-05T07:12:00Z,BUNDLE_PURCHASE,0.0,ACTIVE,Mwanza,120,4G_LTE,Unknown,"USSD session timeout, retry OK"
REC-102451,+255714***179,+255714***085,2023-11-14T21:56:43Z,BUNDLE_PURCHASE,115187.0,SUSPENDED,Zanzibar,135,2G_GSM,Transsion Infinix Hot 30,"VIP Subscriber, priority routing"
REC-100559,+255714***646,+255714***289,2023-12-01T16:09:00Z,VOICE_CALL,87282.79,UNKNOWN,Zanzibar,30,3G_WCDMA,"iPhone 13,2 (iOS 16.5)","VIP Subscriber, priority routing"
REC-100421,+255714***892,INVA *** 140,2023-12-01T01:55:17Z,TIGO_PESA_CASH_IN,93150.0,SUSPENDED,Dar es Salaam,45,4G_LTE,Samsung Galaxy A14; Android 13,
REC-102276,+255714***824,+255714***618,2023-11-14T23:36:52Z,SMS_PACK,144670.67,UNKNOWN,Dar es Salaam,0,4G_LTE,Samsung Galaxy A14; Android 13,"VIP Subscriber, priority routing"
REC-101598,+255714***632,UNKNOWN,2023-11-12T23:02:59Z,TIGO_PESA_CASH_OUT,81724.11,TERMINATED,Mbeya,135,4G_LTE,Tecno Spark 10 Pro,
REC-100882,+255714***289,+255714***234,2023-11-09T05:07:02Z,DATA_RECHARGE,44953.61,UNKNOWN,Zanzibar,1800,2G_GSM,Huawei P40 Lite,None
REC-100296,+255714***507,+255714***192,2023-11-29T23:40:00Z,SMS_PACK,86700.0,TERMINATED,Zanzibar,1800,4G_LTE,Nokia 105 (Feature Phone),Standard call; cell handover success
REC-101284,UNKNOWN,+255714***181,2023-11-04T19:48:38Z,SMS_PACK,127905.06,CHURNED,Dodoma,0,4G_LTE,Samsung Galaxy A14; Android 13,None
REC-101936,+255714***261,+255714***741,2023-11-13T07:52:02Z,TIGO_PESA_CASH_OUT,95903.65,ACTIVE,Dodoma,135,4G_LTE,Unknown,
REC-100228,+255714***399,+255714***291,2023-11-17T02:16:00Z,DATA_RECHARGE,56094.48,ACTIVE,Dar es Salaam,30,UNKNOWN,Transsion Infinix Hot 30,"USSD session timeout, retry OK"
REC-100530,+255714***563,INVA *** 140,2023-12-01T09:25:38Z,SMS_PACK,81150.0,UNKNOWN,Arusha,1800,4G_LTE,Transsion Infinix Hot 30,"USSD session timeout, retry OK"
REC-100324,UNKNOWN,+255714***180,2023-11-21T04:50:18Z,DATA_RECHARGE,62192.0,UNKNOWN,Arusha,45,4G_LTE,"iPhone 13,2 (iOS 16.5)",Standard call; cell handover success
REC-101830,+255714***482,+255714***781,2023-11-25T14:15:07Z,TIGO_PESA_CASH_OUT,117334.43,SUSPENDED,Dodoma,0,3G_WCDMA,"iPhone 13,2 (iOS 16.5)","USSD session timeout, retry OK"
REC-102051,+255714***687,+255714***906,2023-11-24T17:07:41Z,TIGO_PESA_CASH_OUT,34520.82,SUSPENDED,Mwanza,120,UNKNOWN,Unknown,Standard call; cell handover success
REC-102319,+255714***425,+255714***714,2023-11-25T22:55:01Z,VOICE_CALL,132185.03,ACTIVE,Mwanza,0,3G_WCDMA,Nokia 105 (Feature Phone),None
REC-101226,+255714***743,+255714***069,2023-11-09T07:22:22Z,TIGO_PESA_CASH_IN,129375.0,TERMINATED,Dodoma,0,4G_LTE,Huawei P40 Lite,"VIP Subscriber, priority routing"
REC-102029,+255714***932,+255714***550,2023-11-11T18:53:53Z,TIGO_PESA_CASH_IN,95226.2,UNKNOWN,Dodoma,0,3G_WCDMA,Tecno Spark 10 Pro,Flagged for KYC update; verified by agent
REC-102237,+255714***714,UNKNOWN,2023-11-26T04:35:02Z,BUNDLE_PURCHASE,59835.0,ACTIVE,Arusha,45,4G_LTE,Samsung Galaxy A14; Android 13,Flagged for KYC update; verified by agent
REC-102214,+255714***932,UNKNOWN,2023-11-13T00:17:18Z,VOICE_CALL,0.0,ACTIVE,Tanga,120,4G_LTE,Transsion Infinix Hot 30,
REC-100527,+255714***781,+255714***044,1970-01-01T00:00:00Z,BUNDLE_PURCHASE,102041.05,ACTIVE,Dar es Salaam,1800,UNKNOWN,Transsion Infinix Hot 30,None
REC-102181,+255714***015,INVA *** 140,2023-11-19T00:30:00Z,VOICE_CALL,119123.0,SUSPENDED,Mwanza,120,4G_LTE,Samsung Galaxy A14; Android 13,"Customer stated: 'Cannot connect to 4G in Posta area, please help'"
REC-100182,INVA *** 140,+255714***713,2023-11-23T18:38:00Z,VOICE_CALL,56271.21,UNKNOWN,Arusha,120,5G_NR,Nokia 105 (Feature Phone),None
REC-101552,UNKNOWN,+255714***755,2023-11-12T06:39:24Z,TIGO_PESA_CASH_IN,85302.19,ACTIVE,Dodoma,30,2G_GSM,Samsung Galaxy A14; Android 13,Flagged for KYC update; verified by agent
REC-101556,+255714***879,+255714***769,2023-11-30T10:52:00Z,DATA_RECHARGE,105803.69,ACTIVE,Arusha,45,4G_LTE,Unknown,Flagged for KYC update; verified by agent
REC-102475,+255714***425,INVA *** 000,2023-11-14T14:09:00Z,TIGO_PESA_CASH_OUT,119777.46,CHURNED,Other / Unknown,0,2G_GSM,Tecno Spark 10 Pro,None
REC-101937,+255714***604,+255714***111,2023-11-27T12:16:52Z,VOICE_CALL,99668.86,TERMINATED,Dar es Salaam,120,4G_LTE,Unknown,"Customer stated: 'Cannot connect to 4G in Posta area, please help'"
REC-101625,INVA *** 140,+255714***578,2023-12-01T03:07:38Z,TIGO_PESA_CASH_OUT,66756.53,SUSPENDED,Arusha,120,3G_WCDMA,Tecno Spark 10 Pro,None
REC-101808,+255714***055,+255714***222,2023-11-11T01:48:23Z,VOICE_CALL,91442.35,SUSPENDED,Zanzibar,30,2G_GSM,Transsion Infinix Hot 30,
REC-101074,UNKNOWN,+255714***632,2023-11-27T07:18:29Z,SMS_PACK,147504.0,SUSPENDED,Dar es Salaam,45,3G_WCDMA,Samsung Galaxy A14; Android 13,None
REC-100030,+255714***508,INVA *** 000,2023-11-29T05:43:00Z,TIGO_PESA_CASH_OUT,0.0,TERMINATED,Dar es Salaam,0,5G_NR,"iPhone 13,2 (iOS 16.5)",Standard call; cell handover success
REC-100651,+255714***702,+255714***755,2023-12-01T08:24:19Z,DATA_RECHARGE,5293.0,PENDING_KYC,Dar es Salaam,45,4G_LTE,Samsung Galaxy A14; Android 13,"Customer stated: 'Cannot connect to 4G in Posta area, please help'"
REC-101933,INVA *** 140,+255714***248,2023-11-20T04:44:00Z,DATA_RECHARGE,113775.0,TERMINATED,Dar es Salaam,0,4G_LTE,Nokia 105 (Feature Phone),"USSD session timeout, retry OK"
REC-102093,+255714***386,+255714***153,2023-11-27T01:46:10Z,DATA_RECHARGE,0.0,ACTIVE,Mbeya,45,4G_LTE,Samsung Galaxy A14; Android 13,"Customer stated: 'Cannot connect to 4G in Posta area, please help'"
REC-102442,+255714***290,INVA *** 000,2023-11-21T04:08:00Z,BUNDLE_PURCHASE,0.0,ACTIVE,Mwanza,30,4G_LTE,"iPhone 13,2 (iOS 16.5)",
REC-102160,+255714***550,+255714***590,2023-12-02T09:57:46Z,BUNDLE_PURCHASE,2800.0,SUSPENDED,Mwanza,0,UNKNOWN,Nokia 105 (Feature Phone),
REC-102270,+255714***373,+255714***605,2023-11-04T00:00:00Z,TIGO_PESA_CASH_IN,11150.0,SUSPENDED,Dodoma,30,UNKNOWN,Samsung Galaxy A14; Android 13,Flagged for KYC update; verified by agent
REC-100944,+255714***042,INVA *** 140,2023-11-25T11:54:12Z,VOICE_CALL,69982.09,PENDING_KYC,Zanzibar,30,4G_LTE,Huawei P40 Lite,
REC-101498,+255714***249,+255714***989,2023-11-29T20:38:00Z,BUNDLE_PURCHASE,91384.6,CHURNED,Zanzibar,120,UNKNOWN,Tecno Spark 10 Pro,Flagged for KYC update; verified by agent
REC-101378,+255714***810,+255714***823,2023-11-20T22:02:29Z,VOICE_CALL,58197.31,CHURNED,Morogoro,120,UNKNOWN,Nokia 105 (Feature Phone),"Customer stated: 'Cannot connect to 4G in Posta area, please help'"
REC-101032,+255714***234,+255714***809,2023-11-17T19:12:31Z,VOICE_CALL,0.0,SUSPENDED,Arusha,120,3G_WCDMA,Nokia 105 (Feature Phone),None
REC-101023,INVA *** 000,+255714***562,2023-12-03T23:00:35Z,BUNDLE_PURCHASE,56675.0,CHURNED,Dar es Salaam,0,2G_GSM,Unknown,None
REC-101357,+255714***427,+255714***741,2023-11-09T18:15:46Z,TIGO_PESA_CASH_IN,105800.0,SUSPENDED,Zanzibar,0,3G_WCDMA,Transsion Infinix Hot 30,"VIP Subscriber, priority routing"
REC-100104,+255714***647,+255714***126,2023-11-11T16:17:36Z,DATA_RECHARGE,15869.28,SUSPENDED,Tanga,45,UNKNOWN,Unknown,
REC-102268,+255714***633,+255714***029,2023-11-20T05:56:00Z,VOICE_CALL,60264.29,ACTIVE,Mwanza,0,UNKNOWN,Samsung Galaxy A14; Android 13,"Customer stated: 'Cannot connect to 4G in Posta area, please help'"
REC-100765,+255714***784,+255714***823,2023-11-04T00:00:00Z,TIGO_PESA_CASH_IN,13225.0,ACTIVE,Morogoro,0,4G_LTE,Samsung Galaxy A14; Android 13,"USSD session timeout, retry OK"
REC-102282,+255714***934,INVA *** 140,2023-11-23T22:39:17Z,BUNDLE_PURCHASE,0.0,UNKNOWN,Other / Unknown,30,4G_LTE,Nokia 105 (Feature Phone),"USSD session timeout, retry OK"
REC-102157,INVA *** 000,INVA *** 140,2023-11-23T13:06:00Z,SMS_PACK,39308.0,CHURNED,Mwanza,30,3G_WCDMA,Unknown,Flagged for KYC update; verified by agent
REC-101909,+255714***878,+255714***537,2023-11-24T17:32:41Z,TIGO_PESA_CASH_OUT,45371.87,CHURNED,Arusha,120,3G_WCDMA,Unknown,Standard call; cell handover success
REC-100277,+255714***822,+255714***879,2023-11-24T00:36:50Z,TIGO_PESA_CASH_OUT,110650.0,UNKNOWN,Arusha,30,4G_LTE,Nokia 105 (Feature Phone),Flagged for KYC update; verified by agent
REC-100479,+255714***755,+255714***385,2023-12-03T10:55:00Z,DATA_RECHARGE,107721.0,ACTIVE,Other / Unknown,360,5G_NR,Transsion Infinix Hot 30,"VIP Subscriber, priority routing"
REC-101340,+255714***674,+255714***496,2023-11-19T04:11:00Z,DATA_RECHARGE,138420.0,UNKNOWN,Morogoro,30,4G_LTE,Transsion Infinix Hot 30,"VIP Subscriber, priority routing"
REC-100830,INVA *** 140,+255714***028,2023-12-02T13:50:00Z,DATA_RECHARGE,102656.52,ACTIVE,Dodoma,1800,4G_LTE,Tecno Spark 10 Pro,"USSD session timeout, retry OK"
REC-101319,INVA *** 140,+255714***947,2023-11-12T09:53:00Z,DATA_RECHARGE,140300.0,PENDING_KYC,Dodoma,0,5G_NR,Unknown,None
REC-100526,+255714***098,+255714***291,2023-11-26T13:54:00Z,VOICE_CALL,18775.0,SUSPENDED,Other / Unknown,45,4G_LTE,Samsung Galaxy A14; Android 13,
REC-100761,+255714***055,INVA *** 140,2023-11-12T07:02:31Z,VOICE_CALL,59760.41,PENDING_KYC,Mbeya,360,2G_GSM,Huawei P40 Lite,"USSD session timeout, retry OK"
REC-101211,INVA *** 000,+255714***603,2023-11-19T01:32:16Z,TIGO_PESA_CASH_OUT,0.0,TERMINATED,Arusha,0,UNKNOWN,"iPhone 13,2 (iOS 16.5)",Standard call; cell handover success
REC-101274,+255714***345,+255714***247,2023-11-05T09:15:24Z,BUNDLE_PURCHASE,123425.0,UNKNOWN,Morogoro,0,UNKNOWN,Tecno Spark 10 Pro,"USSD session timeout, retry OK"
REC-101289,UNKNOWN,+255714***523,2023-11-05T14:42:37Z,TIGO_PESA_CASH_OUT,140518.0,TERMINATED,Dar es Salaam,120,4G_LTE,"iPhone 13,2 (iOS 16.5)","Customer stated: 'Cannot connect to 4G in Posta area, please help'"
REC-100611,+255714***618,+255714***877,2023-11-11T10:05:30Z,TIGO_PESA_CASH_IN,81295.74,SUSPENDED,Mbeya,135,2G_GSM,Transsion Infinix Hot 30,"VIP Subscriber, priority routing"
REC-102024,INVA *** 140,+255714***276,2023-11-09T15:55:19Z,DATA_RECHARGE,48857.0,PENDING_KYC,Zanzibar,45,3G_WCDMA,Tecno Spark 10 Pro,Standard call; cell handover success
REC-100801,+255714***359,+255714***234,2023-11-14T22:55:47Z,SMS_PACK,56063.21,TERMINATED,Dar es Salaam,0,5G_NR,Nokia 105 (Feature Phone),"VIP Subscriber, priority routing"
REC-100589,+255714***811,+255714***838,2023-11-04T23:48:47Z,SMS_PACK,0.0,ACTIVE,Mwanza,30,3G_WCDMA,Unknown,Flagged for KYC update; verified by agent
REC-102184,+255714***769,+255714***440,2023-12-01T17:57:13Z,DATA_RECHARGE,142637.04,TERMINATED,Tanga,0,3G_WCDMA,Transsion Infinix Hot 30,
REC-101231,+255714***507,INVA *** 140,2023-11-09T11:46:39Z,SMS_PACK,148475.0,ACTIVE,Arusha,120,4G_LTE,Tecno Spark 10 Pro,"VIP Subscriber, priority routing"
REC-100874,+255714***057,INVA *** 140,2023-11-30T03:06:10Z,VOICE_CALL,91262.0,UNKNOWN,Zanzibar,30,5G_NR,"iPhone 13,2 (iOS 16.5)",None
REC-101709,INVA *** 000,+255714***633,2023-11-15T03:21:00Z,SMS_PACK,90904.34,SUSPENDED,Zanzibar,45,2G_GSM,Unknown,"VIP Subscriber, priority routing"
REC-101421,INVA *** 140,+255714***221,2023-11-13T23:00:10Z,TIGO_PESA_CASH_OUT,63243.72,UNKNOWN,Arusha,135,2G_GSM,Nokia 105 (Feature Phone),Standard call; cell handover success
REC-101157,+255714***453,+255714***124,2023-11-29T22:39:04Z,TIGO_PESA_CASH_IN,48650.0,CHURNED,Zanzibar,120,5G_NR,"iPhone 13,2 (iOS 16.5)",
REC-101850,+255714***343,+255714***454,2023-11-17T15:08:00Z,BUNDLE_PURCHASE,2470.79,ACTIVE,Zanzibar,120,5G_NR,Unknown,None
REC-101940,+255714***247,+255714***193,2023-11-11T10:37:32Z,BUNDLE_PURCHASE,22638.44,ACTIVE,Mwanza,0,2G_GSM,Tecno Spark 10 Pro,"Customer stated: 'Cannot connect to 4G in Posta area, please help'"
REC-102065,+255714***850,+255714***975,2023-11-29T21:31:00Z,VOICE_CALL,108688.0,SUSPENDED,Dodoma,0,4G_LTE,Huawei P40 Lite,Standard call; cell handover success
REC-101482,+255714***603,+255714***740,2023-11-28T18:11:00Z,TIGO_PESA_CASH_OUT,0.0,TERMINATED,Dodoma,0,UNKNOWN,Nokia 105 (Feature Phone),"Customer stated: 'Cannot connect to 4G in Posta area, please help'"
REC-101783,+255714***412,+255714***480,2023-11-18T22:04:00Z,VOICE_CALL,0.0,ACTIVE,Dar es Salaam,1800,4G_LTE,"iPhone 13,2 (iOS 16.5)","USSD session timeout, retry OK"
REC-102128,+255714***002,+255714***729,2023-11-23T20:25:00Z,TIGO_PESA_CASH_IN,109032.89,TERMINATED,Mwanza,30,4G_LTE,Huawei P40 Lite,None
REC-101898,INVA *** 140,+255714***057,2023-11-26T13:20:07Z,VOICE_CALL,61275.0,ACTIVE,Arusha,135,UNKNOWN,Huawei P40 Lite,
REC-101409,INVA *** 140,+255714***098,2023-11-09T17:03:52Z,VOICE_CALL,96447.0,TERMINATED,Arusha,0,4G_LTE,Huawei P40 Lite,"Customer stated: 'Cannot connect to 4G in Posta area, please help'"
REC-101673,+255714***877,+255714***085,2023-11-23T23:56:37Z,VOICE_CALL,46987.83,ACTIVE,Arusha,0,4G_LTE,Samsung Galaxy A14; Android 13,
REC-100667,+255714***057,UNKNOWN,2023-11-10T23:05:54Z,TIGO_PESA_CASH_IN,26711.99,PENDING_KYC,Dar es Salaam,30,4G_LTE,Huawei P40 Lite,Standard call; cell handover success
REC-101273,+255714***495,+255714***618,2023-12-01T05:21:16Z,SMS_PACK,134111.87,ACTIVE,Arusha,120,4G_LTE,Tecno Spark 10 Pro,Standard call; cell handover success
REC-100617,+255714***481,INVA *** 000,2023-12-03T16:48:00Z,TIGO_PESA_CASH_IN,0.0,ACTIVE,Dar es Salaam,0,5G_NR,"iPhone 13,2 (iOS 16.5)","Customer stated: 'Cannot connect to 4G in Posta area, please help'"
REC-101569,+255714***113,+255714***603,2023-11-14T06:32:59Z,DATA_RECHARGE,107675.99,UNKNOWN,Zanzibar,120,5G_NR,"iPhone 13,2 (iOS 16.5)","Customer stated: 'Cannot connect to 4G in Posta area, please help'"
REC-102322,+255714***837,INVA *** 000,2023-11-10T15:11:00Z,BUNDLE_PURCHASE,125146.0,TERMINATED,Dar es Salaam,45,3G_WCDMA,Samsung Galaxy A14; Android 13,"VIP Subscriber, priority routing"
REC-100175,INVA *** 000,+255714***167,2023-12-03T20:24:03Z,SMS_PACK,0.0,UNKNOWN,Mwanza,360,3G_WCDMA,Transsion Infinix Hot 30,Standard call; cell handover success
REC-100064,+255714***234,+255714***427,2023-11-28T13:29:00Z,TIGO_PESA_CASH_IN,99556.24,UNKNOWN,Dar es Salaam,0,4G_LTE,Tecno Spark 10 Pro,"USSD session timeout, retry OK"
REC-102058,+255714***837,+255714***865,2023-11-26T20:45:00Z,TIGO_PESA_CASH_OUT,116813.1,ACTIVE,Dodoma,45,2G_GSM,Huawei P40 Lite,
REC-100331,+255714***837,+255714***741,2023-12-04T07:37:33Z,SMS_PACK,25300.0,PENDING_KYC,Arusha,45,2G_GSM,Huawei P40 Lite,
REC-102118,+255714***084,+255714***605,2023-12-01T15:50:22Z,VOICE_CALL,100840.39,UNKNOWN,Dodoma,120,4G_LTE,Nokia 105 (Feature Phone),None
REC-102318,+255714***332,INVA *** 140,2023-11-27T21:19:57Z,BUNDLE_PURCHASE,0.0,PENDING_KYC,Dar es Salaam,30,5G_NR,Huawei P40 Lite,
REC-102016,+255714***783,UNKNOWN,2023-11-26T00:54:00Z,TIGO_PESA_CASH_OUT,63992.28,PENDING_KYC,Dodoma,45,2G_GSM,Nokia 105 (Feature Phone),"VIP Subscriber, priority routing"
REC-100889,+255714***097,+255714***576,2023-11-06T02:44:28Z,SMS_PACK,94279.11,UNKNOWN,Dodoma,120,4G_LTE,"iPhone 13,2 (iOS 16.5)","USSD session timeout, retry OK"
REC-100380,+255714***631,+255714***480,2023-11-07T10:11:00Z,VOICE_CALL,53649.89,UNKNOWN,Dar es Salaam,45,3G_WCDMA,"iPhone 13,2 (iOS 16.5)","USSD session timeout, retry OK"
REC-100935,+255714***932,+255714***085,2023-11-11T16:03:42Z,DATA_RECHARGE,132501.73,ACTIVE,Arusha,120,UNKNOWN,"iPhone 13,2 (iOS 16.5)","Customer stated: 'Cannot connect to 4G in Posta area, please help'"
REC-100604,+255714***014,+255714***277,2023-11-19T12:03:00Z,BUNDLE_PURCHASE,96951.0,ACTIVE,Arusha,1800,2G_GSM,Unknown,"VIP Subscriber, priority routing"
REC-102175,+255714***469,+255714***056,2023-11-21T03:14:05Z,DATA_RECHARGE,0.0,ACTIVE,Tanga,135,3G_WCDMA,Unknown,"USSD session timeout, retry OK"
REC-101750,+255714***686,+255714***645,2023-12-01T19:06:55Z,TIGO_PESA_CASH_OUT,0.0,CHURNED,Dodoma,135,4G_LTE,Tecno Spark 10 Pro,"VIP Subscriber, priority routing"
REC-100471,+255714***576,+255714***412,2023-11-21T22:47:00Z,TIGO_PESA_CASH_OUT,13187.0,SUSPENDED,Arusha,0,4G_LTE,Samsung Galaxy A14; Android 13,
REC-100396,INVA *** 140,+255714***097,2023-11-15T05:28:10Z,DATA_RECHARGE,8052.71,PENDING_KYC,Tanga,1800,4G_LTE,"iPhone 13,2 (iOS 16.5)","Customer stated: 'Cannot connect to 4G in Posta area, please help'"
REC-100185,+255714***332,INVA *** 140,2023-11-19T18:37:24Z,VOICE_CALL,144250.0,CHURNED,Dar es Salaam,360,4G_LTE,Huawei P40 Lite,Flagged for KYC update; verified by agent
REC-101245,+255714***822,+255714***126,2023-11-05T23:34:46Z,VOICE_CALL,48713.24,UNKNOWN,Dar es Salaam,0,4G_LTE,"iPhone 13,2 (iOS 16.5)","Customer stated: 'Cannot connect to 4G in Posta area, please help'"
REC-100620,INVA *** 140,+255714***893,2023-11-07T16:22:22Z,BUNDLE_PURCHASE,19672.84,TERMINATED,Morogoro,120,2G_GSM,Nokia 105 (Feature Phone),None
REC-102229,+255714***521,INVA *** 140,2023-11-26T00:11:26Z,TIGO_PESA_CASH_OUT,133610.41,CHURNED,Zanzibar,0,UNKNOWN,Nokia 105 (Feature Phone),Flagged for KYC update; verified by agent
REC-102424,+255714***754,+255714***920,2023-11-11T06:45:46Z,VOICE_CALL,0.0,UNKNOWN,Mbeya,135,3G_WCDMA,Huawei P40 Lite,"VIP Subscriber, priority routing"
REC-101974,+255714***302,+255714***727,2023-11-04T00:00:00Z,TIGO_PESA_CASH_OUT,142552.25,CHURNED,Mwanza,135,2G_GSM,Transsion Infinix Hot 30,"Customer stated: 'Cannot connect to 4G in Posta area, please help'"
REC-101908,+255714***151,INVA *** 000,1970-01-01T00:00:00Z,TIGO_PESA_CASH_IN,122200.0,ACTIVE,Mwanza,0,UNKNOWN,Transsion Infinix Hot 30,Flagged for KYC update; verified by agent
REC-100807,INVA *** 000,+255714***468,2023-12-04T12:13:00Z,VOICE_CALL,4878.58,ACTIVE,Arusha,0,5G_NR,Unknown,
REC-100912,+255714***590,+255714***864,2023-11-19T08:26:49Z,TIGO_PESA_CASH_IN,93862.89,TERMINATED,Mbeya,1800,4G_LTE,Nokia 105 (Feature Phone),Flagged for KYC update; verified by agent
REC-102098,+255714***494,+255714***222,2023-11-19T10:39:00Z,TIGO_PESA_CASH_OUT,61997.0,ACTIVE,Dar es Salaam,1800,3G_WCDMA,Nokia 105 (Feature Phone),"VIP Subscriber, priority routing"
REC-101989,+255714***562,+255714***590,2023-11-20T00:43:00Z,TIGO_PESA_CASH_IN,76100.03,ACTIVE,Dar es Salaam,135,2G_GSM,Tecno Spark 10 Pro,"Customer stated: 'Cannot connect to 4G in Posta area, please help'"
REC-102205,+255714***810,+255714***839,2023-12-01T08:04:03Z,SMS_PACK,96698.5,UNKNOWN,Arusha,0,UNKNOWN,Nokia 105 (Feature Phone),"Customer stated: 'Cannot connect to 4G in Posta area, please help'"
REC-100127,+255714***754,+255714***112,2023-11-21T14:59:00Z,BUNDLE_PURCHASE,149723.51,ACTIVE,Dar es Salaam,135,5G_NR,Huawei P40 Lite,None
REC-101152,+255714***302,+255714***247,2023-11-07T22:06:15Z,TIGO_PESA_CASH_IN,16575.0,ACTIVE,Dar es Salaam,135,4G_LTE,Samsung Galaxy A14; Android 13,
REC-100308,+255714***017,+255714***290,2023-11-30T07:15:50Z,TIGO_PESA_CASH_IN,131682.85,ACTIVE,Zanzibar,0,4G_LTE,Transsion Infinix Hot 30,Flagged for KYC update; verified by agent
REC-101136,INVA *** 140,+255714***098,2023-11-25T09:10:00Z,VOICE_CALL,0.0,CHURNED,Other / Unknown,1800,4G_LTE,Transsion Infinix Hot 30,"Customer stated: 'Cannot connect to 4G in Posta area, please help'"
REC-100447,+255714***921,UNKNOWN,2023-11-21T05:19:00Z,VOICE_CALL,87618.0,UNKNOWN,Dodoma,45,UNKNOWN,Tecno Spark 10 Pro,"VIP Subscriber, priority routing"
REC-100927,+255714***728,+255714***960,2023-11-14T04:20:00Z,DATA_RECHARGE,146902.09,PENDING_KYC,Mwanza,0,3G_WCDMA,Tecno Spark 10 Pro,Standard call; cell handover success
REC-101058,INVA *** 140,+255714***003,2023-11-14T07:42:58Z,VOICE_CALL,83425.0,ACTIVE,Zanzibar,0,3G_WCDMA,Transsion Infinix Hot 30,"VIP Subscriber, priority routing"
REC-101110,+255714***837,+255714***398,2023-11-18T04:05:00Z,TIGO_PESA_CASH_IN,83650.0,SUSPENDED,Arusha,360,5G_NR,"iPhone 13,2 (iOS 16.5)","USSD session timeout, retry OK"
REC-102371,+255714***222,+255714***975,2023-11-13T21:26:00Z,TIGO_PESA_CASH_IN,98810.0,ACTIVE,Zanzibar,1800,2G_GSM,"iPhone 13,2 (iOS 16.5)","Customer stated: 'Cannot connect to 4G in Posta area, please help'"
REC-100602,INVA *** 140,INVA *** 140,2023-11-22T16:48:54Z,TIGO_PESA_CASH_OUT,0.0,ACTIVE,Arusha,1800,4G_LTE,Transsion Infinix Hot 30,None
REC-100349,+255714***810,INVA *** 140,2023-11-21T23:20:00Z,DATA_RECHARGE,0.0,ACTIVE,Mwanza,135,5G_NR,Nokia 105 (Feature Phone),"Customer stated: 'Cannot connect to 4G in Posta area, please help'"
REC-102477,+255714***329,+255714***576,2023-11-05T10:39:00Z,DATA_RECHARGE,41625.0,TERMINATED,Mbeya,360,4G_LTE,Unknown,
REC-100028,UNKNOWN,+255714***343,2023-11-13T02:30:11Z,TIGO_PESA_CASH_OUT,4205.56,PENDING_KYC,Other / Unknown,120,5G_NR,"iPhone 13,2 (iOS 16.5)",None
REC-100507,UNKNOWN,INVA *** 140,2023-11-04T19:56:00Z,TIGO_PESA_CASH_OUT,96001.5,SUSPENDED,Mbeya,0,4G_LTE,Huawei P40 Lite,None
REC-100520,INVA *** 140,+255714***633,2023-11-13T19:23:28Z,TIGO_PESA_CASH_IN,26180.13,ACTIVE,Arusha,1800,UNKNOWN,Nokia 105 (Feature Phone),"Customer stated: 'Cannot connect to 4G in Posta area, please help'"
REC-100613,+255714***193,INVA *** 140,2023-11-06T17:12:56Z,DATA_RECHARGE,111000.0,TERMINATED,Dar es Salaam,135,4G_LTE,Samsung Galaxy A14; Android 13,None
REC-100993,+255714***137,+255714***783,2023-11-25T05:53:15Z,DATA_RECHARGE,39198.52,TERMINATED,Mbeya,0,4G_LTE,Nokia 105 (Feature Phone),Flagged for KYC update; verified by agent
REC-100612,+255714***000,+255714***496,2023-11-12T15:14:00Z,VOICE_CALL,0.0,TERMINATED,Tanga,360,UNKNOWN,Nokia 105 (Feature Phone),"Customer stated: 'Cannot connect to 4G in Posta area, please help'"
REC-101181,+255714***699,+255714***770,2023-11-16T14:01:22Z,TIGO_PESA_CASH_OUT,0.0,UNKNOWN,Zanzibar,30,3G_WCDMA,Nokia 105 (Feature Phone),"Customer stated: 'Cannot connect to 4G in Posta area, please help'"
REC-100942,+255714***565,+255714***427,2023-11-17T01:34:00Z,SMS_PACK,95301.0,PENDING_KYC,Zanzibar,30,UNKNOWN,Transsion Infinix Hot 30,
REC-101350,UNKNOWN,+255714***715,2023-11-08T03:32:38Z,SMS_PACK,116888.9,PENDING_KYC,Dar es Salaam,135,4G_LTE,Tecno Spark 10 Pro,Standard call; cell handover success
REC-100069,UNKNOWN,+255714***919,2023-11-18T05:45:12Z,SMS_PACK,45125.0,PENDING_KYC,Arusha,0,2G_GSM,Transsion Infinix Hot 30,"USSD session timeout, retry OK"
REC-101695,INVA *** 140,+255714***617,2023-11-23T15:45:47Z,SMS_PACK,0.0,PENDING_KYC,Arusha,1800,2G_GSM,Unknown,"USSD session timeout, retry OK"
REC-101522,+255714***537,+255714***466,2023-12-02T03:36:15Z,BUNDLE_PURCHASE,88568.7,TERMINATED,Mwanza,0,5G_NR,"iPhone 13,2 (iOS 16.5)",Standard call; cell handover success
REC-101115,+255714***646,UNKNOWN,2023-11-04T00:00:00Z,TIGO_PESA_CASH_OUT,57525.0,SUSPENDED,Dar es Salaam,0,5G_NR,"iPhone 13,2 (iOS 16.5)",
REC-102110,+255714***482,+255714***372,2023-11-25T13:26:50Z,TIGO_PESA_CASH_OUT,67775.0,UNKNOWN,Mwanza,0,4G_LTE,Transsion Infinix Hot 30,
REC-100488,+255714***440,+255714***619,2023-11-27T18:36:41Z,SMS_PACK,123275.0,SUSPENDED,Dar es Salaam,1800,UNKNOWN,Samsung Galaxy A14; Android 13,
REC-100772,+255714***001,INVA *** 140,2023-11-25T21:49:00Z,TIGO_PESA_CASH_IN,77116.0,TERMINATED,Dodoma,0,4G_LTE,Transsion Infinix Hot 30,Standard call; cell handover success
REC-100816,+255714***344,+255714***453,2023-11-25T00:34:00Z,DATA_RECHARGE,44453.88,TERMINATED,Zanzibar,0,2G_GSM,Transsion Infinix Hot 30,"VIP Subscriber, priority routing"
REC-101354,+255714***192,+255714***878,1970-01-01T00:00:00Z,TIGO_PESA_CASH_IN,64062.93,SUSPENDED,Mwanza,0,UNKNOWN,Samsung Galaxy A14; Android 13,Flagged for KYC update; verified by agent
REC-100933,INVA *** 000,+255714***370,2023-11-29T02:52:27Z,VOICE_CALL,63437.4,CHURNED,Morogoro,0,4G_LTE,Huawei P40 Lite,Flagged for KYC update; verified by agent
REC-101475,UNKNOWN,+255714***976,2023-11-06T11:30:02Z,TIGO_PESA_CASH_OUT,35463.25,ACTIVE,Dar es Salaam,1800,UNKNOWN,Transsion Infinix Hot 30,"USSD session timeout, retry OK"
REC-100034,+255714***509,INVA *** 140,2023-11-18T10:30:03Z,DATA_RECHARGE,64775.0,TERMINATED,Zanzibar,0,3G_WCDMA,Nokia 105 (Feature Phone),Flagged for KYC update; verified by agent
REC-100616,INVA *** 140,+255714***385,2023-11-23T13:51:25Z,BUNDLE_PURCHASE,0.0,ACTIVE,Mbeya,0,UNKNOWN,Unknown,
REC-101391,+255714***002,+255714***549,1970-01-01T00:00:00Z,DATA_RECHARGE,0.0,CHURNED,Other / Unknown,360,UNKNOWN,Nokia 105 (Feature Phone),None
REC-100232,UNKNOWN,+255714***564,2023-11-06T17:43:58Z,TIGO_PESA_CASH_OUT,10800.0,TERMINATED,Mwanza,30,4G_LTE,Huawei P40 Lite,"Customer stated: 'Cannot connect to 4G in Posta area, please help'"
REC-101483,INVA *** 140,+255714***112,2023-11-26T12:37:00Z,TIGO_PESA_CASH_OUT,0.0,TERMINATED,Other / Unknown,30,4G_LTE,Tecno Spark 10 Pro,Flagged for KYC update; verified by agent
REC-100443,+255714***385,INVA *** 140,1970-01-01T00:00:00Z,VOICE_CALL,51436.77,PENDING_KYC,Morogoro,30,2G_GSM,Nokia 105 (Feature Phone),Flagged for KYC update; verified by agent
REC-100737,INVA *** 000,+255714***591,2023-11-10T05:02:00Z,TIGO_PESA_CASH_OUT,10622.42,UNKNOWN,Dar es Salaam,45,2G_GSM,Tecno Spark 10 Pro,
REC-101854,+255714***288,+255714***728,2023-11-30T08:44:06Z,TIGO_PESA_CASH_OUT,69311.0,ACTIVE,Other / Unknown,360,4G_LTE,Huawei P40 Lite,"Customer stated: 'Cannot connect to 4G in Posta area, please help'"
REC-100257,+255714***509,+255714***236,2023-11-04T00:00:00Z,BUNDLE_PURCHASE,133518.11,ACTIVE,Mwanza,120,4G_LTE,Transsion Infinix Hot 30,
REC-102459,+255714***167,+255714***261,2023-11-28T15:48:31Z,SMS_PACK,75822.36,ACTIVE,Mwanza,0,UNKNOWN,Samsung Galaxy A14; Android 13,Flagged for KYC update; verified by agent
REC-101266,INVA *** 140,+255714***414,2023-11-30T16:28:00Z,TIGO_PESA_CASH_IN,34263.69,PENDING_KYC,Mwanza,0,2G_GSM,"iPhone 13,2 (iOS 16.5)",None
REC-102141,INVA *** 140,+255714***125,2023-11-07T04:39:50Z,BUNDLE_PURCHASE,78616.0,ACTIVE,Arusha,1800,3G_WCDMA,Tecno Spark 10 Pro,"USSD session timeout, retry OK"
REC-101315,+255714***221,INVA *** 140,2023-11-06T08:08:00Z,VOICE_CALL,125865.14,TERMINATED,Dar es Salaam,30,5G_NR,Transsion Infinix Hot 30,"VIP Subscriber, priority routing"
REC-100139,+255714***851,INVA *** 140,2023-11-20T00:15:00Z,SMS_PACK,148209.49,CHURNED,Arusha,30,2G_GSM,Huawei P40 Lite,"VIP Subscriber, priority routing"
REC-101400,+255714***768,+255714***946,2023-11-25T09:18:00Z,TIGO_PESA_CASH_IN,104616.93,UNKNOWN,Dar es Salaam,0,2G_GSM,Tecno Spark 10 Pro,None
REC-100621,+255714***590,+255714***713,2023-11-04T00:00:00Z,BUNDLE_PURCHASE,38300.0,PENDING_KYC,Dar es Salaam,135,4G_LTE,Nokia 105 (Feature Phone),
REC-101394,+255714***003,+255714***400,2023-11-10T17:37:20Z,SMS_PACK,28056.64,TERMINATED,Dar es Salaam,0,3G_WCDMA,Nokia 105 (Feature Phone),"USSD session timeout, retry OK"
REC-100832,INVA *** 000,+255714***659,2023-11-05T16:00:22Z,TIGO_PESA_CASH_OUT,13720.13,TERMINATED,Arusha,1800,5G_NR,"iPhone 13,2 (iOS 16.5)",Standard call; cell handover success
REC-100735,+255714***261,+255714***413,2023-12-03T17:24:39Z,VOICE_CALL,0.0,SUSPENDED,Arusha,0,4G_LTE,Samsung Galaxy A14; Android 13,Standard call; cell handover success
REC-101121,+255714***878,INVA *** 140,2023-11-22T12:47:00Z,SMS_PACK,82878.1,CHURNED,Dodoma,45,2G_GSM,Transsion Infinix Hot 30,"USSD session timeout, retry OK"
REC-100607,+255714***140,+255714***495,2023-11-09T07:57:15Z,BUNDLE_PURCHASE,25639.32,TERMINATED,Dar es Salaam,45,5G_NR,Transsion Infinix Hot 30,
REC-101321,+255714***906,INVA *** 140,2023-11-04T00:00:00Z,SMS_PACK,126315.66,UNKNOWN,Arusha,360,2G_GSM,Samsung Galaxy A14; Android 13,"VIP Subscriber, priority routing"
REC-100356,+255714***646,+255714***467,2023-11-04T00:00:00Z,BUNDLE_PURCHASE,0.0,ACTIVE,Zanzibar,30,2G_GSM,Tecno Spark 10 Pro,"Customer stated: 'Cannot connect to 4G in Posta area, please help'"
REC-100845,UNKNOWN,+255714***659,2023-11-06T07:49:00Z,SMS_PACK,11395.81,ACTIVE,Arusha,30,4G_LTE,Nokia 105 (Feature Phone),"Customer stated: 'Cannot connect to 4G in Posta area, please help'"
REC-100542,+255714***658,+255714***959,2023-11-13T01:15:00Z,SMS_PACK,0.0,PENDING_KYC,Dar es Salaam,0,UNKNOWN,Samsung Galaxy A14; Android 13,"USSD session timeout, retry OK"
REC-102037,UNKNOWN,UNKNOWN,2023-11-12T05:32:00Z,SMS_PACK,61572.72,TERMINATED,Mwanza,120,UNKNOWN,Nokia 105 (Feature Phone),"Customer stated: 'Cannot connect to 4G in Posta area, please help'"
REC-101491,+255714***099,+255714***647,2023-11-28T16:29:00Z,VOICE_CALL,17308.08,SUSPENDED,Other / Unknown,0,4G_LTE,Huawei P40 Lite,"Customer stated: 'Cannot connect to 4G in Posta area, please help'"
REC-100258,UNKNOWN,INVA *** 140,2023-11-18T22:43:00Z,DATA_RECHARGE,14839.43,UNKNOWN,Zanzibar,45,4G_LTE,Tecno Spark 10 Pro,"VIP Subscriber, priority routing"
REC-100648,+255714***522,+255714***261,2023-11-11T06:06:39Z,BUNDLE_PURCHASE,131125.66,ACTIVE,Zanzibar,30,5G_NR,"iPhone 13,2 (iOS 16.5)","Customer stated: 'Cannot connect to 4G in Posta area, please help'"
REC-101210,+255714***770,+255714***796,2023-11-19T01:59:11Z,SMS_PACK,144629.66,TERMINATED,Dodoma,45,5G_NR,Tecno Spark 10 Pro,None
REC-102012,+255714***290,+255714***644,2023-11-05T08:34:00Z,TIGO_PESA_CASH_IN,13359.46,TERMINATED,Mwanza,120,UNKNOWN,"iPhone 13,2 (iOS 16.5)","Customer stated: 'Cannot connect to 4G in Posta area, please help'"
REC-102039,+255714***166,+255714***754,2023-11-18T02:52:12Z,DATA_RECHARGE,137706.01,UNKNOWN,Dar es Salaam,0,3G_WCDMA,"iPhone 13,2 (iOS 16.5)",
REC-100645,+255714***549,+255714***030,2023-12-03T19:58:00Z,DATA_RECHARGE,149761.56,TERMINATED,Dar es Salaam,360,5G_NR,Unknown,"USSD session timeout, retry OK"
REC-101551,+255714***551,+255714***960,2023-11-13T07:52:14Z,TIGO_PESA_CASH_OUT,64357.0,SUSPENDED,Tanga,30,3G_WCDMA,"iPhone 13,2 (iOS 16.5)","USSD session timeout, retry OK"
REC-101514,+255714***989,+255714***289,2023-11-04T00:00:00Z,SMS_PACK,50563.24,ACTIVE,Dar es Salaam,45,4G_LTE,Huawei P40 Lite,"VIP Subscriber, priority routing"
REC-101622,+255714***042,UNKNOWN,2023-11-04T13:24:33Z,BUNDLE_PURCHASE,26475.0,TERMINATED,Tanga,1800,3G_WCDMA,Unknown,"USSD session timeout, retry OK"
REC-100512,UNKNOWN,+255714***194,2023-11-30T05:15:00Z,SMS_PACK,140475.0,SUSPENDED,Dar es Salaam,45,2G_GSM,Tecno Spark 10 Pro,None
REC-100189,+255714***400,+255714***194,2023-11-08T22:51:00Z,VOICE_CALL,141472.55,TERMINATED,Dar es Salaam,45,4G_LTE,"iPhone 13,2 (iOS 16.5)","Customer stated: 'Cannot connect to 4G in Posta area, please help'"
REC-101979,+255714***138,INVA *** 140,2023-11-04T16:30:24Z,TIGO_PESA_CASH_IN,0.0,UNKNOWN,Zanzibar,45,5G_NR,Samsung Galaxy A14; Android 13,None
REC-101692,+255714***426,+255714***548,2023-11-22T11:05:00Z,TIGO_PESA_CASH_IN,63725.0,ACTIVE,Dar es Salaam,30,4G_LTE,Transsion Infinix Hot 30,"VIP Subscriber, priority routing"
REC-102436,INVA *** 000,+255714***466,2023-11-20T13:02:35Z,TIGO_PESA_CASH_IN,0.0,PENDING_KYC,Dar es Salaam,0,4G_LTE,Unknown,"Customer stated: 'Cannot connect to 4G in Posta area, please help'"
REC-102247,+255714***425,+255714***646,2023-11-09T16:43:00Z,BUNDLE_PURCHASE,65127.0,PENDING_KYC,Other / Unknown,45,4G_LTE,Huawei P40 Lite,Flagged for KYC update; verified by agent
REC-101639,+255714***837,+255714***411,2023-11-17T11:39:10Z,VOICE_CALL,21716.45,ACTIVE,Morogoro,360,5G_NR,Nokia 105 (Feature Phone),None
REC-101107,+255714***480,+255714***973,2023-11-07T06:03:57Z,SMS_PACK,102686.53,SUSPENDED,Zanzibar,0,4G_LTE,"iPhone 13,2 (iOS 16.5)",None
REC-100523,+255714***756,+255714***823,2023-11-24T06:44:25Z,TIGO_PESA_CASH_IN,147751.87,ACTIVE,Zanzibar,30,4G_LTE,Samsung Galaxy A14; Android 13,
REC-102445,+255714***126,+255714***578,2023-11-07T18:24:02Z,BUNDLE_PURCHASE,94558.27,TERMINATED,Dodoma,0,5G_NR,Nokia 105 (Feature Phone),"USSD session timeout, retry OK"
REC-101264,+255714***836,INVA *** 140,2023-11-04T00:00:00Z,SMS_PACK,56900.0,PENDING_KYC,Mwanza,360,UNKNOWN,Huawei P40 Lite,"VIP Subscriber, priority routing"
REC-100777,+255714***398,+255714***781,2023-11-25T00:57:36Z,TIGO_PESA_CASH_IN,38184.66,ACTIVE,Dar es Salaam,360,3G_WCDMA,Samsung Galaxy A14; Android 13,"USSD session timeout, retry OK"
REC-100033,+255714***208,+255714***510,2023-11-24T01:03:00Z,SMS_PACK,44700.45,PENDING_KYC,Other / Unknown,135,4G_LTE,Nokia 105 (Feature Phone),Flagged for KYC update; verified by agent
REC-101635,+255714***839,+255714***411,2023-11-08T20:28:00Z,DATA_RECHARGE,113018.97,PENDING_KYC,Arusha,45,4G_LTE,Samsung Galaxy A14; Android 13,Flagged for KYC update; verified by agent
REC-102213,+255714***782,+255714***496,2023-11-04T00:00:00Z,SMS_PACK,8425.0,CHURNED,Mbeya,0,4G_LTE,Transsion Infinix Hot 30,Standard call; cell handover success
REC-100562,+255714***781,+255714***946,2023-11-27T04:28:17Z,TIGO_PESA_CASH_OUT,0.0,PENDING_KYC,Dar es Salaam,0,5G_NR,Nokia 105 (Feature Phone),Standard call; cell handover success
REC-101585,UNKNOWN,UNKNOWN,2023-11-30T06:40:00Z,TIGO_PESA_CASH_OUT,0.0,ACTIVE,Dar es Salaam,0,4G_LTE,Unknown,Flagged for KYC update; verified by agent
REC-101599,+255714***192,+255714***960,2023-11-20T08:52:00Z,SMS_PACK,32299.68,SUSPENDED,Zanzibar,1800,4G_LTE,Samsung Galaxy A14; Android 13,Standard call; cell handover success
REC-100496,+255714***069,+255714***399,2023-11-04T00:00:00Z,TIGO_PESA_CASH_IN,62772.0,ACTIVE,Zanzibar,30,3G_WCDMA,Transsion Infinix Hot 30,
REC-100348,INVA *** 000,+255714***934,2023-11-13T00:25:40Z,SMS_PACK,74408.07,UNKNOWN,Mwanza,120,4G_LTE,Unknown,Standard call; cell handover success
REC-101590,+255714***891,+255714***288,2023-11-19T16:21:27Z,VOICE_CALL,73620.29,ACTIVE,Mwanza,30,4G_LTE,Tecno Spark 10 Pro,Flagged for KYC update; verified by agent
REC-101827,+255714***439,INVA *** 000,2023-11-11T19:37:23Z,DATA_RECHARGE,74175.0,SUSPENDED,Arusha,0,3G_WCDMA,Nokia 105 (Feature Phone),Standard call; cell handover success
REC-100531,INVA *** 000,INVA *** 140,2023-11-18T07:36:00Z,TIGO_PESA_CASH_IN,9675.0,ACTIVE,Dodoma,30,UNKNOWN,Nokia 105 (Feature Phone),Standard call; cell handover success
REC-101587,INVA *** 140,UNKNOWN,2023-11-22T16:13:34Z,DATA_RECHARGE,45482.08,ACTIVE,Arusha,0,5G_NR,Tecno Spark 10 Pro,Standard call; cell handover success
REC-100552,INVA *** 000,+255714***934,2023-12-03T08:18:04Z,SMS_PACK,0.0,PENDING_KYC,Zanzibar,45,5G_NR,"iPhone 13,2 (iOS 16.5)",
REC-100059,+255714***317,+255714***603,2023-11-27T07:42:00Z,TIGO_PESA_CASH_IN,5379.66,TERMINATED,Zanzibar,0,4G_LTE,"iPhone 13,2 (iOS 16.5)","USSD session timeout, retry OK"
REC-102386,+255714***810,+255714***083,2023-11-26T13:12:00Z,VOICE_CALL,47676.0,TERMINATED,Zanzibar,1800,2G_GSM,Transsion Infinix Hot 30,None
REC-101312,+255714***154,+255714***550,2023-12-04T00:31:00Z,SMS_PACK,55822.76,UNKNOWN,Dar es Salaam,1800,4G_LTE,Transsion Infinix Hot 30,"USSD session timeout, retry OK"
REC-102125,+255714***357,+255714***880,2023-12-03T00:37:00Z,TIGO_PESA_CASH_IN,127342.03,PENDING_KYC,Mwanza,0,UNKNOWN,Unknown,Flagged for KYC update; verified by agent
REC-101538,+255714***631,+255714***510,2023-11-14T17:35:00Z,VOICE_CALL,0.0,SUSPENDED,Morogoro,1800,UNKNOWN,Tecno Spark 10 Pro,None
REC-101203,INVA *** 000,+255714***603,2023-11-04T13:05:59Z,DATA_RECHARGE,10364.35,TERMINATED,Arusha,0,UNKNOWN,Transsion Infinix Hot 30,"USSD session timeout, retry OK"
REC-101923,+255714***428,+255714***466,2023-11-08T02:20:15Z,TIGO_PESA_CASH_IN,136352.1,CHURNED,Dar es Salaam,360,2G_GSM,Nokia 105 (Feature Phone),
REC-100506,+255714***481,+255714***001,2023-11-24T11:47:34Z,DATA_RECHARGE,125400.0,ACTIVE,Arusha,360,3G_WCDMA,Unknown,Standard call; cell handover success
REC-101642,+255714***836,+255714***289,2023-11-09T20:53:39Z,TIGO_PESA_CASH_IN,143275.0,ACTIVE,Arusha,135,2G_GSM,Transsion Infinix Hot 30,None
REC-102149,INVA *** 140,+255714***647,2023-11-19T09:39:13Z,SMS_PACK,12764.0,ACTIVE,Dar es Salaam,135,4G_LTE,Nokia 105 (Feature Phone),
REC-100570,+255714***701,+255714***809,2023-11-04T00:00:00Z,SMS_PACK,97260.2,PENDING_KYC,Dodoma,0,UNKNOWN,Transsion Infinix Hot 30,"USSD session timeout, retry OK"
REC-102030,INVA *** 000,+255714***441,2023-11-21T05:44:00Z,DATA_RECHARGE,149321.81,SUSPENDED,Dodoma,120,UNKNOWN,Samsung Galaxy A14; Android 13,
REC-101171,+255714***974,+255714***303,2023-11-10T20:09:56Z,TIGO_PESA_CASH_OUT,143962.94,ACTIVE,Other / Unknown,0,5G_NR,Tecno Spark 10 Pro,"VIP Subscriber, priority routing"
REC-101601,UNKNOWN,INVA *** 000,2023-11-23T17:39:29Z,DATA_RECHARGE,88350.0,CHURNED,Other / Unknown,135,5G_NR,Tecno Spark 10 Pro,"VIP Subscriber, priority routing"
REC-100393,+255714***795,INVA *** 140,2023-11-19T02:05:59Z,VOICE_CALL,85800.0,SUSPENDED,Dar es Salaam,30,UNKNOWN,Transsion Infinix Hot 30,Flagged for KYC update; verified by agent
REC-100184,+255714***399,+255714***592,2023-11-09T03:19:36Z,BUNDLE_PURCHASE,137913.26,UNKNOWN,Zanzibar,360,4G_LTE,Samsung Galaxy A14; Android 13,
REC-100800,+255714***330,+255714***015,2023-11-06T03:33:00Z,BUNDLE_PURCHASE,38333.02,UNKNOWN,Dodoma,135,4G_LTE,Samsung Galaxy A14; Android 13,Flagged for KYC update; verified by agent
REC-101415,+255714***221,+255714***426,2023-11-05T22:56:32Z,BUNDLE_PURCHASE,126275.0,UNKNOWN,Other / Unknown,0,4G_LTE,Transsion Infinix Hot 30,"VIP Subscriber, priority routing"
REC-102460,INVA *** 140,+255714***003,2023-11-07T10:37:29Z,TIGO_PESA_CASH_OUT,60150.0,ACTIVE,Dodoma,360,3G_WCDMA,Huawei P40 Lite,None
REC-100351,+255714***235,UNKNOWN,2023-11-17T04:26:04Z,DATA_RECHARGE,61366.63,ACTIVE,Zanzibar,360,5G_NR,Samsung Galaxy A14; Android 13,None
REC-102478,+255714***702,+255714***577,2023-11-12T21:27:00Z,TIGO_PESA_CASH_OUT,139228.91,UNKNOWN,Mwanza,0,5G_NR,Unknown,Flagged for KYC update; verified by agent
REC-101600,+255714***728,+255714***277,2023-11-18T17:03:10Z,TIGO_PESA_CASH_IN,130475.0,PENDING_KYC,Zanzibar,135,4G_LTE,Huawei P40 Lite,None
REC-101664,INVA *** 140,+255714***193,2023-11-24T09:42:41Z,BUNDLE_PURCHASE,0.0,ACTIVE,Other / Unknown,45,UNKNOWN,Transsion Infinix Hot 30,
REC-101179,INVA *** 140,UNKNOWN,2023-11-20T08:39:38Z,BUNDLE_PURCHASE,23762.0,UNKNOWN,Zanzibar,360,UNKNOWN,Huawei P40 Lite,None
REC-102186,+255714***166,+255714***892,2023-11-17T06:26:00Z,DATA_RECHARGE,99650.24,UNKNOWN,Zanzibar,45,4G_LTE,Tecno Spark 10 Pro,"USSD session timeout, retry OK"
REC-100781,INVA *** 140,+255714***179,2023-11-10T14:41:36Z,SMS_PACK,0.0,ACTIVE,Dar es Salaam,120,4G_LTE,"iPhone 13,2 (iOS 16.5)","Customer stated: 'Cannot connect to 4G in Posta area, please help'"
REC-101296,+255714***043,+255714***919,2023-12-03T22:50:20Z,TIGO_PESA_CASH_OUT,35462.74,SUSPENDED,Mbeya,120,4G_LTE,Unknown,Standard call; cell handover success
REC-100734,+255714***836,+255714***288,2023-11-10T20:02:31Z,TIGO_PESA_CASH_IN,54405.02,UNKNOWN,Zanzibar,30,4G_LTE,Nokia 105 (Feature Phone),"USSD session timeout, retry OK"
REC-101766,+255714***414,+255714***989,2023-11-05T23:23:49Z,SMS_PACK,127675.0,UNKNOWN,Zanzibar,30,2G_GSM,"iPhone 13,2 (iOS 16.5)",
REC-101815,+255714***015,+255714***428,2023-11-08T21:16:00Z,TIGO_PESA_CASH_OUT,74809.04,PENDING_KYC,Dar es Salaam,30,2G_GSM,Transsion Infinix Hot 30,Standard call; cell handover success
REC-101861,+255714***918,+255714***233,1970-01-01T00:00:00Z,TIGO_PESA_CASH_IN,131002.0,PENDING_KYC,Dar es Salaam,1800,5G_NR,Unknown,"Customer stated: 'Cannot connect to 4G in Posta area, please help'"
REC-101471,+255714***838,+255714***907,2023-11-25T20:49:29Z,TIGO_PESA_CASH_OUT,69210.03,UNKNOWN,Dar es Salaam,1800,4G_LTE,"iPhone 13,2 (iOS 16.5)",None
REC-101190,+255714***206,+255714***660,2023-11-10T05:22:25Z,DATA_RECHARGE,16597.34,ACTIVE,Dar es Salaam,360,UNKNOWN,Tecno Spark 10 Pro,
REC-100066,+255714***399,+255714***920,2023-11-10T20:51:00Z,TIGO_PESA_CASH_IN,65998.0,ACTIVE,Dar es Salaam,120,4G_LTE,"iPhone 13,2 (iOS 16.5)","USSD session timeout, retry OK"
REC-100587,+255714***247,INVA *** 000,2023-11-04T19:53:50Z,DATA_RECHARGE,125300.0,TERMINATED,Zanzibar,45,4G_LTE,Tecno Spark 10 Pro,"USSD session timeout, retry OK"
REC-101250,+255714***728,+255714***247,2023-11-15T13:40:00Z,TIGO_PESA_CASH_IN,55750.16,TERMINATED,Arusha,135,4G_LTE,Samsung Galaxy A14; Android 13,Standard call; cell handover success
REC-100321,+255714***632,INVA *** 140,2023-12-02T22:30:18Z,VOICE_CALL,105281.86,UNKNOWN,Dar es Salaam,360,UNKNOWN,Nokia 105 (Feature Phone),"USSD session timeout, retry OK"
REC-101124,+255714***030,INVA *** 140,1970-01-01T00:00:00Z,SMS_PACK,0.0,ACTIVE,Zanzibar,1800,4G_LTE,Huawei P40 Lite,"VIP Subscriber, priority routing"
REC-100581,INVA *** 140,+255714***672,2023-11-04T00:00:00Z,DATA_RECHARGE,132534.42,PENDING_KYC,Other / Unknown,30,UNKNOWN,Transsion Infinix Hot 30,None
REC-101057,+255714***809,+255714***466,2023-11-28T02:24:31Z,VOICE_CALL,27912.1,TERMINATED,Other / Unknown,135,5G_NR,Huawei P40 Lite,"USSD session timeout, retry OK"
REC-101996,+255714***414,+255714***261,2023-11-11T20:52:40Z,BUNDLE_PURCHASE,51475.37,PENDING_KYC,Arusha,0,UNKNOWN,Transsion Infinix Hot 30,"Customer stated: 'Cannot connect to 4G in Posta area, please help'"
REC-102341,INVA *** 140,+255714***069,2023-12-01T15:03:00Z,DATA_RECHARGE,76935.82,SUSPENDED,Dar es Salaam,0,3G_WCDMA,Nokia 105 (Feature Phone),
REC-101427,+255714***605,+255714***317,2023-11-24T01:31:00Z,DATA_RECHARGE,65643.5,ACTIVE,Tanga,0,5G_NR,Huawei P40 Lite,Standard call; cell handover success
REC-102238,UNKNOWN,+255714***603,2023-11-20T05:04:22Z,BUNDLE_PURCHASE,60491.92,SUSPENDED,Morogoro,45,2G_GSM,Unknown,"Customer stated: 'Cannot connect to 4G in Posta area, please help'"
REC-100903,+255714***699,INVA *** 000,2023-11-15T18:39:00Z,TIGO_PESA_CASH_OUT,55800.0,TERMINATED,Mwanza,45,UNKNOWN,Nokia 105 (Feature Phone),"VIP Subscriber, priority routing"
REC-102284,+255714***522,+255714***755,2023-11-28T08:46:00Z,VOICE_CALL,13058.16,PENDING_KYC,Dar es Salaam,30,4G_LTE,Huawei P40 Lite,None
REC-102434,+255714***428,INVA *** 140,2023-11-18T08:50:00Z,TIGO_PESA_CASH_OUT,130475.0,UNKNOWN,Dodoma,30,3G_WCDMA,Huawei P40 Lite,"VIP Subscriber, priority routing"
REC-101771,+255714***741,INVA *** 140,2023-11-26T10:04:00Z,TIGO_PESA_CASH_OUT,0.0,ACTIVE,Arusha,135,4G_LTE,Unknown,"Customer stated: 'Cannot connect to 4G in Posta area, please help'"
REC-101632,+255714***044,+255714***783,2023-11-25T11:05:00Z,VOICE_CALL,103287.57,PENDING_KYC,Dar es Salaam,45,2G_GSM,Transsion Infinix Hot 30,"Customer stated: 'Cannot connect to 4G in Posta area, please help'"
REC-101395,+255714***098,UNKNOWN,2023-11-25T03:57:38Z,DATA_RECHARGE,128408.54,ACTIVE,Mwanza,45,UNKNOWN,Unknown,"Customer stated: 'Cannot connect to 4G in Posta area, please help'"
REC-101075,+255714***370,+255714***658,2023-11-05T11:28:13Z,BUNDLE_PURCHASE,103374.16,UNKNOWN,Morogoro,45,3G_WCDMA,Samsung Galaxy A14; Android 13,"Customer stated: 'Cannot connect to 4G in Posta area, please help'"
REC-101871,+255714***370,+255714***838,2023-11-06T02:21:00Z,TIGO_PESA_CASH_IN,19483.27,PENDING_KYC,Tanga,120,2G_GSM,Tecno Spark 10 Pro,
REC-100540,+255714***167,+255714***975,2023-11-07T15:17:00Z,SMS_PACK,30931.93,TERMINATED,Other / Unknown,45,5G_NR,Nokia 105 (Feature Phone),Standard call; cell handover success
REC-101696,+255714***507,+255714***618,2023-11-22T19:44:48Z,SMS_PACK,31425.0,ACTIVE,Arusha,30,4G_LTE,Nokia 105 (Feature Phone),Standard call; cell handover success
REC-100143,+255714***111,+255714***741,2023-11-22T02:35:34Z,BUNDLE_PURCHASE,43645.95,PENDING_KYC,Mbeya,360,UNKNOWN,Huawei P40 Lite,
REC-102055,INVA *** 140,+255714***962,2023-11-06T08:39:08Z,SMS_PACK,98149.5,UNKNOWN,Zanzibar,0,4G_LTE,Nokia 105 (Feature Phone),
REC-101362,INVA *** 000,+255714***823,2023-11-07T19:13:40Z,VOICE_CALL,8050.0,PENDING_KYC,Dar es Salaam,360,4G_LTE,Samsung Galaxy A14; Android 13,
REC-102420,+255714***562,+255714***152,2023-11-19T01:10:00Z,DATA_RECHARGE,37587.33,PENDING_KYC,Other / Unknown,45,UNKNOWN,Nokia 105 (Feature Phone),
REC-101655,+255714***453,+255714***140,2023-11-09T03:28:00Z,VOICE_CALL,82805.2,ACTIVE,Arusha,1800,4G_LTE,Nokia 105 (Feature Phone),Standard call; cell handover success
REC-100123,+255714***028,+255714***044,2023-11-13T08:35:00Z,DATA_RECHARGE,9933.53,TERMINATED,Arusha,0,UNKNOWN,"iPhone 13,2 (iOS 16.5)","VIP Subscriber, priority routing"
REC-101444,+255714***425,UNKNOWN,2023-11-05T10:28:16Z,DATA_RECHARGE,49615.83,PENDING_KYC,Other / Unknown,135,4G_LTE,Nokia 105 (Feature Phone),
REC-101080,+255714***647,+255714***440,2023-11-22T17:17:00Z,TIGO_PESA_CASH_IN,55325.0,PENDING_KYC,Dodoma,30,4G_LTE,Tecno Spark 10 Pro,
REC-101334,+255714***125,+255714***345,2023-11-15T00:13:10Z,DATA_RECHARGE,121332.15,ACTIVE,Morogoro,30,5G_NR,Unknown,"USSD session timeout, retry OK"
REC-102310,+255714***329,+255714***303,2023-11-09T16:19:00Z,VOICE_CALL,0.0,PENDING_KYC,Zanzibar,0,UNKNOWN,Samsung Galaxy A14; Android 13,"Customer stated: 'Cannot connect to 4G in Posta area, please help'"
REC-101741,+255714***919,+255714***425,1970-01-01T00:00:00Z,BUNDLE_PURCHASE,92516.62,TERMINATED,Arusha,0,4G_LTE,Tecno Spark 10 Pro,Standard call; cell handover success
REC-101119,+255714***139,+255714***373,2023-11-18T03:24:16Z,SMS_PACK,42600.0,TERMINATED,Dar es Salaam,360,UNKNOWN,"iPhone 13,2 (iOS 16.5)",Flagged for KYC update; verified by agent
REC-100968,+255714***017,+255714***071,2023-11-25T20:41:56Z,SMS_PACK,44584.5,ACTIVE,Tanga,360,UNKNOWN,Transsion Infinix Hot 30,"USSD session timeout, retry OK"
REC-102261,INVA *** 140,+255714***140,2023-11-12T10:44:36Z,SMS_PACK,45528.63,TERMINATED,Dar es Salaam,0,4G_LTE,"iPhone 13,2 (iOS 16.5)",Flagged for KYC update; verified by agent
