transaction_id,timestamp,sender_msisdn,recipient_identifier,channel,transaction_type,amount_tzs,fee_revenue_tzs,cell_id,status,failure_reason
TPESA-3000000,2026-09-04 17:46:41,+25565***138,+25577118158,USSD_*150*01#,CASH_OUT_WAKALA,352200.0,5283.0,TZ-MWA-002,SUCCESS,NONE
TPESA-3000001,2026-09-04 14:40:34,+25565***718,+25567463729,TIGO_PESA_APP,P2P_TRANSFER,232300.0,3484.5,TZ-KAH-001,SUCCESS,NONE
TPESA-3000002,2026-09-07 23:16:49,+25577***242,+25574513697,TIGO_PESA_APP,P2P_TRANSFER,142100.0,2131.5,TZ-KIL-001,SUCCESS,NONE
TPESA-3000003,2026-09-03 11:21:21,+25567***791,+25565596500,TIGO_PESA_APP,CASH_OUT_WAKALA,265500.0,3982.5,TZ-DAR-011,SUCCESS,NONE
TPESA-3000004,2026-09-04 12:56:00,+25565***742,+25567152712,TIGO_PESA_APP,P2P_TRANSFER,222000.0,3330.0,TZ-ZNZ-003,SUCCESS,NONE
TPESA-3000005,2026-09-02 20:29:58,+25577***625,+25571525381,USSD_*150*01#,P2P_TRANSFER,163300.0,2449.5,TZ-DAR-010,SUCCESS,NONE
TPESA-3000006,2026-09-01 12:13:04,+25565***352,+25571815231,USSD_*150*01#,P2P_TRANSFER,168600.0,2529.0,TZ-DAR-009,SUCCESS,NONE
TPESA-3000007,2026-09-04 08:18:21,+25571***768,+25571650768,TIGO_PESA_APP,AIRTIME_TOP_UP,19700.0,0.0,TZ-DAR-012,SUCCESS,NONE
TPESA-3000008,2026-09-07 09:22:00,+25567***185,+25567913185,USSD_*150*01#,AIRTIME_TOP_UP,11300.0,0.0,TZ-GEI-001,SUCCESS,NONE
TPESA-3000009,2026-09-04 16:39:20,+25567***211,+25567142211,USSD_*150*01#,AIRTIME_TOP_UP,11100.0,0.0,TZ-SHI-001,SUCCESS,NONE
TPESA-3000010,2026-09-07 11:14:31,+25571***038,TILL-577821,USSD_*150*01#,LIPA_KWA_SIMU_MERCHANT,18300.0,146.4,TZ-DAR-004,SUCCESS,NONE
TPESA-3000011,2026-09-07 21:44:46,+25565***352,+25567433323,USSD_*150*01#,P2P_TRANSFER,197600.0,2964.0,TZ-DAR-009,SUCCESS,NONE
TPESA-3000012,2026-09-06 19:48:11,+25565***742,+25574861122,TIGO_PESA_APP,P2P_TRANSFER,239700.0,3595.5,TZ-ZNZ-003,SUCCESS,NONE
TPESA-3000013,2026-09-01 09:53:51,+25577***572,+25571565117,TIGO_PESA_APP,P2P_TRANSFER,38300.0,574.5,TZ-ZNZ-004,SUCCESS,NONE
TPESA-3000014,2026-09-01 09:06:43,+25565***168,+25565974679,TIGO_PESA_APP,CASH_OUT_WAKALA,237700.0,3565.5,TZ-DAR-002,SUCCESS,NONE
TPESA-3000015,2026-09-01 13:48:50,+25567***860,+25565479197,TIGO_PESA_APP,P2P_TRANSFER,73400.0,1101.0,TZ-ZNZ-001,SUCCESS,NONE
TPESA-3000016,2026-09-03 09:04:04,+25565***641,+25565812641,USSD_*150*01#,AIRTIME_TOP_UP,11800.0,0.0,TZ-SON-001,SUCCESS,NONE
TPESA-3000017,2026-09-01 18:05:05,+25567***894,TILL-612097,USSD_*150*01#,LIPA_KWA_SIMU_MERCHANT,61700.0,493.6,TZ-KIL-003,SUCCESS,NONE
TPESA-3000018,2026-09-06 17:56:46,+25577***684,TILL-941134,USSD_*150*01#,LIPA_KWA_SIMU_MERCHANT,86500.0,0.0,TZ-DAR-003,FAILED,INSUFFICIENT_FUNDS
TPESA-3000019,2026-09-06 23:59:31,+25567***401,+25567921401,USSD_*150*01#,AIRTIME_TOP_UP,15700.0,0.0,TZ-DAR-015,SUCCESS,NONE
TPESA-3000020,2026-09-03 14:06:17,+25565***127,+25577512002,USSD_*150*01#,CASH_OUT_WAKALA,350700.0,0.0,TZ-TND-001,FAILED,PIN_MAX_ATTEMPTS_EXCEEDED
TPESA-3000021,2026-09-03 18:22:18,+25571***112,+25577348921,USSD_*150*01#,P2P_TRANSFER,18600.0,350.0,TZ-ARU-001,SUCCESS,NONE
TPESA-3000022,2026-09-04 22:23:23,+25571***652,+25565938302,TIGO_PESA_APP,P2P_TRANSFER,143700.0,2155.5,TZ-DAR-010,SUCCESS,NONE
TPESA-3000023,2026-09-04 10:55:43,+25565***236,TILL-991099,USSD_*150*01#,LIPA_KWA_SIMU_MERCHANT,145600.0,1164.8,TZ-MBY-002,SUCCESS,NONE
TPESA-3000024,2026-09-07 11:18:20,+25577***039,TILL-799239,TIGO_PESA_APP,LIPA_KWA_SIMU_MERCHANT,45700.0,365.6,TZ-ZNZ-002,SUCCESS,NONE
TPESA-3000025,2026-09-04 20:04:06,+25571***758,+25565899008,TIGO_PESA_APP,BANK_TO_WALLET_DEPOSIT,567500.0,8512.5,TZ-DAR-007,SUCCESS,NONE
TPESA-3000026,2026-09-01 20:04:28,+25577***905,+25567391927,TIGO_PESA_APP,P2P_TRANSFER,77700.0,1165.5,TZ-DOM-002,SUCCESS,NONE
TPESA-3000027,2026-09-02 08:27:59,+25577***042,+25571817964,TIGO_PESA_APP,P2P_TRANSFER,45100.0,676.5,TZ-DAR-010,SUCCESS,NONE
TPESA-3000028,2026-09-01 13:04:51,+25567***201,+25565469801,TIGO_PESA_APP,CASH_OUT_WAKALA,211500.0,3172.5,TZ-PWA-002,SUCCESS,NONE
TPESA-3000029,2026-09-03 19:43:01,+25567***237,TILL-817787,TIGO_PESA_APP,LIPA_KWA_SIMU_MERCHANT,58500.0,468.0,TZ-DAR-012,SUCCESS,NONE
TPESA-3000030,2026-09-06 14:58:15,+25571***677,+25565561029,TIGO_PESA_APP,P2P_TRANSFER,115100.0,1726.5,TZ-MBY-002,SUCCESS,NONE
TPESA-3000031,2026-09-05 20:05:53,+25565***507,TILL-736842,TIGO_PESA_APP,LIPA_KWA_SIMU_MERCHANT,48200.0,385.6,TZ-DAR-009,SUCCESS,NONE
TPESA-3000032,2026-09-07 23:38:56,+25577***975,+25565940528,TIGO_PESA_APP,BANK_TO_WALLET_DEPOSIT,556400.0,8346.0,TZ-DAR-001,SUCCESS,NONE
TPESA-3000033,2026-09-01 16:36:41,+25565***825,+25565714825,TIGO_PESA_APP,AIRTIME_TOP_UP,18000.0,0.0,TZ-TAN-002,SUCCESS,NONE
TPESA-3000034,2026-09-02 10:01:05,+25571***236,+25571128929,TIGO_PESA_APP,CASH_OUT_WAKALA,81300.0,1219.5,TZ-TAB-001,SUCCESS,NONE
TPESA-3000035,2026-09-05 14:31:34,+25567***833,TILL-626322,TIGO_PESA_APP,LIPA_KWA_SIMU_MERCHANT,17800.0,142.4,TZ-DOM-001,SUCCESS,NONE
TPESA-3000036,2026-09-07 06:40:59,+25577***291,+25571217766,TIGO_PESA_APP,CASH_OUT_WAKALA,242800.0,3642.0,TZ-DAR-015,SUCCESS,NONE
TPESA-3000037,2026-09-02 07:18:37,+25567***822,+25571225861,USSD_*150*01#,P2P_TRANSFER,48200.0,723.0,TZ-MWA-003,SUCCESS,NONE
TPESA-3000038,2026-09-07 11:59:47,+25567***173,+25576488606,TIGO_PESA_APP,CASH_OUT_WAKALA,142000.0,2130.0,TZ-DAR-013,SUCCESS,NONE
TPESA-3000039,2026-09-03 18:28:18,+25577***289,+25567566567,TIGO_PESA_APP,CASH_OUT_WAKALA,146200.0,0.0,TZ-TAN-002,FAILED,INSUFFICIENT_FUNDS
TPESA-3000040,2026-09-07 21:37:56,+25577***043,TILL-949974,TIGO_PESA_APP,LIPA_KWA_SIMU_MERCHANT,87800.0,702.4,TZ-DAR-005,SUCCESS,NONE
TPESA-3000041,2026-09-04 15:35:54,+25571***581,+25574112803,TIGO_PESA_APP,P2P_TRANSFER,238200.0,3573.0,TZ-SON-001,SUCCESS,NONE
TPESA-3000042,2026-09-03 19:00:16,+25571***431,+25571405863,TIGO_PESA_APP,BANK_TO_WALLET_DEPOSIT,885200.0,13278.0,TZ-MAR-001,SUCCESS,NONE
TPESA-3000043,2026-09-01 12:04:50,+25571***981,+25571542981,USSD_*150*01#,AIRTIME_TOP_UP,17500.0,0.0,TZ-MBY-001,SUCCESS,NONE
TPESA-3000044,2026-09-06 10:09:45,+25565***228,+25565669530,TIGO_PESA_APP,BANK_TO_WALLET_DEPOSIT,211100.0,3166.5,TZ-ZNZ-001,SUCCESS,NONE
TPESA-3000045,2026-09-04 19:48:59,+25565***351,+25565744903,USSD_*150*01#,P2P_TRANSFER,127500.0,1912.5,TZ-SON-001,SUCCESS,NONE
TPESA-3000046,2026-09-05 09:24:32,+25567***526,+25567424526,USSD_*150*01#,AIRTIME_TOP_UP,17200.0,0.0,TZ-PEM-001,SUCCESS,NONE
TPESA-3000047,2026-09-05 10:57:06,+25571***185,+25565649359,TIGO_PESA_APP,P2P_TRANSFER,54000.0,810.0,TZ-KIG-001,SUCCESS,NONE
TPESA-3000048,2026-09-07 19:27:50,+25567***581,TILL-506829,TIGO_PESA_APP,LIPA_KWA_SIMU_MERCHANT,79700.0,637.6,TZ-SHI-001,SUCCESS,NONE
TPESA-3000049,2026-09-06 06:16:50,+25577***636,TILL-953205,TIGO_PESA_APP,LIPA_KWA_SIMU_MERCHANT,76200.0,609.6,TZ-DAR-003,SUCCESS,NONE
TPESA-3000050,2026-09-03 12:33:19,+25567***011,+25567267011,USSD_*150*01#,AIRTIME_TOP_UP,7300.0,0.0,TZ-PEM-001,SUCCESS,NONE
TPESA-3000051,2026-09-01 17:17:33,+25571***775,+25571998306,TIGO_PESA_APP,P2P_TRANSFER,203600.0,3054.0,TZ-DAR-002,SUCCESS,NONE
TPESA-3000052,2026-09-04 07:04:28,+25567***844,+25567982844,TIGO_PESA_APP,AIRTIME_TOP_UP,8400.0,0.0,TZ-ZNZ-004,SUCCESS,NONE
TPESA-3000053,2026-09-02 22:40:40,+25571***649,TILL-596442,USSD_*150*01#,LIPA_KWA_SIMU_MERCHANT,7400.0,59.2,TZ-DAR-011,SUCCESS,NONE
TPESA-3000054,2026-09-02 13:14:35,+25571***566,+25571784339,USSD_*150*01#,CASH_OUT_WAKALA,305700.0,4585.5,TZ-DAR-013,SUCCESS,NONE
TPESA-3000055,2026-09-06 09:48:01,+25565***123,+25565992530,TIGO_PESA_APP,P2P_TRANSFER,85000.0,1275.0,TZ-ZNZ-001,SUCCESS,NONE
TPESA-3000056,2026-09-06 20:21:03,+25571***706,+25565483443,TIGO_PESA_APP,P2P_TRANSFER,17500.0,350.0,TZ-DAR-002,SUCCESS,NONE
TPESA-3000057,2026-09-02 15:09:53,+25571***315,+25565171199,TIGO_PESA_APP,P2P_TRANSFER,217800.0,3267.0,TZ-IRI-001,SUCCESS,NONE
TPESA-3000058,2026-09-03 06:17:19,+25567***202,+25565205440,TIGO_PESA_APP,CASH_OUT_WAKALA,371000.0,5565.0,TZ-SON-001,SUCCESS,NONE
TPESA-3000059,2026-09-02 16:13:32,+25571***504,+25575262038,TIGO_PESA_APP,P2P_TRANSFER,202800.0,3042.0,TZ-DOM-001,SUCCESS,NONE
TPESA-3000060,2026-09-04 10:03:44,+25571***775,+25575350534,USSD_*150*01#,P2P_TRANSFER,238300.0,0.0,TZ-DAR-002,FAILED,INSUFFICIENT_FUNDS
TPESA-3000061,2026-09-06 15:24:02,+25565***713,+25576724391,TIGO_PESA_APP,P2P_TRANSFER,33400.0,501.0,TZ-DAR-012,SUCCESS,NONE
TPESA-3000062,2026-09-03 21:30:05,+25571***884,+25567230460,USSD_*150*01#,CASH_OUT_WAKALA,366800.0,5502.0,TZ-MOR-001,SUCCESS,NONE
TPESA-3000063,2026-09-07 21:18:04,+25571***941,+25571303294,TIGO_PESA_APP,BANK_TO_WALLET_DEPOSIT,229600.0,3444.0,TZ-ARU-001,SUCCESS,NONE
TPESA-3000064,2026-09-07 14:53:12,+25567***010,+25567213010,TIGO_PESA_APP,AIRTIME_TOP_UP,8700.0,0.0,TZ-GEI-001,SUCCESS,NONE
TPESA-3000065,2026-09-06 22:52:03,+25567***545,+25567691637,TIGO_PESA_APP,P2P_TRANSFER,33400.0,501.0,TZ-KIL-003,SUCCESS,NONE
TPESA-3000066,2026-09-06 22:03:47,+25565***934,+25565460934,TIGO_PESA_APP,AIRTIME_TOP_UP,17800.0,0.0,TZ-TAR-001,SUCCESS,NONE
TPESA-3000067,2026-09-01 18:52:25,+25565***579,+25574551562,USSD_*150*01#,BANK_TO_WALLET_DEPOSIT,225300.0,3379.5,TZ-KIL-001,SUCCESS,NONE
TPESA-3000068,2026-09-01 17:41:24,+25577***604,TILL-786765,USSD_*150*01#,LIPA_KWA_SIMU_MERCHANT,87900.0,703.2,TZ-ARU-002,SUCCESS,NONE
TPESA-3000069,2026-09-01 18:54:55,+25565***827,+25571654347,USSD_*150*01#,BANK_TO_WALLET_DEPOSIT,542700.0,8140.5,TZ-MOR-001,SUCCESS,NONE
TPESA-3000070,2026-09-02 10:43:42,+25577***877,+25577606877,TIGO_PESA_APP,AIRTIME_TOP_UP,4700.0,0.0,TZ-PWA-002,SUCCESS,NONE
TPESA-3000071,2026-09-01 09:46:26,+25577***235,+25567867970,TIGO_PESA_APP,BANK_TO_WALLET_DEPOSIT,726900.0,10903.5,TZ-ZNZ-002,SUCCESS,NONE
TPESA-3000072,2026-09-07 12:54:57,+25571***941,TILL-529278,USSD_*150*01#,LIPA_KWA_SIMU_MERCHANT,134400.0,1075.2,TZ-ARU-001,SUCCESS,NONE
TPESA-3000073,2026-09-06 17:49:44,+25567***395,+25574335714,TIGO_PESA_APP,BANK_TO_WALLET_DEPOSIT,669300.0,10039.5,TZ-KIG-001,SUCCESS,NONE
TPESA-3000074,2026-09-02 21:40:06,+25565***166,+25577226205,USSD_*150*01#,CASH_OUT_WAKALA,43900.0,658.5,TZ-KIL-002,SUCCESS,NONE
TPESA-3000075,2026-09-07 17:02:08,+25565***800,+25565240800,TIGO_PESA_APP,AIRTIME_TOP_UP,6900.0,0.0,TZ-DAR-009,SUCCESS,NONE
TPESA-3000076,2026-09-01 14:13:40,+25577***481,+25567536247,TIGO_PESA_APP,P2P_TRANSFER,53200.0,798.0,TZ-MAR-001,SUCCESS,NONE
TPESA-3000077,2026-09-04 11:30:04,+25565***579,+25565158579,USSD_*150*01#,AIRTIME_TOP_UP,12300.0,0.0,TZ-KIL-001,SUCCESS,NONE
TPESA-3000078,2026-09-02 10:02:34,+25567***996,TILL-981715,TIGO_PESA_APP,LIPA_KWA_SIMU_MERCHANT,128700.0,1029.6,TZ-DAR-010,SUCCESS,NONE
TPESA-3000079,2026-09-07 15:02:01,+25577***830,+25577648830,TIGO_PESA_APP,AIRTIME_TOP_UP,1200.0,0.0,TZ-ARU-001,SUCCESS,NONE
TPESA-3000080,2026-09-06 19:49:52,+25571***853,+25571497595,TIGO_PESA_APP,CASH_OUT_WAKALA,33900.0,508.5,TZ-DOM-002,SUCCESS,NONE
TPESA-3000081,2026-09-03 18:02:19,+25577***918,+25576238390,TIGO_PESA_APP,P2P_TRANSFER,237500.0,3562.5,TZ-ARU-003,SUCCESS,NONE
TPESA-3000082,2026-09-06 21:44:19,+25571***172,+25577817310,USSD_*150*01#,P2P_TRANSFER,169300.0,2539.5,TZ-DAR-006,SUCCESS,NONE
TPESA-3000083,2026-09-03 14:38:37,+25571***244,+25565833279,USSD_*150*01#,P2P_TRANSFER,18300.0,350.0,TZ-ZNZ-002,SUCCESS,NONE
TPESA-3000084,2026-09-07 15:38:38,+25565***845,+25565300845,TIGO_PESA_APP,AIRTIME_TOP_UP,19100.0,0.0,TZ-ZNZ-001,SUCCESS,NONE
TPESA-3000085,2026-09-06 07:10:26,+25577***246,TILL-623061,TIGO_PESA_APP,LIPA_KWA_SIMU_MERCHANT,9300.0,74.4,TZ-MBY-001,SUCCESS,NONE
TPESA-3000086,2026-09-02 12:20:05,+25567***222,+25567305222,USSD_*150*01#,AIRTIME_TOP_UP,16800.0,0.0,TZ-TAB-001,SUCCESS,NONE
TPESA-3000087,2026-09-03 18:18:11,+25571***109,+25571836109,TIGO_PESA_APP,AIRTIME_TOP_UP,4000.0,0.0,TZ-DAR-010,SUCCESS,NONE
TPESA-3000088,2026-09-06 10:10:10,+25571***703,+25567355893,TIGO_PESA_APP,P2P_TRANSFER,157500.0,2362.5,TZ-PEM-001,SUCCESS,NONE
TPESA-3000089,2026-09-06 12:44:26,+25577***813,+25565300615,TIGO_PESA_APP,P2P_TRANSFER,234400.0,3516.0,TZ-TND-001,SUCCESS,NONE
TPESA-3000090,2026-09-02 17:10:55,+25565***917,+25577740324,USSD_*150*01#,P2P_TRANSFER,109100.0,1636.5,TZ-BUK-001,SUCCESS,NONE
TPESA-3000091,2026-09-07 14:25:36,+25565***101,+25571984604,TIGO_PESA_APP,P2P_TRANSFER,95100.0,1426.5,TZ-DAR-013,SUCCESS,NONE
TPESA-3000092,2026-09-03 21:58:09,+25571***175,+25571927175,USSD_*150*01#,AIRTIME_TOP_UP,19500.0,0.0,TZ-KIG-001,SUCCESS,NONE
TPESA-3000093,2026-09-01 21:01:25,+25577***865,+25567207180,USSD_*150*01#,P2P_TRANSFER,206500.0,3097.5,TZ-MTW-001,SUCCESS,NONE
TPESA-3000094,2026-09-02 06:44:45,+25571***264,+25574656462,USSD_*150*01#,CASH_OUT_WAKALA,490000.0,7350.0,TZ-KAH-001,SUCCESS,NONE
TPESA-3000095,2026-09-06 17:07:37,+25567***531,+25577416699,TIGO_PESA_APP,BANK_TO_WALLET_DEPOSIT,547800.0,8217.0,TZ-TAN-001,SUCCESS,NONE
TPESA-3000096,2026-09-04 07:27:37,+25567***456,TILL-874592,USSD_*150*01#,LIPA_KWA_SIMU_MERCHANT,78000.0,0.0,TZ-DAR-015,FAILED,INSUFFICIENT_FUNDS
TPESA-3000097,2026-09-07 16:55:12,+25577***859,+25567115024,TIGO_PESA_APP,CASH_OUT_WAKALA,455600.0,6834.0,TZ-ARU-002,SUCCESS,NONE
TPESA-3000098,2026-09-07 22:05:14,+25571***859,+25567945348,TIGO_PESA_APP,P2P_TRANSFER,30400.0,456.0,TZ-MWA-003,SUCCESS,NONE
TPESA-3000099,2026-09-07 16:37:31,+25571***804,+25576112025,TIGO_PESA_APP,BANK_TO_WALLET_DEPOSIT,470300.0,7054.5,TZ-MWA-003,SUCCESS,NONE
TPESA-3000100,2026-09-03 17:24:34,+25577***941,+25571119949,TIGO_PESA_APP,CASH_OUT_WAKALA,150700.0,2260.5,TZ-DOM-001,SUCCESS,NONE
TPESA-3000101,2026-09-07 13:54:44,+25577***381,+25575456809,USSD_*150*01#,P2P_TRANSFER,32100.0,481.5,TZ-TAN-002,SUCCESS,NONE
TPESA-3000102,2026-09-04 23:29:07,+25571***398,+25567834208,TIGO_PESA_APP,P2P_TRANSFER,130500.0,1957.5,TZ-DAR-004,SUCCESS,NONE
TPESA-3000103,2026-09-07 12:30:09,+25571***024,+25577487172,USSD_*150*01#,P2P_TRANSFER,216900.0,3253.5,TZ-MOR-001,SUCCESS,NONE
TPESA-3000104,2026-09-05 13:20:25,+25571***373,+25571928373,USSD_*150*01#,AIRTIME_TOP_UP,18600.0,0.0,TZ-ZNZ-003,SUCCESS,NONE
TPESA-3000105,2026-09-04 14:15:18,+25565***147,+25567784798,USSD_*150*01#,P2P_TRANSFER,207100.0,3106.5,TZ-MOR-001,SUCCESS,NONE
TPESA-3000106,2026-09-05 23:59:40,+25571***205,+25577327214,USSD_*150*01#,P2P_TRANSFER,133900.0,2008.5,TZ-TAB-001,SUCCESS,NONE
TPESA-3000107,2026-09-03 21:08:25,+25577***076,+25575320772,USSD_*150*01#,CASH_OUT_WAKALA,191200.0,2868.0,TZ-IRI-001,SUCCESS,NONE
TPESA-3000108,2026-09-06 19:24:20,+25577***827,+25571386716,USSD_*150*01#,P2P_TRANSFER,68800.0,1032.0,TZ-NJO-001,SUCCESS,NONE
TPESA-3000109,2026-09-03 12:25:40,+25577***523,+25571217868,USSD_*150*01#,P2P_TRANSFER,116100.0,1741.5,TZ-MBY-001,SUCCESS,NONE
TPESA-3000110,2026-09-04 17:58:49,+25571***110,+25565351673,USSD_*150*01#,P2P_TRANSFER,177300.0,2659.5,TZ-ARU-001,SUCCESS,NONE
TPESA-3000111,2026-09-03 06:30:28,+25567***733,+25577339573,USSD_*150*01#,CASH_OUT_WAKALA,169100.0,2536.5,TZ-DAR-011,SUCCESS,NONE
TPESA-3000112,2026-09-03 16:24:42,+25565***050,+25567626535,TIGO_PESA_APP,BANK_TO_WALLET_DEPOSIT,307300.0,4609.5,TZ-DAR-012,SUCCESS,NONE
TPESA-3000113,2026-09-06 15:33:13,+25571***577,+25577679059,USSD_*150*01#,P2P_TRANSFER,208500.0,3127.5,TZ-DAR-010,SUCCESS,NONE
TPESA-3000114,2026-09-05 09:35:23,+25577***077,+25577612652,USSD_*150*01#,CASH_OUT_WAKALA,438100.0,6571.5,TZ-KIL-001,SUCCESS,NONE
TPESA-3000115,2026-09-04 13:49:27,+25565***781,+25565664781,USSD_*150*01#,AIRTIME_TOP_UP,10800.0,0.0,TZ-KIG-001,SUCCESS,NONE
TPESA-3000116,2026-09-05 07:03:36,+25571***169,+25577203848,USSD_*150*01#,CASH_OUT_WAKALA,382200.0,5733.0,TZ-DAR-007,SUCCESS,NONE
TPESA-3000117,2026-09-03 10:57:37,+25567***691,+25571233300,TIGO_PESA_APP,P2P_TRANSFER,89100.0,1336.5,TZ-TND-001,SUCCESS,NONE
TPESA-3000118,2026-09-05 09:10:40,+25565***459,TILL-928884,TIGO_PESA_APP,LIPA_KWA_SIMU_MERCHANT,27900.0,223.2,TZ-PWA-002,SUCCESS,NONE
TPESA-3000119,2026-09-06 08:11:38,+25571***919,+25571576919,USSD_*150*01#,AIRTIME_TOP_UP,16700.0,0.0,TZ-DAR-001,SUCCESS,NONE
TPESA-3000120,2026-09-06 07:01:59,+25565***896,+25571654764,USSD_*150*01#,P2P_TRANSFER,98000.0,1470.0,TZ-DAR-015,SUCCESS,NONE
TPESA-3000121,2026-09-01 12:33:08,+25565***943,+25571557809,TIGO_PESA_APP,BANK_TO_WALLET_DEPOSIT,923500.0,13852.5,TZ-DAR-007,SUCCESS,NONE
TPESA-3000122,2026-09-05 23:40:13,+25577***435,+25574908885,USSD_*150*01#,CASH_OUT_WAKALA,474500.0,7117.5,TZ-DAR-015,SUCCESS,NONE
TPESA-3000123,2026-09-07 09:36:29,+25565***377,+25574619258,USSD_*150*01#,CASH_OUT_WAKALA,482500.0,7237.5,TZ-KIL-002,SUCCESS,NONE
TPESA-3000124,2026-09-04 10:14:15,+25567***055,+25575381277,TIGO_PESA_APP,P2P_TRANSFER,195900.0,2938.5,TZ-TAN-001,SUCCESS,NONE
TPESA-3000125,2026-09-03 14:16:56,+25571***838,TILL-591595,USSD_*150*01#,LIPA_KWA_SIMU_MERCHANT,21000.0,168.0,TZ-TAR-001,SUCCESS,NONE
TPESA-3000126,2026-09-02 19:36:25,+25565***199,+25565788323,USSD_*150*01#,P2P_TRANSFER,104000.0,1560.0,TZ-TAN-002,SUCCESS,NONE
TPESA-3000127,2026-09-04 23:05:55,+25571***566,+25577427717,USSD_*150*01#,CASH_OUT_WAKALA,385100.0,5776.5,TZ-ARU-003,SUCCESS,NONE
TPESA-3000128,2026-09-06 11:54:44,+25577***573,+25567349200,TIGO_PESA_APP,CASH_OUT_WAKALA,369900.0,5548.5,TZ-MBY-002,SUCCESS,NONE
TPESA-3000129,2026-09-01 23:31:54,+25567***814,+25565311725,TIGO_PESA_APP,CASH_OUT_WAKALA,259500.0,3892.5,TZ-TAB-001,SUCCESS,NONE
TPESA-3000130,2026-09-06 16:10:59,+25577***841,+25576292547,USSD_*150*01#,P2P_TRANSFER,147700.0,2215.5,TZ-TAN-003,SUCCESS,NONE
TPESA-3000131,2026-09-07 21:11:16,+25567***796,TILL-512559,USSD_*150*01#,LIPA_KWA_SIMU_MERCHANT,127100.0,1016.8,TZ-MBY-001,SUCCESS,NONE
TPESA-3000132,2026-09-01 23:51:26,+25577***203,+25577317203,USSD_*150*01#,AIRTIME_TOP_UP,17200.0,0.0,TZ-TAB-001,SUCCESS,NONE
TPESA-3000133,2026-09-04 16:00:57,+25565***863,+25567609840,USSD_*150*01#,P2P_TRANSFER,49400.0,741.0,TZ-MOR-001,SUCCESS,NONE
TPESA-3000134,2026-09-07 15:41:48,+25577***992,TILL-931878,TIGO_PESA_APP,LIPA_KWA_SIMU_MERCHANT,25800.0,206.4,TZ-KIL-003,SUCCESS,NONE
TPESA-3000135,2026-09-04 20:18:01,+25567***876,+25574714616,TIGO_PESA_APP,P2P_TRANSFER,213600.0,3204.0,TZ-DAR-012,SUCCESS,NONE
TPESA-3000136,2026-09-06 20:50:48,+25565***215,+25567892967,USSD_*150*01#,P2P_TRANSFER,69300.0,1039.5,TZ-MOR-001,SUCCESS,NONE
TPESA-3000137,2026-09-04 13:08:47,+25577***088,+25575172472,USSD_*150*01#,P2P_TRANSFER,90900.0,1363.5,TZ-DAR-008,SUCCESS,NONE
TPESA-3000138,2026-09-04 13:10:32,+25565***977,TILL-780544,TIGO_PESA_APP,LIPA_KWA_SIMU_MERCHANT,76800.0,614.4,TZ-KIL-003,SUCCESS,NONE
TPESA-3000139,2026-09-05 15:53:13,+25571***379,+25565991885,USSD_*150*01#,P2P_TRANSFER,109500.0,1642.5,TZ-ZNZ-004,SUCCESS,NONE
TPESA-3000140,2026-09-05 15:14:38,+25567***567,+25577973871,USSD_*150*01#,CASH_OUT_WAKALA,375100.0,5626.5,TZ-DAR-006,SUCCESS,NONE
TPESA-3000141,2026-09-03 06:46:54,+25565***559,+25567168586,USSD_*150*01#,P2P_TRANSFER,87800.0,1317.0,TZ-DOM-003,SUCCESS,NONE
TPESA-3000142,2026-09-01 14:28:36,+25567***792,+25567227902,USSD_*150*01#,P2P_TRANSFER,15500.0,350.0,TZ-ARU-002,SUCCESS,NONE
TPESA-3000143,2026-09-07 15:34:20,+25567***949,+25574144288,USSD_*150*01#,P2P_TRANSFER,103100.0,1546.5,TZ-ZNZ-003,SUCCESS,NONE
TPESA-3000144,2026-09-07 10:45:16,+25567***337,+25575676182,TIGO_PESA_APP,P2P_TRANSFER,113400.0,1701.0,TZ-ZNZ-002,SUCCESS,NONE
TPESA-3000145,2026-09-04 14:54:39,+25567***463,+25574469023,USSD_*150*01#,CASH_OUT_WAKALA,165100.0,2476.5,TZ-DOM-001,SUCCESS,NONE
TPESA-3000146,2026-09-01 12:22:55,+25565***625,+25577642866,TIGO_PESA_APP,CASH_OUT_WAKALA,359500.0,5392.5,TZ-TAN-001,SUCCESS,NONE
TPESA-3000147,2026-09-05 09:52:25,+25565***147,+25577248682,USSD_*150*01#,P2P_TRANSFER,128600.0,1929.0,TZ-MOR-001,SUCCESS,NONE
TPESA-3000148,2026-09-05 18:32:41,+25577***198,+25577289292,USSD_*150*01#,P2P_TRANSFER,110900.0,1663.5,TZ-MTW-001,SUCCESS,NONE
TPESA-3000149,2026-09-06 11:39:11,+25567***432,+25565103362,TIGO_PESA_APP,CASH_OUT_WAKALA,464400.0,6966.0,TZ-DAR-003,SUCCESS,NONE
TPESA-3000150,2026-09-05 08:51:01,+25577***619,TILL-886884,TIGO_PESA_APP,LIPA_KWA_SIMU_MERCHANT,44400.0,355.2,TZ-SHI-001,SUCCESS,NONE
TPESA-3000151,2026-09-04 10:09:20,+25571***602,+25571701552,TIGO_PESA_APP,CASH_OUT_WAKALA,175900.0,2638.5,TZ-KAH-001,SUCCESS,NONE
TPESA-3000152,2026-09-06 07:13:25,+25577***292,+25577492292,USSD_*150*01#,AIRTIME_TOP_UP,6900.0,0.0,TZ-DAR-006,SUCCESS,NONE
TPESA-3000153,2026-09-02 13:30:34,+25567***073,TILL-720102,TIGO_PESA_APP,LIPA_KWA_SIMU_MERCHANT,5500.0,44.0,TZ-TAN-001,SUCCESS,NONE
TPESA-3000154,2026-09-04 12:13:28,+25571***078,+25577509952,TIGO_PESA_APP,P2P_TRANSFER,82200.0,1233.0,TZ-ARU-001,SUCCESS,NONE
TPESA-3000155,2026-09-05 13:05:15,+25567***442,+25567373756,TIGO_PESA_APP,CASH_OUT_WAKALA,327300.0,4909.5,TZ-DAR-004,SUCCESS,NONE
TPESA-3000156,2026-09-05 18:06:36,+25577***902,+25577102992,TIGO_PESA_APP,CASH_OUT_WAKALA,133200.0,1998.0,TZ-ZNZ-004,SUCCESS,NONE
TPESA-3000157,2026-09-05 06:23:09,+25567***887,+25567106887,USSD_*150*01#,AIRTIME_TOP_UP,4000.0,0.0,TZ-DOM-003,SUCCESS,NONE
TPESA-3000158,2026-09-02 09:18:26,+25571***232,TILL-649462,USSD_*150*01#,LIPA_KWA_SIMU_MERCHANT,110100.0,880.8,TZ-KIL-001,SUCCESS,NONE
TPESA-3000159,2026-09-01 22:55:01,+25567***254,+25577622070,TIGO_PESA_APP,P2P_TRANSFER,117900.0,1768.5,TZ-ZNZ-002,SUCCESS,NONE
TPESA-3000160,2026-09-01 07:40:40,+25567***963,+25576467642,TIGO_PESA_APP,P2P_TRANSFER,177600.0,2664.0,TZ-ARU-002,SUCCESS,NONE
TPESA-3000161,2026-09-03 06:54:13,+25565***120,+25565217724,USSD_*150*01#,P2P_TRANSFER,163100.0,2446.5,TZ-TAB-001,SUCCESS,NONE
TPESA-3000162,2026-09-03 13:55:19,+25565***964,+25565426932,USSD_*150*01#,P2P_TRANSFER,106400.0,0.0,TZ-TAN-003,FAILED,PIN_MAX_ATTEMPTS_EXCEEDED
TPESA-3000163,2026-09-04 15:47:03,+25567***991,+25571806767,TIGO_PESA_APP,P2P_TRANSFER,99900.0,1498.5,TZ-SNG-001,SUCCESS,NONE
TPESA-3000164,2026-09-05 08:35:36,+25571***267,TILL-582714,USSD_*150*01#,LIPA_KWA_SIMU_MERCHANT,143200.0,1145.6,TZ-DAR-012,SUCCESS,NONE
TPESA-3000165,2026-09-07 18:24:06,+25577***704,+25571587342,USSD_*150*01#,P2P_TRANSFER,204700.0,3070.5,TZ-NJO-001,SUCCESS,NONE
TPESA-3000166,2026-09-03 20:55:40,+25565***606,TILL-558672,USSD_*150*01#,LIPA_KWA_SIMU_MERCHANT,149800.0,1198.4,TZ-DAR-012,SUCCESS,NONE
TPESA-3000167,2026-09-03 08:47:19,+25565***945,+25565611945,USSD_*150*01#,AIRTIME_TOP_UP,12000.0,0.0,TZ-ZNZ-002,SUCCESS,NONE
TPESA-3000168,2026-09-03 17:51:17,+25565***980,TILL-710698,USSD_*150*01#,LIPA_KWA_SIMU_MERCHANT,68700.0,549.6,TZ-MWA-003,SUCCESS,NONE
TPESA-3000169,2026-09-05 09:37:15,+25565***104,+25571766359,USSD_*150*01#,P2P_TRANSFER,135800.0,2037.0,TZ-DAR-008,SUCCESS,NONE
TPESA-3000170,2026-09-04 12:57:28,+25567***653,+25577941504,TIGO_PESA_APP,P2P_TRANSFER,59400.0,891.0,TZ-ZNZ-003,SUCCESS,NONE
TPESA-3000171,2026-09-04 10:48:49,+25565***760,+25567414327,TIGO_PESA_APP,CASH_OUT_WAKALA,395900.0,5938.5,TZ-MOR-001,SUCCESS,NONE
TPESA-3000172,2026-09-03 19:39:47,+25577***458,+25577413336,USSD_*150*01#,P2P_TRANSFER,64700.0,970.5,TZ-ZNZ-002,SUCCESS,NONE
TPESA-3000173,2026-09-03 18:24:32,+25567***924,+25567960634,USSD_*150*01#,CASH_OUT_WAKALA,91700.0,1375.5,TZ-DAR-009,SUCCESS,NONE
TPESA-3000174,2026-09-04 08:42:31,+25565***024,+25567135183,TIGO_PESA_APP,BANK_TO_WALLET_DEPOSIT,81000.0,1215.0,TZ-DAR-005,SUCCESS,NONE
TPESA-3000175,2026-09-02 09:00:02,+25565***572,+25567423539,USSD_*150*01#,CASH_OUT_WAKALA,92700.0,1390.5,TZ-TAR-001,SUCCESS,NONE
TPESA-3000176,2026-09-07 08:59:49,+25577***519,+25577708519,TIGO_PESA_APP,AIRTIME_TOP_UP,1700.0,0.0,TZ-DAR-010,FAILED,USSD_TIMEOUT
TPESA-3000177,2026-09-02 21:27:05,+25577***246,+25567378487,USSD_*150*01#,P2P_TRANSFER,124500.0,1867.5,TZ-DOM-001,SUCCESS,NONE
TPESA-3000178,2026-09-02 16:45:29,+25571***035,+25571515035,TIGO_PESA_APP,AIRTIME_TOP_UP,7000.0,0.0,TZ-KIL-001,SUCCESS,NONE
TPESA-3000179,2026-09-02 10:48:32,+25571***827,+25574138979,TIGO_PESA_APP,CASH_OUT_WAKALA,11200.0,0.0,TZ-ZNZ-001,FAILED,SYSTEM_BUSY
TPESA-3000180,2026-09-06 13:14:42,+25577***016,+25576605424,TIGO_PESA_APP,CASH_OUT_WAKALA,413200.0,6198.0,TZ-MBY-001,SUCCESS,NONE
TPESA-3000181,2026-09-06 20:37:59,+25571***472,+25577425351,USSD_*150*01#,BANK_TO_WALLET_DEPOSIT,712600.0,10689.0,TZ-ZNZ-003,SUCCESS,NONE
TPESA-3000182,2026-09-02 19:40:21,+25571***315,+25571374315,USSD_*150*01#,AIRTIME_TOP_UP,8600.0,0.0,TZ-IRI-001,SUCCESS,NONE
TPESA-3000183,2026-09-07 21:54:08,+25565***777,+25565912711,USSD_*150*01#,CASH_OUT_WAKALA,457300.0,6859.5,TZ-KIG-001,SUCCESS,NONE
TPESA-3000184,2026-09-02 12:09:57,+25571***070,TILL-788130,TIGO_PESA_APP,LIPA_KWA_SIMU_MERCHANT,112200.0,897.6,TZ-IRI-001,SUCCESS,NONE
TPESA-3000185,2026-09-05 07:23:26,+25565***986,+25565188946,TIGO_PESA_APP,CASH_OUT_WAKALA,453500.0,6802.5,TZ-ZNZ-001,SUCCESS,NONE
TPESA-3000186,2026-09-07 20:16:16,+25565***873,+25565556618,TIGO_PESA_APP,P2P_TRANSFER,194000.0,2910.0,TZ-ZNZ-003,SUCCESS,NONE
TPESA-3000187,2026-09-07 21:09:25,+25571***267,TILL-983114,USSD_*150*01#,LIPA_KWA_SIMU_MERCHANT,135500.0,1084.0,TZ-TAN-001,SUCCESS,NONE
TPESA-3000188,2026-09-06 23:33:43,+25567***963,+25571301527,TIGO_PESA_APP,P2P_TRANSFER,120800.0,1812.0,TZ-ARU-002,SUCCESS,NONE
TPESA-3000189,2026-09-07 21:42:47,+25565***089,+25567980539,TIGO_PESA_APP,CASH_OUT_WAKALA,385400.0,5781.0,TZ-MWA-002,SUCCESS,NONE
TPESA-3000190,2026-09-02 13:16:05,+25565***324,+25567190792,USSD_*150*01#,P2P_TRANSFER,91900.0,1378.5,TZ-SON-001,SUCCESS,NONE
TPESA-3000191,2026-09-03 11:30:38,+25567***557,TILL-980412,USSD_*150*01#,LIPA_KWA_SIMU_MERCHANT,26100.0,208.8,TZ-MBY-001,SUCCESS,NONE
TPESA-3000192,2026-09-04 22:53:26,+25577***714,TILL-738107,TIGO_PESA_APP,LIPA_KWA_SIMU_MERCHANT,122500.0,980.0,TZ-TAN-002,SUCCESS,NONE
TPESA-3000193,2026-09-05 10:56:55,+25567***200,+25577954497,TIGO_PESA_APP,CASH_OUT_WAKALA,97100.0,1456.5,TZ-MBY-002,SUCCESS,NONE
TPESA-3000194,2026-09-03 09:23:23,+25565***011,+25565562497,USSD_*150*01#,CASH_OUT_WAKALA,443300.0,6649.5,TZ-DAR-015,SUCCESS,NONE
TPESA-3000195,2026-09-01 18:47:28,+25577***830,+25571380704,TIGO_PESA_APP,P2P_TRANSFER,230000.0,3450.0,TZ-ARU-001,SUCCESS,NONE
TPESA-3000196,2026-09-01 11:36:08,+25565***462,+25574409023,TIGO_PESA_APP,P2P_TRANSFER,168400.0,2526.0,TZ-TAB-001,SUCCESS,NONE
TPESA-3000197,2026-09-05 11:01:02,+25567***011,+25567281161,USSD_*150*01#,P2P_TRANSFER,22000.0,0.0,TZ-TAN-001,FAILED,SYSTEM_BUSY
TPESA-3000198,2026-09-06 08:46:24,+25565***715,+25565285715,TIGO_PESA_APP,AIRTIME_TOP_UP,17100.0,0.0,TZ-ARU-003,SUCCESS,NONE
TPESA-3000199,2026-09-02 16:37:12,+25571***192,+25571911192,USSD_*150*01#,AIRTIME_TOP_UP,7000.0,0.0,TZ-MWA-002,SUCCESS,NONE
TPESA-3000200,2026-09-07 21:37:12,+25565***641,+25577530209,USSD_*150*01#,CASH_OUT_WAKALA,89600.0,1344.0,TZ-DAR-008,SUCCESS,NONE
TPESA-3000201,2026-09-07 09:28:12,+25567***191,+25567675191,TIGO_PESA_APP,AIRTIME_TOP_UP,6200.0,0.0,TZ-MWA-002,SUCCESS,NONE
TPESA-3000202,2026-09-03 17:58:26,+25577***768,+25574522607,TIGO_PESA_APP,P2P_TRANSFER,5300.0,350.0,TZ-MBY-001,SUCCESS,NONE
TPESA-3000203,2026-09-07 09:07:45,+25571***596,+25576579987,USSD_*150*01#,P2P_TRANSFER,228900.0,3433.5,TZ-DAR-013,SUCCESS,NONE
TPESA-3000204,2026-09-07 15:14:33,+25565***887,+25565144887,USSD_*150*01#,AIRTIME_TOP_UP,13300.0,0.0,TZ-IRI-001,SUCCESS,NONE
TPESA-3000205,2026-09-01 08:33:37,+25571***012,+25574209787,TIGO_PESA_APP,BANK_TO_WALLET_DEPOSIT,797500.0,11962.5,TZ-SHI-001,SUCCESS,NONE
TPESA-3000206,2026-09-01 23:46:20,+25567***215,+25577349230,USSD_*150*01#,CASH_OUT_WAKALA,472400.0,7086.0,TZ-TND-001,SUCCESS,NONE
TPESA-3000207,2026-09-05 18:23:54,+25571***868,+25571133586,USSD_*150*01#,CASH_OUT_WAKALA,111600.0,1674.0,TZ-DAR-002,SUCCESS,NONE
TPESA-3000208,2026-09-02 09:29:50,+25565***501,+25576595029,USSD_*150*01#,P2P_TRANSFER,71900.0,1078.5,TZ-MWA-001,SUCCESS,NONE
TPESA-3000209,2026-09-01 10:13:26,+25565***918,TILL-725304,TIGO_PESA_APP,LIPA_KWA_SIMU_MERCHANT,106700.0,853.6,TZ-KIL-001,SUCCESS,NONE
TPESA-3000210,2026-09-02 06:12:27,+25571***891,+25577603552,TIGO_PESA_APP,P2P_TRANSFER,42700.0,640.5,TZ-KIL-002,SUCCESS,NONE
TPESA-3000211,2026-09-06 08:40:54,+25577***458,+25567316682,USSD_*150*01#,P2P_TRANSFER,7900.0,350.0,TZ-ZNZ-002,SUCCESS,NONE
TPESA-3000212,2026-09-07 14:33:00,+25565***950,TILL-997203,USSD_*150*01#,LIPA_KWA_SIMU_MERCHANT,124900.0,999.2,TZ-ZNZ-003,SUCCESS,NONE
TPESA-3000213,2026-09-02 20:34:19,+25571***056,+25577592404,USSD_*150*01#,CASH_OUT_WAKALA,215200.0,3228.0,TZ-DAR-013,SUCCESS,NONE
TPESA-3000214,2026-09-04 21:49:55,+25577***833,+25571231853,TIGO_PESA_APP,P2P_TRANSFER,49800.0,747.0,TZ-TAR-001,SUCCESS,NONE
TPESA-3000215,2026-09-07 08:29:23,+25577***214,+25565362519,USSD_*150*01#,CASH_OUT_WAKALA,124100.0,1861.5,TZ-PWA-002,SUCCESS,NONE
TPESA-3000216,2026-09-05 07:23:28,+25565***338,+25577188857,TIGO_PESA_APP,BANK_TO_WALLET_DEPOSIT,251900.0,3778.5,TZ-DAR-006,SUCCESS,NONE
TPESA-3000217,2026-09-02 09:49:34,+25565***006,+25577691111,USSD_*150*01#,CASH_OUT_WAKALA,289300.0,4339.5,TZ-TAB-001,SUCCESS,NONE
TPESA-3000218,2026-09-01 17:29:03,+25567***760,TILL-781368,TIGO_PESA_APP,LIPA_KWA_SIMU_MERCHANT,57500.0,460.0,TZ-NJO-001,SUCCESS,NONE
TPESA-3000219,2026-09-06 17:11:40,+25571***915,+25567717049,TIGO_PESA_APP,CASH_OUT_WAKALA,391300.0,5869.5,TZ-DAR-014,SUCCESS,NONE
TPESA-3000220,2026-09-03 09:23:46,+25567***315,+25571492797,TIGO_PESA_APP,P2P_TRANSFER,128600.0,1929.0,TZ-MAR-001,SUCCESS,NONE
TPESA-3000221,2026-09-07 07:17:28,+25571***470,TILL-955844,TIGO_PESA_APP,LIPA_KWA_SIMU_MERCHANT,8500.0,68.0,TZ-TAN-003,SUCCESS,NONE
TPESA-3000222,2026-09-01 19:14:20,+25567***704,+25577867750,USSD_*150*01#,P2P_TRANSFER,102400.0,1536.0,TZ-DAR-014,SUCCESS,NONE
TPESA-3000223,2026-09-02 23:31:24,+25571***504,+25575681650,TIGO_PESA_APP,CASH_OUT_WAKALA,409100.0,6136.5,TZ-DOM-001,SUCCESS,NONE
TPESA-3000224,2026-09-03 07:08:36,+25567***459,+25565879353,TIGO_PESA_APP,P2P_TRANSFER,193300.0,2899.5,TZ-ZNZ-004,SUCCESS,NONE
TPESA-3000225,2026-09-05 16:26:08,+25571***601,+25571291321,TIGO_PESA_APP,CASH_OUT_WAKALA,318100.0,4771.5,TZ-DAR-007,SUCCESS,NONE
TPESA-3000226,2026-09-05 14:42:42,+25577***865,+25567948129,TIGO_PESA_APP,CASH_OUT_WAKALA,174600.0,2619.0,TZ-MTW-001,SUCCESS,NONE
TPESA-3000227,2026-09-02 06:08:31,+25567***432,+25567238624,TIGO_PESA_APP,BANK_TO_WALLET_DEPOSIT,82900.0,1243.5,TZ-DAR-003,SUCCESS,NONE
TPESA-3000228,2026-09-02 20:14:12,+25565***214,TILL-780928,USSD_*150*01#,LIPA_KWA_SIMU_MERCHANT,22500.0,180.0,TZ-KIL-003,SUCCESS,NONE
TPESA-3000229,2026-09-01 14:01:55,+25565***124,+25574258800,TIGO_PESA_APP,P2P_TRANSFER,149100.0,2236.5,TZ-MWA-002,SUCCESS,NONE
TPESA-3000230,2026-09-06 11:02:37,+25571***777,TILL-550416,USSD_*150*01#,LIPA_KWA_SIMU_MERCHANT,34000.0,272.0,TZ-ARU-002,SUCCESS,NONE
TPESA-3000231,2026-09-04 12:50:29,+25577***039,TILL-913738,TIGO_PESA_APP,LIPA_KWA_SIMU_MERCHANT,120300.0,962.4,TZ-DAR-002,SUCCESS,NONE
TPESA-3000232,2026-09-04 07:38:42,+25577***145,+25577884873,USSD_*150*01#,CASH_OUT_WAKALA,50800.0,762.0,TZ-MWA-002,SUCCESS,NONE
TPESA-3000233,2026-09-07 21:40:32,+25567***196,+25571270687,TIGO_PESA_APP,CASH_OUT_WAKALA,302800.0,4542.0,TZ-PWA-002,SUCCESS,NONE
TPESA-3000234,2026-09-06 06:22:07,+25577***716,+25577100716,USSD_*150*01#,AIRTIME_TOP_UP,13600.0,0.0,TZ-DAR-002,SUCCESS,NONE
TPESA-3000235,2026-09-06 08:13:30,+25571***716,+25577297263,TIGO_PESA_APP,P2P_TRANSFER,163500.0,2452.5,TZ-TAN-003,SUCCESS,NONE
TPESA-3000236,2026-09-03 21:29:08,+25567***598,+25575393133,TIGO_PESA_APP,P2P_TRANSFER,186300.0,2794.5,TZ-DOM-003,SUCCESS,NONE
TPESA-3000237,2026-09-01 14:54:56,+25565***863,+25574826959,USSD_*150*01#,P2P_TRANSFER,155000.0,2325.0,TZ-MOR-001,SUCCESS,NONE
TPESA-3000238,2026-09-06 23:12:41,+25565***044,+25567528985,USSD_*150*01#,P2P_TRANSFER,201600.0,3024.0,TZ-TAN-003,SUCCESS,NONE
TPESA-3000239,2026-09-02 13:20:24,+25577***086,+25577322086,TIGO_PESA_APP,AIRTIME_TOP_UP,14400.0,0.0,TZ-DAR-015,SUCCESS,NONE
TPESA-3000240,2026-09-02 22:17:47,+25567***397,+25567334544,TIGO_PESA_APP,P2P_TRANSFER,176600.0,2649.0,TZ-MWA-001,SUCCESS,NONE
TPESA-3000241,2026-09-02 09:14:53,+25565***271,TILL-688437,USSD_*150*01#,LIPA_KWA_SIMU_MERCHANT,117600.0,940.8,TZ-TAR-001,SUCCESS,NONE
TPESA-3000242,2026-09-05 06:55:17,+25571***461,TILL-970338,USSD_*150*01#,LIPA_KWA_SIMU_MERCHANT,96500.0,772.0,TZ-DOM-001,SUCCESS,NONE
TPESA-3000243,2026-09-01 11:13:46,+25571***336,+25567730662,USSD_*150*01#,P2P_TRANSFER,247100.0,3706.5,TZ-NJO-001,SUCCESS,NONE
TPESA-3000244,2026-09-02 15:58:55,+25565***288,+25565861288,USSD_*150*01#,AIRTIME_TOP_UP,9100.0,0.0,TZ-BUK-001,SUCCESS,NONE
TPESA-3000245,2026-09-01 10:50:41,+25567***432,+25576244615,TIGO_PESA_APP,P2P_TRANSFER,208400.0,3126.0,TZ-DAR-003,SUCCESS,NONE
TPESA-3000246,2026-09-05 19:03:04,+25577***701,+25567521295,TIGO_PESA_APP,BANK_TO_WALLET_DEPOSIT,716700.0,10750.5,TZ-MOR-001,SUCCESS,NONE
TPESA-3000247,2026-09-05 23:08:53,+25565***721,+25567589346,TIGO_PESA_APP,P2P_TRANSFER,37200.0,558.0,TZ-DAR-010,SUCCESS,NONE
TPESA-3000248,2026-09-01 09:28:19,+25571***686,+25567311512,USSD_*150*01#,CASH_OUT_WAKALA,450400.0,6756.0,TZ-DAR-009,SUCCESS,NONE
TPESA-3000249,2026-09-03 09:00:06,+25567***208,+25565186989,TIGO_PESA_APP,CASH_OUT_WAKALA,45300.0,679.5,TZ-SHI-001,SUCCESS,NONE
TPESA-3000250,2026-09-07 10:08:45,+25571***168,+25571364168,TIGO_PESA_APP,AIRTIME_TOP_UP,16900.0,0.0,TZ-MAR-001,SUCCESS,NONE
TPESA-3000251,2026-09-06 08:15:04,+25577***056,TILL-778091,TIGO_PESA_APP,LIPA_KWA_SIMU_MERCHANT,122100.0,976.8,TZ-TAN-001,SUCCESS,NONE
TPESA-3000252,2026-09-06 13:40:26,+25565***542,+25571200629,TIGO_PESA_APP,CASH_OUT_WAKALA,488300.0,7324.5,TZ-ARU-001,SUCCESS,NONE
TPESA-3000253,2026-09-01 19:04:50,+25577***049,+25577822612,USSD_*150*01#,P2P_TRANSFER,222500.0,3337.5,TZ-DAR-009,SUCCESS,NONE
TPESA-3000254,2026-09-02 17:17:21,+25577***508,+25571878837,USSD_*150*01#,CASH_OUT_WAKALA,246000.0,3690.0,TZ-DAR-013,SUCCESS,NONE
TPESA-3000255,2026-09-06 20:45:32,+25577***877,+25576613421,TIGO_PESA_APP,P2P_TRANSFER,57200.0,0.0,TZ-PWA-002,FAILED,USSD_TIMEOUT
TPESA-3000256,2026-09-06 11:31:00,+25565***323,+25577838629,TIGO_PESA_APP,P2P_TRANSFER,63200.0,948.0,TZ-ZNZ-004,SUCCESS,NONE
TPESA-3000257,2026-09-07 13:53:09,+25565***061,TILL-504967,USSD_*150*01#,LIPA_KWA_SIMU_MERCHANT,10900.0,87.2,TZ-DAR-005,SUCCESS,NONE
TPESA-3000258,2026-09-06 22:08:13,+25577***965,+25565623852,TIGO_PESA_APP,CASH_OUT_WAKALA,201200.0,3018.0,TZ-DAR-001,SUCCESS,NONE
TPESA-3000259,2026-09-07 18:00:29,+25565***127,+25565254127,USSD_*150*01#,AIRTIME_TOP_UP,10000.0,0.0,TZ-TND-001,SUCCESS,NONE
TPESA-3000260,2026-09-05 06:29:50,+25577***611,+25565815134,TIGO_PESA_APP,CASH_OUT_WAKALA,277400.0,4161.0,TZ-TAB-001,SUCCESS,NONE
TPESA-3000261,2026-09-04 17:11:51,+25567***689,+25574304141,TIGO_PESA_APP,CASH_OUT_WAKALA,174500.0,2617.5,TZ-MTW-001,SUCCESS,NONE
TPESA-3000262,2026-09-03 19:07:33,+25571***558,TILL-941404,USSD_*150*01#,LIPA_KWA_SIMU_MERCHANT,129600.0,1036.8,TZ-ZNZ-001,SUCCESS,NONE
TPESA-3000263,2026-09-03 17:10:27,+25571***909,+25577238989,USSD_*150*01#,P2P_TRANSFER,212100.0,3181.5,TZ-MBY-002,SUCCESS,NONE
TPESA-3000264,2026-09-05 11:12:11,+25567***291,+25565934788,TIGO_PESA_APP,BANK_TO_WALLET_DEPOSIT,115500.0,1732.5,TZ-SNG-001,SUCCESS,NONE
TPESA-3000265,2026-09-07 23:29:54,+25567***329,TILL-507668,USSD_*150*01#,LIPA_KWA_SIMU_MERCHANT,122200.0,977.6,TZ-DOM-001,SUCCESS,NONE
TPESA-3000266,2026-09-07 21:25:53,+25571***116,+25576867371,USSD_*150*01#,P2P_TRANSFER,118500.0,1777.5,TZ-DAR-015,SUCCESS,NONE
TPESA-3000267,2026-09-04 20:40:34,+25567***595,TILL-562703,TIGO_PESA_APP,LIPA_KWA_SIMU_MERCHANT,72000.0,576.0,TZ-ZNZ-004,SUCCESS,NONE
TPESA-3000268,2026-09-01 22:33:06,+25565***497,+25565929378,USSD_*150*01#,P2P_TRANSFER,60600.0,909.0,TZ-IRI-001,SUCCESS,NONE
TPESA-3000269,2026-09-04 08:00:22,+25577***086,+25577992300,TIGO_PESA_APP,P2P_TRANSFER,65900.0,988.5,TZ-DAR-015,SUCCESS,NONE
TPESA-3000270,2026-09-03 23:59:36,+25567***930,+25575182106,USSD_*150*01#,CASH_OUT_WAKALA,302600.0,4539.0,TZ-ZNZ-001,SUCCESS,NONE
TPESA-3000271,2026-09-07 19:39:11,+25565***873,TILL-562458,USSD_*150*01#,LIPA_KWA_SIMU_MERCHANT,15400.0,123.2,TZ-ZNZ-003,SUCCESS,NONE
TPESA-3000272,2026-09-07 14:05:58,+25577***899,+25571499863,USSD_*150*01#,CASH_OUT_WAKALA,188600.0,2829.0,TZ-MAR-001,SUCCESS,NONE
TPESA-3000273,2026-09-02 09:47:50,+25565***945,+25574887827,USSD_*150*01#,CASH_OUT_WAKALA,250500.0,3757.5,TZ-MBY-001,SUCCESS,NONE
TPESA-3000274,2026-09-04 15:42:59,+25565***721,+25565543721,TIGO_PESA_APP,AIRTIME_TOP_UP,13800.0,0.0,TZ-DAR-010,SUCCESS,NONE
TPESA-3000275,2026-09-06 21:02:11,+25565***132,+25565350132,TIGO_PESA_APP,AIRTIME_TOP_UP,9900.0,0.0,TZ-TAB-001,SUCCESS,NONE
TPESA-3000276,2026-09-07 12:33:09,+25565***792,+25574905855,TIGO_PESA_APP,P2P_TRANSFER,140800.0,2112.0,TZ-ZNZ-003,SUCCESS,NONE
TPESA-3000277,2026-09-07 18:58:50,+25577***151,+25577711687,TIGO_PESA_APP,P2P_TRANSFER,193000.0,2895.0,TZ-BUK-001,SUCCESS,NONE
TPESA-3000278,2026-09-07 22:49:21,+25571***621,+25565722824,USSD_*150*01#,BANK_TO_WALLET_DEPOSIT,120500.0,1807.5,TZ-DAR-012,SUCCESS,NONE
TPESA-3000279,2026-09-07 15:39:48,+25571***703,+25571857703,TIGO_PESA_APP,AIRTIME_TOP_UP,19000.0,0.0,TZ-MTW-001,SUCCESS,NONE
TPESA-3000280,2026-09-04 14:16:22,+25571***168,+25565786223,TIGO_PESA_APP,P2P_TRANSFER,177100.0,2656.5,TZ-DOM-001,SUCCESS,NONE
TPESA-3000281,2026-09-06 09:20:38,+25577***578,+25565452072,TIGO_PESA_APP,BANK_TO_WALLET_DEPOSIT,476900.0,7153.5,TZ-KIL-001,SUCCESS,NONE
TPESA-3000282,2026-09-03 12:46:27,+25565***821,TILL-713959,TIGO_PESA_APP,LIPA_KWA_SIMU_MERCHANT,143100.0,1144.8,TZ-TND-001,SUCCESS,NONE
TPESA-3000283,2026-09-05 19:15:02,+25571***133,+25571576133,USSD_*150*01#,AIRTIME_TOP_UP,10400.0,0.0,TZ-KAH-001,SUCCESS,NONE
TPESA-3000284,2026-09-05 12:12:14,+25571***590,+25567119913,USSD_*150*01#,P2P_TRANSFER,129700.0,1945.5,TZ-MBY-002,SUCCESS,NONE
TPESA-3000285,2026-09-04 23:31:59,+25567***200,+25575856040,TIGO_PESA_APP,P2P_TRANSFER,116000.0,1740.0,TZ-MBY-002,SUCCESS,NONE
TPESA-3000286,2026-09-01 10:38:41,+25567***220,+25567140220,TIGO_PESA_APP,AIRTIME_TOP_UP,11400.0,0.0,TZ-MBY-002,SUCCESS,NONE
TPESA-3000287,2026-09-03 08:40:30,+25577***355,+25571679573,USSD_*150*01#,CASH_OUT_WAKALA,49300.0,739.5,TZ-ZNZ-003,SUCCESS,NONE
TPESA-3000288,2026-09-01 08:09:44,+25571***430,TILL-630842,USSD_*150*01#,LIPA_KWA_SIMU_MERCHANT,24300.0,194.4,TZ-SNG-001,SUCCESS,NONE
TPESA-3000289,2026-09-02 11:03:22,+25565***884,+25567267572,USSD_*150*01#,P2P_TRANSFER,165900.0,2488.5,TZ-PWA-001,SUCCESS,NONE
TPESA-3000290,2026-09-05 11:14:01,+25565***223,+25567335174,TIGO_PESA_APP,P2P_TRANSFER,19800.0,350.0,TZ-DAR-007,SUCCESS,NONE
TPESA-3000291,2026-09-05 15:39:15,+25567***193,+25567882193,TIGO_PESA_APP,AIRTIME_TOP_UP,10800.0,0.0,TZ-ZNZ-003,SUCCESS,NONE
TPESA-3000292,2026-09-02 10:58:12,+25567***286,+25571920548,USSD_*150*01#,P2P_TRANSFER,93200.0,1398.0,TZ-DAR-009,SUCCESS,NONE
TPESA-3000293,2026-09-03 21:52:21,+25567***756,TILL-599834,USSD_*150*01#,LIPA_KWA_SIMU_MERCHANT,101600.0,812.8,TZ-TAN-003,SUCCESS,NONE
TPESA-3000294,2026-09-06 18:05:14,+25571***909,+25571901909,USSD_*150*01#,AIRTIME_TOP_UP,18900.0,0.0,TZ-MBY-002,SUCCESS,NONE
TPESA-3000295,2026-09-07 16:33:01,+25567***481,+25567923481,USSD_*150*01#,AIRTIME_TOP_UP,7300.0,0.0,TZ-DAR-014,SUCCESS,NONE
TPESA-3000296,2026-09-07 12:41:38,+25571***803,+25574159558,USSD_*150*01#,CASH_OUT_WAKALA,10200.0,350.0,TZ-MOR-001,SUCCESS,NONE
TPESA-3000297,2026-09-04 18:55:25,+25577***173,+25576415574,USSD_*150*01#,BANK_TO_WALLET_DEPOSIT,545200.0,8178.0,TZ-DAR-006,SUCCESS,NONE
TPESA-3000298,2026-09-02 07:50:51,+25577***926,+25576915068,USSD_*150*01#,P2P_TRANSFER,227400.0,3411.0,TZ-NJO-001,SUCCESS,NONE
TPESA-3000299,2026-09-03 15:23:49,+25571***855,+25577517354,TIGO_PESA_APP,P2P_TRANSFER,165300.0,2479.5,TZ-MBY-001,SUCCESS,NONE
TPESA-3000300,2026-09-04 23:42:24,+25577***441,+25571417690,TIGO_PESA_APP,CASH_OUT_WAKALA,353400.0,5301.0,TZ-KIL-003,SUCCESS,NONE
TPESA-3000301,2026-09-03 22:45:51,+25577***949,+25565632023,USSD_*150*01#,P2P_TRANSFER,45400.0,681.0,TZ-TND-001,SUCCESS,NONE
TPESA-3000302,2026-09-07 19:45:19,+25577***244,TILL-644896,USSD_*150*01#,LIPA_KWA_SIMU_MERCHANT,11600.0,92.8,TZ-SNG-001,SUCCESS,NONE
TPESA-3000303,2026-09-07 18:11:19,+25571***139,+25576717811,TIGO_PESA_APP,CASH_OUT_WAKALA,448200.0,6723.0,TZ-MBY-002,SUCCESS,NONE
TPESA-3000304,2026-09-06 06:32:37,+25577***793,+25577744793,USSD_*150*01#,AIRTIME_TOP_UP,8500.0,0.0,TZ-DAR-004,SUCCESS,NONE
TPESA-3000305,2026-09-03 18:20:49,+25577***239,+25577481406,TIGO_PESA_APP,P2P_TRANSFER,173800.0,2607.0,TZ-DOM-001,SUCCESS,NONE
TPESA-3000306,2026-09-07 06:02:51,+25567***954,TILL-963956,USSD_*150*01#,LIPA_KWA_SIMU_MERCHANT,37000.0,296.0,TZ-SHI-001,SUCCESS,NONE
TPESA-3000307,2026-09-03 11:03:17,+25567***125,+25567455061,USSD_*150*01#,P2P_TRANSFER,31600.0,474.0,TZ-TAB-001,SUCCESS,NONE
TPESA-3000308,2026-09-01 21:43:05,+25577***556,+25574134236,USSD_*150*01#,P2P_TRANSFER,26400.0,396.0,TZ-DAR-011,SUCCESS,NONE
TPESA-3000309,2026-09-02 13:52:18,+25577***519,+25577708519,TIGO_PESA_APP,AIRTIME_TOP_UP,6000.0,0.0,TZ-DAR-010,SUCCESS,NONE
TPESA-3000310,2026-09-04 09:15:25,+25571***504,+25567380153,TIGO_PESA_APP,P2P_TRANSFER,133800.0,2007.0,TZ-DOM-001,SUCCESS,NONE
TPESA-3000311,2026-09-04 21:59:05,+25567***113,+25574739919,TIGO_PESA_APP,P2P_TRANSFER,199800.0,2997.0,TZ-TAN-003,SUCCESS,NONE
TPESA-3000312,2026-09-02 12:51:44,+25567***554,+25576596117,TIGO_PESA_APP,P2P_TRANSFER,162300.0,2434.5,TZ-ZNZ-004,SUCCESS,NONE
TPESA-3000313,2026-09-07 17:02:48,+25577***459,+25575843921,TIGO_PESA_APP,P2P_TRANSFER,124500.0,1867.5,TZ-ZNZ-004,SUCCESS,NONE
TPESA-3000314,2026-09-03 22:21:35,+25571***778,TILL-991059,USSD_*150*01#,LIPA_KWA_SIMU_MERCHANT,65300.0,522.4,TZ-SNG-001,SUCCESS,NONE
TPESA-3000315,2026-09-02 16:45:53,+25567***822,+25567929822,TIGO_PESA_APP,AIRTIME_TOP_UP,3300.0,0.0,TZ-MWA-003,SUCCESS,NONE
TPESA-3000316,2026-09-06 21:43:50,+25571***500,TILL-816979,TIGO_PESA_APP,LIPA_KWA_SIMU_MERCHANT,91700.0,733.6,TZ-DAR-015,SUCCESS,NONE
TPESA-3000317,2026-09-03 10:39:18,+25571***350,+25574824775,USSD_*150*01#,P2P_TRANSFER,5600.0,350.0,TZ-DAR-012,SUCCESS,NONE
TPESA-3000318,2026-09-01 11:14:14,+25577***351,TILL-588728,TIGO_PESA_APP,LIPA_KWA_SIMU_MERCHANT,16900.0,135.2,TZ-DOM-001,SUCCESS,NONE
TPESA-3000319,2026-09-03 23:04:58,+25565***887,+25577922231,USSD_*150*01#,P2P_TRANSFER,190700.0,2860.5,TZ-IRI-001,SUCCESS,NONE
TPESA-3000320,2026-09-06 13:15:51,+25577***043,+25574994053,TIGO_PESA_APP,P2P_TRANSFER,159600.0,2394.0,TZ-DAR-005,SUCCESS,NONE
TPESA-3000321,2026-09-05 14:53:28,+25577***993,+25565636900,USSD_*150*01#,BANK_TO_WALLET_DEPOSIT,325800.0,4887.0,TZ-ZNZ-004,SUCCESS,NONE
TPESA-3000322,2026-09-05 20:43:36,+25577***528,TILL-908010,TIGO_PESA_APP,LIPA_KWA_SIMU_MERCHANT,124200.0,993.6,TZ-BUK-001,SUCCESS,NONE
TPESA-3000323,2026-09-02 23:36:16,+25571***595,+25571680408,TIGO_PESA_APP,BANK_TO_WALLET_DEPOSIT,910600.0,13659.0,TZ-IRI-001,SUCCESS,NONE
TPESA-3000324,2026-09-07 22:09:13,+25565***185,TILL-986610,USSD_*150*01#,LIPA_KWA_SIMU_MERCHANT,101800.0,814.4,TZ-NJO-001,SUCCESS,NONE
TPESA-3000325,2026-09-01 13:22:27,+25567***216,TILL-670875,TIGO_PESA_APP,LIPA_KWA_SIMU_MERCHANT,140200.0,1121.6,TZ-DAR-005,SUCCESS,NONE
TPESA-3000326,2026-09-04 10:03:49,+25571***939,+25571461939,TIGO_PESA_APP,AIRTIME_TOP_UP,14000.0,0.0,TZ-KIL-003,SUCCESS,NONE
TPESA-3000327,2026-09-06 19:08:00,+25567***118,TILL-718721,USSD_*150*01#,LIPA_KWA_SIMU_MERCHANT,98400.0,787.2,TZ-BUK-001,SUCCESS,NONE
TPESA-3000328,2026-09-07 22:09:03,+25565***366,+25574738281,USSD_*150*01#,CASH_OUT_WAKALA,412600.0,6189.0,TZ-BUK-001,SUCCESS,NONE
TPESA-3000329,2026-09-07 17:23:51,+25577***415,+25575265756,TIGO_PESA_APP,P2P_TRANSFER,226900.0,3403.5,TZ-DAR-011,SUCCESS,NONE
TPESA-3000330,2026-09-04 10:30:35,+25577***705,+25575310025,USSD_*150*01#,P2P_TRANSFER,154800.0,2322.0,TZ-DOM-001,SUCCESS,NONE
TPESA-3000331,2026-09-07 23:33:11,+25571***675,TILL-609026,USSD_*150*01#,LIPA_KWA_SIMU_MERCHANT,23100.0,184.8,TZ-DOM-001,SUCCESS,NONE
TPESA-3000332,2026-09-07 20:22:55,+25565***664,+25565828664,USSD_*150*01#,AIRTIME_TOP_UP,4900.0,0.0,TZ-TAN-003,SUCCESS,NONE
TPESA-3000333,2026-09-04 11:13:05,+25565***277,+25565982277,TIGO_PESA_APP,AIRTIME_TOP_UP,4000.0,0.0,TZ-TAN-001,SUCCESS,NONE
TPESA-3000334,2026-09-07 07:52:41,+25565***382,+25567790337,TIGO_PESA_APP,P2P_TRANSFER,132300.0,1984.5,TZ-DAR-010,SUCCESS,NONE
TPESA-3000335,2026-09-02 15:47:28,+25571***164,+25565534617,USSD_*150*01#,P2P_TRANSFER,237400.0,3561.0,TZ-MWA-003,SUCCESS,NONE
TPESA-3000336,2026-09-05 11:33:21,+25565***905,+25574814537,USSD_*150*01#,P2P_TRANSFER,49500.0,742.5,TZ-DAR-006,SUCCESS,NONE
TPESA-3000337,2026-09-04 09:50:03,+25565***933,TILL-906082,TIGO_PESA_APP,LIPA_KWA_SIMU_MERCHANT,71000.0,568.0,TZ-MOR-001,SUCCESS,NONE
TPESA-3000338,2026-09-04 07:21:48,+25567***723,+25567520300,TIGO_PESA_APP,BANK_TO_WALLET_DEPOSIT,952800.0,14292.0,TZ-PWA-002,SUCCESS,NONE
TPESA-3000339,2026-09-06 22:34:09,+25577***647,+25577619647,USSD_*150*01#,AIRTIME_TOP_UP,16600.0,0.0,TZ-KIL-003,SUCCESS,NONE
TPESA-3000340,2026-09-02 22:27:59,+25571***664,TILL-722873,TIGO_PESA_APP,LIPA_KWA_SIMU_MERCHANT,59000.0,472.0,TZ-DAR-004,SUCCESS,NONE
TPESA-3000341,2026-09-02 12:48:43,+25577***164,+25565285213,TIGO_PESA_APP,P2P_TRANSFER,115000.0,1725.0,TZ-MWA-002,SUCCESS,NONE
TPESA-3000342,2026-09-03 21:07:37,+25577***242,TILL-503490,USSD_*150*01#,LIPA_KWA_SIMU_MERCHANT,112900.0,903.2,TZ-KIL-001,SUCCESS,NONE
TPESA-3000343,2026-09-07 08:44:29,+25571***430,+25576503571,USSD_*150*01#,CASH_OUT_WAKALA,97000.0,1455.0,TZ-SNG-001,SUCCESS,NONE
TPESA-3000344,2026-09-03 14:07:14,+25567***213,+25574199111,USSD_*150*01#,P2P_TRANSFER,52700.0,790.5,TZ-MWA-003,SUCCESS,NONE
TPESA-3000345,2026-09-07 12:30:14,+25577***456,+25571688623,TIGO_PESA_APP,CASH_OUT_WAKALA,145700.0,2185.5,TZ-IRI-001,SUCCESS,NONE
TPESA-3000346,2026-09-02 14:17:05,+25571***420,+25565542972,USSD_*150*01#,CASH_OUT_WAKALA,315100.0,4726.5,TZ-MOR-001,SUCCESS,NONE
TPESA-3000347,2026-09-03 18:59:31,+25567***956,TILL-680436,USSD_*150*01#,LIPA_KWA_SIMU_MERCHANT,111700.0,893.6,TZ-DAR-014,SUCCESS,NONE
TPESA-3000348,2026-09-05 10:38:50,+25571***545,TILL-918829,USSD_*150*01#,LIPA_KWA_SIMU_MERCHANT,112700.0,901.6,TZ-MWA-002,SUCCESS,NONE
TPESA-3000349,2026-09-01 17:38:57,+25571***919,+25576309741,USSD_*150*01#,BANK_TO_WALLET_DEPOSIT,372600.0,5589.0,TZ-DAR-001,SUCCESS,NONE
TPESA-3000350,2026-09-05 10:19:57,+25577***754,+25577414754,USSD_*150*01#,AIRTIME_TOP_UP,16100.0,0.0,TZ-MAR-001,SUCCESS,NONE
TPESA-3000351,2026-09-07 07:09:23,+25567***949,+25567532949,TIGO_PESA_APP,AIRTIME_TOP_UP,10600.0,0.0,TZ-DAR-005,SUCCESS,NONE
TPESA-3000352,2026-09-02 12:55:33,+25577***572,+25575828437,TIGO_PESA_APP,CASH_OUT_WAKALA,154300.0,2314.5,TZ-ZNZ-004,SUCCESS,NONE
TPESA-3000353,2026-09-05 07:32:58,+25571***704,+25567780931,USSD_*150*01#,CASH_OUT_WAKALA,440900.0,6613.5,TZ-ARU-001,SUCCESS,NONE
TPESA-3000354,2026-09-01 14:36:38,+25577***518,+25565321111,USSD_*150*01#,P2P_TRANSFER,91800.0,1377.0,TZ-TAR-001,SUCCESS,NONE
TPESA-3000355,2026-09-05 06:39:41,+25565***589,+25571445105,USSD_*150*01#,P2P_TRANSFER,35800.0,537.0,TZ-KAH-001,SUCCESS,NONE
TPESA-3000356,2026-09-06 20:45:54,+25571***243,+25571150243,USSD_*150*01#,AIRTIME_TOP_UP,700.0,0.0,TZ-TAB-001,SUCCESS,NONE
TPESA-3000357,2026-09-01 09:07:46,+25577***170,TILL-579641,TIGO_PESA_APP,LIPA_KWA_SIMU_MERCHANT,138900.0,1111.2,TZ-MWA-001,SUCCESS,NONE
TPESA-3000358,2026-09-03 11:41:30,+25567***118,+25567701624,USSD_*150*01#,P2P_TRANSFER,243700.0,3655.5,TZ-BUK-001,SUCCESS,NONE
TPESA-3000359,2026-09-02 19:48:01,+25571***464,+25575179810,TIGO_PESA_APP,P2P_TRANSFER,24100.0,361.5,TZ-PWA-002,SUCCESS,NONE
TPESA-3000360,2026-09-04 23:50:58,+25565***265,+25567433956,USSD_*150*01#,CASH_OUT_WAKALA,199500.0,2992.5,TZ-KIG-001,SUCCESS,NONE
TPESA-3000361,2026-09-06 19:26:13,+25567***408,+25567669408,TIGO_PESA_APP,AIRTIME_TOP_UP,7200.0,0.0,TZ-KIL-003,SUCCESS,NONE
TPESA-3000362,2026-09-03 16:52:45,+25577***291,TILL-756203,USSD_*150*01#,LIPA_KWA_SIMU_MERCHANT,46600.0,372.8,TZ-DAR-015,SUCCESS,NONE
TPESA-3000363,2026-09-03 18:49:27,+25571***205,+25574395492,USSD_*150*01#,CASH_OUT_WAKALA,222200.0,3333.0,TZ-TAB-001,SUCCESS,NONE
TPESA-3000364,2026-09-05 22:47:15,+25567***266,TILL-927811,TIGO_PESA_APP,LIPA_KWA_SIMU_MERCHANT,53600.0,428.8,TZ-TAR-001,SUCCESS,NONE
TPESA-3000365,2026-09-03 11:34:22,+25571***096,+25565637869,USSD_*150*01#,CASH_OUT_WAKALA,292500.0,4387.5,TZ-KIL-003,SUCCESS,NONE
TPESA-3000366,2026-09-06 15:17:54,+25571***891,+25571702891,USSD_*150*01#,AIRTIME_TOP_UP,9000.0,0.0,TZ-KIL-002,SUCCESS,NONE
TPESA-3000367,2026-09-04 09:58:20,+25567***176,+25571451545,USSD_*150*01#,P2P_TRANSFER,238000.0,3570.0,TZ-MTW-001,SUCCESS,NONE
TPESA-3000368,2026-09-03 06:28:01,+25577***042,TILL-979446,TIGO_PESA_APP,LIPA_KWA_SIMU_MERCHANT,112300.0,898.4,TZ-DAR-010,SUCCESS,NONE
TPESA-3000369,2026-09-02 08:10:36,+25577***207,+25565831505,TIGO_PESA_APP,BANK_TO_WALLET_DEPOSIT,879000.0,13185.0,TZ-MWA-003,SUCCESS,NONE
TPESA-3000370,2026-09-07 06:31:23,+25567***172,+25577338118,TIGO_PESA_APP,P2P_TRANSFER,103500.0,1552.5,TZ-MBY-001,SUCCESS,NONE
TPESA-3000371,2026-09-03 07:51:02,+25577***975,+25575501987,USSD_*150*01#,BANK_TO_WALLET_DEPOSIT,124600.0,1869.0,TZ-SON-001,SUCCESS,NONE
TPESA-3000372,2026-09-03 16:07:43,+25577***981,+25577631508,TIGO_PESA_APP,P2P_TRANSFER,117500.0,1762.5,TZ-PEM-001,SUCCESS,NONE
TPESA-3000373,2026-09-05 19:00:59,+25565***969,+25567681551,USSD_*150*01#,P2P_TRANSFER,155500.0,2332.5,TZ-DAR-005,SUCCESS,NONE
TPESA-3000374,2026-09-07 10:01:03,+25567***801,+25565938560,USSD_*150*01#,P2P_TRANSFER,109800.0,1647.0,TZ-MWA-002,SUCCESS,NONE
TPESA-3000375,2026-09-02 08:54:51,+25565***290,+25565436290,TIGO_PESA_APP,AIRTIME_TOP_UP,10400.0,0.0,TZ-DAR-010,SUCCESS,NONE
TPESA-3000376,2026-09-02 09:33:22,+25567***620,TILL-837886,USSD_*150*01#,LIPA_KWA_SIMU_MERCHANT,107600.0,860.8,TZ-MOR-001,SUCCESS,NONE
TPESA-3000377,2026-09-05 14:24:14,+25565***231,+25577870735,TIGO_PESA_APP,P2P_TRANSFER,85100.0,1276.5,TZ-MBY-001,SUCCESS,NONE
TPESA-3000378,2026-09-02 23:13:54,+25571***521,+25575548795,USSD_*150*01#,P2P_TRANSFER,120900.0,1813.5,TZ-NJO-001,SUCCESS,NONE
TPESA-3000379,2026-09-07 18:45:06,+25565***601,+25565658366,TIGO_PESA_APP,P2P_TRANSFER,114400.0,1716.0,TZ-GEI-001,SUCCESS,NONE
TPESA-3000380,2026-09-07 10:21:20,+25567***846,+25577413058,TIGO_PESA_APP,P2P_TRANSFER,239300.0,3589.5,TZ-DAR-011,SUCCESS,NONE
TPESA-3000381,2026-09-07 14:23:54,+25577***704,+25577404704,USSD_*150*01#,AIRTIME_TOP_UP,14400.0,0.0,TZ-NJO-001,SUCCESS,NONE
TPESA-3000382,2026-09-05 19:07:05,+25571***773,+25576712640,USSD_*150*01#,P2P_TRANSFER,116900.0,1753.5,TZ-DAR-014,SUCCESS,NONE
TPESA-3000383,2026-09-05 19:36:35,+25567***526,+25565961478,USSD_*150*01#,P2P_TRANSFER,157100.0,2356.5,TZ-DAR-010,SUCCESS,NONE
TPESA-3000384,2026-09-07 18:55:11,+25577***652,TILL-976436,TIGO_PESA_APP,LIPA_KWA_SIMU_MERCHANT,62100.0,496.8,TZ-ARU-001,SUCCESS,NONE
TPESA-3000385,2026-09-07 17:24:26,+25565***393,+25574245088,TIGO_PESA_APP,P2P_TRANSFER,12300.0,350.0,TZ-PEM-001,SUCCESS,NONE
TPESA-3000386,2026-09-04 12:32:40,+25567***306,+25571194571,USSD_*150*01#,CASH_OUT_WAKALA,213400.0,3201.0,TZ-DOM-003,SUCCESS,NONE
TPESA-3000387,2026-09-07 07:08:04,+25577***724,+25574365903,TIGO_PESA_APP,CASH_OUT_WAKALA,334200.0,0.0,TZ-DAR-007,FAILED,USSD_TIMEOUT
TPESA-3000388,2026-09-06 22:23:38,+25567***443,+25577600584,USSD_*150*01#,P2P_TRANSFER,104000.0,1560.0,TZ-SON-001,SUCCESS,NONE
TPESA-3000389,2026-09-05 16:33:48,+25567***975,TILL-918899,TIGO_PESA_APP,LIPA_KWA_SIMU_MERCHANT,79300.0,634.4,TZ-ARU-003,SUCCESS,NONE
TPESA-3000390,2026-09-04 10:56:28,+25565***571,+25565429901,TIGO_PESA_APP,P2P_TRANSFER,12000.0,350.0,TZ-DAR-011,SUCCESS,NONE
TPESA-3000391,2026-09-02 23:22:28,+25577***043,+25575235104,USSD_*150*01#,P2P_TRANSFER,30100.0,451.5,TZ-DAR-005,SUCCESS,NONE
TPESA-3000392,2026-09-07 20:14:54,+25567***362,+25577454918,USSD_*150*01#,P2P_TRANSFER,84400.0,1266.0,TZ-TAR-001,SUCCESS,NONE
TPESA-3000393,2026-09-04 07:37:58,+25571***313,TILL-608196,TIGO_PESA_APP,LIPA_KWA_SIMU_MERCHANT,90100.0,720.8,TZ-TND-001,SUCCESS,NONE
TPESA-3000394,2026-09-05 07:08:20,+25571***248,+25576512166,USSD_*150*01#,P2P_TRANSFER,123400.0,1851.0,TZ-DOM-003,SUCCESS,NONE
TPESA-3000395,2026-09-05 12:33:13,+25577***056,+25565482101,TIGO_PESA_APP,BANK_TO_WALLET_DEPOSIT,684200.0,10263.0,TZ-TAN-001,SUCCESS,NONE
TPESA-3000396,2026-09-04 20:01:04,+25577***848,TILL-980867,USSD_*150*01#,LIPA_KWA_SIMU_MERCHANT,22600.0,180.8,TZ-DAR-005,SUCCESS,NONE
TPESA-3000397,2026-09-03 17:29:00,+25571***596,+25571756596,TIGO_PESA_APP,AIRTIME_TOP_UP,8800.0,0.0,TZ-DAR-013,SUCCESS,NONE
TPESA-3000398,2026-09-06 19:14:05,+25565***389,+25565759407,TIGO_PESA_APP,BANK_TO_WALLET_DEPOSIT,62900.0,943.5,TZ-DOM-003,SUCCESS,NONE
TPESA-3000399,2026-09-02 06:08:12,+25565***178,+25577293343,TIGO_PESA_APP,P2P_TRANSFER,100200.0,1503.0,TZ-ARU-002,SUCCESS,NONE
TPESA-3000400,2026-09-05 12:26:19,+25567***662,+25577546896,TIGO_PESA_APP,P2P_TRANSFER,61800.0,927.0,TZ-DAR-009,SUCCESS,NONE
TPESA-3000401,2026-09-04 22:02:20,+25565***196,+25565590553,TIGO_PESA_APP,CASH_OUT_WAKALA,192000.0,2880.0,TZ-KAH-001,SUCCESS,NONE
TPESA-3000402,2026-09-03 06:40:20,+25567***462,+25565750892,USSD_*150*01#,P2P_TRANSFER,226500.0,3397.5,TZ-KIL-003,SUCCESS,NONE
TPESA-3000403,2026-09-02 17:40:34,+25565***957,TILL-580311,TIGO_PESA_APP,LIPA_KWA_SIMU_MERCHANT,74100.0,592.8,TZ-TAB-001,SUCCESS,NONE
TPESA-3000404,2026-09-04 19:36:03,+25571***853,TILL-998818,USSD_*150*01#,LIPA_KWA_SIMU_MERCHANT,92600.0,740.8,TZ-DOM-002,SUCCESS,NONE
TPESA-3000405,2026-09-01 09:50:58,+25567***791,+25571564839,USSD_*150*01#,CASH_OUT_WAKALA,312300.0,4684.5,TZ-MTW-001,SUCCESS,NONE
TPESA-3000406,2026-09-07 21:35:26,+25577***473,+25577370473,USSD_*150*01#,AIRTIME_TOP_UP,15400.0,0.0,TZ-DOM-003,FAILED,PIN_MAX_ATTEMPTS_EXCEEDED
TPESA-3000407,2026-09-06 14:07:35,+25565***561,+25565711561,TIGO_PESA_APP,AIRTIME_TOP_UP,5600.0,0.0,TZ-KIL-003,SUCCESS,NONE
TPESA-3000408,2026-09-03 17:36:49,+25577***473,+25567673428,TIGO_PESA_APP,CASH_OUT_WAKALA,416200.0,6243.0,TZ-DOM-003,SUCCESS,NONE
TPESA-3000409,2026-09-06 19:47:28,+25567***704,+25567511704,USSD_*150*01#,AIRTIME_TOP_UP,13700.0,0.0,TZ-DAR-014,SUCCESS,NONE
TPESA-3000410,2026-09-03 23:30:38,+25565***433,+25577662339,TIGO_PESA_APP,CASH_OUT_WAKALA,498700.0,7480.5,TZ-DAR-004,SUCCESS,NONE
TPESA-3000411,2026-09-06 10:15:52,+25565***185,+25571202162,TIGO_PESA_APP,P2P_TRANSFER,152400.0,2286.0,TZ-NJO-001,SUCCESS,NONE
TPESA-3000412,2026-09-07 22:01:38,+25567***397,+25571610829,TIGO_PESA_APP,CASH_OUT_WAKALA,430700.0,6460.5,TZ-MWA-001,SUCCESS,NONE
TPESA-3000413,2026-09-07 08:06:24,+25565***940,+25571949820,TIGO_PESA_APP,CASH_OUT_WAKALA,371800.0,5577.0,TZ-MAR-001,SUCCESS,NONE
TPESA-3000414,2026-09-04 10:45:14,+25565***884,+25577680010,TIGO_PESA_APP,CASH_OUT_WAKALA,232000.0,3480.0,TZ-PWA-001,SUCCESS,NONE
TPESA-3000415,2026-09-07 19:08:32,+25567***259,+25571937472,USSD_*150*01#,CASH_OUT_WAKALA,74500.0,1117.5,TZ-SON-001,SUCCESS,NONE
TPESA-3000416,2026-09-07 20:20:03,+25571***629,+25576728546,TIGO_PESA_APP,P2P_TRANSFER,138800.0,2082.0,TZ-MBY-001,SUCCESS,NONE
TPESA-3000417,2026-09-07 17:58:35,+25565***383,+25567834180,USSD_*150*01#,P2P_TRANSFER,172600.0,2589.0,TZ-BUK-001,SUCCESS,NONE
TPESA-3000418,2026-09-07 08:55:10,+25577***975,+25577206701,TIGO_PESA_APP,P2P_TRANSFER,177000.0,0.0,TZ-DAR-001,FAILED,PIN_MAX_ATTEMPTS_EXCEEDED
TPESA-3000419,2026-09-07 08:06:07,+25567***886,+25577459310,TIGO_PESA_APP,P2P_TRANSFER,152700.0,2290.5,TZ-MAR-001,SUCCESS,NONE
TPESA-3000420,2026-09-01 17:00:09,+25571***977,+25571908977,USSD_*150*01#,AIRTIME_TOP_UP,17500.0,0.0,TZ-PEM-001,SUCCESS,NONE
TPESA-3000421,2026-09-03 08:18:58,+25565***486,TILL-514319,USSD_*150*01#,LIPA_KWA_SIMU_MERCHANT,134400.0,1075.2,TZ-MBY-002,SUCCESS,NONE
TPESA-3000422,2026-09-07 15:03:24,+25577***049,+25571407247,USSD_*150*01#,P2P_TRANSFER,218400.0,3276.0,TZ-DAR-009,SUCCESS,NONE
TPESA-3000423,2026-09-01 22:33:07,+25571***861,TILL-966240,TIGO_PESA_APP,LIPA_KWA_SIMU_MERCHANT,139000.0,1112.0,TZ-PWA-002,SUCCESS,NONE
TPESA-3000424,2026-09-07 06:43:52,+25565***144,+25565229144,TIGO_PESA_APP,AIRTIME_TOP_UP,16400.0,0.0,TZ-DAR-007,SUCCESS,NONE
TPESA-3000425,2026-09-03 15:40:20,+25565***848,TILL-751695,USSD_*150*01#,LIPA_KWA_SIMU_MERCHANT,35400.0,283.2,TZ-KIL-002,SUCCESS,NONE
TPESA-3000426,2026-09-06 10:28:44,+25571***249,+25574332996,USSD_*150*01#,BANK_TO_WALLET_DEPOSIT,695400.0,10431.0,TZ-MBY-002,SUCCESS,NONE
TPESA-3000427,2026-09-05 07:23:38,+25577***310,+25571867605,TIGO_PESA_APP,P2P_TRANSFER,111300.0,1669.5,TZ-DAR-001,SUCCESS,NONE
TPESA-3000428,2026-09-05 07:07:49,+25567***126,+25575530699,USSD_*150*01#,CASH_OUT_WAKALA,242400.0,3636.0,TZ-DAR-005,SUCCESS,NONE
TPESA-3000429,2026-09-05 17:19:54,+25577***678,+25577330661,TIGO_PESA_APP,P2P_TRANSFER,11200.0,350.0,TZ-DAR-014,SUCCESS,NONE
TPESA-3000430,2026-09-06 11:37:44,+25577***603,+25577929507,TIGO_PESA_APP,P2P_TRANSFER,165600.0,2484.0,TZ-GEI-001,SUCCESS,NONE
TPESA-3000431,2026-09-01 20:42:03,+25577***088,+25565608293,USSD_*150*01#,CASH_OUT_WAKALA,429600.0,6444.0,TZ-DAR-008,SUCCESS,NONE
TPESA-3000432,2026-09-04 14:14:22,+25577***239,+25565748580,TIGO_PESA_APP,BANK_TO_WALLET_DEPOSIT,694700.0,10420.5,TZ-DOM-001,SUCCESS,NONE
TPESA-3000433,2026-09-01 18:57:43,+25565***752,+25567980266,USSD_*150*01#,BANK_TO_WALLET_DEPOSIT,298000.0,4470.0,TZ-KAH-001,SUCCESS,NONE
TPESA-3000434,2026-09-06 10:39:35,+25565***483,+25565375278,TIGO_PESA_APP,CASH_OUT_WAKALA,327100.0,4906.5,TZ-GEI-001,SUCCESS,NONE
TPESA-3000435,2026-09-05 06:27:08,+25571***531,TILL-791900,USSD_*150*01#,LIPA_KWA_SIMU_MERCHANT,148500.0,1188.0,TZ-ZNZ-004,SUCCESS,NONE
TPESA-3000436,2026-09-03 21:31:21,+25565***638,+25565888283,TIGO_PESA_APP,P2P_TRANSFER,232200.0,3483.0,TZ-MAR-001,SUCCESS,NONE
TPESA-3000437,2026-09-05 08:50:46,+25577***864,+25575317908,USSD_*150*01#,P2P_TRANSFER,181300.0,2719.5,TZ-ZNZ-004,SUCCESS,NONE
TPESA-3000438,2026-09-04 15:03:06,+25571***901,+25577978210,TIGO_PESA_APP,CASH_OUT_WAKALA,49300.0,739.5,TZ-DAR-015,SUCCESS,NONE
TPESA-3000439,2026-09-04 10:47:23,+25565***436,+25571980957,TIGO_PESA_APP,P2P_TRANSFER,29800.0,447.0,TZ-ZNZ-002,SUCCESS,NONE
TPESA-3000440,2026-09-07 23:23:06,+25577***724,+25574717552,USSD_*150*01#,P2P_TRANSFER,81600.0,1224.0,TZ-DAR-001,SUCCESS,NONE
TPESA-3000441,2026-09-03 08:00:15,+25577***531,+25565838351,TIGO_PESA_APP,CASH_OUT_WAKALA,199000.0,2985.0,TZ-NJO-001,SUCCESS,NONE
TPESA-3000442,2026-09-07 16:20:51,+25577***849,+25575775911,TIGO_PESA_APP,P2P_TRANSFER,23300.0,350.0,TZ-MWA-003,SUCCESS,NONE
TPESA-3000443,2026-09-03 22:37:03,+25565***100,+25565764100,TIGO_PESA_APP,AIRTIME_TOP_UP,14800.0,0.0,TZ-TAB-001,SUCCESS,NONE
TPESA-3000444,2026-09-05 12:38:13,+25565***198,+25565296335,USSD_*150*01#,BANK_TO_WALLET_DEPOSIT,652400.0,9786.0,TZ-ZNZ-003,SUCCESS,NONE
TPESA-3000445,2026-09-07 10:01:46,+25577***321,+25577103142,USSD_*150*01#,CASH_OUT_WAKALA,146700.0,2200.5,TZ-DAR-012,SUCCESS,NONE
TPESA-3000446,2026-09-03 13:21:16,+25571***334,TILL-914762,TIGO_PESA_APP,LIPA_KWA_SIMU_MERCHANT,118300.0,946.4,TZ-PWA-001,SUCCESS,NONE
TPESA-3000447,2026-09-05 09:08:19,+25565***848,+25567385813,USSD_*150*01#,P2P_TRANSFER,120000.0,1800.0,TZ-DAR-015,SUCCESS,NONE
TPESA-3000448,2026-09-02 15:17:16,+25565***847,+25575518011,TIGO_PESA_APP,CASH_OUT_WAKALA,222000.0,3330.0,TZ-DAR-004,SUCCESS,NONE
TPESA-3000449,2026-09-01 16:41:32,+25577***735,+25577509735,TIGO_PESA_APP,AIRTIME_TOP_UP,8200.0,0.0,TZ-DAR-002,SUCCESS,NONE
TPESA-3000450,2026-09-05 22:25:32,+25565***892,+25567968490,USSD_*150*01#,CASH_OUT_WAKALA,73900.0,1108.5,TZ-NJO-001,SUCCESS,NONE
TPESA-3000451,2026-09-07 17:34:46,+25567***224,+25574260019,USSD_*150*01#,BANK_TO_WALLET_DEPOSIT,504400.0,7566.0,TZ-DAR-012,SUCCESS,NONE
TPESA-3000452,2026-09-07 11:39:27,+25571***444,+25575918262,USSD_*150*01#,P2P_TRANSFER,168600.0,2529.0,TZ-ARU-002,SUCCESS,NONE
TPESA-3000453,2026-09-04 09:16:44,+25571***356,TILL-748580,TIGO_PESA_APP,LIPA_KWA_SIMU_MERCHANT,148500.0,0.0,TZ-DAR-011,FAILED,SYSTEM_BUSY
TPESA-3000454,2026-09-07 18:30:51,+25565***917,+25565397917,USSD_*150*01#,AIRTIME_TOP_UP,18800.0,0.0,TZ-BUK-001,SUCCESS,NONE
TPESA-3000455,2026-09-06 09:44:25,+25567***566,+25565169436,USSD_*150*01#,P2P_TRANSFER,6900.0,350.0,TZ-ZNZ-003,SUCCESS,NONE
TPESA-3000456,2026-09-03 13:38:40,+25565***920,+25565564920,USSD_*150*01#,AIRTIME_TOP_UP,5300.0,0.0,TZ-KIG-001,SUCCESS,NONE
TPESA-3000457,2026-09-06 18:26:18,+25577***086,+25565741785,USSD_*150*01#,CASH_OUT_WAKALA,456100.0,6841.5,TZ-DAR-015,SUCCESS,NONE
TPESA-3000458,2026-09-01 08:38:54,+25565***401,+25577191614,TIGO_PESA_APP,CASH_OUT_WAKALA,364800.0,5472.0,TZ-SNG-001,SUCCESS,NONE
TPESA-3000459,2026-09-06 10:17:02,+25571***662,+25577389334,TIGO_PESA_APP,BANK_TO_WALLET_DEPOSIT,775400.0,11631.0,TZ-GEI-001,SUCCESS,NONE
TPESA-3000460,2026-09-07 19:23:31,+25565***438,+25571843722,TIGO_PESA_APP,CASH_OUT_WAKALA,128000.0,1920.0,TZ-DOM-003,SUCCESS,NONE
TPESA-3000461,2026-09-03 07:15:46,+25565***807,TILL-887145,USSD_*150*01#,LIPA_KWA_SIMU_MERCHANT,121500.0,972.0,TZ-DAR-008,SUCCESS,NONE
TPESA-3000462,2026-09-06 12:02:33,+25565***288,TILL-902649,USSD_*150*01#,LIPA_KWA_SIMU_MERCHANT,11300.0,90.4,TZ-KIL-003,SUCCESS,NONE
TPESA-3000463,2026-09-05 09:03:37,+25577***665,TILL-935211,USSD_*150*01#,LIPA_KWA_SIMU_MERCHANT,136300.0,1090.4,TZ-DAR-001,SUCCESS,NONE
TPESA-3000464,2026-09-06 19:35:25,+25565***101,+25576166414,USSD_*150*01#,P2P_TRANSFER,29800.0,447.0,TZ-DAR-013,SUCCESS,NONE
TPESA-3000465,2026-09-07 19:18:08,+25567***172,+25576586755,USSD_*150*01#,P2P_TRANSFER,17100.0,350.0,TZ-MBY-001,SUCCESS,NONE
TPESA-3000466,2026-09-01 09:20:32,+25565***252,TILL-709946,TIGO_PESA_APP,LIPA_KWA_SIMU_MERCHANT,54300.0,434.4,TZ-DAR-008,SUCCESS,NONE
TPESA-3000467,2026-09-07 11:59:33,+25567***825,+25577792675,TIGO_PESA_APP,CASH_OUT_WAKALA,182300.0,2734.5,TZ-TAB-001,SUCCESS,NONE
TPESA-3000468,2026-09-05 23:30:10,+25565***287,+25565463119,TIGO_PESA_APP,P2P_TRANSFER,196500.0,2947.5,TZ-KIL-002,SUCCESS,NONE
TPESA-3000469,2026-09-05 12:31:50,+25577***224,+25574782526,TIGO_PESA_APP,CASH_OUT_WAKALA,329400.0,4941.0,TZ-DOM-001,SUCCESS,NONE
TPESA-3000470,2026-09-06 15:55:41,+25577***682,+25577274456,TIGO_PESA_APP,P2P_TRANSFER,211400.0,3171.0,TZ-ZNZ-004,SUCCESS,NONE
TPESA-3000471,2026-09-04 07:27:17,+25577***816,TILL-909310,USSD_*150*01#,LIPA_KWA_SIMU_MERCHANT,68900.0,551.2,TZ-TAN-001,SUCCESS,NONE
TPESA-3000472,2026-09-07 07:02:52,+25567***073,+25567116105,TIGO_PESA_APP,P2P_TRANSFER,102000.0,1530.0,TZ-TAN-001,SUCCESS,NONE
TPESA-3000473,2026-09-03 06:17:18,+25567***525,+25567839525,TIGO_PESA_APP,AIRTIME_TOP_UP,6600.0,0.0,TZ-KAH-001,SUCCESS,NONE
TPESA-3000474,2026-09-03 12:09:34,+25571***116,+25565193738,USSD_*150*01#,P2P_TRANSFER,93800.0,1407.0,TZ-DAR-015,SUCCESS,NONE
TPESA-3000475,2026-09-02 13:09:13,+25567***812,+25567255974,USSD_*150*01#,CASH_OUT_WAKALA,304900.0,4573.5,TZ-KIG-001,SUCCESS,NONE
TPESA-3000476,2026-09-02 16:17:42,+25577***705,+25567517185,TIGO_PESA_APP,P2P_TRANSFER,24600.0,369.0,TZ-DOM-001,SUCCESS,NONE
TPESA-3000477,2026-09-04 18:16:00,+25565***887,+25565113530,USSD_*150*01#,CASH_OUT_WAKALA,255800.0,3837.0,TZ-IRI-001,SUCCESS,NONE
TPESA-3000478,2026-09-07 09:53:36,+25577***456,+25577294407,USSD_*150*01#,BANK_TO_WALLET_DEPOSIT,777800.0,11667.0,TZ-DAR-007,SUCCESS,NONE
TPESA-3000479,2026-09-02 10:44:45,+25571***500,+25567272188,TIGO_PESA_APP,P2P_TRANSFER,14100.0,350.0,TZ-ARU-001,SUCCESS,NONE
TPESA-3000480,2026-09-02 17:58:16,+25567***526,TILL-562701,USSD_*150*01#,LIPA_KWA_SIMU_MERCHANT,145400.0,1163.2,TZ-DAR-010,SUCCESS,NONE
TPESA-3000481,2026-09-05 23:45:51,+25567***011,TILL-953315,USSD_*150*01#,LIPA_KWA_SIMU_MERCHANT,18100.0,144.8,TZ-TAN-001,SUCCESS,NONE
TPESA-3000482,2026-09-02 07:26:08,+25565***747,+25567822566,TIGO_PESA_APP,P2P_TRANSFER,26400.0,396.0,TZ-MBY-001,SUCCESS,NONE
TPESA-3000483,2026-09-07 09:20:59,+25571***900,TILL-755692,TIGO_PESA_APP,LIPA_KWA_SIMU_MERCHANT,116800.0,934.4,TZ-TAR-001,SUCCESS,NONE
TPESA-3000484,2026-09-07 20:14:22,+25577***170,+25574280731,TIGO_PESA_APP,CASH_OUT_WAKALA,458900.0,6883.5,TZ-MWA-001,SUCCESS,NONE
TPESA-3000485,2026-09-05 06:23:47,+25571***659,+25576416302,TIGO_PESA_APP,P2P_TRANSFER,168200.0,2523.0,TZ-DOM-001,SUCCESS,NONE
TPESA-3000486,2026-09-06 19:03:55,+25565***638,+25567771876,TIGO_PESA_APP,P2P_TRANSFER,191100.0,2866.5,TZ-MAR-001,SUCCESS,NONE
TPESA-3000487,2026-09-05 17:36:57,+25565***165,TILL-507278,USSD_*150*01#,LIPA_KWA_SIMU_MERCHANT,91200.0,729.6,TZ-TAN-003,SUCCESS,NONE
TPESA-3000488,2026-09-05 09:36:25,+25577***179,+25571957838,USSD_*150*01#,P2P_TRANSFER,197100.0,2956.5,TZ-KAH-001,SUCCESS,NONE
TPESA-3000489,2026-09-02 13:14:01,+25567***120,+25574595034,TIGO_PESA_APP,CASH_OUT_WAKALA,235900.0,3538.5,TZ-MTW-001,SUCCESS,NONE
TPESA-3000490,2026-09-03 10:11:20,+25577***655,TILL-814882,USSD_*150*01#,LIPA_KWA_SIMU_MERCHANT,15400.0,123.2,TZ-KIL-001,SUCCESS,NONE
TPESA-3000491,2026-09-05 20:08:39,+25571***509,+25576278919,USSD_*150*01#,P2P_TRANSFER,134600.0,2019.0,TZ-TND-001,SUCCESS,NONE
TPESA-3000492,2026-09-07 09:23:40,+25571***371,+25567877312,USSD_*150*01#,CASH_OUT_WAKALA,349000.0,5235.0,TZ-PWA-001,SUCCESS,NONE
TPESA-3000493,2026-09-01 16:32:10,+25565***353,+25565691353,USSD_*150*01#,AIRTIME_TOP_UP,14200.0,0.0,TZ-MWA-002,SUCCESS,NONE
TPESA-3000494,2026-09-06 23:13:55,+25577***850,TILL-581704,TIGO_PESA_APP,LIPA_KWA_SIMU_MERCHANT,47100.0,376.8,TZ-BUK-001,SUCCESS,NONE
TPESA-3000495,2026-09-04 19:40:48,+25577***611,+25577948611,USSD_*150*01#,AIRTIME_TOP_UP,19400.0,0.0,TZ-MWA-002,SUCCESS,NONE
TPESA-3000496,2026-09-03 17:22:08,+25565***148,+25567170462,TIGO_PESA_APP,P2P_TRANSFER,213200.0,3198.0,TZ-SHI-001,SUCCESS,NONE
TPESA-3000497,2026-09-04 13:12:28,+25565***623,+25571845241,TIGO_PESA_APP,BANK_TO_WALLET_DEPOSIT,648100.0,9721.5,TZ-ZNZ-001,SUCCESS,NONE
TPESA-3000498,2026-09-01 16:31:14,+25577***021,+25565530261,TIGO_PESA_APP,BANK_TO_WALLET_DEPOSIT,384100.0,5761.5,TZ-SON-001,SUCCESS,NONE
TPESA-3000499,2026-09-02 19:06:58,+25567***745,+25567813745,USSD_*150*01#,AIRTIME_TOP_UP,4800.0,0.0,TZ-MWA-001,SUCCESS,NONE
TPESA-3000500,2026-09-03 12:18:36,+25571***617,+25577245858,USSD_*150*01#,BANK_TO_WALLET_DEPOSIT,357600.0,5364.0,TZ-TAN-002,SUCCESS,NONE
TPESA-3000501,2026-09-07 16:00:00,+25567***846,+25567683292,TIGO_PESA_APP,P2P_TRANSFER,135200.0,2028.0,TZ-DAR-011,SUCCESS,NONE
TPESA-3000502,2026-09-06 23:39:07,+25567***526,+25567857526,TIGO_PESA_APP,AIRTIME_TOP_UP,17100.0,0.0,TZ-DAR-010,SUCCESS,NONE
TPESA-3000503,2026-09-01 13:40:06,+25571***775,+25571234780,USSD_*150*01#,CASH_OUT_WAKALA,434700.0,6520.5,TZ-DAR-002,SUCCESS,NONE
TPESA-3000504,2026-09-06 11:54:45,+25565***742,+25571796350,TIGO_PESA_APP,P2P_TRANSFER,183200.0,2748.0,TZ-ZNZ-003,SUCCESS,NONE
TPESA-3000505,2026-09-04 12:28:32,+25577***659,TILL-671424,TIGO_PESA_APP,LIPA_KWA_SIMU_MERCHANT,84900.0,679.2,TZ-TAR-001,SUCCESS,NONE
TPESA-3000506,2026-09-01 09:53:50,+25567***660,+25567388660,TIGO_PESA_APP,AIRTIME_TOP_UP,19100.0,0.0,TZ-SHI-001,SUCCESS,NONE
TPESA-3000507,2026-09-05 20:56:42,+25571***484,+25571345263,USSD_*150*01#,P2P_TRANSFER,56700.0,850.5,TZ-DAR-008,SUCCESS,NONE
TPESA-3000508,2026-09-07 09:48:05,+25571***581,TILL-691329,TIGO_PESA_APP,LIPA_KWA_SIMU_MERCHANT,39000.0,0.0,TZ-SON-001,FAILED,SYSTEM_BUSY
TPESA-3000509,2026-09-06 17:11:31,+25571***125,+25576405080,TIGO_PESA_APP,BANK_TO_WALLET_DEPOSIT,551900.0,8278.5,TZ-PWA-001,SUCCESS,NONE
TPESA-3000510,2026-09-05 10:27:58,+25565***029,+25571799165,USSD_*150*01#,CASH_OUT_WAKALA,316800.0,4752.0,TZ-TAN-001,SUCCESS,NONE
TPESA-3000511,2026-09-02 14:51:24,+25567***710,+25571289460,TIGO_PESA_APP,CASH_OUT_WAKALA,181400.0,2721.0,TZ-DAR-003,SUCCESS,NONE
TPESA-3000512,2026-09-05 16:34:47,+25567***875,+25567114875,USSD_*150*01#,AIRTIME_TOP_UP,18500.0,0.0,TZ-KAH-001,SUCCESS,NONE
TPESA-3000513,2026-09-02 07:36:57,+25567***144,TILL-550889,TIGO_PESA_APP,LIPA_KWA_SIMU_MERCHANT,101200.0,809.6,TZ-KIL-003,SUCCESS,NONE
TPESA-3000514,2026-09-03 21:12:33,+25567***822,+25577418687,USSD_*150*01#,CASH_OUT_WAKALA,267500.0,4012.5,TZ-MWA-003,SUCCESS,NONE
TPESA-3000515,2026-09-03 09:02:28,+25567***086,+25575266425,USSD_*150*01#,P2P_TRANSFER,177600.0,2664.0,TZ-ARU-003,SUCCESS,NONE
TPESA-3000516,2026-09-01 16:49:39,+25565***035,+25575233313,TIGO_PESA_APP,P2P_TRANSFER,74500.0,1117.5,TZ-ARU-002,SUCCESS,NONE
TPESA-3000517,2026-09-07 08:44:35,+25567***954,+25567813917,USSD_*150*01#,P2P_TRANSFER,105900.0,1588.5,TZ-SHI-001,SUCCESS,NONE
TPESA-3000518,2026-09-07 16:42:13,+25565***964,+25577754731,TIGO_PESA_APP,P2P_TRANSFER,53800.0,807.0,TZ-TAN-003,SUCCESS,NONE
TPESA-3000519,2026-09-04 19:00:37,+25577***117,+25577900117,USSD_*150*01#,AIRTIME_TOP_UP,15400.0,0.0,TZ-TAN-003,SUCCESS,NONE
TPESA-3000520,2026-09-02 14:19:23,+25565***277,+25567587154,TIGO_PESA_APP,CASH_OUT_WAKALA,340500.0,5107.5,TZ-ZNZ-003,SUCCESS,NONE
TPESA-3000521,2026-09-02 16:17:38,+25577***658,TILL-918237,TIGO_PESA_APP,LIPA_KWA_SIMU_MERCHANT,44800.0,358.4,TZ-DAR-007,SUCCESS,NONE
TPESA-3000522,2026-09-03 15:25:47,+25571***895,TILL-975401,USSD_*150*01#,LIPA_KWA_SIMU_MERCHANT,16000.0,128.0,TZ-TAR-001,SUCCESS,NONE
TPESA-3000523,2026-09-05 14:34:17,+25577***939,+25565134506,TIGO_PESA_APP,CASH_OUT_WAKALA,328400.0,4926.0,TZ-SNG-001,SUCCESS,NONE
TPESA-3000524,2026-09-06 19:00:20,+25571***425,TILL-902903,USSD_*150*01#,LIPA_KWA_SIMU_MERCHANT,50300.0,402.4,TZ-DAR-007,SUCCESS,NONE
TPESA-3000525,2026-09-07 23:32:58,+25567***662,+25567775538,TIGO_PESA_APP,CASH_OUT_WAKALA,174800.0,2622.0,TZ-DAR-002,SUCCESS,NONE
TPESA-3000526,2026-09-04 20:47:11,+25571***316,+25577153545,TIGO_PESA_APP,P2P_TRANSFER,30300.0,454.5,TZ-PWA-001,SUCCESS,NONE
TPESA-3000527,2026-09-06 21:44:22,+25577***357,+25577153357,USSD_*150*01#,AIRTIME_TOP_UP,17800.0,0.0,TZ-MWA-003,SUCCESS,NONE
TPESA-3000528,2026-09-01 16:54:47,+25577***603,+25577401603,USSD_*150*01#,AIRTIME_TOP_UP,4700.0,0.0,TZ-GEI-001,SUCCESS,NONE
TPESA-3000529,2026-09-05 14:15:41,+25567***846,TILL-813704,TIGO_PESA_APP,LIPA_KWA_SIMU_MERCHANT,127200.0,1017.6,TZ-TAB-001,SUCCESS,NONE
TPESA-3000530,2026-09-05 17:49:57,+25567***228,+25571911770,USSD_*150*01#,P2P_TRANSFER,183500.0,2752.5,TZ-DOM-002,SUCCESS,NONE
TPESA-3000531,2026-09-02 07:21:10,+25571***088,+25577638721,TIGO_PESA_APP,P2P_TRANSFER,200600.0,3009.0,TZ-GEI-001,SUCCESS,NONE
TPESA-3000532,2026-09-06 19:48:24,+25577***945,+25577569945,TIGO_PESA_APP,AIRTIME_TOP_UP,19300.0,0.0,TZ-KIL-001,SUCCESS,NONE
TPESA-3000533,2026-09-01 12:51:59,+25567***867,+25576984954,TIGO_PESA_APP,BANK_TO_WALLET_DEPOSIT,109300.0,1639.5,TZ-DAR-003,SUCCESS,NONE
TPESA-3000534,2026-09-01 20:38:05,+25571***326,+25571294117,USSD_*150*01#,P2P_TRANSFER,89400.0,1341.0,TZ-DAR-015,SUCCESS,NONE
TPESA-3000535,2026-09-01 14:34:39,+25565***029,+25571343933,TIGO_PESA_APP,CASH_OUT_WAKALA,280200.0,4203.0,TZ-TAN-001,SUCCESS,NONE
TPESA-3000536,2026-09-02 11:50:38,+25577***724,+25575899928,USSD_*150*01#,CASH_OUT_WAKALA,220500.0,3307.5,TZ-DAR-007,SUCCESS,NONE
TPESA-3000537,2026-09-04 09:18:52,+25565***769,+25577781650,USSD_*150*01#,BANK_TO_WALLET_DEPOSIT,488800.0,7332.0,TZ-KIL-002,SUCCESS,NONE
TPESA-3000538,2026-09-05 19:02:19,+25565***011,+25565547011,USSD_*150*01#,AIRTIME_TOP_UP,14700.0,0.0,TZ-DAR-015,SUCCESS,NONE
TPESA-3000539,2026-09-03 23:53:09,+25567***768,+25571293179,USSD_*150*01#,CASH_OUT_WAKALA,102000.0,1530.0,TZ-ZNZ-001,SUCCESS,NONE
TPESA-3000540,2026-09-07 20:08:16,+25567***288,+25567624288,TIGO_PESA_APP,AIRTIME_TOP_UP,17800.0,0.0,TZ-SHI-001,SUCCESS,NONE
TPESA-3000541,2026-09-06 20:02:42,+25565***348,+25567398614,TIGO_PESA_APP,P2P_TRANSFER,229000.0,3435.0,TZ-DAR-001,SUCCESS,NONE
TPESA-3000542,2026-09-02 08:28:01,+25565***718,+25567469017,TIGO_PESA_APP,P2P_TRANSFER,82800.0,1242.0,TZ-KAH-001,SUCCESS,NONE
TPESA-3000543,2026-09-05 22:37:37,+25571***168,+25577564616,USSD_*150*01#,CASH_OUT_WAKALA,225600.0,3384.0,TZ-DOM-001,SUCCESS,NONE
TPESA-3000544,2026-09-04 22:43:39,+25567***427,+25567975427,USSD_*150*01#,AIRTIME_TOP_UP,9100.0,0.0,TZ-TAR-001,SUCCESS,NONE
TPESA-3000545,2026-09-02 17:47:04,+25571***722,TILL-877183,TIGO_PESA_APP,LIPA_KWA_SIMU_MERCHANT,96100.0,768.8,TZ-DAR-002,SUCCESS,NONE
TPESA-3000546,2026-09-03 07:00:43,+25577***106,+25576629547,TIGO_PESA_APP,P2P_TRANSFER,18700.0,350.0,TZ-MWA-001,SUCCESS,NONE
TPESA-3000547,2026-09-07 10:51:07,+25571***444,+25565229553,TIGO_PESA_APP,BANK_TO_WALLET_DEPOSIT,662100.0,9931.5,TZ-ARU-002,SUCCESS,NONE
TPESA-3000548,2026-09-01 11:31:21,+25565***584,+25574445363,TIGO_PESA_APP,P2P_TRANSFER,41500.0,622.5,TZ-DAR-001,SUCCESS,NONE
TPESA-3000549,2026-09-05 10:41:09,+25577***531,+25574462504,USSD_*150*01#,CASH_OUT_WAKALA,487800.0,7317.0,TZ-NJO-001,SUCCESS,NONE
TPESA-3000550,2026-09-01 13:02:03,+25567***257,TILL-585523,TIGO_PESA_APP,LIPA_KWA_SIMU_MERCHANT,33800.0,270.4,TZ-PEM-001,SUCCESS,NONE
TPESA-3000551,2026-09-05 15:28:27,+25571***336,+25577231827,USSD_*150*01#,CASH_OUT_WAKALA,431300.0,6469.5,TZ-NJO-001,SUCCESS,NONE
TPESA-3000552,2026-09-01 08:08:00,+25565***236,+25577292388,TIGO_PESA_APP,CASH_OUT_WAKALA,429300.0,6439.5,TZ-MBY-002,SUCCESS,NONE
TPESA-3000553,2026-09-03 07:23:24,+25577***401,+25577873118,USSD_*150*01#,CASH_OUT_WAKALA,425700.0,6385.5,TZ-IRI-001,SUCCESS,NONE
TPESA-3000554,2026-09-06 06:44:55,+25577***641,+25567989937,TIGO_PESA_APP,BANK_TO_WALLET_DEPOSIT,460000.0,6900.0,TZ-DAR-008,SUCCESS,NONE
TPESA-3000555,2026-09-02 23:38:45,+25565***908,+25576591731,TIGO_PESA_APP,P2P_TRANSFER,149900.0,2248.5,TZ-TAN-001,SUCCESS,NONE
TPESA-3000556,2026-09-06 15:16:00,+25565***283,+25571652331,USSD_*150*01#,BANK_TO_WALLET_DEPOSIT,203300.0,3049.5,TZ-DAR-003,SUCCESS,NONE
TPESA-3000557,2026-09-07 22:24:32,+25577***015,TILL-653703,TIGO_PESA_APP,LIPA_KWA_SIMU_MERCHANT,32600.0,260.8,TZ-IRI-001,SUCCESS,NONE
TPESA-3000558,2026-09-01 16:40:15,+25567***601,+25567761601,TIGO_PESA_APP,AIRTIME_TOP_UP,18300.0,0.0,TZ-TAB-001,SUCCESS,NONE
TPESA-3000559,2026-09-02 06:53:51,+25571***303,+25571817303,USSD_*150*01#,AIRTIME_TOP_UP,14900.0,0.0,TZ-ARU-003,SUCCESS,NONE
TPESA-3000560,2026-09-07 22:34:13,+25565***135,+25567527003,TIGO_PESA_APP,P2P_TRANSFER,131500.0,1972.5,TZ-TAB-001,SUCCESS,NONE
TPESA-3000561,2026-09-01 13:44:30,+25577***435,+25576604219,TIGO_PESA_APP,P2P_TRANSFER,241300.0,3619.5,TZ-DOM-002,SUCCESS,NONE
TPESA-3000562,2026-09-01 21:41:06,+25567***277,+25576250610,TIGO_PESA_APP,CASH_OUT_WAKALA,395500.0,5932.5,TZ-ARU-003,SUCCESS,NONE
TPESA-3000563,2026-09-02 07:16:42,+25571***400,+25567299581,USSD_*150*01#,P2P_TRANSFER,78100.0,1171.5,TZ-TAR-001,SUCCESS,NONE
TPESA-3000564,2026-09-03 15:49:32,+25577***954,+25577694954,TIGO_PESA_APP,AIRTIME_TOP_UP,7400.0,0.0,TZ-MTW-001,SUCCESS,NONE
TPESA-3000565,2026-09-07 07:53:50,+25577***309,TILL-656766,USSD_*150*01#,LIPA_KWA_SIMU_MERCHANT,38500.0,308.0,TZ-DAR-013,SUCCESS,NONE
TPESA-3000566,2026-09-02 22:09:22,+25567***838,+25571291197,USSD_*150*01#,CASH_OUT_WAKALA,162200.0,2433.0,TZ-PWA-001,SUCCESS,NONE
TPESA-3000567,2026-09-04 20:58:49,+25567***306,+25567461253,USSD_*150*01#,BANK_TO_WALLET_DEPOSIT,415100.0,6226.5,TZ-DOM-003,SUCCESS,NONE
TPESA-3000568,2026-09-04 16:07:37,+25567***362,+25571570868,TIGO_PESA_APP,CASH_OUT_WAKALA,415700.0,6235.5,TZ-TAR-001,SUCCESS,NONE
TPESA-3000569,2026-09-02 16:41:02,+25565***920,+25574561977,TIGO_PESA_APP,P2P_TRANSFER,121900.0,1828.5,TZ-KIG-001,SUCCESS,NONE
TPESA-3000570,2026-09-07 12:04:17,+25571***704,TILL-726952,USSD_*150*01#,LIPA_KWA_SIMU_MERCHANT,20400.0,163.2,TZ-ARU-001,SUCCESS,NONE
TPESA-3000571,2026-09-02 21:49:39,+25577***077,+25577319686,TIGO_PESA_APP,BANK_TO_WALLET_DEPOSIT,444800.0,6672.0,TZ-KIL-001,SUCCESS,NONE
TPESA-3000572,2026-09-05 06:35:16,+25567***866,+25567201866,USSD_*150*01#,AIRTIME_TOP_UP,600.0,0.0,TZ-TAB-001,SUCCESS,NONE
TPESA-3000573,2026-09-07 09:08:38,+25577***415,TILL-972363,USSD_*150*01#,LIPA_KWA_SIMU_MERCHANT,54200.0,433.6,TZ-DAR-015,SUCCESS,NONE
TPESA-3000574,2026-09-01 14:22:27,+25565***578,+25577381140,TIGO_PESA_APP,P2P_TRANSFER,48000.0,720.0,TZ-MOR-001,SUCCESS,NONE
TPESA-3000575,2026-09-01 12:47:23,+25577***453,+25577753453,TIGO_PESA_APP,AIRTIME_TOP_UP,14500.0,0.0,TZ-DAR-006,SUCCESS,NONE
TPESA-3000576,2026-09-05 18:45:29,+25571***824,+25576289571,TIGO_PESA_APP,P2P_TRANSFER,162000.0,2430.0,TZ-ARU-002,SUCCESS,NONE
TPESA-3000577,2026-09-01 17:30:47,+25567***177,TILL-894539,TIGO_PESA_APP,LIPA_KWA_SIMU_MERCHANT,114600.0,916.8,TZ-ARU-002,SUCCESS,NONE
TPESA-3000578,2026-09-01 20:55:14,+25565***757,+25565307757,TIGO_PESA_APP,AIRTIME_TOP_UP,17200.0,0.0,TZ-DAR-002,SUCCESS,NONE
TPESA-3000579,2026-09-04 12:35:28,+25567***620,TILL-574053,USSD_*150*01#,LIPA_KWA_SIMU_MERCHANT,3600.0,28.8,TZ-MOR-001,SUCCESS,NONE
TPESA-3000580,2026-09-05 13:55:50,+25567***266,+25567662727,USSD_*150*01#,P2P_TRANSFER,220800.0,3312.0,TZ-TAR-001,SUCCESS,NONE
TPESA-3000581,2026-09-05 06:42:21,+25565***561,+25576840468,TIGO_PESA_APP,P2P_TRANSFER,10300.0,350.0,TZ-KIG-001,SUCCESS,NONE
TPESA-3000582,2026-09-05 20:05:11,+25571***140,TILL-893886,USSD_*150*01#,LIPA_KWA_SIMU_MERCHANT,94300.0,754.4,TZ-MBY-002,SUCCESS,NONE
TPESA-3000583,2026-09-04 18:36:33,+25565***259,+25565815000,TIGO_PESA_APP,CASH_OUT_WAKALA,371000.0,5565.0,TZ-MOR-001,SUCCESS,NONE
TPESA-3000584,2026-09-05 10:28:43,+25571***545,TILL-740973,USSD_*150*01#,LIPA_KWA_SIMU_MERCHANT,145900.0,1167.2,TZ-MWA-002,SUCCESS,NONE
TPESA-3000585,2026-09-03 20:26:58,+25567***150,+25577441989,USSD_*150*01#,CASH_OUT_WAKALA,312500.0,0.0,TZ-DAR-007,FAILED,SYSTEM_BUSY
TPESA-3000586,2026-09-01 13:41:08,+25577***149,+25574671657,TIGO_PESA_APP,P2P_TRANSFER,242100.0,3631.5,TZ-MOR-001,SUCCESS,NONE
TPESA-3000587,2026-09-02 19:22:15,+25571***711,+25571980648,TIGO_PESA_APP,P2P_TRANSFER,153200.0,2298.0,TZ-DAR-006,SUCCESS,NONE
TPESA-3000588,2026-09-05 14:13:27,+25565***980,TILL-520332,TIGO_PESA_APP,LIPA_KWA_SIMU_MERCHANT,23900.0,191.2,TZ-MWA-003,SUCCESS,NONE
TPESA-3000589,2026-09-01 09:49:32,+25571***371,+25576852033,USSD_*150*01#,BANK_TO_WALLET_DEPOSIT,483200.0,7248.0,TZ-TAR-001,SUCCESS,NONE
TPESA-3000590,2026-09-06 13:59:35,+25577***015,+25577955015,TIGO_PESA_APP,AIRTIME_TOP_UP,2500.0,0.0,TZ-IRI-001,SUCCESS,NONE
TPESA-3000591,2026-09-07 07:05:17,+25567***120,TILL-672625,TIGO_PESA_APP,LIPA_KWA_SIMU_MERCHANT,59000.0,472.0,TZ-MTW-001,SUCCESS,NONE
TPESA-3000592,2026-09-05 16:31:52,+25577***407,+25565847516,TIGO_PESA_APP,CASH_OUT_WAKALA,68500.0,1027.5,TZ-PWA-002,SUCCESS,NONE
TPESA-3000593,2026-09-05 16:06:55,+25567***930,TILL-789852,USSD_*150*01#,LIPA_KWA_SIMU_MERCHANT,72900.0,583.2,TZ-ZNZ-001,SUCCESS,NONE
TPESA-3000594,2026-09-01 07:08:37,+25565***270,TILL-885646,TIGO_PESA_APP,LIPA_KWA_SIMU_MERCHANT,64300.0,514.4,TZ-ZNZ-002,SUCCESS,NONE
TPESA-3000595,2026-09-02 22:57:46,+25565***905,+25575381864,TIGO_PESA_APP,P2P_TRANSFER,34700.0,520.5,TZ-DAR-006,SUCCESS,NONE
TPESA-3000596,2026-09-02 10:00:21,+25577***592,TILL-629211,TIGO_PESA_APP,LIPA_KWA_SIMU_MERCHANT,122400.0,979.2,TZ-MBY-002,SUCCESS,NONE
TPESA-3000597,2026-09-07 19:06:08,+25565***654,TILL-770218,USSD_*150*01#,LIPA_KWA_SIMU_MERCHANT,50800.0,406.4,TZ-DAR-011,SUCCESS,NONE
TPESA-3000598,2026-09-02 19:38:39,+25567***501,+25567222975,USSD_*150*01#,CASH_OUT_WAKALA,158800.0,2382.0,TZ-ZNZ-002,SUCCESS,NONE
TPESA-3000599,2026-09-01 11:40:03,+25565***638,+25577998674,USSD_*150*01#,P2P_TRANSFER,76500.0,1147.5,TZ-MAR-001,SUCCESS,NONE
TPESA-3000600,2026-09-05 12:26:09,+25565***389,+25565272160,TIGO_PESA_APP,BANK_TO_WALLET_DEPOSIT,180300.0,2704.5,TZ-DOM-003,SUCCESS,NONE
TPESA-3000601,2026-09-05 10:57:14,+25571***569,+25571699569,USSD_*150*01#,AIRTIME_TOP_UP,1100.0,0.0,TZ-DAR-013,SUCCESS,NONE
TPESA-3000602,2026-09-02 13:41:45,+25577***768,TILL-929045,USSD_*150*01#,LIPA_KWA_SIMU_MERCHANT,83600.0,668.8,TZ-MBY-001,SUCCESS,NONE
TPESA-3000603,2026-09-03 14:30:52,+25565***788,+25571345321,USSD_*150*01#,BANK_TO_WALLET_DEPOSIT,163900.0,2458.5,TZ-DAR-004,SUCCESS,NONE
TPESA-3000604,2026-09-05 13:53:31,+25571***263,TILL-752742,USSD_*150*01#,LIPA_KWA_SIMU_MERCHANT,87900.0,703.2,TZ-DOM-002,SUCCESS,NONE
TPESA-3000605,2026-09-04 12:51:50,+25565***489,+25565687716,TIGO_PESA_APP,P2P_TRANSFER,140300.0,2104.5,TZ-DOM-002,SUCCESS,NONE
TPESA-3000606,2026-09-04 18:22:48,+25567***963,+25565155423,USSD_*150*01#,P2P_TRANSFER,87700.0,1315.5,TZ-ARU-002,SUCCESS,NONE
TPESA-3000607,2026-09-04 19:32:55,+25565***711,+25577656197,USSD_*150*01#,P2P_TRANSFER,145500.0,2182.5,TZ-ZNZ-001,SUCCESS,NONE
TPESA-3000608,2026-09-07 12:04:20,+25565***637,+25567949916,TIGO_PESA_APP,CASH_OUT_WAKALA,162000.0,2430.0,TZ-TAR-001,SUCCESS,NONE
TPESA-3000609,2026-09-05 19:15:11,+25567***202,+25575806973,TIGO_PESA_APP,CASH_OUT_WAKALA,189200.0,2838.0,TZ-SON-001,SUCCESS,NONE
TPESA-3000610,2026-09-02 13:16:49,+25577***881,+25565747087,TIGO_PESA_APP,BANK_TO_WALLET_DEPOSIT,835700.0,12535.5,TZ-KIL-003,SUCCESS,NONE
TPESA-3000611,2026-09-04 12:20:16,+25577***151,+25565186606,TIGO_PESA_APP,P2P_TRANSFER,16400.0,350.0,TZ-BUK-001,SUCCESS,NONE
TPESA-3000612,2026-09-02 06:14:43,+25571***638,TILL-859043,TIGO_PESA_APP,LIPA_KWA_SIMU_MERCHANT,125000.0,1000.0,TZ-DAR-014,SUCCESS,NONE
TPESA-3000613,2026-09-04 08:25:26,+25567***462,TILL-598612,USSD_*150*01#,LIPA_KWA_SIMU_MERCHANT,110800.0,886.4,TZ-KIL-003,SUCCESS,NONE
TPESA-3000614,2026-09-07 15:29:31,+25567***551,+25571376239,TIGO_PESA_APP,P2P_TRANSFER,61000.0,915.0,TZ-DAR-011,SUCCESS,NONE
TPESA-3000615,2026-09-07 21:45:00,+25567***788,TILL-812946,TIGO_PESA_APP,LIPA_KWA_SIMU_MERCHANT,57700.0,461.6,TZ-DOM-003,SUCCESS,NONE
TPESA-3000616,2026-09-02 13:13:14,+25577***716,+25571239899,USSD_*150*01#,CASH_OUT_WAKALA,237300.0,3559.5,TZ-DAR-002,SUCCESS,NONE
TPESA-3000617,2026-09-02 13:24:37,+25571***192,+25571493240,TIGO_PESA_APP,P2P_TRANSFER,23700.0,355.5,TZ-MWA-002,SUCCESS,NONE
TPESA-3000618,2026-09-04 06:23:51,+25577***773,+25574367922,TIGO_PESA_APP,P2P_TRANSFER,209900.0,3148.5,TZ-DAR-010,SUCCESS,NONE
TPESA-3000619,2026-09-03 18:25:51,+25567***341,+25576357159,USSD_*150*01#,P2P_TRANSFER,33800.0,507.0,TZ-DAR-003,SUCCESS,NONE
TPESA-3000620,2026-09-02 09:22:37,+25571***453,+25565679961,USSD_*150*01#,BANK_TO_WALLET_DEPOSIT,652900.0,9793.5,TZ-ZNZ-003,SUCCESS,NONE
TPESA-3000621,2026-09-06 07:42:24,+25567***781,+25567626781,TIGO_PESA_APP,AIRTIME_TOP_UP,8500.0,0.0,TZ-MTW-001,SUCCESS,NONE
TPESA-3000622,2026-09-06 20:19:03,+25571***617,+25571338053,USSD_*150*01#,P2P_TRANSFER,44800.0,672.0,TZ-TAN-002,SUCCESS,NONE
TPESA-3000623,2026-09-01 12:54:33,+25567***977,+25565740790,TIGO_PESA_APP,BANK_TO_WALLET_DEPOSIT,353100.0,5296.5,TZ-DAR-008,SUCCESS,NONE
TPESA-3000624,2026-09-07 19:15:56,+25571***172,+25577329962,USSD_*150*01#,BANK_TO_WALLET_DEPOSIT,999500.0,14992.5,TZ-DAR-006,SUCCESS,NONE
TPESA-3000625,2026-09-07 21:48:23,+25577***996,+25571589088,TIGO_PESA_APP,P2P_TRANSFER,85400.0,1281.0,TZ-NJO-001,SUCCESS,NONE
TPESA-3000626,2026-09-05 09:11:35,+25571***439,+25577662499,TIGO_PESA_APP,P2P_TRANSFER,175800.0,2637.0,TZ-DOM-003,SUCCESS,NONE
TPESA-3000627,2026-09-02 13:00:39,+25571***800,TILL-953769,TIGO_PESA_APP,LIPA_KWA_SIMU_MERCHANT,97500.0,780.0,TZ-TAN-002,SUCCESS,NONE
TPESA-3000628,2026-09-07 14:57:30,+25567***652,+25575759133,USSD_*150*01#,P2P_TRANSFER,154500.0,2317.5,TZ-ZNZ-004,SUCCESS,NONE
TPESA-3000629,2026-09-05 14:16:16,+25577***996,+25577181128,TIGO_PESA_APP,P2P_TRANSFER,179800.0,2697.0,TZ-NJO-001,SUCCESS,NONE
TPESA-3000630,2026-09-06 20:34:55,+25567***244,TILL-685928,USSD_*150*01#,LIPA_KWA_SIMU_MERCHANT,52100.0,416.8,TZ-SNG-001,SUCCESS,NONE
TPESA-3000631,2026-09-07 17:16:24,+25571***353,+25571730470,TIGO_PESA_APP,P2P_TRANSFER,129500.0,1942.5,TZ-DOM-001,SUCCESS,NONE
TPESA-3000632,2026-09-06 15:54:02,+25565***896,+25575500975,USSD_*150*01#,BANK_TO_WALLET_DEPOSIT,114200.0,1713.0,TZ-DAR-015,SUCCESS,NONE
TPESA-3000633,2026-09-04 07:16:22,+25571***822,+25571694822,USSD_*150*01#,AIRTIME_TOP_UP,4100.0,0.0,TZ-BUK-001,SUCCESS,NONE
TPESA-3000634,2026-09-05 13:56:23,+25565***964,+25565426236,TIGO_PESA_APP,P2P_TRANSFER,187600.0,2814.0,TZ-TAN-003,SUCCESS,NONE
TPESA-3000635,2026-09-06 16:55:47,+25577***827,+25565299156,TIGO_PESA_APP,P2P_TRANSFER,239400.0,3591.0,TZ-NJO-001,SUCCESS,NONE
TPESA-3000636,2026-09-05 15:04:48,+25577***435,+25571116688,TIGO_PESA_APP,CASH_OUT_WAKALA,256400.0,3846.0,TZ-DAR-015,SUCCESS,NONE
TPESA-3000637,2026-09-05 16:04:24,+25567***930,+25567498930,TIGO_PESA_APP,AIRTIME_TOP_UP,17600.0,0.0,TZ-ZNZ-001,SUCCESS,NONE
TPESA-3000638,2026-09-05 06:52:45,+25577***966,+25565241667,TIGO_PESA_APP,CASH_OUT_WAKALA,56000.0,840.0,TZ-TAN-001,SUCCESS,NONE
TPESA-3000639,2026-09-04 17:53:13,+25565***579,+25575683012,USSD_*150*01#,P2P_TRANSFER,10300.0,350.0,TZ-KIL-001,SUCCESS,NONE
TPESA-3000640,2026-09-04 11:27:13,+25567***852,+25567543303,USSD_*150*01#,P2P_TRANSFER,13300.0,350.0,TZ-MTW-001,SUCCESS,NONE
TPESA-3000641,2026-09-04 06:06:10,+25577***076,TILL-653216,USSD_*150*01#,LIPA_KWA_SIMU_MERCHANT,53600.0,428.8,TZ-IRI-001,SUCCESS,NONE
TPESA-3000642,2026-09-03 07:05:06,+25565***166,+25574845617,USSD_*150*01#,BANK_TO_WALLET_DEPOSIT,700500.0,10507.5,TZ-KIL-002,SUCCESS,NONE
TPESA-3000643,2026-09-05 09:35:48,+25565***436,+25574725097,TIGO_PESA_APP,P2P_TRANSFER,128600.0,1929.0,TZ-SON-001,SUCCESS,NONE
TPESA-3000644,2026-09-01 23:49:42,+25565***969,+25571540125,USSD_*150*01#,CASH_OUT_WAKALA,248300.0,3724.5,TZ-DAR-005,SUCCESS,NONE
TPESA-3000645,2026-09-04 09:15:30,+25567***224,+25577173377,USSD_*150*01#,P2P_TRANSFER,231000.0,3465.0,TZ-MWA-002,SUCCESS,NONE
TPESA-3000646,2026-09-07 14:13:27,+25565***092,TILL-596609,USSD_*150*01#,LIPA_KWA_SIMU_MERCHANT,98100.0,784.8,TZ-DAR-003,SUCCESS,NONE
TPESA-3000647,2026-09-06 23:25:19,+25571***930,+25571194930,TIGO_PESA_APP,AIRTIME_TOP_UP,19700.0,0.0,TZ-MWA-003,SUCCESS,NONE
TPESA-3000648,2026-09-05 09:52:00,+25571***326,+25571477631,TIGO_PESA_APP,CASH_OUT_WAKALA,307100.0,4606.5,TZ-DAR-015,SUCCESS,NONE
TPESA-3000649,2026-09-01 10:41:08,+25567***550,+25571158495,USSD_*150*01#,BANK_TO_WALLET_DEPOSIT,305300.0,4579.5,TZ-DAR-013,SUCCESS,NONE
TPESA-3000650,2026-09-01 21:35:02,+25567***700,TILL-782701,USSD_*150*01#,LIPA_KWA_SIMU_MERCHANT,60600.0,484.8,TZ-ARU-002,SUCCESS,NONE
TPESA-3000651,2026-09-01 20:00:51,+25565***159,TILL-702225,USSD_*150*01#,LIPA_KWA_SIMU_MERCHANT,54600.0,436.8,TZ-PWA-001,SUCCESS,NONE
TPESA-3000652,2026-09-03 22:45:41,+25577***515,+25577707947,USSD_*150*01#,P2P_TRANSFER,135900.0,2038.5,TZ-IRI-001,SUCCESS,NONE
TPESA-3000653,2026-09-04 23:00:03,+25577***813,+25577850886,TIGO_PESA_APP,P2P_TRANSFER,199400.0,2991.0,TZ-TND-001,SUCCESS,NONE
TPESA-3000654,2026-09-05 10:34:21,+25577***415,+25577823415,USSD_*150*01#,AIRTIME_TOP_UP,1100.0,0.0,TZ-DAR-011,SUCCESS,NONE
TPESA-3000655,2026-09-01 23:26:16,+25567***011,+25571414097,USSD_*150*01#,BANK_TO_WALLET_DEPOSIT,983100.0,14746.5,TZ-PEM-001,SUCCESS,NONE
TPESA-3000656,2026-09-03 23:54:23,+25567***795,+25567382795,USSD_*150*01#,AIRTIME_TOP_UP,17700.0,0.0,TZ-GEI-001,SUCCESS,NONE
TPESA-3000657,2026-09-07 22:31:42,+25567***870,+25574380978,USSD_*150*01#,P2P_TRANSFER,135900.0,2038.5,TZ-GEI-001,SUCCESS,NONE
TPESA-3000658,2026-09-01 13:20:15,+25577***457,TILL-951696,USSD_*150*01#,LIPA_KWA_SIMU_MERCHANT,126600.0,1012.8,TZ-DAR-009,SUCCESS,NONE
TPESA-3000659,2026-09-07 06:10:35,+25571***895,+25565527500,USSD_*150*01#,P2P_TRANSFER,222700.0,3340.5,TZ-TAR-001,SUCCESS,NONE
TPESA-3000660,2026-09-07 20:54:58,+25567***685,TILL-611259,TIGO_PESA_APP,LIPA_KWA_SIMU_MERCHANT,82200.0,657.6,TZ-DAR-004,SUCCESS,NONE
TPESA-3000661,2026-09-06 12:39:32,+25567***694,+25575112279,USSD_*150*01#,CASH_OUT_WAKALA,336700.0,5050.5,TZ-ZNZ-002,SUCCESS,NONE
TPESA-3000662,2026-09-02 11:19:15,+25571***174,+25567748465,USSD_*150*01#,CASH_OUT_WAKALA,155500.0,2332.5,TZ-SHI-001,SUCCESS,NONE
TPESA-3000663,2026-09-06 14:00:15,+25567***635,+25567526635,USSD_*150*01#,AIRTIME_TOP_UP,1600.0,0.0,TZ-TAB-001,SUCCESS,NONE
TPESA-3000664,2026-09-02 17:47:25,+25565***981,+25565412497,TIGO_PESA_APP,P2P_TRANSFER,20600.0,350.0,TZ-SON-001,SUCCESS,NONE
TPESA-3000665,2026-09-06 11:31:22,+25565***946,+25565799946,TIGO_PESA_APP,AIRTIME_TOP_UP,10500.0,0.0,TZ-DAR-015,SUCCESS,NONE
TPESA-3000666,2026-09-04 13:58:12,+25577***578,+25565652404,TIGO_PESA_APP,CASH_OUT_WAKALA,179400.0,2691.0,TZ-KIL-001,SUCCESS,NONE
TPESA-3000667,2026-09-06 14:25:44,+25571***787,TILL-714353,TIGO_PESA_APP,LIPA_KWA_SIMU_MERCHANT,16800.0,134.4,TZ-TAN-002,SUCCESS,NONE
TPESA-3000668,2026-09-03 21:26:32,+25577***389,+25577304910,USSD_*150*01#,P2P_TRANSFER,95500.0,1432.5,TZ-TAN-002,SUCCESS,NONE
TPESA-3000669,2026-09-01 12:06:04,+25577***932,+25577472932,USSD_*150*01#,AIRTIME_TOP_UP,4400.0,0.0,TZ-DOM-003,SUCCESS,NONE
TPESA-3000670,2026-09-05 11:52:24,+25567***733,+25577216272,TIGO_PESA_APP,CASH_OUT_WAKALA,118500.0,1777.5,TZ-DAR-011,SUCCESS,NONE
TPESA-3000671,2026-09-05 11:35:41,+25565***895,+25571705575,USSD_*150*01#,P2P_TRANSFER,245600.0,3684.0,TZ-MBY-001,SUCCESS,NONE
TPESA-3000672,2026-09-05 13:52:39,+25571***992,TILL-843156,USSD_*150*01#,LIPA_KWA_SIMU_MERCHANT,22700.0,181.6,TZ-DAR-008,SUCCESS,NONE
TPESA-3000673,2026-09-02 17:17:10,+25565***561,TILL-919650,USSD_*150*01#,LIPA_KWA_SIMU_MERCHANT,15300.0,122.4,TZ-KIG-001,SUCCESS,NONE
TPESA-3000674,2026-09-07 17:25:32,+25577***603,+25577401603,TIGO_PESA_APP,AIRTIME_TOP_UP,4500.0,0.0,TZ-GEI-001,SUCCESS,NONE
TPESA-3000675,2026-09-01 15:46:03,+25565***454,+25565499454,USSD_*150*01#,AIRTIME_TOP_UP,2900.0,0.0,TZ-MWA-003,SUCCESS,NONE
TPESA-3000676,2026-09-07 06:52:25,+25565***501,+25565648501,USSD_*150*01#,AIRTIME_TOP_UP,1200.0,0.0,TZ-MWA-001,SUCCESS,NONE
TPESA-3000677,2026-09-07 15:15:25,+25571***679,TILL-983506,USSD_*150*01#,LIPA_KWA_SIMU_MERCHANT,59900.0,479.2,TZ-DAR-009,SUCCESS,NONE
TPESA-3000678,2026-09-02 20:31:20,+25571***816,+25565309363,TIGO_PESA_APP,CASH_OUT_WAKALA,239300.0,3589.5,TZ-ZNZ-002,SUCCESS,NONE
TPESA-3000679,2026-09-02 08:05:01,+25577***899,TILL-955592,USSD_*150*01#,LIPA_KWA_SIMU_MERCHANT,139100.0,1112.8,TZ-MAR-001,SUCCESS,NONE
TPESA-3000680,2026-09-01 15:01:48,+25565***818,+25567449887,USSD_*150*01#,CASH_OUT_WAKALA,17600.0,350.0,TZ-ZNZ-002,SUCCESS,NONE
TPESA-3000681,2026-09-02 23:08:39,+25577***743,+25571365226,USSD_*150*01#,P2P_TRANSFER,148200.0,2223.0,TZ-PEM-001,SUCCESS,NONE
TPESA-3000682,2026-09-01 22:49:52,+25571***722,+25574510454,TIGO_PESA_APP,P2P_TRANSFER,139200.0,2088.0,TZ-DAR-002,SUCCESS,NONE
TPESA-3000683,2026-09-03 10:30:32,+25565***934,+25565750733,USSD_*150*01#,CASH_OUT_WAKALA,325900.0,4888.5,TZ-TAR-001,SUCCESS,NONE
TPESA-3000684,2026-09-04 13:08:59,+25567***222,TILL-772858,USSD_*150*01#,LIPA_KWA_SIMU_MERCHANT,73300.0,586.4,TZ-TAB-001,SUCCESS,NONE
TPESA-3000685,2026-09-01 12:13:45,+25567***706,+25577469548,USSD_*150*01#,P2P_TRANSFER,29700.0,445.5,TZ-PWA-002,SUCCESS,NONE
TPESA-3000686,2026-09-02 15:47:39,+25571***316,+25571141316,TIGO_PESA_APP,AIRTIME_TOP_UP,8400.0,0.0,TZ-PWA-001,SUCCESS,NONE
TPESA-3000687,2026-09-05 12:31:21,+25571***144,+25571373866,TIGO_PESA_APP,P2P_TRANSFER,109900.0,1648.5,TZ-DAR-008,SUCCESS,NONE
TPESA-3000688,2026-09-06 19:35:43,+25567***689,+25567233713,USSD_*150*01#,CASH_OUT_WAKALA,59000.0,885.0,TZ-MTW-001,SUCCESS,NONE
TPESA-3000689,2026-09-02 15:20:25,+25571***580,+25571772580,TIGO_PESA_APP,AIRTIME_TOP_UP,7500.0,0.0,TZ-DAR-006,SUCCESS,NONE
TPESA-3000690,2026-09-07 07:54:05,+25571***877,+25567755447,TIGO_PESA_APP,CASH_OUT_WAKALA,87400.0,1311.0,TZ-MWA-002,SUCCESS,NONE
TPESA-3000691,2026-09-01 12:19:12,+25567***337,+25565955820,USSD_*150*01#,CASH_OUT_WAKALA,457300.0,6859.5,TZ-MAR-001,SUCCESS,NONE
TPESA-3000692,2026-09-02 13:35:47,+25565***101,+25577413657,TIGO_PESA_APP,P2P_TRANSFER,182000.0,2730.0,TZ-DAR-013,SUCCESS,NONE
TPESA-3000693,2026-09-02 14:53:19,+25571***743,+25565941091,TIGO_PESA_APP,P2P_TRANSFER,164400.0,2466.0,TZ-MTW-001,SUCCESS,NONE
TPESA-3000694,2026-09-04 06:08:37,+25577***309,TILL-832688,USSD_*150*01#,LIPA_KWA_SIMU_MERCHANT,45700.0,365.6,TZ-DAR-013,SUCCESS,NONE
TPESA-3000695,2026-09-02 23:09:34,+25571***596,+25565274072,USSD_*150*01#,BANK_TO_WALLET_DEPOSIT,462000.0,6930.0,TZ-DAR-013,SUCCESS,NONE
TPESA-3000696,2026-09-07 13:19:06,+25565***127,+25571604485,TIGO_PESA_APP,CASH_OUT_WAKALA,419900.0,6298.5,TZ-TND-001,SUCCESS,NONE
TPESA-3000697,2026-09-07 21:02:21,+25577***117,+25577900117,USSD_*150*01#,AIRTIME_TOP_UP,15900.0,0.0,TZ-TAN-003,SUCCESS,NONE
TPESA-3000698,2026-09-05 19:20:19,+25567***501,+25577308927,USSD_*150*01#,CASH_OUT_WAKALA,489500.0,7342.5,TZ-ZNZ-002,SUCCESS,NONE
TPESA-3000699,2026-09-07 11:53:24,+25577***016,+25571911843,TIGO_PESA_APP,CASH_OUT_WAKALA,468100.0,7021.5,TZ-MBY-001,SUCCESS,NONE
TPESA-3000700,2026-09-04 19:56:09,+25571***110,+25571890110,TIGO_PESA_APP,AIRTIME_TOP_UP,15400.0,0.0,TZ-ARU-001,SUCCESS,NONE
TPESA-3000701,2026-09-03 11:57:44,+25567***560,+25567435560,TIGO_PESA_APP,AIRTIME_TOP_UP,16100.0,0.0,TZ-PEM-001,SUCCESS,NONE
TPESA-3000702,2026-09-05 18:32:15,+25567***867,TILL-526293,TIGO_PESA_APP,LIPA_KWA_SIMU_MERCHANT,41700.0,333.6,TZ-DAR-003,SUCCESS,NONE
TPESA-3000703,2026-09-03 18:24:08,+25567***643,TILL-509604,TIGO_PESA_APP,LIPA_KWA_SIMU_MERCHANT,76500.0,612.0,TZ-MAR-001,SUCCESS,NONE
TPESA-3000704,2026-09-04 11:37:33,+25577***173,+25577439173,USSD_*150*01#,AIRTIME_TOP_UP,10400.0,0.0,TZ-DAR-006,SUCCESS,NONE
TPESA-3000705,2026-09-06 12:50:06,+25577***224,+25574777921,USSD_*150*01#,P2P_TRANSFER,191400.0,2871.0,TZ-DOM-001,SUCCESS,NONE
TPESA-3000706,2026-09-06 17:08:09,+25565***063,+25565304229,TIGO_PESA_APP,P2P_TRANSFER,84900.0,1273.5,TZ-DAR-008,SUCCESS,NONE
TPESA-3000707,2026-09-01 17:59:28,+25565***510,+25575940868,USSD_*150*01#,P2P_TRANSFER,136300.0,2044.5,TZ-MWA-001,SUCCESS,NONE
TPESA-3000708,2026-09-05 10:15:59,+25577***922,+25571488381,TIGO_PESA_APP,CASH_OUT_WAKALA,360100.0,5401.5,TZ-ZNZ-001,SUCCESS,NONE
TPESA-3000709,2026-09-03 11:42:17,+25577***798,TILL-951876,TIGO_PESA_APP,LIPA_KWA_SIMU_MERCHANT,85000.0,680.0,TZ-MWA-001,SUCCESS,NONE
TPESA-3000710,2026-09-07 06:20:31,+25565***303,TILL-777974,USSD_*150*01#,LIPA_KWA_SIMU_MERCHANT,28900.0,231.2,TZ-DAR-010,SUCCESS,NONE
TPESA-3000711,2026-09-07 16:30:59,+25567***852,+25575384182,USSD_*150*01#,P2P_TRANSFER,131700.0,1975.5,TZ-MTW-001,SUCCESS,NONE
TPESA-3000712,2026-09-06 18:00:29,+25565***601,+25567419779,TIGO_PESA_APP,P2P_TRANSFER,120100.0,0.0,TZ-GEI-001,FAILED,INSUFFICIENT_FUNDS
TPESA-3000713,2026-09-03 21:54:08,+25565***403,+25565706403,USSD_*150*01#,AIRTIME_TOP_UP,19200.0,0.0,TZ-SHI-001,SUCCESS,NONE
TPESA-3000714,2026-09-07 07:59:36,+25565***904,+25565204904,TIGO_PESA_APP,AIRTIME_TOP_UP,18000.0,0.0,TZ-DOM-003,SUCCESS,NONE
TPESA-3000715,2026-09-05 13:22:53,+25577***224,+25571418322,USSD_*150*01#,P2P_TRANSFER,108300.0,1624.5,TZ-DOM-001,SUCCESS,NONE
TPESA-3000716,2026-09-01 07:49:55,+25577***981,+25577292908,TIGO_PESA_APP,CASH_OUT_WAKALA,214600.0,3219.0,TZ-PEM-001,SUCCESS,NONE
TPESA-3000717,2026-09-03 09:23:16,+25567***176,+25567558176,USSD_*150*01#,AIRTIME_TOP_UP,14200.0,0.0,TZ-MTW-001,SUCCESS,NONE
TPESA-3000718,2026-09-05 14:29:36,+25571***344,+25574643713,TIGO_PESA_APP,P2P_TRANSFER,29800.0,447.0,TZ-DAR-003,SUCCESS,NONE
TPESA-3000719,2026-09-03 06:20:15,+25571***939,TILL-700423,USSD_*150*01#,LIPA_KWA_SIMU_MERCHANT,69300.0,554.4,TZ-MTW-001,SUCCESS,NONE
TPESA-3000720,2026-09-03 15:20:35,+25571***413,+25567637849,USSD_*150*01#,P2P_TRANSFER,13600.0,350.0,TZ-MOR-001,SUCCESS,NONE
TPESA-3000721,2026-09-07 11:52:52,+25577***996,+25575925879,USSD_*150*01#,CASH_OUT_WAKALA,93200.0,1398.0,TZ-NJO-001,SUCCESS,NONE
TPESA-3000722,2026-09-07 16:39:00,+25577***284,+25577103536,USSD_*150*01#,P2P_TRANSFER,171900.0,2578.5,TZ-DAR-011,SUCCESS,NONE
TPESA-3000723,2026-09-07 14:26:28,+25577***259,+25577292259,TIGO_PESA_APP,AIRTIME_TOP_UP,7000.0,0.0,TZ-GEI-001,SUCCESS,NONE
TPESA-3000724,2026-09-06 14:59:17,+25567***489,+25565393794,TIGO_PESA_APP,P2P_TRANSFER,132600.0,1989.0,TZ-ARU-002,SUCCESS,NONE
TPESA-3000725,2026-09-06 12:41:00,+25577***329,+25576302633,USSD_*150*01#,P2P_TRANSFER,42000.0,630.0,TZ-DAR-002,SUCCESS,NONE
TPESA-3000726,2026-09-01 16:05:01,+25565***616,+25565406616,USSD_*150*01#,AIRTIME_TOP_UP,18800.0,0.0,TZ-ZNZ-001,SUCCESS,NONE
TPESA-3000727,2026-09-02 13:44:32,+25577***937,+25575126066,TIGO_PESA_APP,CASH_OUT_WAKALA,304300.0,4564.5,TZ-DAR-007,SUCCESS,NONE
TPESA-3000728,2026-09-05 20:33:41,+25577***869,+25565477264,USSD_*150*01#,BANK_TO_WALLET_DEPOSIT,831500.0,12472.5,TZ-ARU-003,SUCCESS,NONE
TPESA-3000729,2026-09-06 09:42:33,+25577***822,TILL-525155,USSD_*150*01#,LIPA_KWA_SIMU_MERCHANT,105000.0,840.0,TZ-SNG-001,SUCCESS,NONE
TPESA-3000730,2026-09-04 18:15:01,+25577***551,+25577716551,TIGO_PESA_APP,AIRTIME_TOP_UP,17900.0,0.0,TZ-DAR-014,SUCCESS,NONE
TPESA-3000731,2026-09-07 10:18:57,+25571***814,+25567490413,USSD_*150*01#,BANK_TO_WALLET_DEPOSIT,733900.0,11008.5,TZ-DOM-002,SUCCESS,NONE
TPESA-3000732,2026-09-02 20:57:10,+25565***501,+25565352004,USSD_*150*01#,P2P_TRANSFER,102700.0,1540.5,TZ-KIL-002,SUCCESS,NONE
TPESA-3000733,2026-09-04 15:31:12,+25577***952,+25571742253,USSD_*150*01#,P2P_TRANSFER,216000.0,3240.0,TZ-KIL-002,SUCCESS,NONE
TPESA-3000734,2026-09-01 23:39:31,+25571***180,+25571781180,TIGO_PESA_APP,AIRTIME_TOP_UP,9900.0,0.0,TZ-MBY-002,SUCCESS,NONE
TPESA-3000735,2026-09-01 12:43:21,+25571***226,TILL-977693,USSD_*150*01#,LIPA_KWA_SIMU_MERCHANT,91700.0,733.6,TZ-ARU-002,SUCCESS,NONE
TPESA-3000736,2026-09-03 13:06:12,+25571***336,+25571698336,USSD_*150*01#,AIRTIME_TOP_UP,900.0,0.0,TZ-NJO-001,SUCCESS,NONE
TPESA-3000737,2026-09-03 20:00:03,+25565***288,TILL-930008,USSD_*150*01#,LIPA_KWA_SIMU_MERCHANT,57700.0,461.6,TZ-BUK-001,SUCCESS,NONE
TPESA-3000738,2026-09-01 09:20:08,+25577***088,+25577411783,TIGO_PESA_APP,P2P_TRANSFER,52200.0,783.0,TZ-DAR-008,SUCCESS,NONE
TPESA-3000739,2026-09-07 17:52:52,+25565***017,+25577411140,TIGO_PESA_APP,CASH_OUT_WAKALA,449700.0,6745.5,TZ-PWA-001,SUCCESS,NONE
TPESA-3000740,2026-09-01 21:07:10,+25571***775,TILL-612382,TIGO_PESA_APP,LIPA_KWA_SIMU_MERCHANT,45600.0,364.8,TZ-DAR-002,SUCCESS,NONE
TPESA-3000741,2026-09-01 11:58:58,+25565***181,+25577640453,USSD_*150*01#,CASH_OUT_WAKALA,423600.0,6354.0,TZ-DAR-003,SUCCESS,NONE
TPESA-3000742,2026-09-01 21:43:25,+25565***821,TILL-892117,USSD_*150*01#,LIPA_KWA_SIMU_MERCHANT,113100.0,904.8,TZ-TND-001,SUCCESS,NONE
TPESA-3000743,2026-09-03 19:57:43,+25577***926,TILL-851801,USSD_*150*01#,LIPA_KWA_SIMU_MERCHANT,38800.0,310.4,TZ-NJO-001,SUCCESS,NONE
TPESA-3000744,2026-09-05 15:47:32,+25571***463,+25577359084,TIGO_PESA_APP,BANK_TO_WALLET_DEPOSIT,627000.0,9405.0,TZ-SNG-001,SUCCESS,NONE
TPESA-3000745,2026-09-04 19:24:56,+25565***277,+25565834414,USSD_*150*01#,P2P_TRANSFER,102900.0,1543.5,TZ-TAN-001,SUCCESS,NONE
TPESA-3000746,2026-09-02 06:19:21,+25577***309,TILL-827457,USSD_*150*01#,LIPA_KWA_SIMU_MERCHANT,143400.0,1147.2,TZ-DAR-013,SUCCESS,NONE
TPESA-3000747,2026-09-02 22:21:12,+25565***821,+25565952553,TIGO_PESA_APP,CASH_OUT_WAKALA,261000.0,3915.0,TZ-TND-001,SUCCESS,NONE
TPESA-3000748,2026-09-06 17:36:53,+25565***800,+25575745179,USSD_*150*01#,CASH_OUT_WAKALA,11200.0,350.0,TZ-DAR-009,SUCCESS,NONE
TPESA-3000749,2026-09-06 17:11:26,+25571***886,+25565136478,TIGO_PESA_APP,CASH_OUT_WAKALA,391600.0,5874.0,TZ-PWA-001,SUCCESS,NONE
TPESA-3000750,2026-09-06 18:11:58,+25571***803,+25571721533,USSD_*150*01#,CASH_OUT_WAKALA,56100.0,841.5,TZ-MOR-001,SUCCESS,NONE
TPESA-3000751,2026-09-02 10:46:51,+25577***234,+25565424632,TIGO_PESA_APP,P2P_TRANSFER,222100.0,3331.5,TZ-IRI-001,SUCCESS,NONE
TPESA-3000752,2026-09-04 16:49:02,+25577***469,+25567697612,USSD_*150*01#,CASH_OUT_WAKALA,404700.0,6070.5,TZ-TAN-002,SUCCESS,NONE
TPESA-3000753,2026-09-01 08:37:14,+25577***637,+25565430668,USSD_*150*01#,CASH_OUT_WAKALA,135800.0,2037.0,TZ-SNG-001,SUCCESS,NONE
TPESA-3000754,2026-09-05 12:28:44,+25567***706,+25567986388,USSD_*150*01#,P2P_TRANSFER,107100.0,1606.5,TZ-ARU-002,SUCCESS,NONE
TPESA-3000755,2026-09-04 21:13:22,+25571***580,+25565821332,USSD_*150*01#,P2P_TRANSFER,87300.0,1309.5,TZ-DAR-006,SUCCESS,NONE
TPESA-3000756,2026-09-07 13:11:59,+25577***293,+25571868146,USSD_*150*01#,P2P_TRANSFER,70800.0,1062.0,TZ-DAR-006,SUCCESS,NONE
TPESA-3000757,2026-09-01 06:30:33,+25565***125,+25565920825,USSD_*150*01#,P2P_TRANSFER,33400.0,501.0,TZ-PWA-002,SUCCESS,NONE
TPESA-3000758,2026-09-04 22:05:34,+25571***855,+25565791719,TIGO_PESA_APP,P2P_TRANSFER,179900.0,2698.5,TZ-MBY-001,SUCCESS,NONE
TPESA-3000759,2026-09-06 15:50:48,+25567***363,+25571315961,TIGO_PESA_APP,BANK_TO_WALLET_DEPOSIT,233100.0,3496.5,TZ-PWA-001,SUCCESS,NONE
TPESA-3000760,2026-09-01 18:16:20,+25577***612,+25577735612,USSD_*150*01#,AIRTIME_TOP_UP,13000.0,0.0,TZ-DAR-003,SUCCESS,NONE
TPESA-3000761,2026-09-05 09:07:35,+25565***435,TILL-779252,TIGO_PESA_APP,LIPA_KWA_SIMU_MERCHANT,11500.0,92.0,TZ-TAN-002,SUCCESS,NONE
TPESA-3000762,2026-09-04 08:14:14,+25567***217,+25577270308,USSD_*150*01#,CASH_OUT_WAKALA,115600.0,1734.0,TZ-DAR-012,SUCCESS,NONE
TPESA-3000763,2026-09-07 10:56:07,+25567***222,+25565193218,TIGO_PESA_APP,CASH_OUT_WAKALA,306500.0,4597.5,TZ-DAR-004,SUCCESS,NONE
TPESA-3000764,2026-09-02 11:11:46,+25571***558,+25577770969,USSD_*150*01#,CASH_OUT_WAKALA,184800.0,2772.0,TZ-DAR-007,SUCCESS,NONE
TPESA-3000765,2026-09-05 07:29:09,+25565***044,+25565507299,USSD_*150*01#,CASH_OUT_WAKALA,243400.0,3651.0,TZ-TAN-003,SUCCESS,NONE
TPESA-3000766,2026-09-04 16:06:59,+25571***002,+25571593002,USSD_*150*01#,AIRTIME_TOP_UP,14800.0,0.0,TZ-KIL-003,SUCCESS,NONE
TPESA-3000767,2026-09-05 06:18:17,+25567***369,TILL-627521,TIGO_PESA_APP,LIPA_KWA_SIMU_MERCHANT,124400.0,995.2,TZ-KIL-003,SUCCESS,NONE
TPESA-3000768,2026-09-06 13:51:56,+25577***754,+25567620692,USSD_*150*01#,P2P_TRANSFER,175500.0,2632.5,TZ-MAR-001,SUCCESS,NONE
TPESA-3000769,2026-09-07 13:39:02,+25571***992,+25567528951,TIGO_PESA_APP,CASH_OUT_WAKALA,321400.0,4821.0,TZ-TAN-001,SUCCESS,NONE
TPESA-3000770,2026-09-01 09:38:28,+25565***623,+25565733340,TIGO_PESA_APP,CASH_OUT_WAKALA,200200.0,3003.0,TZ-ZNZ-001,SUCCESS,NONE
TPESA-3000771,2026-09-04 08:25:24,+25567***211,+25571156859,USSD_*150*01#,CASH_OUT_WAKALA,132500.0,1987.5,TZ-SHI-001,SUCCESS,NONE
TPESA-3000772,2026-09-02 20:38:38,+25567***125,+25567623125,USSD_*150*01#,AIRTIME_TOP_UP,19800.0,0.0,TZ-MTW-001,SUCCESS,NONE
TPESA-3000773,2026-09-02 12:39:29,+25577***049,+25577751170,USSD_*150*01#,P2P_TRANSFER,167900.0,2518.5,TZ-MWA-002,SUCCESS,NONE
TPESA-3000774,2026-09-06 13:09:09,+25577***208,+25567934125,USSD_*150*01#,P2P_TRANSFER,198700.0,2980.5,TZ-ZNZ-004,SUCCESS,NONE
TPESA-3000775,2026-09-02 13:46:07,+25577***456,+25565171824,TIGO_PESA_APP,P2P_TRANSFER,5100.0,0.0,TZ-IRI-001,FAILED,PIN_MAX_ATTEMPTS_EXCEEDED
TPESA-3000776,2026-09-06 11:29:14,+25567***224,+25571467580,USSD_*150*01#,P2P_TRANSFER,100700.0,1510.5,TZ-MWA-002,SUCCESS,NONE
TPESA-3000777,2026-09-07 08:12:14,+25577***827,+25577986827,TIGO_PESA_APP,AIRTIME_TOP_UP,19000.0,0.0,TZ-NJO-001,SUCCESS,NONE
TPESA-3000778,2026-09-06 23:43:50,+25567***584,TILL-672543,USSD_*150*01#,LIPA_KWA_SIMU_MERCHANT,10800.0,86.4,TZ-IRI-001,SUCCESS,NONE
TPESA-3000779,2026-09-06 22:03:20,+25577***235,+25574203339,USSD_*150*01#,CASH_OUT_WAKALA,243800.0,3657.0,TZ-ZNZ-002,SUCCESS,NONE
TPESA-3000780,2026-09-05 11:40:24,+25565***123,+25571408206,TIGO_PESA_APP,CASH_OUT_WAKALA,387000.0,5805.0,TZ-ZNZ-001,SUCCESS,NONE
TPESA-3000781,2026-09-04 19:09:48,+25567***789,+25577536352,USSD_*150*01#,CASH_OUT_WAKALA,46400.0,696.0,TZ-SON-001,SUCCESS,NONE
TPESA-3000782,2026-09-07 19:47:12,+25577***076,+25567968481,TIGO_PESA_APP,P2P_TRANSFER,134100.0,2011.5,TZ-MTW-001,SUCCESS,NONE
TPESA-3000783,2026-09-04 10:54:43,+25565***601,+25565534927,TIGO_PESA_APP,P2P_TRANSFER,70300.0,1054.5,TZ-GEI-001,SUCCESS,NONE
TPESA-3000784,2026-09-03 08:29:30,+25571***716,+25565497627,TIGO_PESA_APP,CASH_OUT_WAKALA,235900.0,3538.5,TZ-TAN-003,SUCCESS,NONE
TPESA-3000785,2026-09-05 10:08:37,+25571***353,+25577695108,TIGO_PESA_APP,P2P_TRANSFER,62100.0,931.5,TZ-DOM-001,SUCCESS,NONE
TPESA-3000786,2026-09-01 11:40:23,+25571***710,+25567607983,USSD_*150*01#,P2P_TRANSFER,94000.0,1410.0,TZ-DAR-015,SUCCESS,NONE
TPESA-3000787,2026-09-01 15:35:53,+25577***981,TILL-885720,TIGO_PESA_APP,LIPA_KWA_SIMU_MERCHANT,2900.0,23.2,TZ-PEM-001,SUCCESS,NONE
TPESA-3000788,2026-09-03 06:40:02,+25565***796,+25577456334,USSD_*150*01#,P2P_TRANSFER,47500.0,712.5,TZ-PWA-002,SUCCESS,NONE
TPESA-3000789,2026-09-03 13:41:01,+25567***489,+25567325351,USSD_*150*01#,P2P_TRANSFER,143200.0,2148.0,TZ-ARU-002,SUCCESS,NONE
TPESA-3000790,2026-09-01 08:07:40,+25567***079,+25567275738,USSD_*150*01#,CASH_OUT_WAKALA,380400.0,5706.0,TZ-ARU-003,SUCCESS,NONE
TPESA-3000791,2026-09-03 21:47:05,+25571***803,TILL-756524,TIGO_PESA_APP,LIPA_KWA_SIMU_MERCHANT,108900.0,871.2,TZ-MOR-001,SUCCESS,NONE
TPESA-3000792,2026-09-02 12:45:09,+25565***101,TILL-700373,TIGO_PESA_APP,LIPA_KWA_SIMU_MERCHANT,16200.0,129.6,TZ-TAB-001,SUCCESS,NONE
TPESA-3000793,2026-09-01 11:29:15,+25565***832,+25565144832,TIGO_PESA_APP,AIRTIME_TOP_UP,600.0,0.0,TZ-DAR-008,SUCCESS,NONE
TPESA-3000794,2026-09-06 21:23:41,+25571***867,+25565198747,TIGO_PESA_APP,CASH_OUT_WAKALA,340100.0,5101.5,TZ-MWA-002,SUCCESS,NONE
TPESA-3000795,2026-09-03 11:18:10,+25571***569,+25567780972,TIGO_PESA_APP,P2P_TRANSFER,231300.0,3469.5,TZ-DAR-013,SUCCESS,NONE
TPESA-3000796,2026-09-05 12:43:36,+25577***352,+25565193333,USSD_*150*01#,P2P_TRANSFER,78500.0,1177.5,TZ-KIL-003,SUCCESS,NONE
TPESA-3000797,2026-09-02 23:40:27,+25577***086,+25574959646,USSD_*150*01#,P2P_TRANSFER,84100.0,1261.5,TZ-DAR-015,SUCCESS,NONE
TPESA-3000798,2026-09-04 11:33:06,+25567***742,+25565252715,USSD_*150*01#,CASH_OUT_WAKALA,486600.0,7299.0,TZ-DOM-003,SUCCESS,NONE
TPESA-3000799,2026-09-05 12:23:47,+25565***876,TILL-831579,USSD_*150*01#,LIPA_KWA_SIMU_MERCHANT,136800.0,1094.4,TZ-DAR-012,SUCCESS,NONE
TPESA-3000800,2026-09-05 08:01:03,+25565***382,+25565802382,TIGO_PESA_APP,AIRTIME_TOP_UP,8000.0,0.0,TZ-DAR-010,SUCCESS,NONE
TPESA-3000801,2026-09-07 22:45:48,+25577***859,TILL-522240,USSD_*150*01#,LIPA_KWA_SIMU_MERCHANT,42200.0,337.6,TZ-ARU-002,SUCCESS,NONE
TPESA-3000802,2026-09-05 23:30:01,+25571***521,+25567816582,USSD_*150*01#,CASH_OUT_WAKALA,132700.0,1990.5,TZ-NJO-001,SUCCESS,NONE
TPESA-3000803,2026-09-02 08:58:13,+25565***089,+25576240832,TIGO_PESA_APP,P2P_TRANSFER,36600.0,549.0,TZ-MWA-002,SUCCESS,NONE
TPESA-3000804,2026-09-01 18:56:41,+25577***473,+25577370473,TIGO_PESA_APP,AIRTIME_TOP_UP,5200.0,0.0,TZ-DOM-003,SUCCESS,NONE
TPESA-3000805,2026-09-03 08:12:58,+25565***875,+25565198823,USSD_*150*01#,CASH_OUT_WAKALA,42600.0,639.0,TZ-TAR-001,SUCCESS,NONE
TPESA-3000806,2026-09-07 09:14:51,+25565***896,+25571528090,USSD_*150*01#,CASH_OUT_WAKALA,11100.0,350.0,TZ-DAR-015,SUCCESS,NONE
TPESA-3000807,2026-09-06 23:35:43,+25577***304,+25577166626,USSD_*150*01#,P2P_TRANSFER,159600.0,2394.0,TZ-GEI-001,SUCCESS,NONE
TPESA-3000808,2026-09-07 09:23:44,+25571***035,+25571870615,USSD_*150*01#,CASH_OUT_WAKALA,45000.0,675.0,TZ-DAR-004,SUCCESS,NONE
TPESA-3000809,2026-09-05 13:06:50,+25571***776,+25577100487,USSD_*150*01#,CASH_OUT_WAKALA,170700.0,2560.5,TZ-TAR-001,SUCCESS,NONE
TPESA-3000810,2026-09-04 21:57:33,+25571***313,+25571721313,USSD_*150*01#,AIRTIME_TOP_UP,15700.0,0.0,TZ-KIG-001,SUCCESS,NONE
TPESA-3000811,2026-09-01 22:28:35,+25577***899,+25577122265,USSD_*150*01#,P2P_TRANSFER,14100.0,350.0,TZ-MAR-001,SUCCESS,NONE
TPESA-3000812,2026-09-03 22:28:49,+25571***543,TILL-987842,TIGO_PESA_APP,LIPA_KWA_SIMU_MERCHANT,116800.0,934.4,TZ-DOM-003,SUCCESS,NONE
TPESA-3000813,2026-09-01 20:55:07,+25571***868,TILL-854994,TIGO_PESA_APP,LIPA_KWA_SIMU_MERCHANT,11600.0,92.8,TZ-DAR-014,SUCCESS,NONE
TPESA-3000814,2026-09-02 07:49:25,+25577***704,+25577404704,USSD_*150*01#,AIRTIME_TOP_UP,7500.0,0.0,TZ-NJO-001,FAILED,INSUFFICIENT_FUNDS
TPESA-3000815,2026-09-04 10:42:24,+25567***466,TILL-921994,USSD_*150*01#,LIPA_KWA_SIMU_MERCHANT,129900.0,1039.2,TZ-ARU-001,SUCCESS,NONE
TPESA-3000816,2026-09-06 06:05:39,+25571***078,+25567905842,TIGO_PESA_APP,P2P_TRANSFER,228900.0,3433.5,TZ-ARU-001,SUCCESS,NONE
TPESA-3000817,2026-09-02 21:57:30,+25567***337,+25567105337,USSD_*150*01#,AIRTIME_TOP_UP,4000.0,0.0,TZ-MAR-001,SUCCESS,NONE
TPESA-3000818,2026-09-05 11:46:33,+25577***849,+25571545780,USSD_*150*01#,CASH_OUT_WAKALA,148500.0,2227.5,TZ-MWA-003,SUCCESS,NONE
TPESA-3000819,2026-09-01 20:31:51,+25571***210,+25576532395,TIGO_PESA_APP,CASH_OUT_WAKALA,61100.0,916.5,TZ-TAN-001,SUCCESS,NONE
TPESA-3000820,2026-09-06 10:16:41,+25565***775,+25567354380,TIGO_PESA_APP,CASH_OUT_WAKALA,347200.0,0.0,TZ-ARU-001,FAILED,PIN_MAX_ATTEMPTS_EXCEEDED
TPESA-3000821,2026-09-07 18:09:43,+25567***691,+25577333885,TIGO_PESA_APP,BANK_TO_WALLET_DEPOSIT,947400.0,14211.0,TZ-TND-001,SUCCESS,NONE
TPESA-3000822,2026-09-02 20:11:50,+25567***935,+25576123255,TIGO_PESA_APP,P2P_TRANSFER,209900.0,3148.5,TZ-DAR-015,SUCCESS,NONE
TPESA-3000823,2026-09-03 12:52:47,+25577***291,+25567590041,USSD_*150*01#,P2P_TRANSFER,69300.0,1039.5,TZ-DAR-015,SUCCESS,NONE
TPESA-3000824,2026-09-02 13:06:17,+25577***830,+25571261446,USSD_*150*01#,CASH_OUT_WAKALA,226800.0,3402.0,TZ-MWA-003,SUCCESS,NONE
TPESA-3000825,2026-09-05 12:52:56,+25577***581,+25567834217,TIGO_PESA_APP,P2P_TRANSFER,71800.0,1077.0,TZ-DOM-003,SUCCESS,NONE
TPESA-3000826,2026-09-05 19:07:33,+25577***853,+25577358975,TIGO_PESA_APP,CASH_OUT_WAKALA,400800.0,6012.0,TZ-DOM-003,SUCCESS,NONE
TPESA-3000827,2026-09-06 09:15:44,+25577***659,+25565368519,TIGO_PESA_APP,CASH_OUT_WAKALA,441700.0,6625.5,TZ-TAR-001,SUCCESS,NONE
TPESA-3000828,2026-09-05 23:46:49,+25567***128,+25565572851,TIGO_PESA_APP,P2P_TRANSFER,229700.0,3445.5,TZ-ARU-002,SUCCESS,NONE
TPESA-3000829,2026-09-05 12:09:28,+25567***517,+25565599252,TIGO_PESA_APP,P2P_TRANSFER,69300.0,1039.5,TZ-MWA-003,SUCCESS,NONE
TPESA-3000830,2026-09-02 22:34:34,+25565***504,+25565946027,TIGO_PESA_APP,P2P_TRANSFER,138200.0,2073.0,TZ-ZNZ-001,SUCCESS,NONE
TPESA-3000831,2026-09-05 10:50:39,+25565***723,+25565567723,USSD_*150*01#,AIRTIME_TOP_UP,8700.0,0.0,TZ-DAR-012,SUCCESS,NONE
TPESA-3000832,2026-09-03 22:17:21,+25567***459,+25567545497,TIGO_PESA_APP,P2P_TRANSFER,237000.0,3555.0,TZ-KIG-001,SUCCESS,NONE
TPESA-3000833,2026-09-05 15:23:21,+25577***922,+25575539143,USSD_*150*01#,BANK_TO_WALLET_DEPOSIT,558400.0,8376.0,TZ-ZNZ-001,SUCCESS,NONE
TPESA-3000834,2026-09-02 07:50:54,+25565***586,+25577472032,USSD_*150*01#,BANK_TO_WALLET_DEPOSIT,614500.0,9217.5,TZ-PWA-001,SUCCESS,NONE
TPESA-3000835,2026-09-06 20:16:30,+25565***259,+25567543862,USSD_*150*01#,P2P_TRANSFER,198100.0,2971.5,TZ-MOR-001,SUCCESS,NONE
TPESA-3000836,2026-09-07 14:18:12,+25571***704,+25574366395,TIGO_PESA_APP,CASH_OUT_WAKALA,482300.0,7234.5,TZ-MWA-002,SUCCESS,NONE
TPESA-3000837,2026-09-06 23:20:14,+25577***981,+25577983981,USSD_*150*01#,AIRTIME_TOP_UP,6000.0,0.0,TZ-PEM-001,SUCCESS,NONE
TPESA-3000838,2026-09-06 07:13:26,+25571***313,+25567326924,USSD_*150*01#,P2P_TRANSFER,110100.0,1651.5,TZ-KIG-001,SUCCESS,NONE
TPESA-3000839,2026-09-07 15:12:51,+25565***957,TILL-832741,TIGO_PESA_APP,LIPA_KWA_SIMU_MERCHANT,127000.0,1016.0,TZ-TAB-001,SUCCESS,NONE
TPESA-3000840,2026-09-05 18:14:47,+25567***363,+25567634363,TIGO_PESA_APP,AIRTIME_TOP_UP,11700.0,0.0,TZ-PWA-001,SUCCESS,NONE
TPESA-3000841,2026-09-05 12:45:30,+25567***291,TILL-939342,TIGO_PESA_APP,LIPA_KWA_SIMU_MERCHANT,2900.0,23.2,TZ-SNG-001,SUCCESS,NONE
TPESA-3000842,2026-09-04 07:12:35,+25567***058,+25567699618,TIGO_PESA_APP,CASH_OUT_WAKALA,320500.0,4807.5,TZ-DAR-002,SUCCESS,NONE
TPESA-3000843,2026-09-06 22:08:09,+25565***825,TILL-919549,TIGO_PESA_APP,LIPA_KWA_SIMU_MERCHANT,24300.0,194.4,TZ-TAN-002,SUCCESS,NONE
TPESA-3000844,2026-09-03 07:59:57,+25571***968,+25577502895,TIGO_PESA_APP,P2P_TRANSFER,16600.0,350.0,TZ-ARU-002,SUCCESS,NONE
TPESA-3000845,2026-09-06 20:49:25,+25577***485,+25577557485,USSD_*150*01#,AIRTIME_TOP_UP,2500.0,0.0,TZ-PWA-002,SUCCESS,NONE
TPESA-3000846,2026-09-01 12:51:10,+25567***796,TILL-866900,TIGO_PESA_APP,LIPA_KWA_SIMU_MERCHANT,48000.0,384.0,TZ-MBY-001,SUCCESS,NONE
TPESA-3000847,2026-09-05 14:29:45,+25577***655,+25571374548,TIGO_PESA_APP,CASH_OUT_WAKALA,370500.0,5557.5,TZ-KIL-001,SUCCESS,NONE
TPESA-3000848,2026-09-06 21:23:20,+25567***010,+25567519433,TIGO_PESA_APP,P2P_TRANSFER,87300.0,1309.5,TZ-GEI-001,SUCCESS,NONE
TPESA-3000849,2026-09-02 19:15:23,+25571***243,+25567372103,TIGO_PESA_APP,P2P_TRANSFER,162800.0,2442.0,TZ-KAH-001,SUCCESS,NONE
TPESA-3000850,2026-09-02 09:03:31,+25567***566,+25567620566,USSD_*150*01#,AIRTIME_TOP_UP,18500.0,0.0,TZ-ZNZ-003,SUCCESS,NONE
TPESA-3000851,2026-09-01 15:18:24,+25567***410,TILL-772992,USSD_*150*01#,LIPA_KWA_SIMU_MERCHANT,85600.0,0.0,TZ-ARU-002,FAILED,PIN_MAX_ATTEMPTS_EXCEEDED
TPESA-3000852,2026-09-01 08:36:15,+25565***259,+25571817042,TIGO_PESA_APP,P2P_TRANSFER,186400.0,2796.0,TZ-MOR-001,SUCCESS,NONE
TPESA-3000853,2026-09-07 07:59:41,+25565***178,+25576994564,TIGO_PESA_APP,P2P_TRANSFER,222900.0,3343.5,TZ-ARU-002,SUCCESS,NONE
TPESA-3000854,2026-09-03 14:20:09,+25565***760,+25567384603,USSD_*150*01#,CASH_OUT_WAKALA,110700.0,1660.5,TZ-TAN-001,SUCCESS,NONE
TPESA-3000855,2026-09-02 11:41:47,+25577***794,+25577660529,USSD_*150*01#,P2P_TRANSFER,62300.0,934.5,TZ-ZNZ-004,SUCCESS,NONE
TPESA-3000856,2026-09-02 23:34:23,+25565***352,+25577540973,USSD_*150*01#,CASH_OUT_WAKALA,120600.0,1809.0,TZ-DAR-009,SUCCESS,NONE
TPESA-3000857,2026-09-01 10:21:07,+25571***828,+25571832485,TIGO_PESA_APP,CASH_OUT_WAKALA,453100.0,6796.5,TZ-NJO-001,SUCCESS,NONE
TPESA-3000858,2026-09-03 18:14:57,+25577***952,+25571229040,TIGO_PESA_APP,CASH_OUT_WAKALA,207500.0,3112.5,TZ-KIL-002,SUCCESS,NONE
TPESA-3000859,2026-09-03 18:57:57,+25565***578,+25565695578,USSD_*150*01#,AIRTIME_TOP_UP,2100.0,0.0,TZ-MOR-001,SUCCESS,NONE
TPESA-3000860,2026-09-05 06:52:13,+25565***395,TILL-696721,TIGO_PESA_APP,LIPA_KWA_SIMU_MERCHANT,47200.0,377.6,TZ-SNG-001,SUCCESS,NONE
TPESA-3000861,2026-09-06 14:03:46,+25577***304,+25577995304,TIGO_PESA_APP,AIRTIME_TOP_UP,8200.0,0.0,TZ-KIG-001,SUCCESS,NONE
TPESA-3000862,2026-09-05 21:27:00,+25577***739,+25567269975,TIGO_PESA_APP,P2P_TRANSFER,237600.0,3564.0,TZ-MWA-002,SUCCESS,NONE
TPESA-3000863,2026-09-07 12:37:54,+25577***214,+25565390386,USSD_*150*01#,BANK_TO_WALLET_DEPOSIT,240300.0,3604.5,TZ-PWA-002,SUCCESS,NONE
TPESA-3000864,2026-09-01 15:00:33,+25567***755,+25567390512,TIGO_PESA_APP,BANK_TO_WALLET_DEPOSIT,973700.0,14605.5,TZ-DAR-006,SUCCESS,NONE
TPESA-3000865,2026-09-06 17:15:55,+25565***436,+25567151136,TIGO_PESA_APP,BANK_TO_WALLET_DEPOSIT,205200.0,3078.0,TZ-ZNZ-002,SUCCESS,NONE
TPESA-3000866,2026-09-01 14:51:44,+25577***264,+25577405691,TIGO_PESA_APP,P2P_TRANSFER,220900.0,3313.5,TZ-DOM-001,SUCCESS,NONE
TPESA-3000867,2026-09-06 15:58:43,+25565***395,+25565418395,USSD_*150*01#,AIRTIME_TOP_UP,14700.0,0.0,TZ-SNG-001,SUCCESS,NONE
TPESA-3000868,2026-09-04 10:58:53,+25565***807,+25571157855,USSD_*150*01#,CASH_OUT_WAKALA,267800.0,4017.0,TZ-DAR-008,SUCCESS,NONE
TPESA-3000869,2026-09-06 22:02:49,+25567***846,+25577494988,TIGO_PESA_APP,P2P_TRANSFER,163800.0,2457.0,TZ-TAB-001,SUCCESS,NONE
TPESA-3000870,2026-09-04 13:38:30,+25567***120,+25571957564,USSD_*150*01#,P2P_TRANSFER,204300.0,3064.5,TZ-MTW-001,SUCCESS,NONE
TPESA-3000871,2026-09-04 18:35:30,+25567***995,+25571243391,USSD_*150*01#,P2P_TRANSFER,125500.0,1882.5,TZ-MBY-001,SUCCESS,NONE
TPESA-3000872,2026-09-04 23:35:26,+25571***879,+25567930973,USSD_*150*01#,CASH_OUT_WAKALA,386900.0,5803.5,TZ-DAR-003,SUCCESS,NONE
TPESA-3000873,2026-09-02 19:36:36,+25565***309,+25571616069,TIGO_PESA_APP,CASH_OUT_WAKALA,34700.0,520.5,TZ-BUK-001,SUCCESS,NONE
TPESA-3000874,2026-09-05 22:06:17,+25565***571,+25571849828,TIGO_PESA_APP,P2P_TRANSFER,201200.0,3018.0,TZ-DAR-011,SUCCESS,NONE
TPESA-3000875,2026-09-04 11:51:00,+25567***706,+25571335818,USSD_*150*01#,CASH_OUT_WAKALA,10200.0,350.0,TZ-ARU-002,SUCCESS,NONE
TPESA-3000876,2026-09-02 13:44:29,+25567***257,+25577250152,TIGO_PESA_APP,P2P_TRANSFER,107600.0,1614.0,TZ-DOM-003,SUCCESS,NONE
TPESA-3000877,2026-09-07 15:42:47,+25577***813,TILL-889100,TIGO_PESA_APP,LIPA_KWA_SIMU_MERCHANT,29600.0,236.8,TZ-DAR-015,SUCCESS,NONE
TPESA-3000878,2026-09-03 18:30:37,+25577***120,+25567975700,USSD_*150*01#,P2P_TRANSFER,20200.0,350.0,TZ-DAR-013,SUCCESS,NONE
TPESA-3000879,2026-09-04 13:24:10,+25567***150,TILL-665305,USSD_*150*01#,LIPA_KWA_SIMU_MERCHANT,130900.0,1047.2,TZ-DAR-007,SUCCESS,NONE
TPESA-3000880,2026-09-04 07:28:59,+25571***501,+25574235195,USSD_*150*01#,CASH_OUT_WAKALA,297800.0,4467.0,TZ-DAR-003,SUCCESS,NONE
TPESA-3000881,2026-09-07 08:58:27,+25565***309,+25565811314,USSD_*150*01#,P2P_TRANSFER,105200.0,1578.0,TZ-BUK-001,SUCCESS,NONE
TPESA-3000882,2026-09-01 21:02:22,+25567***551,+25577799564,USSD_*150*01#,P2P_TRANSFER,13100.0,350.0,TZ-DAR-011,SUCCESS,NONE
TPESA-3000883,2026-09-07 11:43:04,+25577***195,+25565429373,TIGO_PESA_APP,P2P_TRANSFER,19400.0,350.0,TZ-MBY-001,SUCCESS,NONE
TPESA-3000884,2026-09-07 11:20:37,+25571***887,+25565250315,USSD_*150*01#,CASH_OUT_WAKALA,198000.0,2970.0,TZ-KIL-001,SUCCESS,NONE
TPESA-3000885,2026-09-03 09:50:15,+25571***570,+25576102867,USSD_*150*01#,CASH_OUT_WAKALA,193100.0,2896.5,TZ-DAR-010,SUCCESS,NONE
TPESA-3000886,2026-09-04 18:57:27,+25565***446,+25571790549,USSD_*150*01#,BANK_TO_WALLET_DEPOSIT,637300.0,9559.5,TZ-ARU-003,SUCCESS,NONE
TPESA-3000887,2026-09-06 22:14:13,+25567***397,+25565569837,USSD_*150*01#,P2P_TRANSFER,216800.0,3252.0,TZ-MWA-001,SUCCESS,NONE
TPESA-3000888,2026-09-02 17:57:48,+25577***136,+25577350890,TIGO_PESA_APP,P2P_TRANSFER,129400.0,1941.0,TZ-MWA-003,SUCCESS,NONE
TPESA-3000889,2026-09-04 07:44:53,+25565***097,+25567722637,USSD_*150*01#,BANK_TO_WALLET_DEPOSIT,172300.0,2584.5,TZ-SNG-001,SUCCESS,NONE
TPESA-3000890,2026-09-04 12:02:19,+25567***177,+25577652446,TIGO_PESA_APP,P2P_TRANSFER,245900.0,3688.5,TZ-TND-001,SUCCESS,NONE
TPESA-3000891,2026-09-04 15:14:53,+25577***519,+25567352308,USSD_*150*01#,CASH_OUT_WAKALA,250800.0,0.0,TZ-PWA-002,FAILED,PIN_MAX_ATTEMPTS_EXCEEDED
TPESA-3000892,2026-09-01 16:58:00,+25567***055,+25576620275,TIGO_PESA_APP,P2P_TRANSFER,72700.0,1090.5,TZ-TAN-001,SUCCESS,NONE
TPESA-3000893,2026-09-03 20:58:48,+25571***282,+25571909274,TIGO_PESA_APP,CASH_OUT_WAKALA,310300.0,4654.5,TZ-MBY-002,SUCCESS,NONE
TPESA-3000894,2026-09-07 15:54:06,+25565***455,+25571681737,USSD_*150*01#,P2P_TRANSFER,222800.0,3342.0,TZ-MWA-003,SUCCESS,NONE
TPESA-3000895,2026-09-03 20:12:49,+25577***457,+25577561457,TIGO_PESA_APP,AIRTIME_TOP_UP,19000.0,0.0,TZ-DAR-009,SUCCESS,NONE
TPESA-3000896,2026-09-03 14:44:26,+25571***722,+25577999931,TIGO_PESA_APP,P2P_TRANSFER,100500.0,1507.5,TZ-DAR-002,SUCCESS,NONE
TPESA-3000897,2026-09-07 06:38:50,+25565***601,TILL-530139,USSD_*150*01#,LIPA_KWA_SIMU_MERCHANT,94100.0,752.8,TZ-GEI-001,SUCCESS,NONE
TPESA-3000898,2026-09-03 22:32:51,+25571***035,+25571409911,TIGO_PESA_APP,CASH_OUT_WAKALA,421300.0,6319.5,TZ-DAR-004,SUCCESS,NONE
TPESA-3000899,2026-09-04 10:59:46,+25577***814,+25571349045,TIGO_PESA_APP,CASH_OUT_WAKALA,226200.0,3393.0,TZ-GEI-001,SUCCESS,NONE
TPESA-3000900,2026-09-05 07:17:19,+25577***435,+25567200666,TIGO_PESA_APP,P2P_TRANSFER,230300.0,3454.5,TZ-DOM-002,SUCCESS,NONE
TPESA-3000901,2026-09-01 07:18:01,+25565***353,+25575157623,TIGO_PESA_APP,BANK_TO_WALLET_DEPOSIT,829200.0,12438.0,TZ-TND-001,SUCCESS,NONE
TPESA-3000902,2026-09-02 12:21:23,+25571***692,+25577523504,USSD_*150*01#,P2P_TRANSFER,233300.0,3499.5,TZ-MBY-002,SUCCESS,NONE
TPESA-3000903,2026-09-05 22:14:16,+25565***352,+25574656346,TIGO_PESA_APP,P2P_TRANSFER,245600.0,3684.0,TZ-DAR-009,SUCCESS,NONE
TPESA-3000904,2026-09-05 19:30:21,+25577***848,+25575878174,USSD_*150*01#,CASH_OUT_WAKALA,354700.0,5320.5,TZ-DAR-005,SUCCESS,NONE
TPESA-3000905,2026-09-02 19:50:15,+25577***607,TILL-657559,TIGO_PESA_APP,LIPA_KWA_SIMU_MERCHANT,110400.0,883.2,TZ-MWA-003,SUCCESS,NONE
TPESA-3000906,2026-09-05 15:09:02,+25565***888,TILL-605829,TIGO_PESA_APP,LIPA_KWA_SIMU_MERCHANT,122400.0,979.2,TZ-DAR-011,SUCCESS,NONE
TPESA-3000907,2026-09-04 12:59:49,+25577***513,+25577713513,USSD_*150*01#,AIRTIME_TOP_UP,5800.0,0.0,TZ-DAR-009,FAILED,PIN_MAX_ATTEMPTS_EXCEEDED
TPESA-3000908,2026-09-07 08:32:30,+25567***745,+25576370915,USSD_*150*01#,CASH_OUT_WAKALA,419000.0,6285.0,TZ-MWA-001,SUCCESS,NONE
TPESA-3000909,2026-09-03 07:39:20,+25567***288,+25577688492,TIGO_PESA_APP,P2P_TRANSFER,94800.0,1422.0,TZ-SHI-001,SUCCESS,NONE
TPESA-3000910,2026-09-01 15:39:04,+25567***509,+25567989034,TIGO_PESA_APP,P2P_TRANSFER,147800.0,2217.0,TZ-DAR-002,SUCCESS,NONE
TPESA-3000911,2026-09-05 08:28:10,+25571***315,+25571374315,TIGO_PESA_APP,AIRTIME_TOP_UP,1200.0,0.0,TZ-IRI-001,SUCCESS,NONE
TPESA-3000912,2026-09-01 21:01:49,+25567***177,+25577359647,TIGO_PESA_APP,P2P_TRANSFER,235500.0,3532.5,TZ-ARU-002,SUCCESS,NONE
TPESA-3000913,2026-09-04 22:55:59,+25571***410,+25571956410,TIGO_PESA_APP,AIRTIME_TOP_UP,13800.0,0.0,TZ-PWA-001,SUCCESS,NONE
TPESA-3000914,2026-09-03 07:52:13,+25571***860,+25577174720,TIGO_PESA_APP,CASH_OUT_WAKALA,387200.0,5808.0,TZ-DAR-003,SUCCESS,NONE
TPESA-3000915,2026-09-03 16:33:12,+25577***619,TILL-945683,USSD_*150*01#,LIPA_KWA_SIMU_MERCHANT,135700.0,1085.6,TZ-SHI-001,SUCCESS,NONE
TPESA-3000916,2026-09-03 08:58:43,+25567***186,+25567207186,USSD_*150*01#,AIRTIME_TOP_UP,9500.0,0.0,TZ-KIL-002,SUCCESS,NONE
TPESA-3000917,2026-09-03 16:02:47,+25577***036,TILL-525848,TIGO_PESA_APP,LIPA_KWA_SIMU_MERCHANT,79100.0,632.8,TZ-DOM-001,SUCCESS,NONE
TPESA-3000918,2026-09-02 20:11:00,+25577***180,+25571741492,TIGO_PESA_APP,P2P_TRANSFER,150600.0,2259.0,TZ-DAR-015,SUCCESS,NONE
TPESA-3000919,2026-09-02 22:21:34,+25571***088,+25571612088,TIGO_PESA_APP,AIRTIME_TOP_UP,3600.0,0.0,TZ-GEI-001,SUCCESS,NONE
TPESA-3000920,2026-09-03 19:51:16,+25565***568,+25565701568,USSD_*150*01#,AIRTIME_TOP_UP,700.0,0.0,TZ-MWA-002,SUCCESS,NONE
TPESA-3000921,2026-09-02 08:22:42,+25567***132,+25567287853,USSD_*150*01#,CASH_OUT_WAKALA,123700.0,1855.5,TZ-DAR-014,SUCCESS,NONE
TPESA-3000922,2026-09-06 15:43:53,+25565***288,+25571428162,USSD_*150*01#,BANK_TO_WALLET_DEPOSIT,851400.0,12771.0,TZ-KIL-003,SUCCESS,NONE
TPESA-3000923,2026-09-04 09:09:16,+25565***413,+25571269279,USSD_*150*01#,P2P_TRANSFER,168600.0,2529.0,TZ-DAR-005,SUCCESS,NONE
TPESA-3000924,2026-09-02 21:47:04,+25577***495,+25571579601,USSD_*150*01#,P2P_TRANSFER,138300.0,2074.5,TZ-ARU-001,SUCCESS,NONE
TPESA-3000925,2026-09-07 19:12:33,+25565***203,TILL-625642,USSD_*150*01#,LIPA_KWA_SIMU_MERCHANT,38300.0,306.4,TZ-MOR-001,SUCCESS,NONE
TPESA-3000926,2026-09-06 14:09:37,+25567***711,+25565988813,TIGO_PESA_APP,CASH_OUT_WAKALA,215100.0,3226.5,TZ-PEM-001,SUCCESS,NONE
TPESA-3000927,2026-09-07 17:46:25,+25565***097,+25565976097,USSD_*150*01#,AIRTIME_TOP_UP,7300.0,0.0,TZ-SNG-001,SUCCESS,NONE
TPESA-3000928,2026-09-05 22:39:32,+25565***410,+25567117606,USSD_*150*01#,P2P_TRANSFER,112300.0,1684.5,TZ-SNG-001,SUCCESS,NONE
TPESA-3000929,2026-09-02 13:32:29,+25567***254,+25567767254,USSD_*150*01#,AIRTIME_TOP_UP,2500.0,0.0,TZ-ZNZ-002,SUCCESS,NONE
TPESA-3000930,2026-09-01 13:09:59,+25577***716,+25565585946,USSD_*150*01#,P2P_TRANSFER,234200.0,3513.0,TZ-DAR-002,SUCCESS,NONE
TPESA-3000931,2026-09-05 17:03:31,+25565***790,+25565545790,TIGO_PESA_APP,AIRTIME_TOP_UP,7800.0,0.0,TZ-MWA-003,SUCCESS,NONE
TPESA-3000932,2026-09-01 16:58:03,+25577***511,TILL-653132,TIGO_PESA_APP,LIPA_KWA_SIMU_MERCHANT,52100.0,416.8,TZ-TAN-001,SUCCESS,NONE
TPESA-3000933,2026-09-02 15:07:03,+25577***008,+25577103291,USSD_*150*01#,CASH_OUT_WAKALA,155600.0,0.0,TZ-MWA-002,FAILED,INSUFFICIENT_FUNDS
TPESA-3000934,2026-09-04 06:37:15,+25571***213,+25575129403,TIGO_PESA_APP,CASH_OUT_WAKALA,304000.0,4560.0,TZ-KIL-002,SUCCESS,NONE
TPESA-3000935,2026-09-06 16:00:32,+25577***969,TILL-791679,USSD_*150*01#,LIPA_KWA_SIMU_MERCHANT,22700.0,181.6,TZ-MWA-003,SUCCESS,NONE
TPESA-3000936,2026-09-06 19:16:52,+25577***966,+25577637966,TIGO_PESA_APP,AIRTIME_TOP_UP,5600.0,0.0,TZ-TAN-001,SUCCESS,NONE
TPESA-3000937,2026-09-03 23:00:57,+25577***179,TILL-992096,USSD_*150*01#,LIPA_KWA_SIMU_MERCHANT,8100.0,64.8,TZ-KAH-001,SUCCESS,NONE
TPESA-3000938,2026-09-06 13:21:48,+25571***048,+25565721341,USSD_*150*01#,CASH_OUT_WAKALA,496500.0,7447.5,TZ-SHI-001,SUCCESS,NONE
TPESA-3000939,2026-09-04 07:11:59,+25571***692,+25567710774,TIGO_PESA_APP,P2P_TRANSFER,182000.0,2730.0,TZ-DAR-002,SUCCESS,NONE
TPESA-3000940,2026-09-01 12:17:29,+25565***299,+25567209187,TIGO_PESA_APP,P2P_TRANSFER,163500.0,2452.5,TZ-ZNZ-004,SUCCESS,NONE
TPESA-3000941,2026-09-06 19:41:40,+25577***374,TILL-820695,TIGO_PESA_APP,LIPA_KWA_SIMU_MERCHANT,66100.0,528.8,TZ-ARU-002,SUCCESS,NONE
TPESA-3000942,2026-09-05 17:03:09,+25571***853,+25577809797,TIGO_PESA_APP,P2P_TRANSFER,46800.0,702.0,TZ-DOM-002,SUCCESS,NONE
TPESA-3000943,2026-09-06 20:20:15,+25565***609,TILL-951931,USSD_*150*01#,LIPA_KWA_SIMU_MERCHANT,132000.0,1056.0,TZ-TAN-001,SUCCESS,NONE
TPESA-3000944,2026-09-07 07:04:27,+25577***170,+25575468439,TIGO_PESA_APP,CASH_OUT_WAKALA,71200.0,1068.0,TZ-MWA-001,SUCCESS,NONE
TPESA-3000945,2026-09-05 06:34:10,+25571***604,TILL-959003,TIGO_PESA_APP,LIPA_KWA_SIMU_MERCHANT,114700.0,917.6,TZ-ARU-001,SUCCESS,NONE
TPESA-3000946,2026-09-02 14:02:03,+25571***000,TILL-624021,USSD_*150*01#,LIPA_KWA_SIMU_MERCHANT,122100.0,976.8,TZ-MWA-001,SUCCESS,NONE
TPESA-3000947,2026-09-01 07:35:01,+25565***323,TILL-582360,TIGO_PESA_APP,LIPA_KWA_SIMU_MERCHANT,50200.0,401.6,TZ-ZNZ-004,SUCCESS,NONE
TPESA-3000948,2026-09-03 10:49:22,+25571***373,+25567605132,USSD_*150*01#,P2P_TRANSFER,196600.0,2949.0,TZ-ZNZ-003,SUCCESS,NONE
TPESA-3000949,2026-09-06 23:45:30,+25565***127,TILL-634896,USSD_*150*01#,LIPA_KWA_SIMU_MERCHANT,87100.0,696.8,TZ-KIG-001,SUCCESS,NONE
TPESA-3000950,2026-09-03 13:33:21,+25565***030,+25571459018,TIGO_PESA_APP,P2P_TRANSFER,116800.0,1752.0,TZ-DAR-006,SUCCESS,NONE
TPESA-3000951,2026-09-04 18:39:19,+25567***622,+25567128622,USSD_*150*01#,AIRTIME_TOP_UP,9800.0,0.0,TZ-DAR-004,SUCCESS,NONE
TPESA-3000952,2026-09-05 12:38:56,+25577***597,+25575373033,USSD_*150*01#,P2P_TRANSFER,143100.0,2146.5,TZ-DAR-009,SUCCESS,NONE
TPESA-3000953,2026-09-03 08:30:58,+25571***378,+25571708052,USSD_*150*01#,P2P_TRANSFER,214500.0,3217.5,TZ-MWA-001,SUCCESS,NONE
TPESA-3000954,2026-09-01 17:15:41,+25567***144,TILL-570218,USSD_*150*01#,LIPA_KWA_SIMU_MERCHANT,97500.0,780.0,TZ-KIL-003,SUCCESS,NONE
TPESA-3000955,2026-09-07 11:18:42,+25577***619,+25577876619,TIGO_PESA_APP,AIRTIME_TOP_UP,17500.0,0.0,TZ-SHI-001,SUCCESS,NONE
TPESA-3000956,2026-09-07 09:25:55,+25565***222,TILL-512393,USSD_*150*01#,LIPA_KWA_SIMU_MERCHANT,28700.0,229.6,TZ-MAR-001,SUCCESS,NONE
TPESA-3000957,2026-09-04 23:21:40,+25567***306,+25567206714,USSD_*150*01#,P2P_TRANSFER,124600.0,1869.0,TZ-DOM-003,SUCCESS,NONE
TPESA-3000958,2026-09-04 08:22:28,+25577***848,TILL-822660,USSD_*150*01#,LIPA_KWA_SIMU_MERCHANT,146100.0,1168.8,TZ-DAR-005,SUCCESS,NONE
TPESA-3000959,2026-09-06 17:52:27,+25567***331,+25576413408,TIGO_PESA_APP,CASH_OUT_WAKALA,38800.0,582.0,TZ-ARU-001,SUCCESS,NONE
TPESA-3000960,2026-09-01 23:22:23,+25567***844,+25567982844,TIGO_PESA_APP,AIRTIME_TOP_UP,17600.0,0.0,TZ-ZNZ-004,SUCCESS,NONE
TPESA-3000961,2026-09-06 23:11:59,+25567***796,+25577224032,USSD_*150*01#,CASH_OUT_WAKALA,496500.0,7447.5,TZ-MBY-001,SUCCESS,NONE
TPESA-3000962,2026-09-06 22:51:35,+25567***329,+25567768506,TIGO_PESA_APP,P2P_TRANSFER,214100.0,3211.5,TZ-DOM-001,SUCCESS,NONE
TPESA-3000963,2026-09-03 15:28:50,+25577***351,+25574707774,USSD_*150*01#,CASH_OUT_WAKALA,249400.0,3741.0,TZ-DOM-001,SUCCESS,NONE
TPESA-3000964,2026-09-04 09:03:51,+25565***531,+25574656665,USSD_*150*01#,BANK_TO_WALLET_DEPOSIT,945700.0,14185.5,TZ-KIL-002,SUCCESS,NONE
TPESA-3000965,2026-09-07 19:06:59,+25565***336,TILL-729786,USSD_*150*01#,LIPA_KWA_SIMU_MERCHANT,7300.0,58.4,TZ-DAR-006,SUCCESS,NONE
TPESA-3000966,2026-09-01 21:11:38,+25565***873,+25571578971,TIGO_PESA_APP,CASH_OUT_WAKALA,66200.0,993.0,TZ-ZNZ-003,SUCCESS,NONE
TPESA-3000967,2026-09-05 22:35:03,+25571***712,+25574469063,TIGO_PESA_APP,CASH_OUT_WAKALA,90900.0,1363.5,TZ-DAR-003,SUCCESS,NONE
TPESA-3000968,2026-09-03 21:20:02,+25571***976,+25565496392,TIGO_PESA_APP,P2P_TRANSFER,160400.0,2406.0,TZ-MBY-002,SUCCESS,NONE
TPESA-3000969,2026-09-01 15:07:01,+25577***401,TILL-684776,USSD_*150*01#,LIPA_KWA_SIMU_MERCHANT,92100.0,736.8,TZ-IRI-001,SUCCESS,NONE
TPESA-3000970,2026-09-04 08:06:01,+25577***039,+25577388039,USSD_*150*01#,AIRTIME_TOP_UP,15700.0,0.0,TZ-ZNZ-002,SUCCESS,NONE
TPESA-3000971,2026-09-06 11:59:52,+25571***110,+25567460399,TIGO_PESA_APP,CASH_OUT_WAKALA,240600.0,3609.0,TZ-ARU-001,SUCCESS,NONE
TPESA-3000972,2026-09-01 22:53:17,+25565***277,+25574124496,USSD_*150*01#,BANK_TO_WALLET_DEPOSIT,467100.0,7006.5,TZ-TAN-001,SUCCESS,NONE
TPESA-3000973,2026-09-01 18:48:32,+25565***869,TILL-783360,TIGO_PESA_APP,LIPA_KWA_SIMU_MERCHANT,80100.0,640.8,TZ-TAR-001,SUCCESS,NONE
TPESA-3000974,2026-09-03 19:03:55,+25571***901,TILL-779765,TIGO_PESA_APP,LIPA_KWA_SIMU_MERCHANT,42300.0,338.4,TZ-DAR-015,SUCCESS,NONE
TPESA-3000975,2026-09-01 16:02:38,+25577***456,+25571937791,TIGO_PESA_APP,BANK_TO_WALLET_DEPOSIT,756100.0,11341.5,TZ-DAR-007,SUCCESS,NONE
TPESA-3000976,2026-09-03 11:40:26,+25565***249,TILL-515517,USSD_*150*01#,LIPA_KWA_SIMU_MERCHANT,52000.0,416.0,TZ-ZNZ-002,SUCCESS,NONE
TPESA-3000977,2026-09-06 16:54:19,+25565***829,+25577599983,TIGO_PESA_APP,P2P_TRANSFER,84500.0,1267.5,TZ-DAR-007,SUCCESS,NONE
TPESA-3000978,2026-09-07 19:31:16,+25571***879,+25571172046,TIGO_PESA_APP,P2P_TRANSFER,70800.0,1062.0,TZ-DAR-003,SUCCESS,NONE
TPESA-3000979,2026-09-05 11:56:29,+25565***954,+25565657394,TIGO_PESA_APP,P2P_TRANSFER,88200.0,1323.0,TZ-DAR-004,SUCCESS,NONE
TPESA-3000980,2026-09-06 08:41:42,+25577***956,TILL-805763,TIGO_PESA_APP,LIPA_KWA_SIMU_MERCHANT,112800.0,902.4,TZ-ARU-001,SUCCESS,NONE
TPESA-3000981,2026-09-06 23:39:28,+25565***887,+25565144887,USSD_*150*01#,AIRTIME_TOP_UP,17000.0,0.0,TZ-IRI-001,SUCCESS,NONE
TPESA-3000982,2026-09-02 06:20:14,+25577***641,+25565965899,USSD_*150*01#,P2P_TRANSFER,99100.0,1486.5,TZ-DAR-013,SUCCESS,NONE
TPESA-3000983,2026-09-02 11:34:09,+25565***179,TILL-936888,TIGO_PESA_APP,LIPA_KWA_SIMU_MERCHANT,18200.0,145.6,TZ-PWA-002,SUCCESS,NONE
TPESA-3000984,2026-09-04 16:19:04,+25571***992,+25577114356,USSD_*150*01#,P2P_TRANSFER,59700.0,895.5,TZ-DAR-008,SUCCESS,NONE
TPESA-3000985,2026-09-06 08:23:29,+25577***935,+25571435783,USSD_*150*01#,P2P_TRANSFER,197800.0,2967.0,TZ-PWA-001,SUCCESS,NONE
TPESA-3000986,2026-09-04 21:30:46,+25571***749,+25565770310,USSD_*150*01#,P2P_TRANSFER,177400.0,2661.0,TZ-DAR-008,SUCCESS,NONE
TPESA-3000987,2026-09-05 11:46:01,+25567***463,+25575544095,TIGO_PESA_APP,CASH_OUT_WAKALA,270900.0,4063.5,TZ-DOM-001,SUCCESS,NONE
TPESA-3000988,2026-09-01 19:11:39,+25567***588,TILL-574698,USSD_*150*01#,LIPA_KWA_SIMU_MERCHANT,143700.0,1149.6,TZ-PEM-001,SUCCESS,NONE
TPESA-3000989,2026-09-03 08:39:07,+25565***181,+25576873354,TIGO_PESA_APP,P2P_TRANSFER,128800.0,1932.0,TZ-DAR-003,SUCCESS,NONE
TPESA-3000990,2026-09-01 09:01:48,+25571***464,+25574545909,TIGO_PESA_APP,P2P_TRANSFER,22400.0,0.0,TZ-PWA-002,FAILED,INSUFFICIENT_FUNDS
TPESA-3000991,2026-09-07 13:48:16,+25577***280,+25567535694,USSD_*150*01#,CASH_OUT_WAKALA,481600.0,7224.0,TZ-KIG-001,SUCCESS,NONE
TPESA-3000992,2026-09-04 18:18:21,+25567***550,+25574676369,USSD_*150*01#,P2P_TRANSFER,117600.0,1764.0,TZ-DAR-013,SUCCESS,NONE
TPESA-3000993,2026-09-03 22:47:35,+25577***646,+25577545195,USSD_*150*01#,CASH_OUT_WAKALA,316700.0,4750.5,TZ-KIG-001,SUCCESS,NONE
TPESA-3000994,2026-09-03 13:06:32,+25565***715,+25571397091,TIGO_PESA_APP,P2P_TRANSFER,191500.0,2872.5,TZ-ARU-003,SUCCESS,NONE
TPESA-3000995,2026-09-05 06:17:42,+25565***821,+25565759573,TIGO_PESA_APP,CASH_OUT_WAKALA,183900.0,2758.5,TZ-TND-001,SUCCESS,NONE
TPESA-3000996,2026-09-07 13:05:03,+25577***879,+25577136967,USSD_*150*01#,BANK_TO_WALLET_DEPOSIT,86100.0,1291.5,TZ-ZNZ-002,SUCCESS,NONE
TPESA-3000997,2026-09-02 14:58:26,+25565***215,TILL-539336,USSD_*150*01#,LIPA_KWA_SIMU_MERCHANT,27800.0,222.4,TZ-KIL-002,SUCCESS,NONE
TPESA-3000998,2026-09-06 13:15:53,+25577***736,+25565428809,USSD_*150*01#,CASH_OUT_WAKALA,56100.0,841.5,TZ-DAR-012,SUCCESS,NONE
TPESA-3000999,2026-09-06 17:34:40,+25577***646,+25567921113,USSD_*150*01#,P2P_TRANSFER,116400.0,1746.0,TZ-KIG-001,SUCCESS,NONE
TPESA-3001000,2026-09-03 10:12:19,+25577***949,+25567116391,USSD_*150*01#,CASH_OUT_WAKALA,266800.0,4002.0,TZ-TND-001,SUCCESS,NONE
TPESA-3001001,2026-09-06 22:53:55,+25567***598,+25575100860,USSD_*150*01#,P2P_TRANSFER,134800.0,2022.0,TZ-DOM-003,SUCCESS,NONE
TPESA-3001002,2026-09-05 09:11:06,+25571***116,+25571209116,TIGO_PESA_APP,AIRTIME_TOP_UP,19000.0,0.0,TZ-DAR-015,SUCCESS,NONE
TPESA-3001003,2026-09-07 14:43:55,+25567***241,+25571591060,USSD_*150*01#,CASH_OUT_WAKALA,17600.0,350.0,TZ-MTW-001,SUCCESS,NONE
TPESA-3001004,2026-09-06 11:16:09,+25571***164,+25577266593,USSD_*150*01#,BANK_TO_WALLET_DEPOSIT,413700.0,6205.5,TZ-MWA-003,SUCCESS,NONE
TPESA-3001005,2026-09-06 21:59:51,+25571***242,+25571441242,TIGO_PESA_APP,AIRTIME_TOP_UP,8000.0,0.0,TZ-DAR-012,SUCCESS,NONE
TPESA-3001006,2026-09-01 11:35:50,+25571***662,+25575971779,TIGO_PESA_APP,P2P_TRANSFER,90100.0,1351.5,TZ-GEI-001,SUCCESS,NONE
TPESA-3001007,2026-09-02 15:53:09,+25577***442,+25577481573,TIGO_PESA_APP,P2P_TRANSFER,55900.0,838.5,TZ-DAR-002,SUCCESS,NONE
TPESA-3001008,2026-09-07 22:02:36,+25571***470,TILL-871410,TIGO_PESA_APP,LIPA_KWA_SIMU_MERCHANT,54100.0,432.8,TZ-DOM-003,SUCCESS,NONE
TPESA-3001009,2026-09-05 22:50:24,+25567***173,+25574620594,USSD_*150*01#,P2P_TRANSFER,86600.0,1299.0,TZ-DAR-013,SUCCESS,NONE
TPESA-3001010,2026-09-04 12:13:57,+25565***017,+25565887017,TIGO_PESA_APP,AIRTIME_TOP_UP,2600.0,0.0,TZ-PWA-001,SUCCESS,NONE
TPESA-3001011,2026-09-05 17:43:28,+25577***682,+25576983570,TIGO_PESA_APP,P2P_TRANSFER,196000.0,2940.0,TZ-ZNZ-004,SUCCESS,NONE
TPESA-3001012,2026-09-05 17:17:41,+25571***472,+25571414338,USSD_*150*01#,CASH_OUT_WAKALA,474000.0,7110.0,TZ-ZNZ-003,SUCCESS,NONE
TPESA-3001013,2026-09-02 14:04:03,+25565***125,+25571491784,USSD_*150*01#,P2P_TRANSFER,129400.0,1941.0,TZ-PWA-002,SUCCESS,NONE
TPESA-3001014,2026-09-05 09:48:15,+25577***607,+25571223901,USSD_*150*01#,P2P_TRANSFER,208200.0,3123.0,TZ-MWA-003,SUCCESS,NONE
TPESA-3001015,2026-09-03 12:20:19,+25571***539,+25565684985,TIGO_PESA_APP,CASH_OUT_WAKALA,63300.0,949.5,TZ-DAR-004,SUCCESS,NONE
TPESA-3001016,2026-09-01 11:32:08,+25565***964,+25567787939,TIGO_PESA_APP,P2P_TRANSFER,38200.0,0.0,TZ-TAN-003,FAILED,INSUFFICIENT_FUNDS
TPESA-3001017,2026-09-05 12:30:02,+25565***606,TILL-750019,USSD_*150*01#,LIPA_KWA_SIMU_MERCHANT,47100.0,376.8,TZ-DAR-012,SUCCESS,NONE
TPESA-3001018,2026-09-06 15:02:35,+25567***101,+25574329771,TIGO_PESA_APP,P2P_TRANSFER,186600.0,0.0,TZ-ARU-003,FAILED,SYSTEM_BUSY
TPESA-3001019,2026-09-04 18:59:12,+25571***078,+25577652116,TIGO_PESA_APP,P2P_TRANSFER,211600.0,3174.0,TZ-ARU-001,SUCCESS,NONE
TPESA-3001020,2026-09-01 13:29:02,+25571***753,TILL-883099,USSD_*150*01#,LIPA_KWA_SIMU_MERCHANT,96600.0,772.8,TZ-ZNZ-001,SUCCESS,NONE
TPESA-3001021,2026-09-07 12:57:53,+25577***813,+25575117635,USSD_*150*01#,P2P_TRANSFER,89600.0,1344.0,TZ-TND-001,SUCCESS,NONE
TPESA-3001022,2026-09-05 16:43:10,+25567***442,+25567395442,TIGO_PESA_APP,AIRTIME_TOP_UP,5800.0,0.0,TZ-DAR-004,SUCCESS,NONE
TPESA-3001023,2026-09-05 23:34:59,+25571***778,+25577394621,TIGO_PESA_APP,CASH_OUT_WAKALA,270500.0,4057.5,TZ-MBY-001,SUCCESS,NONE
TPESA-3001024,2026-09-02 14:28:36,+25571***546,+25571976878,TIGO_PESA_APP,BANK_TO_WALLET_DEPOSIT,536000.0,8040.0,TZ-PWA-002,SUCCESS,NONE
TPESA-3001025,2026-09-04 17:38:51,+25571***244,+25571573409,TIGO_PESA_APP,CASH_OUT_WAKALA,245400.0,3681.0,TZ-DAR-001,SUCCESS,NONE
TPESA-3001026,2026-09-01 06:55:11,+25565***869,+25567376441,USSD_*150*01#,P2P_TRANSFER,99900.0,1498.5,TZ-TAR-001,SUCCESS,NONE
TPESA-3001027,2026-09-04 16:42:07,+25571***713,+25574644813,TIGO_PESA_APP,P2P_TRANSFER,61500.0,922.5,TZ-ARU-003,SUCCESS,NONE
TPESA-3001028,2026-09-05 14:29:51,+25567***995,+25571340344,USSD_*150*01#,BANK_TO_WALLET_DEPOSIT,684600.0,0.0,TZ-MBY-001,FAILED,USSD_TIMEOUT
TPESA-3001029,2026-09-03 12:49:44,+25567***401,TILL-893588,TIGO_PESA_APP,LIPA_KWA_SIMU_MERCHANT,85000.0,680.0,TZ-DAR-015,SUCCESS,NONE
TPESA-3001030,2026-09-03 12:35:31,+25567***687,+25577536304,TIGO_PESA_APP,CASH_OUT_WAKALA,388800.0,5832.0,TZ-DAR-004,SUCCESS,NONE
TPESA-3001031,2026-09-07 08:27:16,+25567***710,+25576349531,USSD_*150*01#,P2P_TRANSFER,210000.0,3150.0,TZ-DAR-003,SUCCESS,NONE
TPESA-3001032,2026-09-07 17:22:10,+25567***011,+25565912887,USSD_*150*01#,BANK_TO_WALLET_DEPOSIT,314300.0,4714.5,TZ-TAN-001,SUCCESS,NONE
TPESA-3001033,2026-09-02 13:56:56,+25565***568,+25565846568,TIGO_PESA_APP,AIRTIME_TOP_UP,600.0,0.0,TZ-DAR-003,SUCCESS,NONE
TPESA-3001034,2026-09-02 07:00:42,+25577***287,+25567934638,TIGO_PESA_APP,P2P_TRANSFER,181900.0,2728.5,TZ-DAR-009,SUCCESS,NONE
TPESA-3001035,2026-09-02 14:13:29,+25565***017,+25565887017,TIGO_PESA_APP,AIRTIME_TOP_UP,20000.0,0.0,TZ-PWA-001,SUCCESS,NONE
TPESA-3001036,2026-09-05 12:45:41,+25571***124,+25575940434,USSD_*150*01#,CASH_OUT_WAKALA,458500.0,6877.5,TZ-IRI-001,SUCCESS,NONE
TPESA-3001037,2026-09-01 19:51:00,+25571***719,+25574932665,USSD_*150*01#,CASH_OUT_WAKALA,465000.0,6975.0,TZ-ZNZ-002,SUCCESS,NONE
TPESA-3001038,2026-09-06 13:07:55,+25577***219,+25571313965,TIGO_PESA_APP,P2P_TRANSFER,48100.0,721.5,TZ-MWA-001,SUCCESS,NONE
TPESA-3001039,2026-09-03 15:38:23,+25565***065,+25577129111,TIGO_PESA_APP,CASH_OUT_WAKALA,367200.0,5508.0,TZ-MBY-002,SUCCESS,NONE
TPESA-3001040,2026-09-02 06:36:05,+25565***939,+25565943996,USSD_*150*01#,P2P_TRANSFER,179900.0,2698.5,TZ-DOM-002,SUCCESS,NONE
TPESA-3001041,2026-09-05 20:55:16,+25565***561,+25565815081,TIGO_PESA_APP,P2P_TRANSFER,99600.0,1494.0,TZ-KIL-003,SUCCESS,NONE
TPESA-3001042,2026-09-01 08:13:44,+25571***538,+25577588163,TIGO_PESA_APP,P2P_TRANSFER,241700.0,3625.5,TZ-TAN-002,SUCCESS,NONE
TPESA-3001043,2026-09-05 13:45:22,+25571***573,+25565101949,TIGO_PESA_APP,P2P_TRANSFER,8000.0,350.0,TZ-KIL-002,SUCCESS,NONE
TPESA-3001044,2026-09-05 16:40:58,+25567***634,+25577444034,TIGO_PESA_APP,P2P_TRANSFER,52300.0,784.5,TZ-TAR-001,SUCCESS,NONE
TPESA-3001045,2026-09-06 10:27:33,+25567***523,+25567365707,USSD_*150*01#,BANK_TO_WALLET_DEPOSIT,250400.0,3756.0,TZ-TND-001,SUCCESS,NONE
TPESA-3001046,2026-09-05 23:32:02,+25567***857,+25577178940,TIGO_PESA_APP,P2P_TRANSFER,205200.0,3078.0,TZ-NJO-001,SUCCESS,NONE
TPESA-3001047,2026-09-05 20:45:35,+25565***315,+25565178315,USSD_*150*01#,AIRTIME_TOP_UP,18800.0,0.0,TZ-ARU-001,SUCCESS,NONE
TPESA-3001048,2026-09-07 18:54:13,+25567***481,+25571559867,TIGO_PESA_APP,CASH_OUT_WAKALA,91800.0,1377.0,TZ-DAR-014,SUCCESS,NONE
TPESA-3001049,2026-09-02 14:06:41,+25571***802,+25565429597,TIGO_PESA_APP,P2P_TRANSFER,222800.0,3342.0,TZ-DOM-001,SUCCESS,NONE
TPESA-3001050,2026-09-03 20:45:23,+25565***287,TILL-843878,USSD_*150*01#,LIPA_KWA_SIMU_MERCHANT,126500.0,1012.0,TZ-KIL-002,SUCCESS,NONE
TPESA-3001051,2026-09-05 17:36:42,+25577***247,+25577649666,USSD_*150*01#,CASH_OUT_WAKALA,13000.0,350.0,TZ-DAR-010,SUCCESS,NONE
TPESA-3001052,2026-09-01 20:42:21,+25565***457,+25575750897,USSD_*150*01#,P2P_TRANSFER,136100.0,2041.5,TZ-TAN-003,SUCCESS,NONE
TPESA-3001053,2026-09-05 20:31:57,+25577***675,TILL-795300,TIGO_PESA_APP,LIPA_KWA_SIMU_MERCHANT,16900.0,135.2,TZ-DAR-015,SUCCESS,NONE
TPESA-3001054,2026-09-02 22:02:46,+25577***957,TILL-657869,USSD_*150*01#,LIPA_KWA_SIMU_MERCHANT,90200.0,721.6,TZ-MTW-001,SUCCESS,NONE
TPESA-3001055,2026-09-03 17:11:02,+25567***133,+25567283217,TIGO_PESA_APP,CASH_OUT_WAKALA,388100.0,5821.5,TZ-DAR-009,SUCCESS,NONE
TPESA-3001056,2026-09-05 10:13:11,+25571***638,+25575997876,TIGO_PESA_APP,CASH_OUT_WAKALA,461500.0,0.0,TZ-DAR-014,FAILED,USSD_TIMEOUT
TPESA-3001057,2026-09-01 15:37:05,+25565***946,TILL-765782,USSD_*150*01#,LIPA_KWA_SIMU_MERCHANT,126300.0,1010.4,TZ-DAR-015,SUCCESS,NONE
TPESA-3001058,2026-09-02 13:22:45,+25567***186,+25577477581,USSD_*150*01#,CASH_OUT_WAKALA,366500.0,5497.5,TZ-MWA-002,SUCCESS,NONE
TPESA-3001059,2026-09-05 21:18:08,+25567***228,+25576292942,TIGO_PESA_APP,P2P_TRANSFER,146200.0,2193.0,TZ-DOM-002,SUCCESS,NONE
TPESA-3001060,2026-09-04 07:14:08,+25567***706,+25565498678,USSD_*150*01#,CASH_OUT_WAKALA,118900.0,1783.5,TZ-PWA-002,SUCCESS,NONE
TPESA-3001061,2026-09-01 13:14:03,+25571***090,+25571449090,TIGO_PESA_APP,AIRTIME_TOP_UP,10900.0,0.0,TZ-SHI-001,SUCCESS,NONE
TPESA-3001062,2026-09-06 22:28:23,+25565***270,+25565853270,TIGO_PESA_APP,AIRTIME_TOP_UP,11600.0,0.0,TZ-ZNZ-002,SUCCESS,NONE
TPESA-3001063,2026-09-04 09:18:13,+25565***613,+25571407313,USSD_*150*01#,P2P_TRANSFER,118600.0,1779.0,TZ-TAR-001,SUCCESS,NONE
TPESA-3001064,2026-09-04 14:41:57,+25567***443,+25576261263,TIGO_PESA_APP,CASH_OUT_WAKALA,240000.0,3600.0,TZ-SON-001,SUCCESS,NONE
TPESA-3001065,2026-09-05 17:32:19,+25567***825,+25567489385,TIGO_PESA_APP,BANK_TO_WALLET_DEPOSIT,601500.0,9022.5,TZ-TAB-001,SUCCESS,NONE
TPESA-3001066,2026-09-04 11:49:53,+25577***531,+25577409531,TIGO_PESA_APP,AIRTIME_TOP_UP,4900.0,0.0,TZ-NJO-001,SUCCESS,NONE
TPESA-3001067,2026-09-04 07:52:50,+25567***609,+25576308494,USSD_*150*01#,P2P_TRANSFER,100600.0,1509.0,TZ-DAR-015,SUCCESS,NONE
TPESA-3001068,2026-09-06 15:19:54,+25577***619,+25565323877,TIGO_PESA_APP,P2P_TRANSFER,23100.0,350.0,TZ-SHI-001,SUCCESS,NONE
TPESA-3001069,2026-09-07 06:46:04,+25565***353,+25565615353,USSD_*150*01#,AIRTIME_TOP_UP,8300.0,0.0,TZ-TND-001,SUCCESS,NONE
TPESA-3001070,2026-09-01 13:20:05,+25577***321,TILL-848798,USSD_*150*01#,LIPA_KWA_SIMU_MERCHANT,137500.0,1100.0,TZ-DOM-002,SUCCESS,NONE
TPESA-3001071,2026-09-04 06:42:07,+25567***488,+25577915115,TIGO_PESA_APP,P2P_TRANSFER,226500.0,3397.5,TZ-DAR-011,SUCCESS,NONE
TPESA-3001072,2026-09-04 07:50:39,+25565***112,+25567848104,TIGO_PESA_APP,P2P_TRANSFER,108400.0,1626.0,TZ-SON-001,SUCCESS,NONE
TPESA-3001073,2026-09-04 11:40:36,+25571***070,+25576413195,TIGO_PESA_APP,P2P_TRANSFER,126000.0,1890.0,TZ-IRI-001,SUCCESS,NONE
TPESA-3001074,2026-09-07 19:43:13,+25567***011,TILL-534170,TIGO_PESA_APP,LIPA_KWA_SIMU_MERCHANT,147900.0,1183.2,TZ-TAN-001,SUCCESS,NONE
TPESA-3001075,2026-09-04 16:48:41,+25565***508,TILL-784530,TIGO_PESA_APP,LIPA_KWA_SIMU_MERCHANT,128600.0,1028.8,TZ-DAR-010,SUCCESS,NONE
TPESA-3001076,2026-09-04 11:25:47,+25567***981,+25565234985,TIGO_PESA_APP,P2P_TRANSFER,160200.0,2403.0,TZ-DAR-010,SUCCESS,NONE
TPESA-3001077,2026-09-01 22:03:49,+25567***653,+25567193653,TIGO_PESA_APP,AIRTIME_TOP_UP,11600.0,0.0,TZ-ZNZ-003,SUCCESS,NONE
TPESA-3001078,2026-09-01 18:51:54,+25577***179,+25571810968,USSD_*150*01#,CASH_OUT_WAKALA,296900.0,4453.5,TZ-KAH-001,SUCCESS,NONE
TPESA-3001079,2026-09-02 06:02:18,+25571***620,TILL-788870,USSD_*150*01#,LIPA_KWA_SIMU_MERCHANT,120000.0,0.0,TZ-NJO-001,FAILED,SYSTEM_BUSY
TPESA-3001080,2026-09-02 07:17:23,+25567***395,+25575728283,TIGO_PESA_APP,CASH_OUT_WAKALA,126300.0,1894.5,TZ-KIG-001,SUCCESS,NONE
TPESA-3001081,2026-09-01 14:45:33,+25567***427,+25571973154,USSD_*150*01#,P2P_TRANSFER,68400.0,1026.0,TZ-TAR-001,SUCCESS,NONE
TPESA-3001082,2026-09-03 23:13:55,+25565***641,+25565338641,TIGO_PESA_APP,AIRTIME_TOP_UP,9900.0,0.0,TZ-DAR-008,SUCCESS,NONE
TPESA-3001083,2026-09-05 21:11:58,+25565***414,TILL-726624,USSD_*150*01#,LIPA_KWA_SIMU_MERCHANT,50900.0,407.2,TZ-TAB-001,SUCCESS,NONE
TPESA-3001084,2026-09-01 21:48:47,+25567***011,+25571252023,USSD_*150*01#,P2P_TRANSFER,10900.0,350.0,TZ-PEM-001,SUCCESS,NONE
TPESA-3001085,2026-09-07 14:49:05,+25577***523,+25571525645,TIGO_PESA_APP,CASH_OUT_WAKALA,120400.0,1806.0,TZ-MBY-001,SUCCESS,NONE
TPESA-3001086,2026-09-06 08:52:37,+25567***391,+25571808070,USSD_*150*01#,P2P_TRANSFER,106200.0,1593.0,TZ-MBY-002,SUCCESS,NONE
TPESA-3001087,2026-09-06 20:39:27,+25577***569,+25567858776,USSD_*150*01#,CASH_OUT_WAKALA,391500.0,5872.5,TZ-MWA-001,SUCCESS,NONE
TPESA-3001088,2026-09-02 21:13:49,+25567***362,+25567420405,USSD_*150*01#,BANK_TO_WALLET_DEPOSIT,246900.0,3703.5,TZ-TAR-001,SUCCESS,NONE
TPESA-3001089,2026-09-03 10:09:47,+25567***390,+25565789734,USSD_*150*01#,CASH_OUT_WAKALA,164100.0,2461.5,TZ-DAR-007,SUCCESS,NONE
TPESA-3001090,2026-09-03 09:40:07,+25571***019,+25575322508,TIGO_PESA_APP,BANK_TO_WALLET_DEPOSIT,970300.0,14554.5,TZ-DAR-003,SUCCESS,NONE
TPESA-3001091,2026-09-07 09:11:14,+25577***721,+25571658074,USSD_*150*01#,P2P_TRANSFER,75000.0,1125.0,TZ-DAR-004,SUCCESS,NONE
TPESA-3001092,2026-09-03 14:40:07,+25567***609,+25567213609,USSD_*150*01#,AIRTIME_TOP_UP,19000.0,0.0,TZ-DAR-015,SUCCESS,NONE
TPESA-3001093,2026-09-02 15:29:56,+25571***819,+25575320634,USSD_*150*01#,P2P_TRANSFER,237900.0,3568.5,TZ-DAR-011,SUCCESS,NONE
TPESA-3001094,2026-09-01 23:40:10,+25577***043,TILL-864004,TIGO_PESA_APP,LIPA_KWA_SIMU_MERCHANT,55300.0,442.4,TZ-DAR-005,SUCCESS,NONE
TPESA-3001095,2026-09-04 16:37:55,+25577***049,+25565312415,TIGO_PESA_APP,P2P_TRANSFER,219700.0,3295.5,TZ-MWA-002,SUCCESS,NONE
TPESA-3001096,2026-09-01 18:50:38,+25565***876,+25577998363,TIGO_PESA_APP,CASH_OUT_WAKALA,149100.0,2236.5,TZ-KIG-001,SUCCESS,NONE
TPESA-3001097,2026-09-01 08:57:24,+25571***595,TILL-773253,USSD_*150*01#,LIPA_KWA_SIMU_MERCHANT,137100.0,1096.8,TZ-IRI-001,SUCCESS,NONE
TPESA-3001098,2026-09-02 19:16:46,+25567***416,+25567797416,TIGO_PESA_APP,AIRTIME_TOP_UP,7400.0,0.0,TZ-DAR-007,SUCCESS,NONE
TPESA-3001099,2026-09-03 19:06:14,+25571***326,+25571917326,TIGO_PESA_APP,AIRTIME_TOP_UP,6600.0,0.0,TZ-DAR-015,SUCCESS,NONE
TPESA-3001100,2026-09-05 14:39:36,+25565***848,+25577479917,TIGO_PESA_APP,CASH_OUT_WAKALA,447300.0,6709.5,TZ-DAR-015,SUCCESS,NONE
TPESA-3001101,2026-09-05 10:28:11,+25565***148,+25565864148,TIGO_PESA_APP,AIRTIME_TOP_UP,4000.0,0.0,TZ-TAN-001,SUCCESS,NONE
TPESA-3001102,2026-09-03 10:56:32,+25565***061,+25577596568,TIGO_PESA_APP,P2P_TRANSFER,154600.0,2319.0,TZ-DAR-005,SUCCESS,NONE
TPESA-3001103,2026-09-03 13:29:05,+25567***185,+25565354064,TIGO_PESA_APP,P2P_TRANSFER,66600.0,999.0,TZ-GEI-001,SUCCESS,NONE
TPESA-3001104,2026-09-06 08:35:16,+25571***716,+25575383273,TIGO_PESA_APP,BANK_TO_WALLET_DEPOSIT,777700.0,11665.5,TZ-DAR-015,SUCCESS,NONE
TPESA-3001105,2026-09-03 21:32:44,+25567***456,+25567688699,USSD_*150*01#,CASH_OUT_WAKALA,287000.0,4305.0,TZ-DAR-015,SUCCESS,NONE
TPESA-3001106,2026-09-04 11:50:37,+25571***819,+25576481778,USSD_*150*01#,CASH_OUT_WAKALA,258600.0,3879.0,TZ-DAR-011,SUCCESS,NONE
TPESA-3001107,2026-09-03 18:37:33,+25565***338,+25565210338,USSD_*150*01#,AIRTIME_TOP_UP,3900.0,0.0,TZ-DAR-006,SUCCESS,NONE
TPESA-3001108,2026-09-06 17:37:57,+25577***724,+25565746221,USSD_*150*01#,P2P_TRANSFER,128900.0,1933.5,TZ-ARU-003,SUCCESS,NONE
TPESA-3001109,2026-09-07 17:15:42,+25565***087,+25565613478,USSD_*150*01#,P2P_TRANSFER,15500.0,350.0,TZ-TAN-001,SUCCESS,NONE
TPESA-3001110,2026-09-06 23:43:02,+25577***805,+25567606064,USSD_*150*01#,BANK_TO_WALLET_DEPOSIT,943000.0,14145.0,TZ-TAN-001,SUCCESS,NONE
TPESA-3001111,2026-09-07 18:10:24,+25565***625,+25567932369,TIGO_PESA_APP,P2P_TRANSFER,132900.0,1993.5,TZ-TAN-001,SUCCESS,NONE
TPESA-3001112,2026-09-01 14:01:13,+25565***019,+25565284019,USSD_*150*01#,AIRTIME_TOP_UP,3600.0,0.0,TZ-PWA-001,SUCCESS,NONE
TPESA-3001113,2026-09-07 06:29:43,+25571***988,+25577454858,TIGO_PESA_APP,P2P_TRANSFER,134100.0,2011.5,TZ-KAH-001,SUCCESS,NONE
TPESA-3001114,2026-09-03 22:25:48,+25565***943,+25575965410,TIGO_PESA_APP,CASH_OUT_WAKALA,363600.0,0.0,TZ-DAR-007,FAILED,PIN_MAX_ATTEMPTS_EXCEEDED
TPESA-3001115,2026-09-06 21:06:28,+25567***011,+25577344468,TIGO_PESA_APP,BANK_TO_WALLET_DEPOSIT,821200.0,12318.0,TZ-TAN-001,SUCCESS,NONE
TPESA-3001116,2026-09-03 13:25:01,+25577***050,+25574862967,TIGO_PESA_APP,CASH_OUT_WAKALA,158500.0,2377.5,TZ-KIL-003,SUCCESS,NONE
TPESA-3001117,2026-09-07 12:45:36,+25567***981,+25571827511,TIGO_PESA_APP,P2P_TRANSFER,54600.0,819.0,TZ-DAR-010,SUCCESS,NONE
TPESA-3001118,2026-09-03 16:39:46,+25571***558,TILL-649573,USSD_*150*01#,LIPA_KWA_SIMU_MERCHANT,47400.0,379.2,TZ-DAR-007,SUCCESS,NONE
TPESA-3001119,2026-09-01 18:42:52,+25577***519,+25571350754,USSD_*150*01#,P2P_TRANSFER,40400.0,606.0,TZ-DAR-010,SUCCESS,NONE
TPESA-3001120,2026-09-04 18:43:47,+25567***125,+25567216127,TIGO_PESA_APP,P2P_TRANSFER,67400.0,1011.0,TZ-MTW-001,SUCCESS,NONE
TPESA-3001121,2026-09-03 09:28:06,+25571***265,+25571611265,USSD_*150*01#,AIRTIME_TOP_UP,2600.0,0.0,TZ-DAR-011,SUCCESS,NONE
TPESA-3001122,2026-09-06 12:26:22,+25565***398,+25565396585,TIGO_PESA_APP,P2P_TRANSFER,39700.0,595.5,TZ-ZNZ-003,SUCCESS,NONE
TPESA-3001123,2026-09-03 08:56:12,+25565***104,+25565562104,USSD_*150*01#,AIRTIME_TOP_UP,3600.0,0.0,TZ-DAR-008,SUCCESS,NONE
TPESA-3001124,2026-09-07 13:10:36,+25567***363,+25565839382,TIGO_PESA_APP,P2P_TRANSFER,249900.0,3748.5,TZ-KIL-002,SUCCESS,NONE
TPESA-3001125,2026-09-06 17:16:45,+25567***838,+25575803712,USSD_*150*01#,P2P_TRANSFER,15900.0,350.0,TZ-PWA-001,SUCCESS,NONE
TPESA-3001126,2026-09-04 19:29:16,+25571***495,+25571353495,TIGO_PESA_APP,AIRTIME_TOP_UP,8900.0,0.0,TZ-DAR-013,SUCCESS,NONE
TPESA-3001127,2026-09-05 18:33:44,+25565***542,+25567161174,USSD_*150*01#,P2P_TRANSFER,164800.0,2472.0,TZ-ARU-001,SUCCESS,NONE
TPESA-3001128,2026-09-02 09:49:48,+25565***380,+25571285508,TIGO_PESA_APP,CASH_OUT_WAKALA,374400.0,5616.0,TZ-ARU-001,SUCCESS,NONE
TPESA-3001129,2026-09-01 10:45:44,+25565***925,+25571784335,TIGO_PESA_APP,P2P_TRANSFER,92700.0,1390.5,TZ-DAR-015,SUCCESS,NONE
TPESA-3001130,2026-09-05 09:04:20,+25565***714,+25565883714,USSD_*150*01#,AIRTIME_TOP_UP,1700.0,0.0,TZ-DAR-015,SUCCESS,NONE
TPESA-3001131,2026-09-01 17:26:34,+25567***645,+25567116645,USSD_*150*01#,AIRTIME_TOP_UP,6100.0,0.0,TZ-ZNZ-001,SUCCESS,NONE
TPESA-3001132,2026-09-07 20:18:35,+25567***860,TILL-940934,TIGO_PESA_APP,LIPA_KWA_SIMU_MERCHANT,51500.0,412.0,TZ-ZNZ-001,SUCCESS,NONE
TPESA-3001133,2026-09-06 19:10:33,+25571***247,TILL-745357,TIGO_PESA_APP,LIPA_KWA_SIMU_MERCHANT,146100.0,1168.8,TZ-SNG-001,SUCCESS,NONE
TPESA-3001134,2026-09-06 19:42:29,+25571***620,+25575578629,USSD_*150*01#,P2P_TRANSFER,71100.0,1066.5,TZ-DOM-002,SUCCESS,NONE
TPESA-3001135,2026-09-07 12:00:50,+25565***333,+25576434873,USSD_*150*01#,CASH_OUT_WAKALA,65000.0,975.0,TZ-KIG-001,SUCCESS,NONE
TPESA-3001136,2026-09-06 06:56:42,+25577***337,+25567800034,TIGO_PESA_APP,CASH_OUT_WAKALA,474800.0,7122.0,TZ-DAR-011,SUCCESS,NONE
TPESA-3001137,2026-09-04 21:45:59,+25565***165,TILL-708513,USSD_*150*01#,LIPA_KWA_SIMU_MERCHANT,90300.0,722.4,TZ-TAN-003,SUCCESS,NONE
TPESA-3001138,2026-09-03 06:56:10,+25567***791,+25576759973,TIGO_PESA_APP,P2P_TRANSFER,45400.0,681.0,TZ-DAR-011,SUCCESS,NONE
TPESA-3001139,2026-09-06 20:51:13,+25567***496,+25576589301,USSD_*150*01#,CASH_OUT_WAKALA,179800.0,2697.0,TZ-TAR-001,SUCCESS,NONE
TPESA-3001140,2026-09-02 07:53:19,+25571***000,+25574344337,TIGO_PESA_APP,P2P_TRANSFER,84200.0,0.0,TZ-MWA-001,FAILED,PIN_MAX_ATTEMPTS_EXCEEDED
TPESA-3001141,2026-09-05 16:11:16,+25571***205,+25571484289,USSD_*150*01#,P2P_TRANSFER,130400.0,1956.0,TZ-TAB-001,SUCCESS,NONE
TPESA-3001142,2026-09-02 14:52:50,+25565***647,+25565217038,USSD_*150*01#,P2P_TRANSFER,155700.0,2335.5,TZ-PWA-002,SUCCESS,NONE
TPESA-3001143,2026-09-04 16:03:30,+25571***139,TILL-625755,TIGO_PESA_APP,LIPA_KWA_SIMU_MERCHANT,8800.0,70.4,TZ-MBY-002,SUCCESS,NONE
TPESA-3001144,2026-09-01 10:55:03,+25565***102,+25567902804,TIGO_PESA_APP,P2P_TRANSFER,10200.0,350.0,TZ-ZNZ-004,SUCCESS,NONE
TPESA-3001145,2026-09-04 16:45:49,+25565***489,+25571271060,TIGO_PESA_APP,P2P_TRANSFER,91900.0,1378.5,TZ-DOM-002,SUCCESS,NONE
TPESA-3001146,2026-09-06 09:50:12,+25577***899,+25577147899,USSD_*150*01#,AIRTIME_TOP_UP,3200.0,0.0,TZ-MAR-001,FAILED,INSUFFICIENT_FUNDS
TPESA-3001147,2026-09-07 20:30:24,+25567***730,+25571476691,USSD_*150*01#,CASH_OUT_WAKALA,16300.0,350.0,TZ-MWA-003,SUCCESS,NONE
TPESA-3001148,2026-09-05 12:24:49,+25567***705,+25565597946,TIGO_PESA_APP,CASH_OUT_WAKALA,253600.0,3804.0,TZ-PWA-002,SUCCESS,NONE
TPESA-3001149,2026-09-02 20:44:38,+25571***364,+25565413488,TIGO_PESA_APP,CASH_OUT_WAKALA,90800.0,1362.0,TZ-MWA-002,SUCCESS,NONE
TPESA-3001150,2026-09-06 16:35:12,+25565***534,+25576463371,USSD_*150*01#,P2P_TRANSFER,39100.0,586.5,TZ-DAR-006,SUCCESS,NONE
TPESA-3001151,2026-09-03 17:27:27,+25567***288,+25567337288,USSD_*150*01#,AIRTIME_TOP_UP,3400.0,0.0,TZ-DAR-005,SUCCESS,NONE
TPESA-3001152,2026-09-04 19:11:52,+25577***142,+25567655462,TIGO_PESA_APP,P2P_TRANSFER,28200.0,423.0,TZ-TAR-001,SUCCESS,NONE
TPESA-3001153,2026-09-06 19:35:21,+25571***504,+25567978162,USSD_*150*01#,P2P_TRANSFER,94500.0,1417.5,TZ-DOM-001,SUCCESS,NONE
TPESA-3001154,2026-09-02 11:26:04,+25571***243,TILL-999782,USSD_*150*01#,LIPA_KWA_SIMU_MERCHANT,7500.0,60.0,TZ-TAB-001,SUCCESS,NONE
TPESA-3001155,2026-09-03 18:54:02,+25571***886,+25575453051,USSD_*150*01#,P2P_TRANSFER,82000.0,1230.0,TZ-PWA-001,SUCCESS,NONE
TPESA-3001156,2026-09-06 13:59:10,+25577***329,+25567269848,TIGO_PESA_APP,P2P_TRANSFER,180600.0,2709.0,TZ-MWA-001,SUCCESS,NONE
TPESA-3001157,2026-09-04 08:23:34,+25565***936,TILL-783111,USSD_*150*01#,LIPA_KWA_SIMU_MERCHANT,134400.0,1075.2,TZ-MWA-002,SUCCESS,NONE
TPESA-3001158,2026-09-06 11:36:26,+25565***452,+25565176452,TIGO_PESA_APP,AIRTIME_TOP_UP,19500.0,0.0,TZ-DAR-003,SUCCESS,NONE
TPESA-3001159,2026-09-06 10:33:50,+25567***891,+25571627303,USSD_*150*01#,P2P_TRANSFER,19400.0,350.0,TZ-ARU-003,SUCCESS,NONE
TPESA-3001160,2026-09-04 06:31:53,+25565***209,+25567972431,TIGO_PESA_APP,P2P_TRANSFER,94600.0,1419.0,TZ-KIL-002,SUCCESS,NONE
TPESA-3001161,2026-09-06 17:34:19,+25577***886,+25575829056,USSD_*150*01#,P2P_TRANSFER,245200.0,3678.0,TZ-KIL-003,SUCCESS,NONE
TPESA-3001162,2026-09-01 13:47:16,+25565***933,+25574744925,TIGO_PESA_APP,P2P_TRANSFER,205900.0,3088.5,TZ-DOM-003,SUCCESS,NONE
TPESA-3001163,2026-09-01 15:55:42,+25577***369,TILL-692010,USSD_*150*01#,LIPA_KWA_SIMU_MERCHANT,138400.0,1107.2,TZ-MAR-001,SUCCESS,NONE
TPESA-3001164,2026-09-07 23:53:04,+25565***933,TILL-737820,TIGO_PESA_APP,LIPA_KWA_SIMU_MERCHANT,6700.0,53.6,TZ-DOM-003,SUCCESS,NONE
TPESA-3001165,2026-09-06 13:44:22,+25567***120,+25576933491,TIGO_PESA_APP,BANK_TO_WALLET_DEPOSIT,860200.0,12903.0,TZ-ZNZ-004,SUCCESS,NONE
TPESA-3001166,2026-09-06 10:08:02,+25577***877,+25577694766,TIGO_PESA_APP,CASH_OUT_WAKALA,255600.0,3834.0,TZ-PWA-002,SUCCESS,NONE
TPESA-3001167,2026-09-01 12:28:03,+25571***569,+25577291831,USSD_*150*01#,P2P_TRANSFER,110500.0,1657.5,TZ-DAR-013,SUCCESS,NONE
TPESA-3001168,2026-09-05 13:59:29,+25571***579,+25565566266,TIGO_PESA_APP,P2P_TRANSFER,244800.0,3672.0,TZ-MOR-001,SUCCESS,NONE
TPESA-3001169,2026-09-07 09:14:37,+25567***253,+25567825477,TIGO_PESA_APP,P2P_TRANSFER,248400.0,3726.0,TZ-DAR-015,SUCCESS,NONE
TPESA-3001170,2026-09-02 23:52:18,+25571***601,TILL-635623,USSD_*150*01#,LIPA_KWA_SIMU_MERCHANT,51600.0,412.8,TZ-DAR-007,SUCCESS,NONE
TPESA-3001171,2026-09-07 21:10:32,+25565***338,+25577772414,USSD_*150*01#,P2P_TRANSFER,36800.0,552.0,TZ-DAR-006,SUCCESS,NONE
TPESA-3001172,2026-09-05 22:43:43,+25571***704,+25567473024,USSD_*150*01#,CASH_OUT_WAKALA,452900.0,6793.5,TZ-ARU-001,SUCCESS,NONE
TPESA-3001173,2026-09-01 22:09:23,+25567***731,+25576474051,TIGO_PESA_APP,CASH_OUT_WAKALA,234300.0,3514.5,TZ-DAR-015,SUCCESS,NONE
TPESA-3001174,2026-09-05 14:49:18,+25565***818,+25565244818,USSD_*150*01#,AIRTIME_TOP_UP,14700.0,0.0,TZ-ZNZ-002,SUCCESS,NONE
TPESA-3001175,2026-09-05 22:13:02,+25577***124,+25574914090,TIGO_PESA_APP,P2P_TRANSFER,153100.0,2296.5,TZ-MTW-001,SUCCESS,NONE
TPESA-3001176,2026-09-01 18:57:55,+25577***556,+25577636556,TIGO_PESA_APP,AIRTIME_TOP_UP,8700.0,0.0,TZ-DAR-011,SUCCESS,NONE
TPESA-3001177,2026-09-04 16:02:20,+25577***864,+25567461309,TIGO_PESA_APP,P2P_TRANSFER,235500.0,3532.5,TZ-ZNZ-004,SUCCESS,NONE
TPESA-3001178,2026-09-04 23:58:52,+25565***427,+25565450564,USSD_*150*01#,P2P_TRANSFER,125800.0,1887.0,TZ-BUK-001,SUCCESS,NONE
TPESA-3001179,2026-09-01 19:18:58,+25571***727,+25565933486,USSD_*150*01#,P2P_TRANSFER,222100.0,3331.5,TZ-TAR-001,SUCCESS,NONE
TPESA-3001180,2026-09-06 20:19:22,+25571***555,TILL-914434,TIGO_PESA_APP,LIPA_KWA_SIMU_MERCHANT,122900.0,983.2,TZ-ZNZ-004,SUCCESS,NONE
TPESA-3001181,2026-09-02 17:55:40,+25577***429,+25571772084,TIGO_PESA_APP,CASH_OUT_WAKALA,373200.0,5598.0,TZ-DAR-003,SUCCESS,NONE
TPESA-3001182,2026-09-04 21:11:25,+25571***315,+25571374315,TIGO_PESA_APP,AIRTIME_TOP_UP,6400.0,0.0,TZ-IRI-001,SUCCESS,NONE
TPESA-3001183,2026-09-07 12:36:21,+25571***590,+25567374568,TIGO_PESA_APP,CASH_OUT_WAKALA,492300.0,7384.5,TZ-MBY-002,SUCCESS,NONE
TPESA-3001184,2026-09-05 17:00:25,+25577***485,+25567704775,TIGO_PESA_APP,P2P_TRANSFER,103900.0,1558.5,TZ-PWA-002,SUCCESS,NONE
TPESA-3001185,2026-09-03 16:35:30,+25567***224,TILL-979627,TIGO_PESA_APP,LIPA_KWA_SIMU_MERCHANT,9300.0,74.4,TZ-SNG-001,SUCCESS,NONE
TPESA-3001186,2026-09-03 12:52:17,+25577***638,+25577916989,TIGO_PESA_APP,P2P_TRANSFER,57100.0,856.5,TZ-MBY-001,SUCCESS,NONE
TPESA-3001187,2026-09-04 12:14:19,+25567***891,+25577777431,USSD_*150*01#,P2P_TRANSFER,246300.0,3694.5,TZ-DAR-012,SUCCESS,NONE
TPESA-3001188,2026-09-07 16:28:16,+25577***259,+25577982623,TIGO_PESA_APP,CASH_OUT_WAKALA,376000.0,5640.0,TZ-GEI-001,SUCCESS,NONE
TPESA-3001189,2026-09-02 12:17:48,+25567***634,+25567435471,TIGO_PESA_APP,P2P_TRANSFER,76500.0,1147.5,TZ-TAR-001,SUCCESS,NONE
TPESA-3001190,2026-09-04 12:52:16,+25565***504,+25577341446,USSD_*150*01#,P2P_TRANSFER,198400.0,2976.0,TZ-ZNZ-001,SUCCESS,NONE
TPESA-3001191,2026-09-06 14:24:08,+25567***801,+25571979410,USSD_*150*01#,CASH_OUT_WAKALA,441800.0,6627.0,TZ-MWA-002,SUCCESS,NONE
TPESA-3001192,2026-09-03 06:27:32,+25577***625,+25576581160,TIGO_PESA_APP,BANK_TO_WALLET_DEPOSIT,227400.0,3411.0,TZ-DAR-010,SUCCESS,NONE
TPESA-3001193,2026-09-06 06:52:50,+25571***758,+25565444965,TIGO_PESA_APP,P2P_TRANSFER,84000.0,1260.0,TZ-DAR-007,SUCCESS,NONE
TPESA-3001194,2026-09-01 17:33:46,+25577***119,+25571340633,USSD_*150*01#,P2P_TRANSFER,58900.0,883.5,TZ-ZNZ-001,SUCCESS,NONE
TPESA-3001195,2026-09-07 14:32:05,+25577***735,+25567805666,TIGO_PESA_APP,CASH_OUT_WAKALA,324900.0,4873.5,TZ-DAR-002,SUCCESS,NONE
TPESA-3001196,2026-09-03 16:20:15,+25567***092,+25565888762,USSD_*150*01#,P2P_TRANSFER,242800.0,3642.0,TZ-DAR-007,SUCCESS,NONE
TPESA-3001197,2026-09-02 12:26:16,+25565***883,+25565626883,TIGO_PESA_APP,AIRTIME_TOP_UP,12600.0,0.0,TZ-PWA-001,SUCCESS,NONE
TPESA-3001198,2026-09-05 06:51:23,+25567***254,TILL-563374,USSD_*150*01#,LIPA_KWA_SIMU_MERCHANT,133500.0,1068.0,TZ-ZNZ-002,SUCCESS,NONE
TPESA-3001199,2026-09-03 18:56:46,+25565***711,+25565297268,TIGO_PESA_APP,P2P_TRANSFER,137500.0,2062.5,TZ-ZNZ-001,SUCCESS,NONE
TPESA-3001200,2026-09-07 16:38:38,+25565***608,TILL-688693,USSD_*150*01#,LIPA_KWA_SIMU_MERCHANT,79700.0,637.6,TZ-DAR-011,SUCCESS,NONE
TPESA-3001201,2026-09-07 07:46:41,+25565***721,+25574988169,TIGO_PESA_APP,P2P_TRANSFER,203400.0,3051.0,TZ-DAR-010,SUCCESS,NONE
TPESA-3001202,2026-09-04 22:45:26,+25577***119,+25571337965,USSD_*150*01#,P2P_TRANSFER,182600.0,2739.0,TZ-ZNZ-001,SUCCESS,NONE
TPESA-3001203,2026-09-06 11:58:56,+25571***366,+25575588977,TIGO_PESA_APP,P2P_TRANSFER,55700.0,835.5,TZ-DAR-013,SUCCESS,NONE
TPESA-3001204,2026-09-05 10:39:45,+25567***795,+25567339146,USSD_*150*01#,P2P_TRANSFER,51500.0,772.5,TZ-DAR-002,SUCCESS,NONE
TPESA-3001205,2026-09-06 06:34:58,+25567***244,+25567494244,USSD_*150*01#,AIRTIME_TOP_UP,1100.0,0.0,TZ-SNG-001,SUCCESS,NONE
TPESA-3001206,2026-09-02 14:22:03,+25567***956,+25565675968,USSD_*150*01#,BANK_TO_WALLET_DEPOSIT,169700.0,2545.5,TZ-DAR-014,SUCCESS,NONE
TPESA-3001207,2026-09-02 13:17:45,+25567***268,TILL-972241,TIGO_PESA_APP,LIPA_KWA_SIMU_MERCHANT,76900.0,615.2,TZ-DAR-006,SUCCESS,NONE
TPESA-3001208,2026-09-01 19:54:00,+25577***996,TILL-525465,USSD_*150*01#,LIPA_KWA_SIMU_MERCHANT,145800.0,1166.4,TZ-ZNZ-002,SUCCESS,NONE
TPESA-3001209,2026-09-06 15:41:23,+25577***481,+25565515552,TIGO_PESA_APP,CASH_OUT_WAKALA,336600.0,5049.0,TZ-MAR-001,SUCCESS,NONE
TPESA-3001210,2026-09-03 06:42:47,+25571***824,+25565666480,USSD_*150*01#,P2P_TRANSFER,178400.0,2676.0,TZ-ARU-002,SUCCESS,NONE
TPESA-3001211,2026-09-01 20:57:04,+25571***868,+25567117631,USSD_*150*01#,CASH_OUT_WAKALA,363100.0,5446.5,TZ-DAR-014,SUCCESS,NONE
TPESA-3001212,2026-09-02 08:38:04,+25565***052,TILL-714276,TIGO_PESA_APP,LIPA_KWA_SIMU_MERCHANT,115100.0,920.8,TZ-TAN-002,SUCCESS,NONE
TPESA-3001213,2026-09-02 17:02:44,+25577***321,+25571513014,TIGO_PESA_APP,CASH_OUT_WAKALA,284000.0,4260.0,TZ-DOM-002,SUCCESS,NONE
TPESA-3001214,2026-09-07 14:21:05,+25577***381,+25577148381,USSD_*150*01#,AIRTIME_TOP_UP,6000.0,0.0,TZ-TAN-002,SUCCESS,NONE
TPESA-3001215,2026-09-01 21:53:36,+25565***721,+25565774361,USSD_*150*01#,CASH_OUT_WAKALA,12900.0,350.0,TZ-PWA-001,SUCCESS,NONE
TPESA-3001216,2026-09-03 12:29:43,+25565***717,+25565456717,USSD_*150*01#,AIRTIME_TOP_UP,19000.0,0.0,TZ-DAR-009,SUCCESS,NONE
TPESA-3001217,2026-09-05 21:53:53,+25577***941,+25576359337,USSD_*150*01#,BANK_TO_WALLET_DEPOSIT,78400.0,1176.0,TZ-DOM-001,SUCCESS,NONE
TPESA-3001218,2026-09-05 23:57:06,+25567***772,+25565341074,TIGO_PESA_APP,CASH_OUT_WAKALA,476500.0,7147.5,TZ-DAR-004,SUCCESS,NONE
TPESA-3001219,2026-09-03 07:11:38,+25571***133,+25565738340,TIGO_PESA_APP,P2P_TRANSFER,124300.0,1864.5,TZ-KAH-001,SUCCESS,NONE
TPESA-3001220,2026-09-03 10:15:31,+25577***636,+25574966823,USSD_*150*01#,P2P_TRANSFER,21400.0,350.0,TZ-DAR-003,SUCCESS,NONE
TPESA-3001221,2026-09-02 14:47:10,+25565***377,+25565883377,USSD_*150*01#,AIRTIME_TOP_UP,10200.0,0.0,TZ-KIL-002,SUCCESS,NONE
TPESA-3001222,2026-09-02 10:10:57,+25577***861,+25576812146,TIGO_PESA_APP,P2P_TRANSFER,195500.0,2932.5,TZ-DAR-014,SUCCESS,NONE
TPESA-3001223,2026-09-07 17:59:08,+25565***277,+25575623828,TIGO_PESA_APP,P2P_TRANSFER,93300.0,1399.5,TZ-TAN-001,SUCCESS,NONE
TPESA-3001224,2026-09-06 22:41:47,+25571***611,+25565362451,TIGO_PESA_APP,P2P_TRANSFER,130200.0,1953.0,TZ-DAR-006,SUCCESS,NONE
TPESA-3001225,2026-09-02 06:40:00,+25565***715,+25571728773,USSD_*150*01#,P2P_TRANSFER,137600.0,2064.0,TZ-ARU-003,SUCCESS,NONE
TPESA-3001226,2026-09-06 23:08:38,+25565***097,TILL-633339,USSD_*150*01#,LIPA_KWA_SIMU_MERCHANT,99300.0,794.4,TZ-SNG-001,SUCCESS,NONE
TPESA-3001227,2026-09-06 17:09:33,+25571***120,+25577535100,TIGO_PESA_APP,P2P_TRANSFER,186900.0,2803.5,TZ-MBY-002,SUCCESS,NONE
TPESA-3001228,2026-09-03 21:10:12,+25565***920,+25567897017,TIGO_PESA_APP,CASH_OUT_WAKALA,209200.0,3138.0,TZ-KIG-001,SUCCESS,NONE
TPESA-3001229,2026-09-05 08:25:04,+25577***352,+25565812941,USSD_*150*01#,P2P_TRANSFER,133300.0,1999.5,TZ-KIL-003,SUCCESS,NONE
TPESA-3001230,2026-09-07 12:53:48,+25567***144,+25577153023,TIGO_PESA_APP,CASH_OUT_WAKALA,93000.0,1395.0,TZ-KIL-003,SUCCESS,NONE
TPESA-3001231,2026-09-04 18:20:59,+25567***216,+25577793625,TIGO_PESA_APP,P2P_TRANSFER,87000.0,1305.0,TZ-DAR-005,SUCCESS,NONE
TPESA-3001232,2026-09-07 11:22:37,+25567***662,+25577185667,TIGO_PESA_APP,P2P_TRANSFER,82900.0,1243.5,TZ-DAR-009,SUCCESS,NONE
TPESA-3001233,2026-09-01 20:18:40,+25577***289,+25577256093,TIGO_PESA_APP,P2P_TRANSFER,43500.0,652.5,TZ-TAN-002,SUCCESS,NONE
TPESA-3001234,2026-09-02 10:04:34,+25565***601,+25567400529,TIGO_PESA_APP,P2P_TRANSFER,50800.0,762.0,TZ-GEI-001,SUCCESS,NONE
TPESA-3001235,2026-09-06 23:13:09,+25565***843,+25577944495,USSD_*150*01#,P2P_TRANSFER,218000.0,3270.0,TZ-DAR-013,SUCCESS,NONE
TPESA-3001236,2026-09-05 09:43:11,+25565***496,+25565989685,TIGO_PESA_APP,P2P_TRANSFER,78200.0,1173.0,TZ-IRI-001,SUCCESS,NONE
TPESA-3001237,2026-09-05 18:35:21,+25567***443,+25576156020,TIGO_PESA_APP,P2P_TRANSFER,208300.0,3124.5,TZ-SON-001,SUCCESS,NONE
TPESA-3001238,2026-09-01 06:38:24,+25571***062,+25571317062,TIGO_PESA_APP,AIRTIME_TOP_UP,18500.0,0.0,TZ-GEI-001,SUCCESS,NONE
TPESA-3001239,2026-09-04 16:11:18,+25567***410,+25576428921,USSD_*150*01#,P2P_TRANSFER,7900.0,350.0,TZ-ARU-002,SUCCESS,NONE
TPESA-3001240,2026-09-02 08:26:02,+25571***787,TILL-795049,TIGO_PESA_APP,LIPA_KWA_SIMU_MERCHANT,129100.0,1032.8,TZ-SNG-001,SUCCESS,NONE
TPESA-3001241,2026-09-04 10:46:06,+25567***106,+25571438427,USSD_*150*01#,BANK_TO_WALLET_DEPOSIT,957800.0,14367.0,TZ-MWA-003,SUCCESS,NONE
TPESA-3001242,2026-09-07 06:25:41,+25567***234,+25571324189,TIGO_PESA_APP,P2P_TRANSFER,232500.0,3487.5,TZ-DAR-014,SUCCESS,NONE
TPESA-3001243,2026-09-07 18:46:02,+25577***304,+25577159786,USSD_*150*01#,CASH_OUT_WAKALA,312900.0,4693.5,TZ-GEI-001,SUCCESS,NONE
TPESA-3001244,2026-09-03 13:01:26,+25565***664,+25571231388,TIGO_PESA_APP,P2P_TRANSFER,148700.0,2230.5,TZ-TAN-003,SUCCESS,NONE
TPESA-3001245,2026-09-03 09:52:20,+25571***420,+25565692746,USSD_*150*01#,P2P_TRANSFER,100800.0,1512.0,TZ-MOR-001,SUCCESS,NONE
TPESA-3001246,2026-09-05 10:08:58,+25571***904,+25567387802,TIGO_PESA_APP,P2P_TRANSFER,107700.0,1615.5,TZ-DAR-004,SUCCESS,NONE
TPESA-3001247,2026-09-02 08:41:52,+25577***473,+25567521470,USSD_*150*01#,P2P_TRANSFER,242000.0,3630.0,TZ-DOM-003,SUCCESS,NONE
TPESA-3001248,2026-09-06 21:24:42,+25577***005,+25577731914,USSD_*150*01#,CASH_OUT_WAKALA,468000.0,7020.0,TZ-BUK-001,SUCCESS,NONE
TPESA-3001249,2026-09-03 20:05:09,+25571***348,TILL-800943,TIGO_PESA_APP,LIPA_KWA_SIMU_MERCHANT,70700.0,565.6,TZ-KAH-001,SUCCESS,NONE
TPESA-3001250,2026-09-01 14:08:17,+25577***038,+25577824038,TIGO_PESA_APP,AIRTIME_TOP_UP,7100.0,0.0,TZ-SHI-001,SUCCESS,NONE
TPESA-3001251,2026-09-01 13:42:39,+25565***123,+25576260300,TIGO_PESA_APP,CASH_OUT_WAKALA,271500.0,4072.5,TZ-ZNZ-001,SUCCESS,NONE
TPESA-3001252,2026-09-03 19:30:13,+25577***170,+25577343170,TIGO_PESA_APP,AIRTIME_TOP_UP,5200.0,0.0,TZ-MWA-001,SUCCESS,NONE
TPESA-3001253,2026-09-07 10:22:48,+25567***825,+25565846544,TIGO_PESA_APP,CASH_OUT_WAKALA,60800.0,912.0,TZ-TAB-001,SUCCESS,NONE
TPESA-3001254,2026-09-03 23:23:38,+25571***069,+25571294069,TIGO_PESA_APP,AIRTIME_TOP_UP,19500.0,0.0,TZ-DAR-001,SUCCESS,NONE
TPESA-3001255,2026-09-07 13:43:55,+25571***124,+25567841138,TIGO_PESA_APP,P2P_TRANSFER,134500.0,2017.5,TZ-IRI-001,SUCCESS,NONE
TPESA-3001256,2026-09-03 18:40:52,+25577***608,TILL-850718,USSD_*150*01#,LIPA_KWA_SIMU_MERCHANT,147600.0,1180.8,TZ-DAR-004,SUCCESS,NONE
TPESA-3001257,2026-09-04 15:25:59,+25565***395,+25577653696,USSD_*150*01#,CASH_OUT_WAKALA,495000.0,7425.0,TZ-DOM-001,SUCCESS,NONE
TPESA-3001258,2026-09-01 22:55:41,+25567***759,TILL-971644,TIGO_PESA_APP,LIPA_KWA_SIMU_MERCHANT,34200.0,273.6,TZ-MTW-001,SUCCESS,NONE
TPESA-3001259,2026-09-01 22:05:58,+25567***088,+25571852072,USSD_*150*01#,P2P_TRANSFER,168900.0,2533.5,TZ-MWA-003,SUCCESS,NONE
TPESA-3001260,2026-09-05 07:21:39,+25567***118,+25576340971,USSD_*150*01#,P2P_TRANSFER,112300.0,1684.5,TZ-BUK-001,SUCCESS,NONE
TPESA-3001261,2026-09-03 08:28:41,+25565***954,+25574942628,USSD_*150*01#,P2P_TRANSFER,30700.0,460.5,TZ-DAR-004,SUCCESS,NONE
TPESA-3001262,2026-09-03 06:53:04,+25565***135,+25575609042,TIGO_PESA_APP,CASH_OUT_WAKALA,81000.0,1215.0,TZ-TAB-001,SUCCESS,NONE
TPESA-3001263,2026-09-02 18:45:07,+25577***581,+25577681248,USSD_*150*01#,P2P_TRANSFER,93400.0,1401.0,TZ-DOM-003,SUCCESS,NONE
TPESA-3001264,2026-09-04 20:10:30,+25571***579,+25565692871,USSD_*150*01#,BANK_TO_WALLET_DEPOSIT,552100.0,8281.5,TZ-MOR-001,SUCCESS,NONE
TPESA-3001265,2026-09-07 08:21:31,+25567***010,+25575247450,TIGO_PESA_APP,P2P_TRANSFER,181100.0,2716.5,TZ-GEI-001,SUCCESS,NONE
TPESA-3001266,2026-09-02 06:04:01,+25567***664,+25567217782,USSD_*150*01#,BANK_TO_WALLET_DEPOSIT,310400.0,4656.0,TZ-TAN-001,SUCCESS,NONE
TPESA-3001267,2026-09-05 12:32:34,+25577***954,+25565585157,TIGO_PESA_APP,CASH_OUT_WAKALA,93200.0,1398.0,TZ-MTW-001,SUCCESS,NONE
TPESA-3001268,2026-09-06 19:57:25,+25567***206,+25575985633,USSD_*150*01#,P2P_TRANSFER,33400.0,501.0,TZ-KIL-003,SUCCESS,NONE
TPESA-3001269,2026-09-01 11:05:27,+25571***210,+25571273784,USSD_*150*01#,P2P_TRANSFER,50500.0,757.5,TZ-PWA-002,SUCCESS,NONE
TPESA-3001270,2026-09-05 23:23:47,+25567***531,+25567101531,TIGO_PESA_APP,AIRTIME_TOP_UP,17300.0,0.0,TZ-TAN-001,SUCCESS,NONE
TPESA-3001271,2026-09-01 20:33:56,+25567***427,+25571805125,USSD_*150*01#,P2P_TRANSFER,70800.0,0.0,TZ-TAR-001,FAILED,USSD_TIMEOUT
TPESA-3001272,2026-09-06 07:04:49,+25565***875,+25567244079,TIGO_PESA_APP,BANK_TO_WALLET_DEPOSIT,797700.0,11965.5,TZ-ARU-003,SUCCESS,NONE
TPESA-3001273,2026-09-01 10:48:41,+25567***125,+25565880407,TIGO_PESA_APP,P2P_TRANSFER,52600.0,789.0,TZ-MTW-001,SUCCESS,NONE
TPESA-3001274,2026-09-04 13:51:40,+25567***410,+25567286410,USSD_*150*01#,AIRTIME_TOP_UP,10900.0,0.0,TZ-ARU-002,SUCCESS,NONE
TPESA-3001275,2026-09-01 14:44:07,+25571***048,+25571413048,TIGO_PESA_APP,AIRTIME_TOP_UP,9900.0,0.0,TZ-SHI-001,SUCCESS,NONE
TPESA-3001276,2026-09-01 16:02:40,+25571***802,+25571194292,USSD_*150*01#,P2P_TRANSFER,85600.0,1284.0,TZ-DOM-001,SUCCESS,NONE
TPESA-3001277,2026-09-03 14:39:15,+25567***699,TILL-542300,TIGO_PESA_APP,LIPA_KWA_SIMU_MERCHANT,36900.0,295.2,TZ-DOM-002,SUCCESS,NONE
TPESA-3001278,2026-09-05 22:27:48,+25567***163,+25571604897,TIGO_PESA_APP,CASH_OUT_WAKALA,488600.0,0.0,TZ-DAR-008,FAILED,INSUFFICIENT_FUNDS
TPESA-3001279,2026-09-04 09:46:23,+25567***022,+25567322022,TIGO_PESA_APP,AIRTIME_TOP_UP,9000.0,0.0,TZ-TND-001,SUCCESS,NONE
TPESA-3001280,2026-09-04 07:54:44,+25571***000,+25576934544,TIGO_PESA_APP,CASH_OUT_WAKALA,245400.0,3681.0,TZ-MWA-001,SUCCESS,NONE
TPESA-3001281,2026-09-01 07:44:23,+25567***101,+25565423275,TIGO_PESA_APP,CASH_OUT_WAKALA,298900.0,4483.5,TZ-ARU-003,SUCCESS,NONE
TPESA-3001282,2026-09-01 16:23:23,+25565***214,+25565864110,USSD_*150*01#,BANK_TO_WALLET_DEPOSIT,199900.0,2998.5,TZ-ZNZ-001,SUCCESS,NONE
TPESA-3001283,2026-09-02 17:05:09,+25567***458,TILL-594695,TIGO_PESA_APP,LIPA_KWA_SIMU_MERCHANT,29700.0,237.6,TZ-TAN-003,SUCCESS,NONE
TPESA-3001284,2026-09-05 08:55:20,+25577***142,+25571636373,USSD_*150*01#,CASH_OUT_WAKALA,363500.0,5452.5,TZ-TAR-001,SUCCESS,NONE
TPESA-3001285,2026-09-05 09:19:00,+25565***572,TILL-936810,USSD_*150*01#,LIPA_KWA_SIMU_MERCHANT,19600.0,156.8,TZ-TAR-001,SUCCESS,NONE
TPESA-3001286,2026-09-02 12:52:34,+25577***101,+25574758580,TIGO_PESA_APP,P2P_TRANSFER,246500.0,3697.5,TZ-DAR-010,SUCCESS,NONE
TPESA-3001287,2026-09-07 12:48:57,+25571***151,+25565855025,USSD_*150*01#,BANK_TO_WALLET_DEPOSIT,604100.0,9061.5,TZ-TAB-001,SUCCESS,NONE
TPESA-3001288,2026-09-06 18:19:27,+25577***253,+25565206706,TIGO_PESA_APP,P2P_TRANSFER,210900.0,3163.5,TZ-MBY-001,SUCCESS,NONE
TPESA-3001289,2026-09-05 22:50:30,+25565***561,+25567565967,TIGO_PESA_APP,P2P_TRANSFER,119600.0,1794.0,TZ-KIL-003,SUCCESS,NONE
TPESA-3001290,2026-09-05 17:15:54,+25567***795,+25571981591,USSD_*150*01#,CASH_OUT_WAKALA,255000.0,3825.0,TZ-DAR-002,SUCCESS,NONE
TPESA-3001291,2026-09-03 11:04:27,+25571***164,+25565665619,TIGO_PESA_APP,CASH_OUT_WAKALA,12300.0,350.0,TZ-MWA-003,SUCCESS,NONE
TPESA-3001292,2026-09-01 06:25:18,+25571***629,+25576337446,TIGO_PESA_APP,CASH_OUT_WAKALA,156000.0,2340.0,TZ-MBY-001,SUCCESS,NONE
TPESA-3001293,2026-09-06 13:30:39,+25571***376,TILL-829875,TIGO_PESA_APP,LIPA_KWA_SIMU_MERCHANT,128100.0,1024.8,TZ-DAR-015,SUCCESS,NONE
TPESA-3001294,2026-09-07 13:45:22,+25577***262,+25571210960,TIGO_PESA_APP,CASH_OUT_WAKALA,460700.0,6910.5,TZ-DAR-001,SUCCESS,NONE
TPESA-3001295,2026-09-01 20:19:20,+25567***216,+25567740216,TIGO_PESA_APP,AIRTIME_TOP_UP,17700.0,0.0,TZ-DAR-005,SUCCESS,NONE
TPESA-3001296,2026-09-01 17:02:10,+25577***271,+25567655916,TIGO_PESA_APP,P2P_TRANSFER,54500.0,817.5,TZ-ARU-001,SUCCESS,NONE
TPESA-3001297,2026-09-04 09:45:11,+25571***649,TILL-552790,USSD_*150*01#,LIPA_KWA_SIMU_MERCHANT,92300.0,738.4,TZ-DAR-011,SUCCESS,NONE
TPESA-3001298,2026-09-03 13:42:19,+25571***056,+25567928263,USSD_*150*01#,P2P_TRANSFER,101000.0,1515.0,TZ-DAR-013,SUCCESS,NONE
TPESA-3001299,2026-09-07 22:08:02,+25577***139,+25567181250,TIGO_PESA_APP,BANK_TO_WALLET_DEPOSIT,336900.0,5053.5,TZ-DAR-002,SUCCESS,NONE
TPESA-3001300,2026-09-04 18:43:05,+25565***030,+25574901250,TIGO_PESA_APP,P2P_TRANSFER,97900.0,0.0,TZ-DAR-006,FAILED,SYSTEM_BUSY
TPESA-3001301,2026-09-07 10:25:15,+25571***534,+25571470534,TIGO_PESA_APP,AIRTIME_TOP_UP,14300.0,0.0,TZ-BUK-001,SUCCESS,NONE
TPESA-3001302,2026-09-07 10:05:54,+25567***962,+25567156962,TIGO_PESA_APP,AIRTIME_TOP_UP,1300.0,0.0,TZ-MWA-001,SUCCESS,NONE
TPESA-3001303,2026-09-04 13:55:33,+25565***436,+25576278396,TIGO_PESA_APP,CASH_OUT_WAKALA,413100.0,6196.5,TZ-ZNZ-002,SUCCESS,NONE
TPESA-3001304,2026-09-03 15:31:50,+25567***612,+25567413612,USSD_*150*01#,AIRTIME_TOP_UP,13300.0,0.0,TZ-DAR-004,SUCCESS,NONE
TPESA-3001305,2026-09-03 23:46:44,+25565***519,+25574551528,TIGO_PESA_APP,BANK_TO_WALLET_DEPOSIT,508100.0,7621.5,TZ-DAR-012,SUCCESS,NONE
TPESA-3001306,2026-09-01 07:38:18,+25567***612,TILL-977410,USSD_*150*01#,LIPA_KWA_SIMU_MERCHANT,6200.0,49.6,TZ-DAR-004,SUCCESS,NONE
TPESA-3001307,2026-09-05 17:54:47,+25565***302,+25577390487,TIGO_PESA_APP,CASH_OUT_WAKALA,288200.0,4323.0,TZ-KAH-001,SUCCESS,NONE
TPESA-3001308,2026-09-07 20:54:38,+25577***592,+25571540598,TIGO_PESA_APP,BANK_TO_WALLET_DEPOSIT,95400.0,1431.0,TZ-MBY-002,SUCCESS,NONE
TPESA-3001309,2026-09-07 09:24:46,+25565***457,+25567264794,TIGO_PESA_APP,P2P_TRANSFER,86700.0,1300.5,TZ-IRI-001,SUCCESS,NONE
TPESA-3001310,2026-09-01 09:27:10,+25577***145,+25576612070,USSD_*150*01#,P2P_TRANSFER,181200.0,2718.0,TZ-MTW-001,SUCCESS,NONE
TPESA-3001311,2026-09-07 22:20:54,+25571***703,+25571156171,TIGO_PESA_APP,CASH_OUT_WAKALA,156400.0,0.0,TZ-PEM-001,FAILED,INSUFFICIENT_FUNDS
TPESA-3001312,2026-09-07 16:21:28,+25571***787,+25574740068,TIGO_PESA_APP,P2P_TRANSFER,186300.0,2794.5,TZ-SNG-001,SUCCESS,NONE
TPESA-3001313,2026-09-03 13:14:45,+25567***824,+25565523386,USSD_*150*01#,P2P_TRANSFER,43400.0,651.0,TZ-MWA-003,SUCCESS,NONE
TPESA-3001314,2026-09-05 06:45:26,+25565***347,TILL-953791,USSD_*150*01#,LIPA_KWA_SIMU_MERCHANT,113900.0,911.2,TZ-DAR-009,SUCCESS,NONE
TPESA-3001315,2026-09-02 12:31:30,+25571***577,+25567208326,USSD_*150*01#,CASH_OUT_WAKALA,21200.0,350.0,TZ-DAR-010,SUCCESS,NONE
TPESA-3001316,2026-09-06 19:59:48,+25571***500,+25577517860,TIGO_PESA_APP,P2P_TRANSFER,96900.0,1453.5,TZ-ARU-001,SUCCESS,NONE
TPESA-3001317,2026-09-07 14:29:34,+25565***068,+25577347191,TIGO_PESA_APP,P2P_TRANSFER,245300.0,3679.5,TZ-DAR-009,SUCCESS,NONE
TPESA-3001318,2026-09-07 20:09:59,+25567***758,+25567176280,USSD_*150*01#,P2P_TRANSFER,29100.0,436.5,TZ-DAR-011,SUCCESS,NONE
TPESA-3001319,2026-09-04 10:03:28,+25567***730,+25574944855,TIGO_PESA_APP,P2P_TRANSFER,228800.0,3432.0,TZ-MWA-003,SUCCESS,NONE
TPESA-3001320,2026-09-01 15:25:20,+25567***545,+25576427532,USSD_*150*01#,P2P_TRANSFER,108600.0,1629.0,TZ-KIL-003,SUCCESS,NONE
TPESA-3001321,2026-09-04 19:48:41,+25565***323,+25576375070,TIGO_PESA_APP,CASH_OUT_WAKALA,442400.0,6636.0,TZ-ZNZ-004,SUCCESS,NONE
TPESA-3001322,2026-09-03 22:17:18,+25565***073,+25565497073,USSD_*150*01#,AIRTIME_TOP_UP,7400.0,0.0,TZ-DAR-010,SUCCESS,NONE
TPESA-3001323,2026-09-03 17:00:36,+25577***355,+25577448515,TIGO_PESA_APP,P2P_TRANSFER,138500.0,2077.5,TZ-ZNZ-003,SUCCESS,NONE
TPESA-3001324,2026-09-05 16:15:23,+25571***692,+25575421104,TIGO_PESA_APP,P2P_TRANSFER,95200.0,1428.0,TZ-MBY-002,SUCCESS,NONE
TPESA-3001325,2026-09-07 18:03:48,+25571***984,+25574588272,TIGO_PESA_APP,BANK_TO_WALLET_DEPOSIT,384600.0,5769.0,TZ-DAR-004,SUCCESS,NONE
TPESA-3001326,2026-09-01 11:56:39,+25577***793,+25571626417,TIGO_PESA_APP,CASH_OUT_WAKALA,104000.0,1560.0,TZ-SON-001,SUCCESS,NONE
TPESA-3001327,2026-09-05 13:11:45,+25577***758,TILL-877697,TIGO_PESA_APP,LIPA_KWA_SIMU_MERCHANT,73200.0,585.6,TZ-DAR-015,SUCCESS,NONE
TPESA-3001328,2026-09-05 12:53:26,+25577***952,+25565376854,TIGO_PESA_APP,BANK_TO_WALLET_DEPOSIT,171700.0,2575.5,TZ-KIL-002,SUCCESS,NONE
TPESA-3001329,2026-09-02 13:35:59,+25565***092,TILL-941216,USSD_*150*01#,LIPA_KWA_SIMU_MERCHANT,108200.0,865.6,TZ-DAR-003,SUCCESS,NONE
TPESA-3001330,2026-09-01 19:02:05,+25565***500,+25577966753,USSD_*150*01#,BANK_TO_WALLET_DEPOSIT,915200.0,13728.0,TZ-KIL-002,SUCCESS,NONE
TPESA-3001331,2026-09-02 16:09:57,+25571***975,+25571699975,USSD_*150*01#,AIRTIME_TOP_UP,10300.0,0.0,TZ-ZNZ-004,SUCCESS,NONE
TPESA-3001332,2026-09-04 10:47:00,+25567***185,TILL-633801,TIGO_PESA_APP,LIPA_KWA_SIMU_MERCHANT,45200.0,361.6,TZ-GEI-001,SUCCESS,NONE
TPESA-3001333,2026-09-02 19:48:13,+25577***989,+25567401000,TIGO_PESA_APP,CASH_OUT_WAKALA,370500.0,5557.5,TZ-PWA-001,SUCCESS,NONE
TPESA-3001334,2026-09-05 14:01:38,+25577***505,+25574774570,USSD_*150*01#,P2P_TRANSFER,78800.0,1182.0,TZ-ZNZ-004,SUCCESS,NONE
TPESA-3001335,2026-09-05 15:33:27,+25577***146,TILL-966623,TIGO_PESA_APP,LIPA_KWA_SIMU_MERCHANT,138700.0,1109.6,TZ-NJO-001,SUCCESS,NONE
TPESA-3001336,2026-09-04 16:51:54,+25565***742,+25571313775,TIGO_PESA_APP,P2P_TRANSFER,35200.0,528.0,TZ-ZNZ-003,SUCCESS,NONE
TPESA-3001337,2026-09-03 18:27:02,+25571***673,+25571139673,USSD_*150*01#,AIRTIME_TOP_UP,6400.0,0.0,TZ-PEM-001,SUCCESS,NONE
TPESA-3001338,2026-09-05 20:34:24,+25571***461,+25577675381,TIGO_PESA_APP,P2P_TRANSFER,115800.0,1737.0,TZ-DOM-001,SUCCESS,NONE
TPESA-3001339,2026-09-06 12:45:42,+25577***039,+25567273882,TIGO_PESA_APP,CASH_OUT_WAKALA,110800.0,1662.0,TZ-DAR-002,SUCCESS,NONE
TPESA-3001340,2026-09-01 10:52:33,+25565***796,+25565571796,TIGO_PESA_APP,AIRTIME_TOP_UP,19600.0,0.0,TZ-PWA-002,SUCCESS,NONE
TPESA-3001341,2026-09-04 19:10:57,+25577***124,+25567326181,TIGO_PESA_APP,P2P_TRANSFER,106900.0,1603.5,TZ-MTW-001,SUCCESS,NONE
TPESA-3001342,2026-09-04 12:36:14,+25577***993,TILL-735960,USSD_*150*01#,LIPA_KWA_SIMU_MERCHANT,5300.0,42.4,TZ-TAN-003,SUCCESS,NONE
TPESA-3001343,2026-09-07 13:52:21,+25577***793,+25567993636,TIGO_PESA_APP,CASH_OUT_WAKALA,25400.0,381.0,TZ-SON-001,SUCCESS,NONE
TPESA-3001344,2026-09-07 22:23:43,+25565***561,+25575193349,TIGO_PESA_APP,BANK_TO_WALLET_DEPOSIT,858200.0,12873.0,TZ-KIG-001,SUCCESS,NONE
TPESA-3001345,2026-09-01 12:33:56,+25567***217,+25567889577,TIGO_PESA_APP,CASH_OUT_WAKALA,268000.0,4020.0,TZ-ZNZ-001,SUCCESS,NONE
TPESA-3001346,2026-09-05 08:29:19,+25567***597,+25571784080,TIGO_PESA_APP,CASH_OUT_WAKALA,304600.0,4569.0,TZ-MWA-003,SUCCESS,NONE
TPESA-3001347,2026-09-04 06:34:25,+25577***673,+25574254703,TIGO_PESA_APP,P2P_TRANSFER,120000.0,1800.0,TZ-MWA-001,SUCCESS,NONE
TPESA-3001348,2026-09-05 15:00:14,+25571***109,+25565537025,USSD_*150*01#,CASH_OUT_WAKALA,248500.0,3727.5,TZ-DAR-010,SUCCESS,NONE
TPESA-3001349,2026-09-01 22:57:12,+25567***208,TILL-731157,TIGO_PESA_APP,LIPA_KWA_SIMU_MERCHANT,100400.0,803.2,TZ-SHI-001,SUCCESS,NONE
TPESA-3001350,2026-09-05 16:31:40,+25567***363,+25575706253,TIGO_PESA_APP,P2P_TRANSFER,198100.0,2971.5,TZ-KIL-002,SUCCESS,NONE
TPESA-3001351,2026-09-02 21:17:37,+25571***590,+25577857379,TIGO_PESA_APP,CASH_OUT_WAKALA,284600.0,4269.0,TZ-MBY-002,SUCCESS,NONE
TPESA-3001352,2026-09-04 22:31:47,+25565***436,+25575350841,TIGO_PESA_APP,BANK_TO_WALLET_DEPOSIT,403700.0,6055.5,TZ-SON-001,SUCCESS,NONE
TPESA-3001353,2026-09-07 19:44:45,+25565***752,+25577981153,TIGO_PESA_APP,P2P_TRANSFER,202900.0,3043.5,TZ-KAH-001,SUCCESS,NONE
TPESA-3001354,2026-09-05 10:27:40,+25565***151,TILL-833791,TIGO_PESA_APP,LIPA_KWA_SIMU_MERCHANT,56900.0,0.0,TZ-DAR-007,FAILED,USSD_TIMEOUT
TPESA-3001355,2026-09-05 06:18:46,+25567***280,+25565182788,TIGO_PESA_APP,CASH_OUT_WAKALA,169400.0,2541.0,TZ-DAR-001,SUCCESS,NONE
TPESA-3001356,2026-09-03 21:56:39,+25577***088,+25576354812,TIGO_PESA_APP,P2P_TRANSFER,65600.0,984.0,TZ-DAR-008,SUCCESS,NONE
TPESA-3001357,2026-09-02 14:13:12,+25565***092,+25565672092,TIGO_PESA_APP,AIRTIME_TOP_UP,8600.0,0.0,TZ-DAR-003,SUCCESS,NONE
TPESA-3001358,2026-09-01 17:51:10,+25567***359,+25571471751,TIGO_PESA_APP,CASH_OUT_WAKALA,354700.0,5320.5,TZ-MWA-003,SUCCESS,NONE
TPESA-3001359,2026-09-02 22:19:59,+25567***126,+25567685126,USSD_*150*01#,AIRTIME_TOP_UP,11800.0,0.0,TZ-DAR-005,SUCCESS,NONE
TPESA-3001360,2026-09-02 22:03:43,+25577***830,TILL-506665,TIGO_PESA_APP,LIPA_KWA_SIMU_MERCHANT,124100.0,992.8,TZ-MWA-003,SUCCESS,NONE
TPESA-3001361,2026-09-04 09:13:26,+25577***050,+25571565660,TIGO_PESA_APP,P2P_TRANSFER,244500.0,3667.5,TZ-KIL-003,SUCCESS,NONE
TPESA-3001362,2026-09-06 23:21:08,+25571***113,+25575553017,TIGO_PESA_APP,P2P_TRANSFER,24200.0,363.0,TZ-GEI-001,SUCCESS,NONE
TPESA-3001363,2026-09-04 16:45:57,+25577***222,+25577617677,USSD_*150*01#,CASH_OUT_WAKALA,200900.0,3013.5,TZ-MWA-003,SUCCESS,NONE
TPESA-3001364,2026-09-06 18:59:49,+25565***427,+25565750562,TIGO_PESA_APP,P2P_TRANSFER,240800.0,3612.0,TZ-BUK-001,SUCCESS,NONE
TPESA-3001365,2026-09-04 08:49:42,+25567***687,+25571435834,TIGO_PESA_APP,P2P_TRANSFER,53400.0,801.0,TZ-DAR-004,SUCCESS,NONE
TPESA-3001366,2026-09-01 18:11:42,+25567***331,TILL-787966,TIGO_PESA_APP,LIPA_KWA_SIMU_MERCHANT,141500.0,1132.0,TZ-ARU-001,SUCCESS,NONE
TPESA-3001367,2026-09-06 10:49:43,+25567***364,+25567578364,USSD_*150*01#,AIRTIME_TOP_UP,17400.0,0.0,TZ-MWA-002,SUCCESS,NONE
TPESA-3001368,2026-09-05 08:12:36,+25577***192,+25577244192,TIGO_PESA_APP,AIRTIME_TOP_UP,13200.0,0.0,TZ-MWA-001,SUCCESS,NONE
TPESA-3001369,2026-09-07 14:21:33,+25565***454,+25565924167,TIGO_PESA_APP,P2P_TRANSFER,133400.0,2001.0,TZ-MWA-003,SUCCESS,NONE
TPESA-3001370,2026-09-02 16:13:04,+25567***286,+25567108286,USSD_*150*01#,AIRTIME_TOP_UP,4300.0,0.0,TZ-MOR-001,SUCCESS,NONE
TPESA-3001371,2026-09-02 18:41:00,+25577***993,+25577107993,TIGO_PESA_APP,AIRTIME_TOP_UP,11700.0,0.0,TZ-ZNZ-004,SUCCESS,NONE
TPESA-3001372,2026-09-01 16:31:18,+25565***888,+25567780856,USSD_*150*01#,P2P_TRANSFER,149900.0,2248.5,TZ-DAR-011,SUCCESS,NONE
TPESA-3001373,2026-09-05 15:04:33,+25577***705,+25567754498,USSD_*150*01#,CASH_OUT_WAKALA,339500.0,5092.5,TZ-MWA-001,SUCCESS,NONE
TPESA-3001374,2026-09-02 12:11:30,+25577***443,+25567799491,TIGO_PESA_APP,P2P_TRANSFER,71400.0,1071.0,TZ-MOR-001,SUCCESS,NONE
TPESA-3001375,2026-09-04 22:29:24,+25565***807,+25565429987,USSD_*150*01#,CASH_OUT_WAKALA,441800.0,6627.0,TZ-DAR-008,SUCCESS,NONE
TPESA-3001376,2026-09-04 06:06:34,+25567***646,+25565882602,TIGO_PESA_APP,P2P_TRANSFER,123900.0,1858.5,TZ-DOM-001,SUCCESS,NONE
TPESA-3001377,2026-09-05 23:11:49,+25571***710,+25577693486,USSD_*150*01#,CASH_OUT_WAKALA,372400.0,5586.0,TZ-DAR-015,SUCCESS,NONE
TPESA-3001378,2026-09-01 14:17:27,+25565***039,+25577591978,USSD_*150*01#,CASH_OUT_WAKALA,482700.0,7240.5,TZ-KIG-001,SUCCESS,NONE
TPESA-3001379,2026-09-06 10:49:10,+25571***042,TILL-981609,TIGO_PESA_APP,LIPA_KWA_SIMU_MERCHANT,68500.0,548.0,TZ-BUK-001,SUCCESS,NONE
TPESA-3001380,2026-09-03 17:09:12,+25571***168,+25571857168,TIGO_PESA_APP,AIRTIME_TOP_UP,3200.0,0.0,TZ-DOM-001,SUCCESS,NONE
TPESA-3001381,2026-09-05 23:47:09,+25565***175,+25565166175,TIGO_PESA_APP,AIRTIME_TOP_UP,9100.0,0.0,TZ-DAR-009,SUCCESS,NONE
TPESA-3001382,2026-09-07 23:54:03,+25577***868,+25574979440,TIGO_PESA_APP,P2P_TRANSFER,186500.0,2797.5,TZ-NJO-001,SUCCESS,NONE
TPESA-3001383,2026-09-01 17:21:22,+25571***425,+25565218782,TIGO_PESA_APP,CASH_OUT_WAKALA,478700.0,7180.5,TZ-DAR-007,SUCCESS,NONE
TPESA-3001384,2026-09-03 19:01:09,+25565***214,TILL-971449,TIGO_PESA_APP,LIPA_KWA_SIMU_MERCHANT,125300.0,1002.4,TZ-ZNZ-001,SUCCESS,NONE
TPESA-3001385,2026-09-02 08:30:01,+25571***860,+25576356097,TIGO_PESA_APP,CASH_OUT_WAKALA,209700.0,3145.5,TZ-DAR-003,SUCCESS,NONE
TPESA-3001386,2026-09-06 07:03:55,+25577***922,+25565850500,TIGO_PESA_APP,P2P_TRANSFER,30700.0,460.5,TZ-ZNZ-001,SUCCESS,NONE
TPESA-3001387,2026-09-07 10:03:57,+25577***570,+25575552794,USSD_*150*01#,CASH_OUT_WAKALA,188800.0,2832.0,TZ-PEM-001,SUCCESS,NONE
TPESA-3001388,2026-09-01 15:49:09,+25577***224,+25574604955,TIGO_PESA_APP,P2P_TRANSFER,205700.0,3085.5,TZ-DOM-001,SUCCESS,NONE
TPESA-3001389,2026-09-03 21:13:14,+25577***830,TILL-990530,USSD_*150*01#,LIPA_KWA_SIMU_MERCHANT,95600.0,764.8,TZ-MWA-003,SUCCESS,NONE
TPESA-3001390,2026-09-03 22:19:27,+25567***645,TILL-789897,USSD_*150*01#,LIPA_KWA_SIMU_MERCHANT,99000.0,792.0,TZ-ZNZ-001,SUCCESS,NONE
TPESA-3001391,2026-09-04 06:37:39,+25571***213,TILL-891073,TIGO_PESA_APP,LIPA_KWA_SIMU_MERCHANT,139600.0,1116.8,TZ-KIL-002,SUCCESS,NONE
TPESA-3001392,2026-09-04 09:40:46,+25567***597,+25574301135,TIGO_PESA_APP,P2P_TRANSFER,218800.0,3282.0,TZ-MWA-003,SUCCESS,NONE
TPESA-3001393,2026-09-07 09:46:11,+25565***568,+25565846568,USSD_*150*01#,AIRTIME_TOP_UP,4000.0,0.0,TZ-DAR-003,SUCCESS,NONE
TPESA-3001394,2026-09-05 07:50:24,+25577***859,+25565874710,TIGO_PESA_APP,P2P_TRANSFER,160100.0,2401.5,TZ-ARU-002,SUCCESS,NONE
TPESA-3001395,2026-09-04 10:15:06,+25565***638,+25577987605,USSD_*150*01#,BANK_TO_WALLET_DEPOSIT,303200.0,4548.0,TZ-MAR-001,SUCCESS,NONE
TPESA-3001396,2026-09-03 19:32:56,+25567***881,+25571213785,TIGO_PESA_APP,P2P_TRANSFER,152300.0,2284.5,TZ-TAN-001,SUCCESS,NONE
TPESA-3001397,2026-09-05 20:23:00,+25565***466,+25577977855,TIGO_PESA_APP,P2P_TRANSFER,211700.0,3175.5,TZ-DOM-002,SUCCESS,NONE
TPESA-3001398,2026-09-06 18:48:48,+25565***215,+25571116446,USSD_*150*01#,P2P_TRANSFER,164200.0,2463.0,TZ-MOR-001,SUCCESS,NONE
TPESA-3001399,2026-09-02 09:48:23,+25577***244,TILL-728425,USSD_*150*01#,LIPA_KWA_SIMU_MERCHANT,52600.0,420.8,TZ-SNG-001,SUCCESS,NONE
TPESA-3001400,2026-09-06 20:45:51,+25577***724,TILL-846784,USSD_*150*01#,LIPA_KWA_SIMU_MERCHANT,134100.0,1072.8,TZ-DAR-001,SUCCESS,NONE
TPESA-3001401,2026-09-07 17:24:42,+25577***485,+25571798019,TIGO_PESA_APP,BANK_TO_WALLET_DEPOSIT,860800.0,12912.0,TZ-PWA-002,SUCCESS,NONE
TPESA-3001402,2026-09-06 10:41:21,+25571***546,+25574784961,TIGO_PESA_APP,BANK_TO_WALLET_DEPOSIT,816900.0,12253.5,TZ-PWA-002,SUCCESS,NONE
TPESA-3001403,2026-09-07 22:52:31,+25571***540,+25571232848,TIGO_PESA_APP,CASH_OUT_WAKALA,457700.0,6865.5,TZ-KIL-002,SUCCESS,NONE
TPESA-3001404,2026-09-02 08:58:34,+25565***800,+25577333987,TIGO_PESA_APP,CASH_OUT_WAKALA,51600.0,774.0,TZ-TAB-001,SUCCESS,NONE
TPESA-3001405,2026-09-07 06:08:21,+25577***021,+25575608902,TIGO_PESA_APP,CASH_OUT_WAKALA,405800.0,6087.0,TZ-SON-001,SUCCESS,NONE
TPESA-3001406,2026-09-01 09:40:49,+25577***676,+25577623676,TIGO_PESA_APP,AIRTIME_TOP_UP,14700.0,0.0,TZ-ARU-002,SUCCESS,NONE
TPESA-3001407,2026-09-01 23:33:42,+25567***427,+25567975427,TIGO_PESA_APP,AIRTIME_TOP_UP,9600.0,0.0,TZ-TAR-001,SUCCESS,NONE
TPESA-3001408,2026-09-05 19:21:38,+25567***395,TILL-828314,USSD_*150*01#,LIPA_KWA_SIMU_MERCHANT,43500.0,348.0,TZ-DAR-007,SUCCESS,NONE
TPESA-3001409,2026-09-05 12:20:51,+25577***004,+25565394048,TIGO_PESA_APP,P2P_TRANSFER,35900.0,538.5,TZ-SHI-001,SUCCESS,NONE
TPESA-3001410,2026-09-02 07:23:49,+25577***952,+25574734598,TIGO_PESA_APP,BANK_TO_WALLET_DEPOSIT,545100.0,8176.5,TZ-KIL-002,SUCCESS,NONE
TPESA-3001411,2026-09-01 07:53:47,+25577***724,+25571687999,USSD_*150*01#,P2P_TRANSFER,110500.0,1657.5,TZ-ARU-003,SUCCESS,NONE
TPESA-3001412,2026-09-04 12:13:09,+25577***551,+25574725903,TIGO_PESA_APP,CASH_OUT_WAKALA,402900.0,6043.5,TZ-DAR-014,SUCCESS,NONE
TPESA-3001413,2026-09-02 21:49:35,+25565***531,+25565594546,TIGO_PESA_APP,CASH_OUT_WAKALA,386900.0,5803.5,TZ-KIL-002,SUCCESS,NONE
TPESA-3001414,2026-09-01 11:09:50,+25567***266,TILL-814141,TIGO_PESA_APP,LIPA_KWA_SIMU_MERCHANT,135700.0,1085.6,TZ-TAR-001,SUCCESS,NONE
TPESA-3001415,2026-09-07 13:30:47,+25567***614,+25576314707,USSD_*150*01#,CASH_OUT_WAKALA,343900.0,5158.5,TZ-DAR-010,SUCCESS,NONE
TPESA-3001416,2026-09-06 11:56:41,+25565***748,+25567838238,TIGO_PESA_APP,P2P_TRANSFER,90700.0,1360.5,TZ-KIG-001,SUCCESS,NONE
TPESA-3001417,2026-09-02 10:17:57,+25571***042,+25571198042,USSD_*150*01#,AIRTIME_TOP_UP,16000.0,0.0,TZ-BUK-001,SUCCESS,NONE
TPESA-3001418,2026-09-06 11:29:21,+25567***459,+25567679459,USSD_*150*01#,AIRTIME_TOP_UP,3900.0,0.0,TZ-KIG-001,SUCCESS,NONE
TPESA-3001419,2026-09-04 21:39:05,+25571***716,+25565319344,TIGO_PESA_APP,P2P_TRANSFER,155100.0,2326.5,TZ-DAR-015,SUCCESS,NONE
TPESA-3001420,2026-09-04 07:07:24,+25571***174,+25567411443,USSD_*150*01#,CASH_OUT_WAKALA,444100.0,6661.5,TZ-SHI-001,SUCCESS,NONE
TPESA-3001421,2026-09-07 21:07:38,+25571***531,+25571486574,USSD_*150*01#,P2P_TRANSFER,151200.0,2268.0,TZ-ZNZ-004,SUCCESS,NONE
TPESA-3001422,2026-09-01 21:11:04,+25577***519,TILL-607055,USSD_*150*01#,LIPA_KWA_SIMU_MERCHANT,76800.0,614.4,TZ-PWA-002,SUCCESS,NONE
TPESA-3001423,2026-09-03 11:14:14,+25571***787,+25571809903,USSD_*150*01#,CASH_OUT_WAKALA,184100.0,2761.5,TZ-TAN-002,SUCCESS,NONE
TPESA-3001424,2026-09-01 09:28:18,+25565***918,+25574405315,TIGO_PESA_APP,P2P_TRANSFER,135200.0,2028.0,TZ-KIL-001,SUCCESS,NONE
TPESA-3001425,2026-09-05 09:52:08,+25571***077,+25565144763,TIGO_PESA_APP,CASH_OUT_WAKALA,66400.0,996.0,TZ-DAR-004,SUCCESS,NONE
TPESA-3001426,2026-09-01 19:30:21,+25571***430,+25567768853,TIGO_PESA_APP,P2P_TRANSFER,47000.0,705.0,TZ-SNG-001,SUCCESS,NONE
TPESA-3001427,2026-09-04 12:41:42,+25577***246,TILL-712377,TIGO_PESA_APP,LIPA_KWA_SIMU_MERCHANT,84900.0,679.2,TZ-MBY-001,SUCCESS,NONE
TPESA-3001428,2026-09-04 19:18:21,+25565***637,+25577976001,TIGO_PESA_APP,BANK_TO_WALLET_DEPOSIT,445200.0,6678.0,TZ-TAR-001,SUCCESS,NONE
TPESA-3001429,2026-09-02 14:48:23,+25567***756,+25567907756,USSD_*150*01#,AIRTIME_TOP_UP,12800.0,0.0,TZ-TAN-003,SUCCESS,NONE
TPESA-3001430,2026-09-07 09:56:38,+25571***800,+25576855171,USSD_*150*01#,BANK_TO_WALLET_DEPOSIT,799200.0,11988.0,TZ-TAN-002,SUCCESS,NONE
TPESA-3001431,2026-09-06 15:23:49,+25571***879,+25565497395,USSD_*150*01#,BANK_TO_WALLET_DEPOSIT,263100.0,3946.5,TZ-DAR-003,SUCCESS,NONE
TPESA-3001432,2026-09-01 10:51:39,+25567***557,+25567541557,USSD_*150*01#,AIRTIME_TOP_UP,2000.0,0.0,TZ-MBY-001,SUCCESS,NONE
TPESA-3001433,2026-09-05 18:44:44,+25567***062,+25565343645,TIGO_PESA_APP,P2P_TRANSFER,240000.0,3600.0,TZ-PWA-002,SUCCESS,NONE
TPESA-3001434,2026-09-05 22:10:07,+25577***849,+25565515251,USSD_*150*01#,BANK_TO_WALLET_DEPOSIT,509600.0,7644.0,TZ-MWA-003,SUCCESS,NONE
TPESA-3001435,2026-09-06 08:44:47,+25567***526,TILL-516989,TIGO_PESA_APP,LIPA_KWA_SIMU_MERCHANT,52400.0,419.2,TZ-DAR-010,SUCCESS,NONE
TPESA-3001436,2026-09-04 15:25:45,+25565***353,+25565691353,USSD_*150*01#,AIRTIME_TOP_UP,14700.0,0.0,TZ-MWA-002,SUCCESS,NONE
TPESA-3001437,2026-09-06 18:12:32,+25577***136,+25577868136,TIGO_PESA_APP,AIRTIME_TOP_UP,2000.0,0.0,TZ-MWA-003,SUCCESS,NONE
TPESA-3001438,2026-09-06 13:49:32,+25565***625,+25565974625,TIGO_PESA_APP,AIRTIME_TOP_UP,12600.0,0.0,TZ-TAN-001,SUCCESS,NONE
TPESA-3001439,2026-09-06 10:48:19,+25577***572,+25576530213,USSD_*150*01#,BANK_TO_WALLET_DEPOSIT,440800.0,6612.0,TZ-ZNZ-004,SUCCESS,NONE
TPESA-3001440,2026-09-03 12:41:16,+25565***179,+25577156239,USSD_*150*01#,P2P_TRANSFER,101900.0,1528.5,TZ-PWA-002,SUCCESS,NONE
TPESA-3001441,2026-09-03 23:29:45,+25567***266,TILL-594519,USSD_*150*01#,LIPA_KWA_SIMU_MERCHANT,81000.0,648.0,TZ-TAR-001,SUCCESS,NONE
TPESA-3001442,2026-09-01 11:38:30,+25577***164,TILL-724864,TIGO_PESA_APP,LIPA_KWA_SIMU_MERCHANT,20800.0,166.4,TZ-MWA-002,SUCCESS,NONE
TPESA-3001443,2026-09-06 18:31:43,+25565***508,TILL-778616,TIGO_PESA_APP,LIPA_KWA_SIMU_MERCHANT,22100.0,176.8,TZ-DAR-010,SUCCESS,NONE
TPESA-3001444,2026-09-03 22:04:12,+25565***715,+25565297919,TIGO_PESA_APP,CASH_OUT_WAKALA,61300.0,919.5,TZ-DAR-011,SUCCESS,NONE
TPESA-3001445,2026-09-04 16:55:38,+25577***416,+25567886424,USSD_*150*01#,P2P_TRANSFER,126200.0,1893.0,TZ-MBY-001,SUCCESS,NONE
TPESA-3001446,2026-09-04 13:43:43,+25577***932,+25574252051,USSD_*150*01#,CASH_OUT_WAKALA,21600.0,350.0,TZ-DOM-003,SUCCESS,NONE
TPESA-3001447,2026-09-07 17:31:25,+25567***620,+25567230620,USSD_*150*01#,AIRTIME_TOP_UP,5500.0,0.0,TZ-MOR-001,SUCCESS,NONE
TPESA-3001448,2026-09-04 11:55:41,+25565***608,+25574161099,USSD_*150*01#,P2P_TRANSFER,220000.0,3300.0,TZ-DAR-011,SUCCESS,NONE
TPESA-3001449,2026-09-03 18:30:10,+25565***209,+25565919209,USSD_*150*01#,AIRTIME_TOP_UP,9600.0,0.0,TZ-KIL-002,SUCCESS,NONE
TPESA-3001450,2026-09-05 09:31:35,+25565***510,+25565985510,USSD_*150*01#,AIRTIME_TOP_UP,3500.0,0.0,TZ-MWA-001,SUCCESS,NONE
TPESA-3001451,2026-09-02 20:56:54,+25577***660,TILL-818121,TIGO_PESA_APP,LIPA_KWA_SIMU_MERCHANT,67600.0,540.8,TZ-KAH-001,SUCCESS,NONE
TPESA-3001452,2026-09-02 22:49:48,+25565***939,+25567617772,USSD_*150*01#,P2P_TRANSFER,73800.0,1107.0,TZ-DOM-002,SUCCESS,NONE
TPESA-3001453,2026-09-02 16:37:29,+25565***534,+25567576117,USSD_*150*01#,P2P_TRANSFER,187600.0,2814.0,TZ-DAR-006,SUCCESS,NONE
TPESA-3001454,2026-09-05 10:36:45,+25567***565,+25567103162,USSD_*150*01#,CASH_OUT_WAKALA,218600.0,3279.0,TZ-DAR-009,SUCCESS,NONE
TPESA-3001455,2026-09-02 20:23:56,+25571***116,TILL-645566,USSD_*150*01#,LIPA_KWA_SIMU_MERCHANT,111200.0,889.6,TZ-DAR-015,SUCCESS,NONE
TPESA-3001456,2026-09-04 17:13:58,+25571***804,+25571579778,TIGO_PESA_APP,P2P_TRANSFER,219200.0,3288.0,TZ-MWA-003,SUCCESS,NONE
TPESA-3001457,2026-09-04 19:11:42,+25565***164,+25574557099,USSD_*150*01#,BANK_TO_WALLET_DEPOSIT,361800.0,5427.0,TZ-PWA-002,SUCCESS,NONE
TPESA-3001458,2026-09-07 19:48:47,+25571***232,+25574655222,USSD_*150*01#,P2P_TRANSFER,154200.0,2313.0,TZ-DAR-008,SUCCESS,NONE
TPESA-3001459,2026-09-05 14:06:44,+25577***680,TILL-994477,TIGO_PESA_APP,LIPA_KWA_SIMU_MERCHANT,68700.0,549.6,TZ-SON-001,SUCCESS,NONE
TPESA-3001460,2026-09-02 22:43:17,+25565***050,+25567401532,USSD_*150*01#,CASH_OUT_WAKALA,242100.0,3631.5,TZ-NJO-001,SUCCESS,NONE
TPESA-3001461,2026-09-03 11:30:56,+25577***694,+25577599694,TIGO_PESA_APP,AIRTIME_TOP_UP,14500.0,0.0,TZ-TAN-003,SUCCESS,NONE
TPESA-3001462,2026-09-06 12:13:51,+25571***712,+25571307392,USSD_*150*01#,BANK_TO_WALLET_DEPOSIT,710200.0,10653.0,TZ-DAR-012,SUCCESS,NONE
TPESA-3001463,2026-09-05 06:52:32,+25567***729,+25571731581,USSD_*150*01#,P2P_TRANSFER,95200.0,1428.0,TZ-MBY-001,SUCCESS,NONE
TPESA-3001464,2026-09-04 20:22:12,+25577***536,+25565859353,USSD_*150*01#,BANK_TO_WALLET_DEPOSIT,439500.0,6592.5,TZ-DAR-001,SUCCESS,NONE
TPESA-3001465,2026-09-05 15:30:05,+25577***901,+25576685228,USSD_*150*01#,CASH_OUT_WAKALA,280400.0,4206.0,TZ-DAR-002,SUCCESS,NONE
TPESA-3001466,2026-09-03 12:11:45,+25571***213,+25571736213,TIGO_PESA_APP,AIRTIME_TOP_UP,9500.0,0.0,TZ-KIL-002,SUCCESS,NONE
TPESA-3001467,2026-09-02 12:41:46,+25565***148,+25567939355,TIGO_PESA_APP,BANK_TO_WALLET_DEPOSIT,831800.0,12477.0,TZ-SHI-001,SUCCESS,NONE
TPESA-3001468,2026-09-05 12:56:08,+25565***209,TILL-613841,USSD_*150*01#,LIPA_KWA_SIMU_MERCHANT,50200.0,401.6,TZ-NJO-001,SUCCESS,NONE
TPESA-3001469,2026-09-05 16:54:30,+25577***613,+25571236818,USSD_*150*01#,P2P_TRANSFER,102700.0,1540.5,TZ-MOR-001,SUCCESS,NONE
TPESA-3001470,2026-09-07 14:58:10,+25577***329,+25576811465,TIGO_PESA_APP,BANK_TO_WALLET_DEPOSIT,390600.0,5859.0,TZ-KAH-001,SUCCESS,NONE
TPESA-3001471,2026-09-04 14:17:36,+25565***203,TILL-637715,TIGO_PESA_APP,LIPA_KWA_SIMU_MERCHANT,49100.0,392.8,TZ-MOR-001,SUCCESS,NONE
TPESA-3001472,2026-09-02 20:10:08,+25577***415,+25567898804,TIGO_PESA_APP,CASH_OUT_WAKALA,35600.0,534.0,TZ-DAR-011,SUCCESS,NONE
TPESA-3001473,2026-09-07 15:27:29,+25567***919,+25567992919,TIGO_PESA_APP,AIRTIME_TOP_UP,17400.0,0.0,TZ-MBY-002,SUCCESS,NONE
TPESA-3001474,2026-09-01 14:40:36,+25565***403,+25567883894,USSD_*150*01#,P2P_TRANSFER,76800.0,1152.0,TZ-DAR-013,SUCCESS,NONE
TPESA-3001475,2026-09-04 23:44:52,+25577***949,+25571986448,USSD_*150*01#,P2P_TRANSFER,191000.0,2865.0,TZ-TND-001,SUCCESS,NONE
TPESA-3001476,2026-09-03 12:26:48,+25571***468,+25571352468,TIGO_PESA_APP,AIRTIME_TOP_UP,6800.0,0.0,TZ-ARU-001,SUCCESS,NONE
TPESA-3001477,2026-09-01 08:34:11,+25567***891,+25576495858,TIGO_PESA_APP,CASH_OUT_WAKALA,407200.0,0.0,TZ-DAR-012,FAILED,PIN_MAX_ATTEMPTS_EXCEEDED
TPESA-3001478,2026-09-05 20:15:22,+25567***003,+25565464822,USSD_*150*01#,P2P_TRANSFER,244600.0,3669.0,TZ-SHI-001,SUCCESS,NONE
TPESA-3001479,2026-09-05 12:06:52,+25567***120,+25577865924,USSD_*150*01#,P2P_TRANSFER,156800.0,2352.0,TZ-MTW-001,SUCCESS,NONE
TPESA-3001480,2026-09-06 16:57:56,+25565***165,TILL-616071,USSD_*150*01#,LIPA_KWA_SIMU_MERCHANT,48300.0,386.4,TZ-TAN-003,SUCCESS,NONE
TPESA-3001481,2026-09-04 19:48:54,+25577***438,+25577937148,USSD_*150*01#,P2P_TRANSFER,166400.0,2496.0,TZ-DAR-011,SUCCESS,NONE
TPESA-3001482,2026-09-05 16:31:19,+25577***148,+25574944917,TIGO_PESA_APP,P2P_TRANSFER,82000.0,1230.0,TZ-DAR-013,SUCCESS,NONE
TPESA-3001483,2026-09-04 18:03:37,+25577***712,+25565484042,USSD_*150*01#,CASH_OUT_WAKALA,398000.0,5970.0,TZ-MTW-001,SUCCESS,NONE
TPESA-3001484,2026-09-07 19:05:52,+25571***112,+25565356628,USSD_*150*01#,CASH_OUT_WAKALA,186600.0,0.0,TZ-ARU-001,FAILED,SYSTEM_BUSY
TPESA-3001485,2026-09-06 16:33:53,+25577***395,+25571711472,USSD_*150*01#,CASH_OUT_WAKALA,263900.0,3958.5,TZ-DAR-009,SUCCESS,NONE
TPESA-3001486,2026-09-01 20:48:17,+25565***223,+25565169223,TIGO_PESA_APP,AIRTIME_TOP_UP,16800.0,0.0,TZ-DAR-007,SUCCESS,NONE
TPESA-3001487,2026-09-02 20:48:52,+25567***173,+25576133387,USSD_*150*01#,P2P_TRANSFER,12200.0,350.0,TZ-DAR-013,SUCCESS,NONE
TPESA-3001488,2026-09-02 23:27:11,+25571***819,+25571599080,USSD_*150*01#,P2P_TRANSFER,66300.0,994.5,TZ-DAR-011,SUCCESS,NONE
TPESA-3001489,2026-09-01 20:27:57,+25571***802,TILL-655507,USSD_*150*01#,LIPA_KWA_SIMU_MERCHANT,7900.0,63.2,TZ-TAB-001,SUCCESS,NONE
TPESA-3001490,2026-09-03 11:44:30,+25571***652,TILL-804386,USSD_*150*01#,LIPA_KWA_SIMU_MERCHANT,52300.0,418.4,TZ-TAR-001,SUCCESS,NONE
TPESA-3001491,2026-09-07 18:01:06,+25577***195,+25565739037,TIGO_PESA_APP,CASH_OUT_WAKALA,118300.0,1774.5,TZ-MBY-001,SUCCESS,NONE
TPESA-3001492,2026-09-06 08:49:25,+25565***287,+25577731459,TIGO_PESA_APP,CASH_OUT_WAKALA,348800.0,5232.0,TZ-KIL-002,SUCCESS,NONE
TPESA-3001493,2026-09-07 11:41:57,+25571***673,+25571139673,USSD_*150*01#,AIRTIME_TOP_UP,14500.0,0.0,TZ-PEM-001,SUCCESS,NONE
TPESA-3001494,2026-09-07 12:25:04,+25571***773,+25577866284,USSD_*150*01#,BANK_TO_WALLET_DEPOSIT,790000.0,11850.0,TZ-DAR-014,SUCCESS,NONE
TPESA-3001495,2026-09-02 19:40:34,+25565***777,+25565509777,USSD_*150*01#,AIRTIME_TOP_UP,16200.0,0.0,TZ-KIG-001,SUCCESS,NONE
TPESA-3001496,2026-09-02 18:23:20,+25577***949,+25567427823,USSD_*150*01#,CASH_OUT_WAKALA,298200.0,4473.0,TZ-TND-001,SUCCESS,NONE
TPESA-3001497,2026-09-07 07:27:49,+25577***527,TILL-997989,USSD_*150*01#,LIPA_KWA_SIMU_MERCHANT,51500.0,412.0,TZ-PWA-001,SUCCESS,NONE
TPESA-3001498,2026-09-05 20:59:59,+25567***645,+25565846395,USSD_*150*01#,P2P_TRANSFER,14900.0,350.0,TZ-ZNZ-001,SUCCESS,NONE
TPESA-3001499,2026-09-07 16:31:48,+25567***043,+25571783108,USSD_*150*01#,P2P_TRANSFER,244600.0,3669.0,TZ-ARU-001,SUCCESS,NONE
TPESA-3001500,2026-09-02 10:08:07,+25577***222,+25567381323,TIGO_PESA_APP,BANK_TO_WALLET_DEPOSIT,820500.0,12307.5,TZ-MWA-003,SUCCESS,NONE
TPESA-3001501,2026-09-07 08:20:49,+25577***546,TILL-914926,USSD_*150*01#,LIPA_KWA_SIMU_MERCHANT,15300.0,122.4,TZ-ARU-003,SUCCESS,NONE
TPESA-3001502,2026-09-06 14:59:28,+25565***144,+25565407114,TIGO_PESA_APP,P2P_TRANSFER,137800.0,2067.0,TZ-DAR-007,SUCCESS,NONE
TPESA-3001503,2026-09-03 17:19:06,+25565***704,+25576429318,USSD_*150*01#,P2P_TRANSFER,40700.0,610.5,TZ-DAR-012,SUCCESS,NONE
TPESA-3001504,2026-09-04 21:10:05,+25567***595,+25567293595,TIGO_PESA_APP,AIRTIME_TOP_UP,1300.0,0.0,TZ-ZNZ-004,SUCCESS,NONE
TPESA-3001505,2026-09-03 18:21:36,+25565***757,+25567959115,TIGO_PESA_APP,CASH_OUT_WAKALA,155700.0,2335.5,TZ-DAR-002,SUCCESS,NONE
TPESA-3001506,2026-09-04 15:07:16,+25571***019,+25577793803,TIGO_PESA_APP,CASH_OUT_WAKALA,487600.0,7314.0,TZ-DAR-003,SUCCESS,NONE
TPESA-3001507,2026-09-02 23:44:15,+25577***142,+25567549806,USSD_*150*01#,P2P_TRANSFER,132100.0,1981.5,TZ-TAR-001,SUCCESS,NONE
TPESA-3001508,2026-09-07 08:37:15,+25577***637,+25577168637,USSD_*150*01#,AIRTIME_TOP_UP,19300.0,0.0,TZ-SNG-001,SUCCESS,NONE
TPESA-3001509,2026-09-03 14:43:03,+25571***791,+25571591864,TIGO_PESA_APP,BANK_TO_WALLET_DEPOSIT,475300.0,7129.5,TZ-GEI-001,SUCCESS,NONE
TPESA-3001510,2026-09-07 10:00:19,+25567***395,+25571282029,USSD_*150*01#,CASH_OUT_WAKALA,461400.0,6921.0,TZ-DAR-007,SUCCESS,NONE
TPESA-3001511,2026-09-06 21:04:04,+25571***122,+25571734122,USSD_*150*01#,AIRTIME_TOP_UP,6300.0,0.0,TZ-MBY-001,SUCCESS,NONE
TPESA-3001512,2026-09-07 11:44:28,+25565***875,TILL-916499,TIGO_PESA_APP,LIPA_KWA_SIMU_MERCHANT,117700.0,941.6,TZ-DAR-005,SUCCESS,NONE
TPESA-3001513,2026-09-01 12:37:49,+25577***793,TILL-932116,TIGO_PESA_APP,LIPA_KWA_SIMU_MERCHANT,55700.0,445.6,TZ-SON-001,SUCCESS,NONE
TPESA-3001514,2026-09-02 16:21:16,+25577***773,+25565778247,TIGO_PESA_APP,CASH_OUT_WAKALA,122200.0,1833.0,TZ-DAR-010,SUCCESS,NONE
TPESA-3001515,2026-09-05 22:33:57,+25577***148,+25567202817,USSD_*150*01#,P2P_TRANSFER,5800.0,350.0,TZ-DAR-013,SUCCESS,NONE
TPESA-3001516,2026-09-07 23:48:30,+25577***881,TILL-626659,TIGO_PESA_APP,LIPA_KWA_SIMU_MERCHANT,68000.0,544.0,TZ-KIL-003,SUCCESS,NONE
TPESA-3001517,2026-09-06 17:22:00,+25567***026,+25577790122,TIGO_PESA_APP,P2P_TRANSFER,27600.0,414.0,TZ-MWA-001,SUCCESS,NONE
TPESA-3001518,2026-09-04 14:43:27,+25577***519,+25571786356,USSD_*150*01#,CASH_OUT_WAKALA,83900.0,0.0,TZ-PWA-002,FAILED,INSUFFICIENT_FUNDS
TPESA-3001519,2026-09-07 08:28:13,+25571***137,+25577228450,TIGO_PESA_APP,P2P_TRANSFER,44400.0,666.0,TZ-DOM-002,SUCCESS,NONE
TPESA-3001520,2026-09-02 08:48:05,+25571***503,TILL-548823,USSD_*150*01#,LIPA_KWA_SIMU_MERCHANT,24100.0,192.8,TZ-ARU-002,SUCCESS,NONE
TPESA-3001521,2026-09-04 09:19:26,+25577***680,TILL-711220,TIGO_PESA_APP,LIPA_KWA_SIMU_MERCHANT,104300.0,834.4,TZ-MWA-001,SUCCESS,NONE
TPESA-3001522,2026-09-06 22:49:17,+25571***247,TILL-608339,TIGO_PESA_APP,LIPA_KWA_SIMU_MERCHANT,148500.0,1188.0,TZ-SNG-001,SUCCESS,NONE
TPESA-3001523,2026-09-02 21:39:55,+25571***744,+25574212635,TIGO_PESA_APP,CASH_OUT_WAKALA,183600.0,2754.0,TZ-ARU-002,SUCCESS,NONE
TPESA-3001524,2026-09-02 17:04:10,+25565***068,+25577175408,USSD_*150*01#,P2P_TRANSFER,217500.0,3262.5,TZ-DAR-009,SUCCESS,NONE
TPESA-3001525,2026-09-06 07:40:14,+25565***035,+25565358704,TIGO_PESA_APP,P2P_TRANSFER,43200.0,648.0,TZ-ARU-002,SUCCESS,NONE
TPESA-3001526,2026-09-07 20:37:24,+25567***011,+25577102842,TIGO_PESA_APP,CASH_OUT_WAKALA,158100.0,2371.5,TZ-PEM-001,SUCCESS,NONE
TPESA-3001527,2026-09-04 11:46:49,+25571***348,+25571983934,USSD_*150*01#,BANK_TO_WALLET_DEPOSIT,480800.0,7212.0,TZ-KAH-001,SUCCESS,NONE
TPESA-3001528,2026-09-04 09:44:19,+25571***035,TILL-661377,USSD_*150*01#,LIPA_KWA_SIMU_MERCHANT,121300.0,970.4,TZ-DAR-004,SUCCESS,NONE
TPESA-3001529,2026-09-04 07:23:57,+25577***224,+25565531163,TIGO_PESA_APP,BANK_TO_WALLET_DEPOSIT,200000.0,3000.0,TZ-DOM-001,SUCCESS,NONE
TPESA-3001530,2026-09-05 21:03:19,+25565***507,+25567751713,TIGO_PESA_APP,P2P_TRANSFER,156000.0,2340.0,TZ-DAR-009,SUCCESS,NONE
TPESA-3001531,2026-09-01 22:31:15,+25567***201,TILL-691794,TIGO_PESA_APP,LIPA_KWA_SIMU_MERCHANT,10000.0,80.0,TZ-PWA-001,SUCCESS,NONE
TPESA-3001532,2026-09-03 08:11:39,+25577***486,+25577805486,TIGO_PESA_APP,AIRTIME_TOP_UP,12000.0,0.0,TZ-DAR-003,SUCCESS,NONE
TPESA-3001533,2026-09-01 09:33:41,+25565***446,+25565736446,USSD_*150*01#,AIRTIME_TOP_UP,1300.0,0.0,TZ-ARU-003,SUCCESS,NONE
TPESA-3001534,2026-09-05 07:01:41,+25571***109,TILL-949834,TIGO_PESA_APP,LIPA_KWA_SIMU_MERCHANT,35900.0,287.2,TZ-DAR-010,SUCCESS,NONE
TPESA-3001535,2026-09-07 06:49:25,+25571***776,+25571971776,USSD_*150*01#,AIRTIME_TOP_UP,1500.0,0.0,TZ-TAR-001,SUCCESS,NONE
TPESA-3001536,2026-09-04 21:30:26,+25577***437,+25576373844,USSD_*150*01#,CASH_OUT_WAKALA,262300.0,3934.5,TZ-BUK-001,SUCCESS,NONE
TPESA-3001537,2026-09-03 12:31:37,+25565***561,+25565137529,TIGO_PESA_APP,CASH_OUT_WAKALA,283300.0,4249.5,TZ-ARU-001,SUCCESS,NONE
TPESA-3001538,2026-09-04 07:22:45,+25571***720,+25565459477,USSD_*150*01#,BANK_TO_WALLET_DEPOSIT,974300.0,14614.5,TZ-DOM-002,SUCCESS,NONE
TPESA-3001539,2026-09-03 07:51:15,+25571***520,+25577464972,TIGO_PESA_APP,P2P_TRANSFER,131800.0,1977.0,TZ-ARU-001,SUCCESS,NONE
TPESA-3001540,2026-09-04 19:30:09,+25565***325,+25565906325,USSD_*150*01#,AIRTIME_TOP_UP,6500.0,0.0,TZ-NJO-001,SUCCESS,NONE
TPESA-3001541,2026-09-03 06:46:00,+25577***981,+25577983981,TIGO_PESA_APP,AIRTIME_TOP_UP,16500.0,0.0,TZ-PEM-001,SUCCESS,NONE
TPESA-3001542,2026-09-05 18:18:54,+25577***203,+25574615236,TIGO_PESA_APP,P2P_TRANSFER,122400.0,1836.0,TZ-TAB-001,SUCCESS,NONE
TPESA-3001543,2026-09-01 19:14:08,+25565***825,+25565260566,TIGO_PESA_APP,CASH_OUT_WAKALA,83900.0,1258.5,TZ-TAN-002,SUCCESS,NONE
TPESA-3001544,2026-09-03 08:51:11,+25567***729,TILL-597698,TIGO_PESA_APP,LIPA_KWA_SIMU_MERCHANT,39400.0,315.2,TZ-MBY-001,SUCCESS,NONE
TPESA-3001545,2026-09-05 10:00:08,+25577***179,+25577946610,TIGO_PESA_APP,P2P_TRANSFER,110400.0,1656.0,TZ-KAH-001,SUCCESS,NONE
TPESA-3001546,2026-09-06 13:11:53,+25577***897,TILL-628841,USSD_*150*01#,LIPA_KWA_SIMU_MERCHANT,29300.0,234.4,TZ-ARU-002,SUCCESS,NONE
TPESA-3001547,2026-09-07 20:32:32,+25567***768,+25567303768,USSD_*150*01#,AIRTIME_TOP_UP,11100.0,0.0,TZ-ZNZ-001,SUCCESS,NONE
TPESA-3001548,2026-09-07 17:09:03,+25571***777,+25565159102,TIGO_PESA_APP,BANK_TO_WALLET_DEPOSIT,948500.0,14227.5,TZ-ARU-002,SUCCESS,NONE
TPESA-3001549,2026-09-05 15:30:59,+25571***070,+25565396439,TIGO_PESA_APP,CASH_OUT_WAKALA,377100.0,5656.5,TZ-IRI-001,SUCCESS,NONE
TPESA-3001550,2026-09-01 20:20:46,+25565***124,+25567363211,TIGO_PESA_APP,P2P_TRANSFER,85300.0,0.0,TZ-MWA-002,FAILED,SYSTEM_BUSY
TPESA-3001551,2026-09-06 23:48:43,+25565***917,+25567106346,TIGO_PESA_APP,CASH_OUT_WAKALA,342500.0,5137.5,TZ-BUK-001,SUCCESS,NONE
TPESA-3001552,2026-09-07 11:00:56,+25565***512,+25571322514,USSD_*150*01#,P2P_TRANSFER,175000.0,2625.0,TZ-KIL-003,SUCCESS,NONE
TPESA-3001553,2026-09-06 19:55:12,+25567***422,+25567703814,TIGO_PESA_APP,CASH_OUT_WAKALA,203900.0,3058.5,TZ-ZNZ-002,SUCCESS,NONE
TPESA-3001554,2026-09-05 16:53:25,+25567***517,+25567333517,USSD_*150*01#,AIRTIME_TOP_UP,17500.0,0.0,TZ-MWA-003,SUCCESS,NONE
TPESA-3001555,2026-09-01 10:01:36,+25565***818,+25567790185,TIGO_PESA_APP,P2P_TRANSFER,153000.0,2295.0,TZ-KAH-001,SUCCESS,NONE
TPESA-3001556,2026-09-07 14:12:33,+25571***144,+25571800144,TIGO_PESA_APP,AIRTIME_TOP_UP,16900.0,0.0,TZ-DAR-008,SUCCESS,NONE
TPESA-3001557,2026-09-02 07:50:39,+25571***169,+25577586799,USSD_*150*01#,P2P_TRANSFER,215000.0,3225.0,TZ-DAR-007,SUCCESS,NONE
TPESA-3001558,2026-09-05 18:04:27,+25571***210,TILL-574202,USSD_*150*01#,LIPA_KWA_SIMU_MERCHANT,12700.0,101.6,TZ-TAN-001,SUCCESS,NONE
TPESA-3001559,2026-09-02 09:57:59,+25571***113,+25574592951,TIGO_PESA_APP,BANK_TO_WALLET_DEPOSIT,442300.0,6634.5,TZ-GEI-001,SUCCESS,NONE
TPESA-3001560,2026-09-02 16:27:34,+25571***555,TILL-842972,USSD_*150*01#,LIPA_KWA_SIMU_MERCHANT,120200.0,961.6,TZ-ZNZ-004,SUCCESS,NONE
TPESA-3001561,2026-09-04 23:44:29,+25565***237,+25574989879,USSD_*150*01#,CASH_OUT_WAKALA,178200.0,2673.0,TZ-TND-001,SUCCESS,NONE
TPESA-3001562,2026-09-07 19:45:13,+25577***531,+25576178976,TIGO_PESA_APP,CASH_OUT_WAKALA,381500.0,5722.5,TZ-NJO-001,SUCCESS,NONE
TPESA-3001563,2026-09-06 20:55:48,+25571***550,+25577489792,TIGO_PESA_APP,P2P_TRANSFER,199300.0,2989.5,TZ-DAR-009,SUCCESS,NONE
TPESA-3001564,2026-09-07 20:33:40,+25565***875,+25574429997,USSD_*150*01#,P2P_TRANSFER,147100.0,2206.5,TZ-TAR-001,SUCCESS,NONE
TPESA-3001565,2026-09-06 21:45:56,+25565***044,+25577821356,TIGO_PESA_APP,P2P_TRANSFER,173400.0,2601.0,TZ-DOM-002,SUCCESS,NONE
TPESA-3001566,2026-09-06 15:32:24,+25565***409,+25565169077,TIGO_PESA_APP,CASH_OUT_WAKALA,411300.0,6169.5,TZ-DAR-011,SUCCESS,NONE
TPESA-3001567,2026-09-06 23:56:49,+25571***213,+25577109476,USSD_*150*01#,CASH_OUT_WAKALA,144700.0,2170.5,TZ-KIL-002,SUCCESS,NONE
TPESA-3001568,2026-09-03 18:53:02,+25567***010,+25565729931,TIGO_PESA_APP,P2P_TRANSFER,47200.0,708.0,TZ-GEI-001,SUCCESS,NONE
TPESA-3001569,2026-09-01 11:50:52,+25565***489,+25571935759,TIGO_PESA_APP,CASH_OUT_WAKALA,116200.0,1743.0,TZ-DOM-002,SUCCESS,NONE
TPESA-3001570,2026-09-01 17:21:19,+25571***977,+25575422378,TIGO_PESA_APP,CASH_OUT_WAKALA,255700.0,3835.5,TZ-PEM-001,SUCCESS,NONE
TPESA-3001571,2026-09-03 15:17:38,+25567***427,+25567750569,TIGO_PESA_APP,BANK_TO_WALLET_DEPOSIT,730800.0,10962.0,TZ-TAR-001,SUCCESS,NONE
TPESA-3001572,2026-09-06 22:51:56,+25571***766,+25565222185,USSD_*150*01#,CASH_OUT_WAKALA,325700.0,4885.5,TZ-KIL-001,SUCCESS,NONE
TPESA-3001573,2026-09-01 08:35:38,+25567***597,+25577195488,TIGO_PESA_APP,CASH_OUT_WAKALA,208800.0,3132.0,TZ-MWA-003,SUCCESS,NONE
TPESA-3001574,2026-09-07 08:10:46,+25567***881,+25574247641,USSD_*150*01#,BANK_TO_WALLET_DEPOSIT,955500.0,14332.5,TZ-ZNZ-004,SUCCESS,NONE
TPESA-3001575,2026-09-05 20:36:56,+25571***364,+25565449496,TIGO_PESA_APP,CASH_OUT_WAKALA,37700.0,565.5,TZ-MWA-002,SUCCESS,NONE
TPESA-3001576,2026-09-04 13:17:50,+25567***055,TILL-796343,TIGO_PESA_APP,LIPA_KWA_SIMU_MERCHANT,146500.0,1172.0,TZ-TAN-001,SUCCESS,NONE
TPESA-3001577,2026-09-05 12:46:19,+25565***462,+25574693578,TIGO_PESA_APP,P2P_TRANSFER,73200.0,1098.0,TZ-TAB-001,SUCCESS,NONE
TPESA-3001578,2026-09-06 06:21:49,+25571***901,+25567213207,TIGO_PESA_APP,P2P_TRANSFER,63200.0,948.0,TZ-DAR-015,SUCCESS,NONE
TPESA-3001579,2026-09-03 09:04:08,+25567***881,+25567691881,USSD_*150*01#,AIRTIME_TOP_UP,3800.0,0.0,TZ-ZNZ-004,SUCCESS,NONE
TPESA-3001580,2026-09-07 11:28:18,+25567***113,TILL-935054,TIGO_PESA_APP,LIPA_KWA_SIMU_MERCHANT,81900.0,655.2,TZ-TAN-003,SUCCESS,NONE
TPESA-3001581,2026-09-07 18:44:39,+25567***032,+25567464032,TIGO_PESA_APP,AIRTIME_TOP_UP,600.0,0.0,TZ-KIG-001,SUCCESS,NONE
TPESA-3001582,2026-09-06 17:05:27,+25565***224,+25565924464,TIGO_PESA_APP,BANK_TO_WALLET_DEPOSIT,913700.0,13705.5,TZ-DAR-005,SUCCESS,NONE
TPESA-3001583,2026-09-03 06:44:08,+25577***009,+25577402334,USSD_*150*01#,CASH_OUT_WAKALA,78400.0,1176.0,TZ-DOM-003,SUCCESS,NONE
TPESA-3001584,2026-09-05 20:20:07,+25577***321,+25567491744,TIGO_PESA_APP,CASH_OUT_WAKALA,471900.0,7078.5,TZ-DOM-002,SUCCESS,NONE
TPESA-3001585,2026-09-03 15:46:25,+25571***703,TILL-548785,TIGO_PESA_APP,LIPA_KWA_SIMU_MERCHANT,11600.0,92.8,TZ-PEM-001,SUCCESS,NONE
TPESA-3001586,2026-09-07 16:01:15,+25567***578,+25567981578,USSD_*150*01#,AIRTIME_TOP_UP,15000.0,0.0,TZ-TAB-001,SUCCESS,NONE
TPESA-3001587,2026-09-01 10:45:42,+25577***431,+25567223534,USSD_*150*01#,CASH_OUT_WAKALA,181000.0,2715.0,TZ-MBY-002,SUCCESS,NONE
TPESA-3001588,2026-09-07 21:29:32,+25577***441,+25577432441,USSD_*150*01#,AIRTIME_TOP_UP,8800.0,0.0,TZ-KIL-003,SUCCESS,NONE
TPESA-3001589,2026-09-04 21:43:07,+25577***457,+25571177386,TIGO_PESA_APP,CASH_OUT_WAKALA,208000.0,3120.0,TZ-DAR-009,SUCCESS,NONE
TPESA-3001590,2026-09-02 14:09:01,+25567***437,+25571824048,TIGO_PESA_APP,CASH_OUT_WAKALA,473000.0,7095.0,TZ-DAR-004,SUCCESS,NONE
TPESA-3001591,2026-09-04 11:40:03,+25577***008,+25577774976,TIGO_PESA_APP,P2P_TRANSFER,115800.0,1737.0,TZ-MWA-002,SUCCESS,NONE
TPESA-3001592,2026-09-05 07:50:10,+25565***826,TILL-988782,TIGO_PESA_APP,LIPA_KWA_SIMU_MERCHANT,86600.0,692.8,TZ-PWA-002,SUCCESS,NONE
TPESA-3001593,2026-09-07 20:55:44,+25565***401,+25576492229,USSD_*150*01#,BANK_TO_WALLET_DEPOSIT,886300.0,13294.5,TZ-SNG-001,SUCCESS,NONE
TPESA-3001594,2026-09-05 12:12:49,+25567***401,+25575155698,TIGO_PESA_APP,BANK_TO_WALLET_DEPOSIT,826200.0,12393.0,TZ-DAR-015,SUCCESS,NONE
TPESA-3001595,2026-09-01 16:21:27,+25567***981,+25576899774,TIGO_PESA_APP,CASH_OUT_WAKALA,389500.0,5842.5,TZ-DAR-010,SUCCESS,NONE
TPESA-3001596,2026-09-06 13:04:06,+25567***035,+25571390960,TIGO_PESA_APP,P2P_TRANSFER,248400.0,3726.0,TZ-SNG-001,SUCCESS,NONE
TPESA-3001597,2026-09-02 06:33:07,+25571***652,+25571259652,USSD_*150*01#,AIRTIME_TOP_UP,3300.0,0.0,TZ-SNG-001,SUCCESS,NONE
TPESA-3001598,2026-09-02 08:30:41,+25571***927,+25571473964,USSD_*150*01#,CASH_OUT_WAKALA,389400.0,5841.0,TZ-TAN-003,SUCCESS,NONE
TPESA-3001599,2026-09-02 06:54:41,+25567***144,+25565446274,USSD_*150*01#,CASH_OUT_WAKALA,308600.0,4629.0,TZ-KIL-003,SUCCESS,NONE
TPESA-3001600,2026-09-06 20:45:21,+25571***675,+25567784360,USSD_*150*01#,P2P_TRANSFER,37000.0,555.0,TZ-DOM-001,SUCCESS,NONE
TPESA-3001601,2026-09-04 19:26:37,+25571***558,TILL-670168,TIGO_PESA_APP,LIPA_KWA_SIMU_MERCHANT,56900.0,455.2,TZ-ZNZ-001,SUCCESS,NONE
TPESA-3001602,2026-09-06 21:53:42,+25567***062,+25571637137,TIGO_PESA_APP,P2P_TRANSFER,44600.0,669.0,TZ-PWA-002,SUCCESS,NONE
TPESA-3001603,2026-09-06 14:06:09,+25571***638,+25571532985,USSD_*150*01#,BANK_TO_WALLET_DEPOSIT,933000.0,0.0,TZ-DAR-014,FAILED,USSD_TIMEOUT
TPESA-3001604,2026-09-01 07:47:07,+25565***113,+25567317486,USSD_*150*01#,BANK_TO_WALLET_DEPOSIT,306600.0,4599.0,TZ-SON-001,SUCCESS,NONE
TPESA-3001605,2026-09-06 08:39:12,+25565***717,+25574410805,TIGO_PESA_APP,P2P_TRANSFER,48200.0,723.0,TZ-DAR-009,SUCCESS,NONE
TPESA-3001606,2026-09-06 17:26:43,+25565***575,+25575545896,USSD_*150*01#,P2P_TRANSFER,138600.0,2079.0,TZ-TAB-001,SUCCESS,NONE
TPESA-3001607,2026-09-05 09:09:02,+25571***914,+25571420668,USSD_*150*01#,CASH_OUT_WAKALA,241800.0,3627.0,TZ-ARU-002,SUCCESS,NONE
TPESA-3001608,2026-09-04 13:42:14,+25577***798,+25576911890,USSD_*150*01#,P2P_TRANSFER,144900.0,2173.5,TZ-MWA-001,SUCCESS,NONE
TPESA-3001609,2026-09-03 14:03:36,+25565***287,+25565721988,TIGO_PESA_APP,CASH_OUT_WAKALA,310900.0,4663.5,TZ-KIL-002,SUCCESS,NONE
TPESA-3001610,2026-09-01 22:46:20,+25577***877,TILL-966234,TIGO_PESA_APP,LIPA_KWA_SIMU_MERCHANT,131600.0,1052.8,TZ-PWA-002,SUCCESS,NONE
TPESA-3001611,2026-09-01 19:37:33,+25565***507,TILL-801630,TIGO_PESA_APP,LIPA_KWA_SIMU_MERCHANT,31800.0,254.4,TZ-DAR-008,SUCCESS,NONE
TPESA-3001612,2026-09-04 15:13:39,+25565***120,+25567329164,USSD_*150*01#,P2P_TRANSFER,178700.0,2680.5,TZ-TAB-001,SUCCESS,NONE
TPESA-3001613,2026-09-02 18:06:28,+25565***537,+25571865081,USSD_*150*01#,P2P_TRANSFER,52800.0,0.0,TZ-ZNZ-004,FAILED,INSUFFICIENT_FUNDS
TPESA-3001614,2026-09-03 06:16:52,+25571***210,+25571387210,USSD_*150*01#,AIRTIME_TOP_UP,13600.0,0.0,TZ-PWA-002,SUCCESS,NONE
TPESA-3001615,2026-09-04 20:54:13,+25577***694,+25577599694,TIGO_PESA_APP,AIRTIME_TOP_UP,14600.0,0.0,TZ-TAN-003,SUCCESS,NONE
TPESA-3001616,2026-09-02 17:34:29,+25571***470,+25565318743,USSD_*150*01#,P2P_TRANSFER,149600.0,2244.0,TZ-DOM-003,SUCCESS,NONE
TPESA-3001617,2026-09-06 20:24:45,+25571***981,+25571542981,TIGO_PESA_APP,AIRTIME_TOP_UP,12700.0,0.0,TZ-MBY-001,SUCCESS,NONE
TPESA-3001618,2026-09-05 07:46:13,+25567***462,+25577534625,TIGO_PESA_APP,P2P_TRANSFER,87600.0,1314.0,TZ-DAR-012,SUCCESS,NONE
TPESA-3001619,2026-09-05 21:55:46,+25577***527,+25565400321,USSD_*150*01#,P2P_TRANSFER,204500.0,3067.5,TZ-PWA-001,SUCCESS,NONE
TPESA-3001620,2026-09-07 12:37:48,+25571***652,TILL-629345,USSD_*150*01#,LIPA_KWA_SIMU_MERCHANT,76000.0,608.0,TZ-DAR-010,SUCCESS,NONE
TPESA-3001621,2026-09-06 19:09:09,+25571***737,+25577375581,USSD_*150*01#,BANK_TO_WALLET_DEPOSIT,711100.0,10666.5,TZ-SNG-001,SUCCESS,NONE
TPESA-3001622,2026-09-05 11:38:50,+25577***448,+25577745082,USSD_*150*01#,P2P_TRANSFER,92900.0,1393.5,TZ-KIG-001,SUCCESS,NONE
TPESA-3001623,2026-09-06 18:36:26,+25567***527,+25571918812,TIGO_PESA_APP,CASH_OUT_WAKALA,43000.0,645.0,TZ-DAR-001,SUCCESS,NONE
TPESA-3001624,2026-09-01 23:36:52,+25567***173,+25576781504,TIGO_PESA_APP,P2P_TRANSFER,62100.0,931.5,TZ-DAR-013,SUCCESS,NONE
TPESA-3001625,2026-09-03 08:28:49,+25567***711,+25567739711,TIGO_PESA_APP,AIRTIME_TOP_UP,18900.0,0.0,TZ-PEM-001,SUCCESS,NONE
TPESA-3001626,2026-09-01 20:30:23,+25577***914,+25565509460,USSD_*150*01#,CASH_OUT_WAKALA,323600.0,4854.0,TZ-MBY-001,SUCCESS,NONE
TPESA-3001627,2026-09-07 07:15:10,+25577***443,+25565732182,TIGO_PESA_APP,CASH_OUT_WAKALA,310000.0,4650.0,TZ-MOR-001,SUCCESS,NONE
TPESA-3001628,2026-09-07 06:12:57,+25567***565,+25567767840,USSD_*150*01#,P2P_TRANSFER,139900.0,2098.5,TZ-DAR-009,SUCCESS,NONE
TPESA-3001629,2026-09-04 09:51:22,+25577***540,+25577286540,USSD_*150*01#,AIRTIME_TOP_UP,13000.0,0.0,TZ-DAR-015,SUCCESS,NONE
TPESA-3001630,2026-09-07 16:29:44,+25577***142,+25574494578,USSD_*150*01#,CASH_OUT_WAKALA,450300.0,6754.5,TZ-TAR-001,SUCCESS,NONE
TPESA-3001631,2026-09-03 12:34:41,+25565***825,+25574566389,USSD_*150*01#,BANK_TO_WALLET_DEPOSIT,772800.0,11592.0,TZ-TAN-002,SUCCESS,NONE
TPESA-3001632,2026-09-02 23:02:46,+25571***538,+25567487515,TIGO_PESA_APP,P2P_TRANSFER,150500.0,2257.5,TZ-TAN-002,SUCCESS,NONE
TPESA-3001633,2026-09-06 18:28:17,+25577***680,+25577834680,TIGO_PESA_APP,AIRTIME_TOP_UP,18200.0,0.0,TZ-MWA-001,SUCCESS,NONE
TPESA-3001634,2026-09-06 08:51:14,+25571***321,+25565329852,TIGO_PESA_APP,P2P_TRANSFER,214700.0,3220.5,TZ-MWA-002,SUCCESS,NONE
TPESA-3001635,2026-09-06 08:54:02,+25577***540,+25577165078,USSD_*150*01#,BANK_TO_WALLET_DEPOSIT,967200.0,14508.0,TZ-DAR-015,SUCCESS,NONE
TPESA-3001636,2026-09-04 13:40:36,+25567***795,TILL-711916,USSD_*150*01#,LIPA_KWA_SIMU_MERCHANT,103000.0,824.0,TZ-DAR-002,SUCCESS,NONE
TPESA-3001637,2026-09-05 12:51:39,+25577***691,+25577990691,TIGO_PESA_APP,AIRTIME_TOP_UP,2100.0,0.0,TZ-MOR-001,SUCCESS,NONE
TPESA-3001638,2026-09-03 17:29:51,+25571***744,+25575510261,TIGO_PESA_APP,CASH_OUT_WAKALA,312900.0,4693.5,TZ-ARU-002,SUCCESS,NONE
TPESA-3001639,2026-09-05 20:03:41,+25567***132,+25576533813,TIGO_PESA_APP,CASH_OUT_WAKALA,253500.0,3802.5,TZ-BUK-001,SUCCESS,NONE
TPESA-3001640,2026-09-01 14:17:08,+25571***604,+25577160437,TIGO_PESA_APP,CASH_OUT_WAKALA,488500.0,7327.5,TZ-ARU-001,SUCCESS,NONE
TPESA-3001641,2026-09-04 19:06:59,+25577***655,+25577207272,USSD_*150*01#,CASH_OUT_WAKALA,283300.0,4249.5,TZ-ZNZ-002,SUCCESS,NONE
TPESA-3001642,2026-09-02 20:32:11,+25577***691,+25576527045,USSD_*150*01#,BANK_TO_WALLET_DEPOSIT,818300.0,12274.5,TZ-MOR-001,SUCCESS,NONE
TPESA-3001643,2026-09-02 12:14:53,+25571***144,+25574881694,USSD_*150*01#,P2P_TRANSFER,142700.0,2140.5,TZ-DAR-008,SUCCESS,NONE
TPESA-3001644,2026-09-07 09:01:13,+25577***562,+25577981120,TIGO_PESA_APP,CASH_OUT_WAKALA,262600.0,3939.0,TZ-TND-001,SUCCESS,NONE
TPESA-3001645,2026-09-07 14:30:05,+25565***530,+25565617530,USSD_*150*01#,AIRTIME_TOP_UP,13300.0,0.0,TZ-SHI-001,SUCCESS,NONE
TPESA-3001646,2026-09-01 10:06:33,+25571***348,+25571795794,USSD_*150*01#,CASH_OUT_WAKALA,280300.0,4204.5,TZ-KAH-001,SUCCESS,NONE
TPESA-3001647,2026-09-01 23:28:26,+25577***975,+25577416984,USSD_*150*01#,BANK_TO_WALLET_DEPOSIT,90200.0,1353.0,TZ-DAR-001,SUCCESS,NONE
TPESA-3001648,2026-09-01 12:48:15,+25577***329,+25571255023,USSD_*150*01#,P2P_TRANSFER,120100.0,1801.5,TZ-KAH-001,SUCCESS,NONE
TPESA-3001649,2026-09-01 11:51:12,+25577***009,+25567877916,TIGO_PESA_APP,P2P_TRANSFER,196300.0,2944.5,TZ-DOM-003,SUCCESS,NONE
TPESA-3001650,2026-09-06 15:13:46,+25567***092,+25577203869,TIGO_PESA_APP,P2P_TRANSFER,244300.0,3664.5,TZ-DAR-007,SUCCESS,NONE
TPESA-3001651,2026-09-01 08:21:55,+25577***833,TILL-819873,TIGO_PESA_APP,LIPA_KWA_SIMU_MERCHANT,117200.0,937.6,TZ-TAR-001,SUCCESS,NONE
TPESA-3001652,2026-09-04 09:52:09,+25565***455,TILL-602666,USSD_*150*01#,LIPA_KWA_SIMU_MERCHANT,137600.0,1100.8,TZ-MWA-003,SUCCESS,NONE
TPESA-3001653,2026-09-05 17:19:44,+25577***595,+25567410388,USSD_*150*01#,CASH_OUT_WAKALA,144200.0,2163.0,TZ-ARU-001,SUCCESS,NONE
TPESA-3001654,2026-09-03 18:20:04,+25565***752,+25577540127,USSD_*150*01#,CASH_OUT_WAKALA,85400.0,1281.0,TZ-KAH-001,SUCCESS,NONE
TPESA-3001655,2026-09-02 17:05:21,+25571***334,TILL-993041,USSD_*150*01#,LIPA_KWA_SIMU_MERCHANT,26700.0,213.6,TZ-DAR-009,SUCCESS,NONE
TPESA-3001656,2026-09-05 15:00:08,+25567***612,+25571397579,USSD_*150*01#,P2P_TRANSFER,29700.0,445.5,TZ-DAR-003,SUCCESS,NONE
TPESA-3001657,2026-09-06 15:24:21,+25571***662,+25577197537,TIGO_PESA_APP,P2P_TRANSFER,95200.0,1428.0,TZ-GEI-001,SUCCESS,NONE
TPESA-3001658,2026-09-03 15:30:10,+25571***501,+25567389488,USSD_*150*01#,P2P_TRANSFER,129000.0,1935.0,TZ-DAR-003,SUCCESS,NONE
TPESA-3001659,2026-09-04 19:46:23,+25565***214,TILL-998430,USSD_*150*01#,LIPA_KWA_SIMU_MERCHANT,135700.0,1085.6,TZ-KIL-003,SUCCESS,NONE
TPESA-3001660,2026-09-07 11:23:01,+25565***483,+25567972295,TIGO_PESA_APP,P2P_TRANSFER,236100.0,3541.5,TZ-GEI-001,SUCCESS,NONE
TPESA-3001661,2026-09-03 15:07:05,+25571***400,+25576836075,TIGO_PESA_APP,P2P_TRANSFER,171100.0,0.0,TZ-TAR-001,FAILED,USSD_TIMEOUT
TPESA-3001662,2026-09-01 14:37:51,+25577***912,TILL-939227,TIGO_PESA_APP,LIPA_KWA_SIMU_MERCHANT,71900.0,575.2,TZ-SHI-001,SUCCESS,NONE
TPESA-3001663,2026-09-01 13:33:04,+25567***975,TILL-989252,TIGO_PESA_APP,LIPA_KWA_SIMU_MERCHANT,132600.0,1060.8,TZ-KIG-001,SUCCESS,NONE
TPESA-3001664,2026-09-07 16:18:19,+25567***930,+25567498930,USSD_*150*01#,AIRTIME_TOP_UP,11400.0,0.0,TZ-ZNZ-001,SUCCESS,NONE
TPESA-3001665,2026-09-02 21:10:47,+25565***887,+25577664497,USSD_*150*01#,P2P_TRANSFER,13500.0,350.0,TZ-IRI-001,SUCCESS,NONE
TPESA-3001666,2026-09-01 07:09:29,+25567***058,+25577687112,TIGO_PESA_APP,P2P_TRANSFER,130600.0,1959.0,TZ-DAR-002,SUCCESS,NONE
TPESA-3001667,2026-09-05 09:11:58,+25567***598,+25565607345,TIGO_PESA_APP,P2P_TRANSFER,52700.0,790.5,TZ-DOM-003,SUCCESS,NONE
TPESA-3001668,2026-09-04 16:25:55,+25571***620,+25565115172,TIGO_PESA_APP,P2P_TRANSFER,248100.0,3721.5,TZ-TAN-002,SUCCESS,NONE
TPESA-3001669,2026-09-01 15:50:07,+25577***996,+25577543564,TIGO_PESA_APP,CASH_OUT_WAKALA,295600.0,4434.0,TZ-NJO-001,SUCCESS,NONE
TPESA-3001670,2026-09-01 07:31:02,+25577***385,+25574377845,USSD_*150*01#,BANK_TO_WALLET_DEPOSIT,736800.0,11052.0,TZ-TAB-001,SUCCESS,NONE
TPESA-3001671,2026-09-02 17:56:52,+25567***867,+25571250504,USSD_*150*01#,P2P_TRANSFER,32100.0,481.5,TZ-DAR-003,SUCCESS,NONE
TPESA-3001672,2026-09-02 12:41:54,+25565***561,+25567302046,TIGO_PESA_APP,P2P_TRANSFER,48600.0,729.0,TZ-KIG-001,SUCCESS,NONE
TPESA-3001673,2026-09-05 08:55:19,+25571***915,+25567612797,USSD_*150*01#,P2P_TRANSFER,231800.0,3477.0,TZ-DAR-010,SUCCESS,NONE
TPESA-3001674,2026-09-03 08:31:16,+25565***568,+25565846568,TIGO_PESA_APP,AIRTIME_TOP_UP,4800.0,0.0,TZ-DAR-003,SUCCESS,NONE
TPESA-3001675,2026-09-03 20:35:26,+25565***454,+25567236512,USSD_*150*01#,P2P_TRANSFER,76500.0,1147.5,TZ-MWA-003,SUCCESS,NONE
TPESA-3001676,2026-09-02 16:39:50,+25565***462,TILL-861744,TIGO_PESA_APP,LIPA_KWA_SIMU_MERCHANT,133000.0,1064.0,TZ-TAB-001,SUCCESS,NONE
TPESA-3001677,2026-09-04 15:18:27,+25565***964,+25575743766,TIGO_PESA_APP,CASH_OUT_WAKALA,497800.0,7467.0,TZ-TAN-003,SUCCESS,NONE
TPESA-3001678,2026-09-02 08:55:41,+25565***792,+25571113223,USSD_*150*01#,P2P_TRANSFER,178600.0,2679.0,TZ-ZNZ-003,SUCCESS,NONE
TPESA-3001679,2026-09-04 14:00:25,+25571***749,+25571126861,USSD_*150*01#,CASH_OUT_WAKALA,408700.0,6130.5,TZ-DAR-008,SUCCESS,NONE
TPESA-3001680,2026-09-02 06:14:11,+25565***934,+25574630473,TIGO_PESA_APP,P2P_TRANSFER,173200.0,2598.0,TZ-TAR-001,SUCCESS,NONE
TPESA-3001681,2026-09-05 06:46:23,+25565***501,+25571187863,USSD_*150*01#,P2P_TRANSFER,198400.0,2976.0,TZ-MWA-001,SUCCESS,NONE
TPESA-3001682,2026-09-01 16:19:56,+25577***555,+25565467706,TIGO_PESA_APP,P2P_TRANSFER,123900.0,1858.5,TZ-MBY-001,SUCCESS,NONE
TPESA-3001683,2026-09-07 07:51:46,+25565***403,+25576367420,USSD_*150*01#,P2P_TRANSFER,22800.0,350.0,TZ-SHI-001,SUCCESS,NONE
TPESA-3001684,2026-09-03 21:52:19,+25571***566,+25577515597,USSD_*150*01#,CASH_OUT_WAKALA,497600.0,7464.0,TZ-ARU-003,SUCCESS,NONE
TPESA-3001685,2026-09-03 21:41:17,+25567***583,+25574232298,TIGO_PESA_APP,P2P_TRANSFER,89400.0,1341.0,TZ-DAR-002,SUCCESS,NONE
TPESA-3001686,2026-09-02 08:35:24,+25565***641,+25571606707,USSD_*150*01#,P2P_TRANSFER,77300.0,1159.5,TZ-PWA-001,SUCCESS,NONE
TPESA-3001687,2026-09-02 20:24:05,+25577***007,TILL-976462,TIGO_PESA_APP,LIPA_KWA_SIMU_MERCHANT,112900.0,903.2,TZ-TAR-001,SUCCESS,NONE
TPESA-3001688,2026-09-04 21:14:08,+25571***838,TILL-785178,USSD_*150*01#,LIPA_KWA_SIMU_MERCHANT,109300.0,874.4,TZ-TAR-001,SUCCESS,NONE
TPESA-3001689,2026-09-05 14:15:02,+25567***981,+25567925981,USSD_*150*01#,AIRTIME_TOP_UP,13500.0,0.0,TZ-DAR-010,SUCCESS,NONE
TPESA-3001690,2026-09-03 18:38:21,+25571***569,+25574942623,USSD_*150*01#,BANK_TO_WALLET_DEPOSIT,88600.0,1329.0,TZ-DAR-013,SUCCESS,NONE
TPESA-3001691,2026-09-05 06:39:53,+25565***711,+25575347943,USSD_*150*01#,BANK_TO_WALLET_DEPOSIT,373500.0,5602.5,TZ-ZNZ-001,SUCCESS,NONE
TPESA-3001692,2026-09-06 16:26:39,+25577***760,+25571303323,TIGO_PESA_APP,CASH_OUT_WAKALA,246000.0,3690.0,TZ-MAR-001,SUCCESS,NONE
TPESA-3001693,2026-09-01 12:47:16,+25565***586,+25574380136,TIGO_PESA_APP,BANK_TO_WALLET_DEPOSIT,906200.0,13593.0,TZ-PWA-001,SUCCESS,NONE
TPESA-3001694,2026-09-03 22:06:03,+25571***620,+25571156620,USSD_*150*01#,AIRTIME_TOP_UP,10800.0,0.0,TZ-DOM-002,SUCCESS,NONE
TPESA-3001695,2026-09-05 14:55:16,+25567***228,TILL-961375,USSD_*150*01#,LIPA_KWA_SIMU_MERCHANT,12800.0,0.0,TZ-DOM-002,FAILED,INSUFFICIENT_FUNDS
TPESA-3001696,2026-09-01 10:46:48,+25567***654,+25571381435,TIGO_PESA_APP,CASH_OUT_WAKALA,39300.0,589.5,TZ-DAR-014,SUCCESS,NONE
TPESA-3001697,2026-09-01 21:06:16,+25565***973,+25567484599,TIGO_PESA_APP,P2P_TRANSFER,26800.0,402.0,TZ-MOR-001,SUCCESS,NONE
TPESA-3001698,2026-09-04 11:27:25,+25571***315,+25565874896,USSD_*150*01#,P2P_TRANSFER,8500.0,350.0,TZ-IRI-001,SUCCESS,NONE
TPESA-3001699,2026-09-06 22:16:53,+25565***169,+25565287888,USSD_*150*01#,CASH_OUT_WAKALA,37100.0,556.5,TZ-SON-001,SUCCESS,NONE
TPESA-3001700,2026-09-07 11:28:53,+25577***049,+25574772546,USSD_*150*01#,CASH_OUT_WAKALA,424400.0,6366.0,TZ-DOM-003,SUCCESS,NONE
TPESA-3001701,2026-09-06 19:01:56,+25571***860,+25565126673,USSD_*150*01#,P2P_TRANSFER,11200.0,350.0,TZ-DAR-003,SUCCESS,NONE
TPESA-3001702,2026-09-01 10:06:29,+25577***139,TILL-517172,TIGO_PESA_APP,LIPA_KWA_SIMU_MERCHANT,115100.0,920.8,TZ-DAR-002,SUCCESS,NONE
TPESA-3001703,2026-09-06 10:56:22,+25571***041,TILL-521513,TIGO_PESA_APP,LIPA_KWA_SIMU_MERCHANT,85100.0,680.8,TZ-SNG-001,SUCCESS,NONE
TPESA-3001704,2026-09-04 11:15:38,+25571***703,+25571723738,USSD_*150*01#,BANK_TO_WALLET_DEPOSIT,136500.0,2047.5,TZ-MTW-001,SUCCESS,NONE
TPESA-3001705,2026-09-01 09:48:07,+25571***861,+25565322374,TIGO_PESA_APP,BANK_TO_WALLET_DEPOSIT,380700.0,5710.5,TZ-PWA-002,SUCCESS,NONE
TPESA-3001706,2026-09-07 10:50:39,+25565***383,+25565409033,USSD_*150*01#,P2P_TRANSFER,117000.0,1755.0,TZ-TAN-001,SUCCESS,NONE
TPESA-3001707,2026-09-02 13:40:52,+25565***847,TILL-673851,USSD_*150*01#,LIPA_KWA_SIMU_MERCHANT,66200.0,529.6,TZ-DAR-004,SUCCESS,NONE
TPESA-3001708,2026-09-03 22:20:23,+25567***133,+25565377589,TIGO_PESA_APP,CASH_OUT_WAKALA,61100.0,916.5,TZ-DAR-009,SUCCESS,NONE
TPESA-3001709,2026-09-07 18:19:08,+25577***901,+25575136367,TIGO_PESA_APP,CASH_OUT_WAKALA,461200.0,6918.0,TZ-DAR-002,SUCCESS,NONE
TPESA-3001710,2026-09-06 14:29:53,+25567***881,+25565584073,USSD_*150*01#,P2P_TRANSFER,113000.0,1695.0,TZ-ZNZ-004,SUCCESS,NONE
TPESA-3001711,2026-09-01 10:29:14,+25567***408,+25575536206,USSD_*150*01#,CASH_OUT_WAKALA,70000.0,1050.0,TZ-KIL-003,SUCCESS,NONE
TPESA-3001712,2026-09-03 12:43:05,+25567***652,+25565630934,USSD_*150*01#,P2P_TRANSFER,235200.0,3528.0,TZ-ZNZ-004,SUCCESS,NONE
TPESA-3001713,2026-09-07 12:58:36,+25565***282,+25565661692,TIGO_PESA_APP,CASH_OUT_WAKALA,13700.0,350.0,TZ-DAR-012,SUCCESS,NONE
TPESA-3001714,2026-09-01 09:43:48,+25571***439,+25576489013,TIGO_PESA_APP,CASH_OUT_WAKALA,102200.0,1533.0,TZ-DOM-003,SUCCESS,NONE
TPESA-3001715,2026-09-06 13:08:54,+25577***280,+25571380474,TIGO_PESA_APP,CASH_OUT_WAKALA,310100.0,4651.5,TZ-KIG-001,SUCCESS,NONE
TPESA-3001716,2026-09-04 11:15:52,+25565***655,+25571326152,USSD_*150*01#,P2P_TRANSFER,174900.0,2623.5,TZ-SHI-001,SUCCESS,NONE
TPESA-3001717,2026-09-02 12:47:55,+25577***056,TILL-898380,USSD_*150*01#,LIPA_KWA_SIMU_MERCHANT,46900.0,375.2,TZ-DAR-010,SUCCESS,NONE
TPESA-3001718,2026-09-02 13:23:15,+25571***686,TILL-814992,USSD_*150*01#,LIPA_KWA_SIMU_MERCHANT,125000.0,1000.0,TZ-DAR-009,SUCCESS,NONE
TPESA-3001719,2026-09-05 11:14:04,+25567***073,+25565914533,TIGO_PESA_APP,P2P_TRANSFER,7500.0,350.0,TZ-TAN-001,SUCCESS,NONE
TPESA-3001720,2026-09-03 18:10:45,+25565***561,+25571505292,TIGO_PESA_APP,BANK_TO_WALLET_DEPOSIT,477600.0,7164.0,TZ-KIG-001,SUCCESS,NONE
TPESA-3001721,2026-09-05 10:26:23,+25565***196,+25576299876,TIGO_PESA_APP,P2P_TRANSFER,244600.0,3669.0,TZ-KAH-001,SUCCESS,NONE
TPESA-3001722,2026-09-06 10:22:40,+25567***391,+25567116391,TIGO_PESA_APP,AIRTIME_TOP_UP,19300.0,0.0,TZ-MBY-002,SUCCESS,NONE
TPESA-3001723,2026-09-05 07:01:24,+25577***830,TILL-721126,TIGO_PESA_APP,LIPA_KWA_SIMU_MERCHANT,84500.0,676.0,TZ-ARU-001,SUCCESS,NONE
TPESA-3001724,2026-09-02 16:42:05,+25567***347,+25577653828,USSD_*150*01#,CASH_OUT_WAKALA,130200.0,1953.0,TZ-ZNZ-003,SUCCESS,NONE
TPESA-3001725,2026-09-03 21:23:56,+25565***895,+25565492647,TIGO_PESA_APP,P2P_TRANSFER,189300.0,2839.5,TZ-MWA-002,SUCCESS,NONE
TPESA-3001726,2026-09-01 15:54:23,+25571***373,+25577246360,TIGO_PESA_APP,CASH_OUT_WAKALA,31500.0,472.5,TZ-ZNZ-003,SUCCESS,NONE
TPESA-3001727,2026-09-01 10:46:58,+25567***548,+25567438548,USSD_*150*01#,AIRTIME_TOP_UP,10100.0,0.0,TZ-NJO-001,SUCCESS,NONE
TPESA-3001728,2026-09-04 08:32:25,+25565***589,+25565961606,USSD_*150*01#,P2P_TRANSFER,89000.0,1335.0,TZ-KAH-001,SUCCESS,NONE
TPESA-3001729,2026-09-04 16:56:48,+25567***291,TILL-704514,TIGO_PESA_APP,LIPA_KWA_SIMU_MERCHANT,140600.0,1124.8,TZ-SNG-001,SUCCESS,NONE
TPESA-3001730,2026-09-03 22:33:59,+25565***501,+25565601237,USSD_*150*01#,P2P_TRANSFER,102200.0,1533.0,TZ-KIL-002,SUCCESS,NONE
TPESA-3001731,2026-09-01 09:12:18,+25577***599,+25567677401,USSD_*150*01#,P2P_TRANSFER,71300.0,1069.5,TZ-MWA-002,SUCCESS,NONE
TPESA-3001732,2026-09-03 23:18:09,+25577***603,+25565199943,TIGO_PESA_APP,BANK_TO_WALLET_DEPOSIT,640800.0,9612.0,TZ-GEI-001,SUCCESS,NONE
TPESA-3001733,2026-09-01 14:07:02,+25577***456,+25567296782,TIGO_PESA_APP,CASH_OUT_WAKALA,460400.0,6906.0,TZ-DAR-007,SUCCESS,NONE
TPESA-3001734,2026-09-07 19:26:03,+25565***209,+25567168077,TIGO_PESA_APP,P2P_TRANSFER,50500.0,757.5,TZ-MWA-002,SUCCESS,NONE
TPESA-3001735,2026-09-04 07:56:45,+25565***572,+25574861984,USSD_*150*01#,CASH_OUT_WAKALA,163200.0,2448.0,TZ-TAR-001,SUCCESS,NONE
TPESA-3001736,2026-09-05 10:54:56,+25571***379,TILL-808330,USSD_*150*01#,LIPA_KWA_SIMU_MERCHANT,82600.0,660.8,TZ-ZNZ-004,SUCCESS,NONE
TPESA-3001737,2026-09-04 14:17:28,+25565***613,+25565122613,USSD_*150*01#,AIRTIME_TOP_UP,19600.0,0.0,TZ-TAR-001,SUCCESS,NONE
TPESA-3001738,2026-09-01 20:06:58,+25567***930,+25571356049,TIGO_PESA_APP,P2P_TRANSFER,210200.0,3153.0,TZ-ZNZ-001,SUCCESS,NONE
TPESA-3001739,2026-09-04 17:05:14,+25571***112,+25571556112,USSD_*150*01#,AIRTIME_TOP_UP,6400.0,0.0,TZ-ARU-001,SUCCESS,NONE
TPESA-3001740,2026-09-06 21:28:34,+25567***120,TILL-853430,TIGO_PESA_APP,LIPA_KWA_SIMU_MERCHANT,11600.0,92.8,TZ-MTW-001,SUCCESS,NONE
TPESA-3001741,2026-09-01 12:47:29,+25571***096,+25577445398,USSD_*150*01#,CASH_OUT_WAKALA,233100.0,3496.5,TZ-KIL-003,SUCCESS,NONE
TPESA-3001742,2026-09-01 12:19:42,+25571***713,TILL-964548,TIGO_PESA_APP,LIPA_KWA_SIMU_MERCHANT,50700.0,405.6,TZ-MOR-001,SUCCESS,NONE
TPESA-3001743,2026-09-01 11:38:20,+25565***483,+25577265487,USSD_*150*01#,CASH_OUT_WAKALA,156500.0,2347.5,TZ-GEI-001,SUCCESS,NONE
TPESA-3001744,2026-09-07 20:28:05,+25577***759,+25575526000,USSD_*150*01#,P2P_TRANSFER,204300.0,3064.5,TZ-DAR-012,SUCCESS,NONE
TPESA-3001745,2026-09-04 07:53:14,+25571***070,+25576206637,USSD_*150*01#,P2P_TRANSFER,123100.0,1846.5,TZ-IRI-001,SUCCESS,NONE
TPESA-3001746,2026-09-02 13:18:18,+25565***410,+25571771630,USSD_*150*01#,CASH_OUT_WAKALA,346400.0,5196.0,TZ-SNG-001,SUCCESS,NONE
TPESA-3001747,2026-09-07 15:56:01,+25567***853,TILL-693813,TIGO_PESA_APP,LIPA_KWA_SIMU_MERCHANT,91800.0,734.4,TZ-DAR-009,SUCCESS,NONE
TPESA-3001748,2026-09-03 14:14:53,+25567***690,+25576165998,TIGO_PESA_APP,CASH_OUT_WAKALA,315700.0,4735.5,TZ-GEI-001,SUCCESS,NONE
TPESA-3001749,2026-09-06 14:54:03,+25571***758,+25567891619,USSD_*150*01#,P2P_TRANSFER,93300.0,1399.5,TZ-DAR-007,SUCCESS,NONE
TPESA-3001750,2026-09-07 17:28:22,+25565***636,+25565391636,USSD_*150*01#,AIRTIME_TOP_UP,2500.0,0.0,TZ-ARU-002,FAILED,PIN_MAX_ATTEMPTS_EXCEEDED
TPESA-3001751,2026-09-07 16:16:05,+25567***950,+25571573779,USSD_*150*01#,CASH_OUT_WAKALA,233600.0,3504.0,TZ-ARU-003,SUCCESS,NONE
TPESA-3001752,2026-09-07 10:31:05,+25577***702,+25576662866,USSD_*150*01#,BANK_TO_WALLET_DEPOSIT,107800.0,1617.0,TZ-MAR-001,SUCCESS,NONE
TPESA-3001753,2026-09-02 21:31:17,+25577***542,+25577206669,TIGO_PESA_APP,CASH_OUT_WAKALA,69000.0,1035.0,TZ-DOM-002,SUCCESS,NONE
TPESA-3001754,2026-09-05 09:35:28,+25571***787,+25565412249,USSD_*150*01#,P2P_TRANSFER,133800.0,2007.0,TZ-SNG-001,SUCCESS,NONE
TPESA-3001755,2026-09-03 21:38:25,+25577***049,+25577268049,USSD_*150*01#,AIRTIME_TOP_UP,19800.0,0.0,TZ-MWA-002,SUCCESS,NONE
TPESA-3001756,2026-09-05 13:41:15,+25565***887,TILL-684342,USSD_*150*01#,LIPA_KWA_SIMU_MERCHANT,134200.0,1073.6,TZ-IRI-001,SUCCESS,NONE
TPESA-3001757,2026-09-04 12:35:17,+25571***617,+25567599832,USSD_*150*01#,P2P_TRANSFER,148600.0,2229.0,TZ-TAN-002,SUCCESS,NONE
TPESA-3001758,2026-09-07 07:25:40,+25565***414,+25575997926,TIGO_PESA_APP,CASH_OUT_WAKALA,83500.0,1252.5,TZ-TAB-001,SUCCESS,NONE
TPESA-3001759,2026-09-02 16:18:01,+25571***464,TILL-865081,TIGO_PESA_APP,LIPA_KWA_SIMU_MERCHANT,115400.0,923.2,TZ-PWA-002,SUCCESS,NONE
TPESA-3001760,2026-09-03 15:59:30,+25571***521,+25567150093,USSD_*150*01#,P2P_TRANSFER,207500.0,3112.5,TZ-NJO-001,SUCCESS,NONE
TPESA-3001761,2026-09-05 09:01:28,+25565***658,TILL-991238,USSD_*150*01#,LIPA_KWA_SIMU_MERCHANT,121100.0,968.8,TZ-ARU-002,SUCCESS,NONE
TPESA-3001762,2026-09-07 20:09:48,+25577***180,+25577578180,USSD_*150*01#,AIRTIME_TOP_UP,5700.0,0.0,TZ-DAR-015,SUCCESS,NONE
TPESA-3001763,2026-09-05 20:48:19,+25567***991,+25576310797,TIGO_PESA_APP,P2P_TRANSFER,199600.0,2994.0,TZ-SNG-001,SUCCESS,NONE
TPESA-3001764,2026-09-03 18:31:55,+25577***989,+25567198663,USSD_*150*01#,P2P_TRANSFER,88300.0,1324.5,TZ-PWA-001,SUCCESS,NONE
TPESA-3001765,2026-09-01 15:55:52,+25577***612,+25565742834,TIGO_PESA_APP,CASH_OUT_WAKALA,68200.0,1023.0,TZ-DAR-003,SUCCESS,NONE
TPESA-3001766,2026-09-05 22:52:01,+25571***360,+25571535781,TIGO_PESA_APP,P2P_TRANSFER,104300.0,1564.5,TZ-MBY-001,SUCCESS,NONE
TPESA-3001767,2026-09-07 22:57:50,+25571***376,+25575948269,TIGO_PESA_APP,P2P_TRANSFER,41500.0,622.5,TZ-DAR-015,SUCCESS,NONE
TPESA-3001768,2026-09-03 20:16:26,+25577***702,TILL-524594,USSD_*150*01#,LIPA_KWA_SIMU_MERCHANT,21400.0,171.2,TZ-MAR-001,SUCCESS,NONE
TPESA-3001769,2026-09-03 18:30:46,+25577***636,+25577915985,TIGO_PESA_APP,P2P_TRANSFER,8600.0,350.0,TZ-ZNZ-003,SUCCESS,NONE
TPESA-3001770,2026-09-03 08:57:00,+25565***583,TILL-902188,USSD_*150*01#,LIPA_KWA_SIMU_MERCHANT,15000.0,120.0,TZ-TAN-002,SUCCESS,NONE
TPESA-3001771,2026-09-07 23:32:41,+25571***500,+25571112356,TIGO_PESA_APP,P2P_TRANSFER,181400.0,2721.0,TZ-DAR-015,SUCCESS,NONE
TPESA-3001772,2026-09-02 09:20:01,+25567***759,+25574504638,USSD_*150*01#,BANK_TO_WALLET_DEPOSIT,865500.0,12982.5,TZ-MTW-001,SUCCESS,NONE
TPESA-3001773,2026-09-02 17:00:37,+25567***215,TILL-701108,USSD_*150*01#,LIPA_KWA_SIMU_MERCHANT,93500.0,748.0,TZ-TND-001,SUCCESS,NONE
TPESA-3001774,2026-09-02 11:31:59,+25577***921,TILL-523581,USSD_*150*01#,LIPA_KWA_SIMU_MERCHANT,8300.0,66.4,TZ-DAR-010,SUCCESS,NONE
TPESA-3001775,2026-09-04 09:29:00,+25571***679,+25577808010,TIGO_PESA_APP,BANK_TO_WALLET_DEPOSIT,266000.0,3990.0,TZ-DAR-009,SUCCESS,NONE
TPESA-3001776,2026-09-02 17:33:29,+25565***410,+25571767164,USSD_*150*01#,P2P_TRANSFER,240300.0,3604.5,TZ-SNG-001,SUCCESS,NONE
TPESA-3001777,2026-09-05 12:28:12,+25571***265,+25577779848,USSD_*150*01#,BANK_TO_WALLET_DEPOSIT,879500.0,13192.5,TZ-DAR-011,SUCCESS,NONE
TPESA-3001778,2026-09-04 07:17:01,+25567***664,+25574392390,TIGO_PESA_APP,P2P_TRANSFER,199400.0,2991.0,TZ-TAN-001,SUCCESS,NONE
TPESA-3001779,2026-09-02 16:18:37,+25577***513,+25567475050,USSD_*150*01#,CASH_OUT_WAKALA,363700.0,5455.5,TZ-DAR-009,SUCCESS,NONE
TPESA-3001780,2026-09-02 08:24:34,+25577***827,+25567152835,TIGO_PESA_APP,CASH_OUT_WAKALA,282600.0,4239.0,TZ-NJO-001,SUCCESS,NONE
TPESA-3001781,2026-09-04 23:50:21,+25567***458,TILL-959163,TIGO_PESA_APP,LIPA_KWA_SIMU_MERCHANT,74000.0,592.0,TZ-TAN-003,SUCCESS,NONE
TPESA-3001782,2026-09-02 20:14:53,+25577***673,TILL-903412,TIGO_PESA_APP,LIPA_KWA_SIMU_MERCHANT,63000.0,504.0,TZ-MWA-001,SUCCESS,NONE
TPESA-3001783,2026-09-01 09:05:05,+25577***879,+25577219879,USSD_*150*01#,AIRTIME_TOP_UP,19100.0,0.0,TZ-DOM-003,SUCCESS,NONE
TPESA-3001784,2026-09-02 15:58:36,+25567***838,+25575883535,USSD_*150*01#,P2P_TRANSFER,23400.0,351.0,TZ-PWA-001,SUCCESS,NONE
TPESA-3001785,2026-09-06 14:52:26,+25577***865,TILL-897062,TIGO_PESA_APP,LIPA_KWA_SIMU_MERCHANT,78400.0,627.2,TZ-MTW-001,SUCCESS,NONE
TPESA-3001786,2026-09-06 09:26:35,+25571***145,+25571801145,USSD_*150*01#,AIRTIME_TOP_UP,17600.0,0.0,TZ-KIG-001,SUCCESS,NONE
TPESA-3001787,2026-09-02 21:00:19,+25577***647,TILL-705623,USSD_*150*01#,LIPA_KWA_SIMU_MERCHANT,21500.0,172.0,TZ-KIL-003,SUCCESS,NONE
TPESA-3001788,2026-09-05 17:46:01,+25571***348,TILL-876059,TIGO_PESA_APP,LIPA_KWA_SIMU_MERCHANT,114000.0,912.0,TZ-KAH-001,SUCCESS,NONE
TPESA-3001789,2026-09-03 14:54:46,+25577***945,+25571444941,USSD_*150*01#,P2P_TRANSFER,242000.0,3630.0,TZ-KIL-001,SUCCESS,NONE
TPESA-3001790,2026-09-07 13:20:49,+25567***533,+25571972010,USSD_*150*01#,CASH_OUT_WAKALA,466200.0,6993.0,TZ-DAR-015,SUCCESS,NONE
TPESA-3001791,2026-09-02 08:36:28,+25577***287,+25571641199,USSD_*150*01#,P2P_TRANSFER,155700.0,2335.5,TZ-DAR-009,SUCCESS,NONE
TPESA-3001792,2026-09-03 07:45:46,+25565***166,+25577882836,TIGO_PESA_APP,BANK_TO_WALLET_DEPOSIT,169900.0,2548.5,TZ-KIL-002,SUCCESS,NONE
TPESA-3001793,2026-09-02 09:23:52,+25577***049,TILL-662050,TIGO_PESA_APP,LIPA_KWA_SIMU_MERCHANT,74100.0,592.8,TZ-MWA-002,SUCCESS,NONE
TPESA-3001794,2026-09-06 18:34:29,+25577***549,TILL-941726,TIGO_PESA_APP,LIPA_KWA_SIMU_MERCHANT,35400.0,0.0,TZ-ARU-003,FAILED,SYSTEM_BUSY
TPESA-3001795,2026-09-03 07:33:46,+25571***539,+25565797742,TIGO_PESA_APP,CASH_OUT_WAKALA,12400.0,350.0,TZ-DAR-004,SUCCESS,NONE
TPESA-3001796,2026-09-05 10:04:08,+25567***975,+25567701975,TIGO_PESA_APP,AIRTIME_TOP_UP,7400.0,0.0,TZ-KIG-001,SUCCESS,NONE
TPESA-3001797,2026-09-01 17:52:23,+25571***172,+25571162444,USSD_*150*01#,P2P_TRANSFER,12700.0,350.0,TZ-DAR-006,SUCCESS,NONE
TPESA-3001798,2026-09-01 17:50:13,+25577***061,+25571854619,TIGO_PESA_APP,P2P_TRANSFER,218200.0,3273.0,TZ-DAR-006,SUCCESS,NONE
TPESA-3001799,2026-09-05 21:39:53,+25567***689,+25577578173,TIGO_PESA_APP,BANK_TO_WALLET_DEPOSIT,860100.0,12901.5,TZ-MTW-001,SUCCESS,NONE
TPESA-3001800,2026-09-02 10:53:38,+25567***699,+25574316914,TIGO_PESA_APP,P2P_TRANSFER,113000.0,1695.0,TZ-DOM-002,SUCCESS,NONE
TPESA-3001801,2026-09-04 09:31:21,+25565***497,+25576571605,TIGO_PESA_APP,P2P_TRANSFER,229900.0,3448.5,TZ-IRI-001,SUCCESS,NONE
TPESA-3001802,2026-09-06 10:37:29,+25577***130,+25575668907,TIGO_PESA_APP,CASH_OUT_WAKALA,408200.0,6123.0,TZ-DAR-008,SUCCESS,NONE
TPESA-3001803,2026-09-03 23:14:04,+25565***175,+25565166175,TIGO_PESA_APP,AIRTIME_TOP_UP,2100.0,0.0,TZ-DAR-009,SUCCESS,NONE
TPESA-3001804,2026-09-05 12:55:58,+25577***859,+25565167803,USSD_*150*01#,P2P_TRANSFER,165000.0,2475.0,TZ-ARU-002,SUCCESS,NONE
TPESA-3001805,2026-09-01 18:43:13,+25567***794,+25565496297,TIGO_PESA_APP,CASH_OUT_WAKALA,305300.0,4579.5,TZ-DOM-003,SUCCESS,NONE
TPESA-3001806,2026-09-01 08:30:04,+25567***315,+25577624974,USSD_*150*01#,P2P_TRANSFER,133900.0,2008.5,TZ-MAR-001,SUCCESS,NONE
TPESA-3001807,2026-09-01 16:43:11,+25571***167,TILL-547332,TIGO_PESA_APP,LIPA_KWA_SIMU_MERCHANT,30700.0,245.6,TZ-PWA-001,SUCCESS,NONE
TPESA-3001808,2026-09-01 06:42:46,+25567***167,+25567479167,TIGO_PESA_APP,AIRTIME_TOP_UP,7700.0,0.0,TZ-BUK-001,SUCCESS,NONE
TPESA-3001809,2026-09-07 22:02:26,+25577***636,+25574975174,TIGO_PESA_APP,P2P_TRANSFER,182400.0,2736.0,TZ-ZNZ-003,SUCCESS,NONE
TPESA-3001810,2026-09-01 19:57:45,+25567***588,+25577282028,USSD_*150*01#,CASH_OUT_WAKALA,123200.0,1848.0,TZ-PEM-001,SUCCESS,NONE
TPESA-3001811,2026-09-06 21:41:02,+25577***264,+25577251841,TIGO_PESA_APP,BANK_TO_WALLET_DEPOSIT,681200.0,10218.0,TZ-DOM-001,SUCCESS,NONE
TPESA-3001812,2026-09-05 08:44:09,+25577***701,+25577476701,USSD_*150*01#,AIRTIME_TOP_UP,5400.0,0.0,TZ-DAR-014,SUCCESS,NONE
TPESA-3001813,2026-09-02 16:59:43,+25567***850,+25576394609,TIGO_PESA_APP,P2P_TRANSFER,120500.0,1807.5,TZ-NJO-001,SUCCESS,NONE
TPESA-3001814,2026-09-07 10:12:06,+25571***977,TILL-795738,TIGO_PESA_APP,LIPA_KWA_SIMU_MERCHANT,56200.0,449.6,TZ-PEM-001,SUCCESS,NONE
TPESA-3001815,2026-09-05 22:04:51,+25567***395,TILL-567274,USSD_*150*01#,LIPA_KWA_SIMU_MERCHANT,29000.0,232.0,TZ-KIG-001,SUCCESS,NONE
TPESA-3001816,2026-09-05 06:10:50,+25567***456,+25567900596,TIGO_PESA_APP,CASH_OUT_WAKALA,124800.0,1872.0,TZ-DAR-015,SUCCESS,NONE
TPESA-3001817,2026-09-04 09:14:44,+25571***766,+25565149012,TIGO_PESA_APP,CASH_OUT_WAKALA,329100.0,4936.5,TZ-KIL-001,SUCCESS,NONE
TPESA-3001818,2026-09-01 19:10:08,+25565***571,+25575984983,USSD_*150*01#,P2P_TRANSFER,115800.0,1737.0,TZ-DAR-011,SUCCESS,NONE
TPESA-3001819,2026-09-04 12:46:35,+25571***077,+25567309355,TIGO_PESA_APP,CASH_OUT_WAKALA,426200.0,6393.0,TZ-DAR-004,SUCCESS,NONE
TPESA-3001820,2026-09-04 19:32:29,+25577***714,+25575782416,TIGO_PESA_APP,P2P_TRANSFER,126500.0,1897.5,TZ-TAN-002,SUCCESS,NONE
TPESA-3001821,2026-09-05 06:17:53,+25565***410,TILL-517948,USSD_*150*01#,LIPA_KWA_SIMU_MERCHANT,108800.0,870.4,TZ-SNG-001,SUCCESS,NONE
TPESA-3001822,2026-09-04 17:17:23,+25577***287,+25574466467,USSD_*150*01#,P2P_TRANSFER,163800.0,2457.0,TZ-DAR-009,SUCCESS,NONE
TPESA-3001823,2026-09-02 11:36:40,+25567***201,+25576526252,USSD_*150*01#,CASH_OUT_WAKALA,159500.0,2392.5,TZ-PWA-002,SUCCESS,NONE
TPESA-3001824,2026-09-05 11:36:05,+25565***608,TILL-827167,USSD_*150*01#,LIPA_KWA_SIMU_MERCHANT,78100.0,624.8,TZ-DAR-011,SUCCESS,NONE
TPESA-3001825,2026-09-07 14:40:32,+25565***178,+25565199178,USSD_*150*01#,AIRTIME_TOP_UP,15000.0,0.0,TZ-DAR-006,SUCCESS,NONE
TPESA-3001826,2026-09-03 20:36:08,+25565***579,+25571923471,TIGO_PESA_APP,P2P_TRANSFER,54000.0,810.0,TZ-DAR-005,SUCCESS,NONE
TPESA-3001827,2026-09-01 06:26:59,+25567***093,TILL-874512,TIGO_PESA_APP,LIPA_KWA_SIMU_MERCHANT,14300.0,114.4,TZ-MTW-001,SUCCESS,NONE
TPESA-3001828,2026-09-05 23:56:42,+25577***527,+25567738213,USSD_*150*01#,P2P_TRANSFER,50300.0,754.5,TZ-PWA-001,SUCCESS,NONE
TPESA-3001829,2026-09-01 13:12:00,+25567***048,+25577107989,USSD_*150*01#,P2P_TRANSFER,74900.0,1123.5,TZ-NJO-001,SUCCESS,NONE
TPESA-3001830,2026-09-04 10:31:09,+25565***826,+25565559184,TIGO_PESA_APP,BANK_TO_WALLET_DEPOSIT,740500.0,11107.5,TZ-PWA-002,SUCCESS,NONE
TPESA-3001831,2026-09-05 21:18:07,+25571***853,+25567674957,USSD_*150*01#,BANK_TO_WALLET_DEPOSIT,184500.0,2767.5,TZ-DOM-002,SUCCESS,NONE
TPESA-3001832,2026-09-01 22:57:12,+25565***302,+25565978302,TIGO_PESA_APP,AIRTIME_TOP_UP,18300.0,0.0,TZ-KAH-001,SUCCESS,NONE
TPESA-3001833,2026-09-02 09:05:31,+25565***280,+25575963382,USSD_*150*01#,P2P_TRANSFER,81100.0,1216.5,TZ-KAH-001,SUCCESS,NONE
TPESA-3001834,2026-09-03 15:19:24,+25565***159,+25565347222,TIGO_PESA_APP,P2P_TRANSFER,121700.0,1825.5,TZ-PWA-001,SUCCESS,NONE
TPESA-3001835,2026-09-07 17:09:25,+25565***429,TILL-721528,TIGO_PESA_APP,LIPA_KWA_SIMU_MERCHANT,14200.0,113.6,TZ-MBY-001,SUCCESS,NONE
TPESA-3001836,2026-09-03 10:46:17,+25571***399,+25577271550,TIGO_PESA_APP,CASH_OUT_WAKALA,352200.0,5283.0,TZ-MOR-001,SUCCESS,NONE
TPESA-3001837,2026-09-04 17:06:30,+25565***224,+25565301224,USSD_*150*01#,AIRTIME_TOP_UP,13100.0,0.0,TZ-SHI-001,SUCCESS,NONE
TPESA-3001838,2026-09-05 17:38:02,+25571***566,+25567294388,TIGO_PESA_APP,P2P_TRANSFER,62100.0,931.5,TZ-DAR-013,SUCCESS,NONE
TPESA-3001839,2026-09-02 08:21:18,+25571***484,TILL-854524,USSD_*150*01#,LIPA_KWA_SIMU_MERCHANT,131600.0,1052.8,TZ-DAR-008,SUCCESS,NONE
TPESA-3001840,2026-09-02 15:07:40,+25565***282,+25567265753,USSD_*150*01#,CASH_OUT_WAKALA,458100.0,6871.5,TZ-DAR-012,SUCCESS,NONE
TPESA-3001841,2026-09-01 10:36:20,+25571***930,TILL-513709,USSD_*150*01#,LIPA_KWA_SIMU_MERCHANT,37900.0,303.2,TZ-MWA-003,SUCCESS,NONE
TPESA-3001842,2026-09-05 09:48:01,+25567***838,+25567121838,USSD_*150*01#,AIRTIME_TOP_UP,8100.0,0.0,TZ-PWA-001,SUCCESS,NONE
TPESA-3001843,2026-09-05 09:22:48,+25567***241,+25567846284,USSD_*150*01#,BANK_TO_WALLET_DEPOSIT,371700.0,5575.5,TZ-MTW-001,SUCCESS,NONE
TPESA-3001844,2026-09-01 13:21:27,+25565***338,TILL-702800,USSD_*150*01#,LIPA_KWA_SIMU_MERCHANT,3000.0,24.0,TZ-DAR-006,SUCCESS,NONE
TPESA-3001845,2026-09-01 15:12:03,+25577***076,TILL-678705,USSD_*150*01#,LIPA_KWA_SIMU_MERCHANT,67300.0,538.4,TZ-IRI-001,SUCCESS,NONE
TPESA-3001846,2026-09-06 18:53:30,+25565***796,TILL-601830,TIGO_PESA_APP,LIPA_KWA_SIMU_MERCHANT,17800.0,142.4,TZ-PWA-002,SUCCESS,NONE
TPESA-3001847,2026-09-05 16:34:21,+25571***981,+25565414619,TIGO_PESA_APP,CASH_OUT_WAKALA,150100.0,2251.5,TZ-MBY-001,SUCCESS,NONE
TPESA-3001848,2026-09-07 06:42:28,+25565***645,+25565730645,TIGO_PESA_APP,AIRTIME_TOP_UP,15800.0,0.0,TZ-GEI-001,SUCCESS,NONE
TPESA-3001849,2026-09-02 10:02:37,+25571***002,+25567918854,USSD_*150*01#,P2P_TRANSFER,14600.0,350.0,TZ-KIL-003,SUCCESS,NONE
TPESA-3001850,2026-09-02 13:19:46,+25571***638,+25575244428,TIGO_PESA_APP,P2P_TRANSFER,65000.0,975.0,TZ-DAR-014,SUCCESS,NONE
TPESA-3001851,2026-09-03 12:13:06,+25577***188,+25565172280,USSD_*150*01#,P2P_TRANSFER,169400.0,2541.0,TZ-DAR-013,SUCCESS,NONE
TPESA-3001852,2026-09-05 13:44:09,+25571***410,+25577538345,TIGO_PESA_APP,P2P_TRANSFER,67600.0,1014.0,TZ-PWA-001,SUCCESS,NONE
TPESA-3001853,2026-09-02 15:12:57,+25577***824,+25577543824,TIGO_PESA_APP,AIRTIME_TOP_UP,6300.0,0.0,TZ-TAN-001,SUCCESS,NONE
TPESA-3001854,2026-09-07 10:14:25,+25577***527,+25577935527,USSD_*150*01#,AIRTIME_TOP_UP,12200.0,0.0,TZ-PWA-001,SUCCESS,NONE
TPESA-3001855,2026-09-06 11:13:30,+25565***433,TILL-896452,TIGO_PESA_APP,LIPA_KWA_SIMU_MERCHANT,45200.0,361.6,TZ-DAR-004,SUCCESS,NONE
TPESA-3001856,2026-09-07 17:51:35,+25571***777,+25575950869,TIGO_PESA_APP,CASH_OUT_WAKALA,180400.0,2706.0,TZ-ARU-002,SUCCESS,NONE
TPESA-3001857,2026-09-06 11:03:43,+25571***210,+25567615830,USSD_*150*01#,P2P_TRANSFER,50300.0,754.5,TZ-PWA-002,SUCCESS,NONE
TPESA-3001858,2026-09-04 16:05:48,+25567***991,+25565700972,USSD_*150*01#,BANK_TO_WALLET_DEPOSIT,629000.0,9435.0,TZ-SNG-001,SUCCESS,NONE
TPESA-3001859,2026-09-03 18:06:00,+25577***863,+25575146984,USSD_*150*01#,P2P_TRANSFER,148700.0,2230.5,TZ-TAN-002,SUCCESS,NONE
TPESA-3001860,2026-09-06 08:50:54,+25567***824,+25565916564,USSD_*150*01#,P2P_TRANSFER,81900.0,1228.5,TZ-MWA-003,SUCCESS,NONE
TPESA-3001861,2026-09-06 17:44:49,+25567***206,+25577161975,USSD_*150*01#,P2P_TRANSFER,151900.0,2278.5,TZ-TAN-003,SUCCESS,NONE
TPESA-3001862,2026-09-05 09:00:06,+25577***975,TILL-617272,USSD_*150*01#,LIPA_KWA_SIMU_MERCHANT,128600.0,1028.8,TZ-DAR-001,SUCCESS,NONE
TPESA-3001863,2026-09-07 07:40:54,+25571***951,+25571618951,USSD_*150*01#,AIRTIME_TOP_UP,6300.0,0.0,TZ-DAR-010,SUCCESS,NONE
TPESA-3001864,2026-09-02 07:13:36,+25577***239,TILL-568251,TIGO_PESA_APP,LIPA_KWA_SIMU_MERCHANT,135400.0,1083.2,TZ-DAR-005,SUCCESS,NONE
TPESA-3001865,2026-09-04 21:34:17,+25565***876,+25571946465,TIGO_PESA_APP,BANK_TO_WALLET_DEPOSIT,350600.0,5259.0,TZ-DAR-012,SUCCESS,NONE
TPESA-3001866,2026-09-03 19:33:53,+25571***122,+25571734122,TIGO_PESA_APP,AIRTIME_TOP_UP,6800.0,0.0,TZ-MBY-001,SUCCESS,NONE
TPESA-3001867,2026-09-04 20:49:10,+25577***544,+25577467544,USSD_*150*01#,AIRTIME_TOP_UP,6100.0,0.0,TZ-TAB-001,SUCCESS,NONE
TPESA-3001868,2026-09-06 19:15:39,+25571***606,+25565986733,USSD_*150*01#,P2P_TRANSFER,129000.0,1935.0,TZ-DAR-001,SUCCESS,NONE
TPESA-3001869,2026-09-06 17:22:51,+25571***611,+25571942039,USSD_*150*01#,CASH_OUT_WAKALA,235600.0,3534.0,TZ-DAR-006,SUCCESS,NONE
TPESA-3001870,2026-09-03 09:28:05,+25577***238,+25571387240,USSD_*150*01#,P2P_TRANSFER,209000.0,3135.0,TZ-PWA-001,SUCCESS,NONE
TPESA-3001871,2026-09-02 23:15:36,+25571***234,+25567999877,TIGO_PESA_APP,BANK_TO_WALLET_DEPOSIT,913400.0,13701.0,TZ-ZNZ-002,SUCCESS,NONE
TPESA-3001872,2026-09-02 10:11:30,+25577***993,+25571441803,USSD_*150*01#,P2P_TRANSFER,225800.0,3387.0,TZ-TAN-003,SUCCESS,NONE
TPESA-3001873,2026-09-02 23:03:15,+25571***607,+25577811305,USSD_*150*01#,CASH_OUT_WAKALA,133900.0,2008.5,TZ-TND-001,SUCCESS,NONE
TPESA-3001874,2026-09-05 06:40:37,+25567***704,+25565156469,USSD_*150*01#,P2P_TRANSFER,184800.0,2772.0,TZ-DAR-014,SUCCESS,NONE
TPESA-3001875,2026-09-04 07:23:31,+25577***636,+25574105545,USSD_*150*01#,P2P_TRANSFER,182200.0,2733.0,TZ-DAR-003,SUCCESS,NONE
TPESA-3001876,2026-09-04 17:42:23,+25565***559,+25571814314,TIGO_PESA_APP,P2P_TRANSFER,170800.0,2562.0,TZ-DOM-003,SUCCESS,NONE
TPESA-3001877,2026-09-06 09:35:22,+25565***727,+25567655609,TIGO_PESA_APP,P2P_TRANSFER,173400.0,2601.0,TZ-DOM-002,SUCCESS,NONE
TPESA-3001878,2026-09-06 06:12:53,+25565***159,+25571662130,USSD_*150*01#,CASH_OUT_WAKALA,29400.0,441.0,TZ-PWA-001,SUCCESS,NONE
TPESA-3001879,2026-09-06 17:46:56,+25565***818,+25574987520,USSD_*150*01#,CASH_OUT_WAKALA,136600.0,2049.0,TZ-ZNZ-002,SUCCESS,NONE
TPESA-3001880,2026-09-06 21:49:44,+25571***424,+25565613348,USSD_*150*01#,P2P_TRANSFER,160900.0,2413.5,TZ-GEI-001,SUCCESS,NONE
TPESA-3001881,2026-09-05 20:08:58,+25577***572,+25567465960,USSD_*150*01#,P2P_TRANSFER,138600.0,2079.0,TZ-ZNZ-004,SUCCESS,NONE
TPESA-3001882,2026-09-05 10:32:59,+25565***883,+25577268540,USSD_*150*01#,CASH_OUT_WAKALA,318500.0,4777.5,TZ-PWA-001,SUCCESS,NONE
TPESA-3001883,2026-09-05 23:48:02,+25567***458,TILL-995653,TIGO_PESA_APP,LIPA_KWA_SIMU_MERCHANT,7100.0,56.8,TZ-TAN-003,SUCCESS,NONE
TPESA-3001884,2026-09-04 11:18:43,+25565***917,+25575198224,TIGO_PESA_APP,CASH_OUT_WAKALA,183300.0,2749.5,TZ-BUK-001,SUCCESS,NONE
TPESA-3001885,2026-09-06 19:01:13,+25577***407,+25565996393,USSD_*150*01#,P2P_TRANSFER,196600.0,2949.0,TZ-PWA-002,SUCCESS,NONE
TPESA-3001886,2026-09-07 14:27:16,+25565***845,+25571752588,USSD_*150*01#,CASH_OUT_WAKALA,272400.0,4086.0,TZ-ZNZ-001,SUCCESS,NONE
TPESA-3001887,2026-09-03 11:31:33,+25567***252,+25567268252,TIGO_PESA_APP,AIRTIME_TOP_UP,11400.0,0.0,TZ-DOM-002,SUCCESS,NONE
TPESA-3001888,2026-09-02 21:12:34,+25565***578,+25577192193,USSD_*150*01#,P2P_TRANSFER,35200.0,528.0,TZ-MOR-001,SUCCESS,NONE
TPESA-3001889,2026-09-06 23:08:30,+25571***939,+25571808323,USSD_*150*01#,CASH_OUT_WAKALA,274800.0,4122.0,TZ-KIL-003,SUCCESS,NONE
TPESA-3001890,2026-09-02 18:45:28,+25571***716,+25567434391,TIGO_PESA_APP,CASH_OUT_WAKALA,170800.0,2562.0,TZ-TAN-003,SUCCESS,NONE
TPESA-3001891,2026-09-04 08:39:40,+25577***923,+25567786553,TIGO_PESA_APP,P2P_TRANSFER,244000.0,3660.0,TZ-MOR-001,SUCCESS,NONE
TPESA-3001892,2026-09-03 19:32:22,+25565***169,+25567117026,TIGO_PESA_APP,P2P_TRANSFER,119100.0,1786.5,TZ-SON-001,SUCCESS,NONE
TPESA-3001893,2026-09-01 15:04:11,+25565***102,+25571905673,USSD_*150*01#,CASH_OUT_WAKALA,207600.0,3114.0,TZ-ZNZ-004,SUCCESS,NONE
TPESA-3001894,2026-09-05 13:21:08,+25577***486,+25567436220,USSD_*150*01#,P2P_TRANSFER,127600.0,1914.0,TZ-DAR-003,SUCCESS,NONE
TPESA-3001895,2026-09-04 07:01:14,+25567***710,+25567811710,TIGO_PESA_APP,AIRTIME_TOP_UP,13000.0,0.0,TZ-DAR-003,SUCCESS,NONE
TPESA-3001896,2026-09-01 09:03:22,+25577***562,TILL-928992,TIGO_PESA_APP,LIPA_KWA_SIMU_MERCHANT,113500.0,908.0,TZ-TND-001,SUCCESS,NONE
TPESA-3001897,2026-09-07 08:19:23,+25571***453,+25567737160,USSD_*150*01#,P2P_TRANSFER,151900.0,2278.5,TZ-ZNZ-003,SUCCESS,NONE
TPESA-3001898,2026-09-02 21:34:06,+25567***241,+25571510446,USSD_*150*01#,CASH_OUT_WAKALA,301100.0,4516.5,TZ-MTW-001,SUCCESS,NONE
TPESA-3001899,2026-09-01 07:42:38,+25565***786,+25565440786,USSD_*150*01#,AIRTIME_TOP_UP,2000.0,0.0,TZ-SON-001,SUCCESS,NONE
TPESA-3001900,2026-09-01 11:35:00,+25565***821,+25565138821,USSD_*150*01#,AIRTIME_TOP_UP,6100.0,0.0,TZ-TND-001,SUCCESS,NONE
TPESA-3001901,2026-09-03 18:27:17,+25571***212,+25565229942,USSD_*150*01#,P2P_TRANSFER,141400.0,2121.0,TZ-NJO-001,SUCCESS,NONE
TPESA-3001902,2026-09-05 14:13:23,+25577***165,+25565170525,USSD_*150*01#,P2P_TRANSFER,26200.0,393.0,TZ-ZNZ-004,SUCCESS,NONE
TPESA-3001903,2026-09-05 18:52:03,+25565***905,+25567964632,TIGO_PESA_APP,CASH_OUT_WAKALA,388900.0,5833.5,TZ-DAR-006,SUCCESS,NONE
TPESA-3001904,2026-09-04 08:57:28,+25571***644,TILL-523956,USSD_*150*01#,LIPA_KWA_SIMU_MERCHANT,138700.0,1109.6,TZ-PEM-001,SUCCESS,NONE
TPESA-3001905,2026-09-01 06:01:57,+25577***016,+25577811016,USSD_*150*01#,AIRTIME_TOP_UP,14500.0,0.0,TZ-MBY-001,SUCCESS,NONE
TPESA-3001906,2026-09-05 20:42:29,+25567***003,TILL-665026,TIGO_PESA_APP,LIPA_KWA_SIMU_MERCHANT,125000.0,1000.0,TZ-SHI-001,SUCCESS,NONE
TPESA-3001907,2026-09-06 11:13:50,+25567***367,+25571513128,USSD_*150*01#,P2P_TRANSFER,49400.0,741.0,TZ-DOM-003,SUCCESS,NONE
TPESA-3001908,2026-09-01 22:38:16,+25567***975,TILL-876327,TIGO_PESA_APP,LIPA_KWA_SIMU_MERCHANT,36200.0,289.6,TZ-TAB-001,SUCCESS,NONE
TPESA-3001909,2026-09-04 17:18:49,+25571***867,+25571966673,TIGO_PESA_APP,CASH_OUT_WAKALA,392700.0,5890.5,TZ-MWA-002,SUCCESS,NONE
TPESA-3001910,2026-09-05 17:17:33,+25565***609,+25565759134,USSD_*150*01#,CASH_OUT_WAKALA,354400.0,5316.0,TZ-TAN-001,SUCCESS,NONE
TPESA-3001911,2026-09-07 10:10:35,+25571***341,TILL-555890,USSD_*150*01#,LIPA_KWA_SIMU_MERCHANT,45500.0,364.0,TZ-NJO-001,SUCCESS,NONE
TPESA-3001912,2026-09-01 21:05:06,+25571***804,+25571701804,TIGO_PESA_APP,AIRTIME_TOP_UP,16100.0,0.0,TZ-MWA-003,SUCCESS,NONE
TPESA-3001913,2026-09-02 08:43:44,+25571***461,+25565467667,TIGO_PESA_APP,P2P_TRANSFER,248500.0,3727.5,TZ-DOM-001,SUCCESS,NONE
TPESA-3001914,2026-09-06 08:47:18,+25567***622,+25571182982,USSD_*150*01#,P2P_TRANSFER,199800.0,0.0,TZ-DAR-004,FAILED,PIN_MAX_ATTEMPTS_EXCEEDED
TPESA-3001915,2026-09-06 07:21:57,+25571***348,+25574825982,TIGO_PESA_APP,P2P_TRANSFER,40900.0,613.5,TZ-KAH-001,SUCCESS,NONE
TPESA-3001916,2026-09-06 10:03:20,+25565***438,+25577241058,TIGO_PESA_APP,BANK_TO_WALLET_DEPOSIT,430800.0,6462.0,TZ-DOM-003,SUCCESS,NONE
TPESA-3001917,2026-09-02 09:07:58,+25571***350,TILL-727929,USSD_*150*01#,LIPA_KWA_SIMU_MERCHANT,137700.0,1101.6,TZ-MOR-001,SUCCESS,NONE
TPESA-3001918,2026-09-03 18:15:57,+25577***570,+25567151779,USSD_*150*01#,CASH_OUT_WAKALA,172700.0,2590.5,TZ-PEM-001,SUCCESS,NONE
TPESA-3001919,2026-09-03 09:12:44,+25577***435,+25577850435,USSD_*150*01#,AIRTIME_TOP_UP,15300.0,0.0,TZ-DOM-002,SUCCESS,NONE
TPESA-3001920,2026-09-06 16:17:16,+25565***101,+25565345101,USSD_*150*01#,AIRTIME_TOP_UP,900.0,0.0,TZ-TAB-001,SUCCESS,NONE
TPESA-3001921,2026-09-07 19:43:00,+25567***706,+25577216862,USSD_*150*01#,CASH_OUT_WAKALA,172900.0,2593.5,TZ-ARU-002,SUCCESS,NONE
TPESA-3001922,2026-09-02 19:12:39,+25565***715,+25576803900,TIGO_PESA_APP,P2P_TRANSFER,91600.0,1374.0,TZ-DAR-011,SUCCESS,NONE
TPESA-3001923,2026-09-04 07:57:43,+25567***702,+25577791772,USSD_*150*01#,P2P_TRANSFER,136100.0,2041.5,TZ-PEM-001,SUCCESS,NONE
TPESA-3001924,2026-09-07 08:22:44,+25577***878,+25565804406,USSD_*150*01#,P2P_TRANSFER,11200.0,350.0,TZ-NJO-001,SUCCESS,NONE
TPESA-3001925,2026-09-02 15:54:36,+25567***708,+25571109074,USSD_*150*01#,P2P_TRANSFER,99300.0,1489.5,TZ-KAH-001,SUCCESS,NONE
TPESA-3001926,2026-09-05 23:46:02,+25577***902,+25571315799,USSD_*150*01#,P2P_TRANSFER,96800.0,1452.0,TZ-ZNZ-004,SUCCESS,NONE
TPESA-3001927,2026-09-06 18:28:26,+25577***203,+25577271044,TIGO_PESA_APP,CASH_OUT_WAKALA,407200.0,6108.0,TZ-TAB-001,SUCCESS,NONE
TPESA-3001928,2026-09-05 23:56:51,+25577***429,+25565319201,TIGO_PESA_APP,CASH_OUT_WAKALA,179800.0,2697.0,TZ-DAR-003,SUCCESS,NONE
TPESA-3001929,2026-09-03 10:45:53,+25567***128,+25571281696,TIGO_PESA_APP,P2P_TRANSFER,155000.0,2325.0,TZ-ARU-002,SUCCESS,NONE
TPESA-3001930,2026-09-05 18:16:56,+25577***901,TILL-804929,TIGO_PESA_APP,LIPA_KWA_SIMU_MERCHANT,51800.0,414.4,TZ-DAR-002,SUCCESS,NONE
TPESA-3001931,2026-09-02 19:59:29,+25571***175,+25574991288,USSD_*150*01#,P2P_TRANSFER,223700.0,3355.5,TZ-KIG-001,SUCCESS,NONE
TPESA-3001932,2026-09-05 08:34:24,+25571***703,+25565333524,TIGO_PESA_APP,CASH_OUT_WAKALA,492800.0,7392.0,TZ-PEM-001,SUCCESS,NONE
TPESA-3001933,2026-09-07 18:05:15,+25567***217,+25565566936,TIGO_PESA_APP,P2P_TRANSFER,151400.0,2271.0,TZ-DAR-012,SUCCESS,NONE
TPESA-3001934,2026-09-02 16:59:09,+25567***422,+25574630700,TIGO_PESA_APP,P2P_TRANSFER,161500.0,2422.5,TZ-ZNZ-002,SUCCESS,NONE
TPESA-3001935,2026-09-07 19:47:36,+25577***159,TILL-986705,USSD_*150*01#,LIPA_KWA_SIMU_MERCHANT,127100.0,1016.8,TZ-ZNZ-001,SUCCESS,NONE
TPESA-3001936,2026-09-03 20:28:28,+25567***794,+25567953484,TIGO_PESA_APP,CASH_OUT_WAKALA,436400.0,6546.0,TZ-DOM-003,SUCCESS,NONE
TPESA-3001937,2026-09-04 14:47:51,+25567***548,+25571342936,USSD_*150*01#,P2P_TRANSFER,93500.0,1402.5,TZ-NJO-001,SUCCESS,NONE
TPESA-3001938,2026-09-04 10:53:44,+25567***662,+25571376684,TIGO_PESA_APP,CASH_OUT_WAKALA,319400.0,4791.0,TZ-DAR-009,SUCCESS,NONE
TPESA-3001939,2026-09-02 13:52:09,+25565***606,TILL-990146,USSD_*150*01#,LIPA_KWA_SIMU_MERCHANT,112000.0,896.0,TZ-DAR-012,SUCCESS,NONE
TPESA-3001940,2026-09-05 11:10:14,+25571***688,+25565284390,USSD_*150*01#,BANK_TO_WALLET_DEPOSIT,945900.0,14188.5,TZ-DAR-011,SUCCESS,NONE
TPESA-3001941,2026-09-02 10:09:36,+25577***597,+25576617103,TIGO_PESA_APP,P2P_TRANSFER,75600.0,1134.0,TZ-DAR-009,SUCCESS,NONE
TPESA-3001942,2026-09-03 19:16:00,+25565***348,+25571117258,TIGO_PESA_APP,P2P_TRANSFER,53200.0,798.0,TZ-PEM-001,SUCCESS,NONE
TPESA-3001943,2026-09-06 15:45:33,+25571***802,+25571601956,USSD_*150*01#,P2P_TRANSFER,42900.0,643.5,TZ-TAB-001,SUCCESS,NONE
TPESA-3001944,2026-09-01 16:51:57,+25565***138,+25576429743,USSD_*150*01#,P2P_TRANSFER,95600.0,1434.0,TZ-MWA-002,SUCCESS,NONE
TPESA-3001945,2026-09-06 11:47:16,+25567***788,+25576670981,USSD_*150*01#,CASH_OUT_WAKALA,60000.0,900.0,TZ-TAB-001,SUCCESS,NONE
TPESA-3001946,2026-09-06 14:26:30,+25571***566,+25565324980,USSD_*150*01#,CASH_OUT_WAKALA,492800.0,7392.0,TZ-DAR-013,SUCCESS,NONE
TPESA-3001947,2026-09-06 11:46:55,+25565***717,+25565456717,USSD_*150*01#,AIRTIME_TOP_UP,14700.0,0.0,TZ-DAR-009,SUCCESS,NONE
TPESA-3001948,2026-09-04 20:06:16,+25577***666,+25571207552,USSD_*150*01#,CASH_OUT_WAKALA,171300.0,2569.5,TZ-KIG-001,SUCCESS,NONE
TPESA-3001949,2026-09-06 12:03:59,+25567***459,+25577113891,TIGO_PESA_APP,P2P_TRANSFER,237800.0,3567.0,TZ-KIG-001,SUCCESS,NONE
TPESA-3001950,2026-09-03 20:39:46,+25577***939,+25565710178,TIGO_PESA_APP,P2P_TRANSFER,247400.0,3711.0,TZ-SNG-001,SUCCESS,NONE
TPESA-3001951,2026-09-07 23:34:50,+25571***802,+25575297909,USSD_*150*01#,P2P_TRANSFER,224500.0,3367.5,TZ-TAB-001,SUCCESS,NONE
TPESA-3001952,2026-09-02 16:43:49,+25567***177,+25571798062,USSD_*150*01#,P2P_TRANSFER,118800.0,1782.0,TZ-ARU-002,SUCCESS,NONE
TPESA-3001953,2026-09-05 10:34:10,+25577***007,+25576616259,USSD_*150*01#,BANK_TO_WALLET_DEPOSIT,297900.0,4468.5,TZ-TAR-001,SUCCESS,NONE
TPESA-3001954,2026-09-02 23:32:15,+25565***788,+25567404381,USSD_*150*01#,CASH_OUT_WAKALA,87300.0,1309.5,TZ-DAR-004,SUCCESS,NONE
TPESA-3001955,2026-09-01 19:40:11,+25565***757,+25574486860,USSD_*150*01#,CASH_OUT_WAKALA,293400.0,4401.0,TZ-DAR-002,SUCCESS,NONE
TPESA-3001956,2026-09-06 21:21:01,+25571***758,+25571924758,USSD_*150*01#,AIRTIME_TOP_UP,12700.0,0.0,TZ-DAR-007,SUCCESS,NONE
TPESA-3001957,2026-09-06 06:21:18,+25565***427,+25571851556,TIGO_PESA_APP,P2P_TRANSFER,95400.0,1431.0,TZ-DAR-003,SUCCESS,NONE
TPESA-3001958,2026-09-06 20:30:17,+25567***462,+25567100831,TIGO_PESA_APP,P2P_TRANSFER,198600.0,2979.0,TZ-DAR-012,SUCCESS,NONE
TPESA-3001959,2026-09-04 20:59:53,+25565***664,+25571381646,USSD_*150*01#,CASH_OUT_WAKALA,52400.0,786.0,TZ-TAN-003,SUCCESS,NONE
TPESA-3001960,2026-09-05 21:28:02,+25577***238,+25567806290,USSD_*150*01#,P2P_TRANSFER,36000.0,540.0,TZ-PWA-001,SUCCESS,NONE
TPESA-3001961,2026-09-03 22:04:36,+25571***419,+25571434234,TIGO_PESA_APP,CASH_OUT_WAKALA,297200.0,4458.0,TZ-ARU-003,SUCCESS,NONE
TPESA-3001962,2026-09-07 16:07:07,+25567***801,+25567418801,TIGO_PESA_APP,AIRTIME_TOP_UP,4700.0,0.0,TZ-MWA-002,SUCCESS,NONE
TPESA-3001963,2026-09-04 09:24:59,+25577***730,+25571199748,USSD_*150*01#,P2P_TRANSFER,23700.0,355.5,TZ-DAR-002,SUCCESS,NONE
TPESA-3001964,2026-09-01 10:37:27,+25577***486,+25571993360,TIGO_PESA_APP,CASH_OUT_WAKALA,492500.0,7387.5,TZ-DAR-003,SUCCESS,NONE
TPESA-3001965,2026-09-05 10:56:40,+25577***098,+25576350652,TIGO_PESA_APP,P2P_TRANSFER,11500.0,350.0,TZ-SHI-001,SUCCESS,NONE
TPESA-3001966,2026-09-01 12:56:48,+25565***821,TILL-948234,TIGO_PESA_APP,LIPA_KWA_SIMU_MERCHANT,135900.0,0.0,TZ-TND-001,FAILED,SYSTEM_BUSY
TPESA-3001967,2026-09-07 18:03:51,+25577***793,TILL-565954,TIGO_PESA_APP,LIPA_KWA_SIMU_MERCHANT,110500.0,884.0,TZ-DAR-004,SUCCESS,NONE
TPESA-3001968,2026-09-03 15:14:09,+25577***324,+25576677233,USSD_*150*01#,BANK_TO_WALLET_DEPOSIT,623700.0,9355.5,TZ-PWA-001,SUCCESS,NONE
TPESA-3001969,2026-09-05 21:11:28,+25567***329,+25571113014,TIGO_PESA_APP,CASH_OUT_WAKALA,196600.0,2949.0,TZ-DOM-001,SUCCESS,NONE
TPESA-3001970,2026-09-01 16:33:00,+25567***699,TILL-774672,TIGO_PESA_APP,LIPA_KWA_SIMU_MERCHANT,126000.0,1008.0,TZ-DOM-002,SUCCESS,NONE
TPESA-3001971,2026-09-01 15:59:44,+25571***719,+25577166044,USSD_*150*01#,CASH_OUT_WAKALA,460800.0,6912.0,TZ-ZNZ-002,SUCCESS,NONE
TPESA-3001972,2026-09-04 10:07:54,+25565***705,+25565312705,TIGO_PESA_APP,AIRTIME_TOP_UP,3200.0,0.0,TZ-TAB-001,SUCCESS,NONE
TPESA-3001973,2026-09-01 12:04:41,+25577***670,+25567269105,TIGO_PESA_APP,P2P_TRANSFER,34200.0,513.0,TZ-GEI-001,SUCCESS,NONE
TPESA-3001974,2026-09-04 16:16:01,+25577***070,+25565538776,TIGO_PESA_APP,P2P_TRANSFER,70300.0,1054.5,TZ-DAR-011,SUCCESS,NONE
TPESA-3001975,2026-09-05 16:12:16,+25567***768,+25571162834,TIGO_PESA_APP,P2P_TRANSFER,241200.0,3618.0,TZ-ZNZ-001,SUCCESS,NONE
TPESA-3001976,2026-09-02 20:04:03,+25577***556,+25567683366,TIGO_PESA_APP,P2P_TRANSFER,140300.0,2104.5,TZ-DAR-011,SUCCESS,NONE
TPESA-3001977,2026-09-05 23:56:18,+25565***446,+25565182171,USSD_*150*01#,P2P_TRANSFER,110200.0,1653.0,TZ-ARU-003,SUCCESS,NONE
TPESA-3001978,2026-09-01 08:58:22,+25571***232,+25565666698,USSD_*150*01#,CASH_OUT_WAKALA,341300.0,5119.5,TZ-DAR-008,SUCCESS,NONE
TPESA-3001979,2026-09-04 14:21:33,+25567***526,+25567424526,USSD_*150*01#,AIRTIME_TOP_UP,6500.0,0.0,TZ-PEM-001,SUCCESS,NONE
TPESA-3001980,2026-09-02 17:16:02,+25565***006,+25565525006,TIGO_PESA_APP,AIRTIME_TOP_UP,15400.0,0.0,TZ-DAR-006,SUCCESS,NONE
TPESA-3001981,2026-09-06 10:57:32,+25571***199,+25577746108,TIGO_PESA_APP,CASH_OUT_WAKALA,166400.0,2496.0,TZ-DOM-001,SUCCESS,NONE
TPESA-3001982,2026-09-04 16:37:15,+25577***088,+25576189746,TIGO_PESA_APP,P2P_TRANSFER,45800.0,687.0,TZ-DAR-008,SUCCESS,NONE
TPESA-3001983,2026-09-06 23:52:07,+25577***640,+25577101640,TIGO_PESA_APP,AIRTIME_TOP_UP,12500.0,0.0,TZ-KIL-001,SUCCESS,NONE
TPESA-3001984,2026-09-02 19:18:43,+25577***077,+25574100303,TIGO_PESA_APP,P2P_TRANSFER,100200.0,1503.0,TZ-KIL-001,SUCCESS,NONE
TPESA-3001985,2026-09-01 06:29:01,+25567***362,+25577704921,TIGO_PESA_APP,CASH_OUT_WAKALA,402900.0,6043.5,TZ-TAR-001,SUCCESS,NONE
TPESA-3001986,2026-09-05 15:35:09,+25577***814,+25565577352,TIGO_PESA_APP,P2P_TRANSFER,198900.0,2983.5,TZ-GEI-001,SUCCESS,NONE
TPESA-3001987,2026-09-02 17:44:49,+25565***389,TILL-956192,TIGO_PESA_APP,LIPA_KWA_SIMU_MERCHANT,40300.0,322.4,TZ-DOM-003,SUCCESS,NONE
TPESA-3001988,2026-09-02 14:47:18,+25565***397,TILL-651476,TIGO_PESA_APP,LIPA_KWA_SIMU_MERCHANT,128900.0,1031.2,TZ-MWA-003,SUCCESS,NONE
TPESA-3001989,2026-09-06 22:49:33,+25567***295,+25571938443,TIGO_PESA_APP,CASH_OUT_WAKALA,363800.0,5457.0,TZ-KIL-001,SUCCESS,NONE
TPESA-3001990,2026-09-05 23:09:19,+25567***548,+25565988240,TIGO_PESA_APP,CASH_OUT_WAKALA,414500.0,6217.5,TZ-NJO-001,SUCCESS,NONE
TPESA-3001991,2026-09-05 08:47:51,+25567***427,+25577311515,TIGO_PESA_APP,BANK_TO_WALLET_DEPOSIT,825700.0,12385.5,TZ-TAR-001,SUCCESS,NONE
TPESA-3001992,2026-09-01 21:07:47,+25577***473,+25567205418,USSD_*150*01#,CASH_OUT_WAKALA,482800.0,7242.0,TZ-DOM-003,SUCCESS,NONE
TPESA-3001993,2026-09-05 23:24:28,+25577***758,+25577551758,TIGO_PESA_APP,AIRTIME_TOP_UP,5600.0,0.0,TZ-DAR-015,SUCCESS,NONE
TPESA-3001994,2026-09-03 17:53:41,+25571***992,+25565402969,TIGO_PESA_APP,CASH_OUT_WAKALA,72800.0,1092.0,TZ-TAN-001,SUCCESS,NONE
TPESA-3001995,2026-09-03 18:54:41,+25565***945,+25576714267,USSD_*150*01#,P2P_TRANSFER,139300.0,2089.5,TZ-ZNZ-002,SUCCESS,NONE
TPESA-3001996,2026-09-03 06:26:18,+25565***375,+25565661926,TIGO_PESA_APP,CASH_OUT_WAKALA,328300.0,4924.5,TZ-SON-001,SUCCESS,NONE
TPESA-3001997,2026-09-02 19:15:16,+25577***519,TILL-656021,USSD_*150*01#,LIPA_KWA_SIMU_MERCHANT,91300.0,730.4,TZ-TAN-003,SUCCESS,NONE
TPESA-3001998,2026-09-06 15:25:18,+25571***855,+25567671006,TIGO_PESA_APP,P2P_TRANSFER,158900.0,2383.5,TZ-MBY-001,SUCCESS,NONE
TPESA-3001999,2026-09-06 20:26:55,+25567***614,TILL-993121,USSD_*150*01#,LIPA_KWA_SIMU_MERCHANT,71800.0,574.4,TZ-DAR-010,SUCCESS,NONE
TPESA-3002000,2026-09-02 21:21:18,+25577***546,+25577194546,USSD_*150*01#,AIRTIME_TOP_UP,5800.0,0.0,TZ-ARU-003,SUCCESS,NONE
TPESA-3002001,2026-09-06 20:04:49,+25565***125,TILL-608379,TIGO_PESA_APP,LIPA_KWA_SIMU_MERCHANT,136100.0,1088.8,TZ-PWA-002,SUCCESS,NONE
TPESA-3002002,2026-09-07 14:01:46,+25565***436,+25565568436,TIGO_PESA_APP,AIRTIME_TOP_UP,14800.0,0.0,TZ-SON-001,SUCCESS,NONE
TPESA-3002003,2026-09-04 09:06:13,+25571***645,+25576168270,USSD_*150*01#,P2P_TRANSFER,8500.0,350.0,TZ-MBY-001,SUCCESS,NONE
TPESA-3002004,2026-09-03 18:31:58,+25577***203,+25565880064,TIGO_PESA_APP,P2P_TRANSFER,55700.0,835.5,TZ-TAB-001,SUCCESS,NONE
TPESA-3002005,2026-09-06 10:13:24,+25565***769,TILL-657068,USSD_*150*01#,LIPA_KWA_SIMU_MERCHANT,2000.0,16.0,TZ-KIL-002,SUCCESS,NONE
TPESA-3002006,2026-09-04 08:31:51,+25571***212,+25567568693,USSD_*150*01#,P2P_TRANSFER,248900.0,3733.5,TZ-NJO-001,SUCCESS,NONE
TPESA-3002007,2026-09-04 19:24:44,+25571***951,+25565149956,USSD_*150*01#,P2P_TRANSFER,25100.0,376.5,TZ-DAR-010,SUCCESS,NONE
TPESA-3002008,2026-09-05 11:53:19,+25577***238,+25571455279,TIGO_PESA_APP,CASH_OUT_WAKALA,36700.0,550.5,TZ-PWA-001,SUCCESS,NONE
TPESA-3002009,2026-09-06 10:24:25,+25567***306,TILL-664306,USSD_*150*01#,LIPA_KWA_SIMU_MERCHANT,64300.0,514.4,TZ-DOM-003,SUCCESS,NONE
TPESA-3002010,2026-09-06 13:34:22,+25565***393,TILL-904349,USSD_*150*01#,LIPA_KWA_SIMU_MERCHANT,52800.0,422.4,TZ-PEM-001,SUCCESS,NONE
TPESA-3002011,2026-09-04 19:49:46,+25565***825,+25565714825,TIGO_PESA_APP,AIRTIME_TOP_UP,3200.0,0.0,TZ-TAN-002,SUCCESS,NONE
TPESA-3002012,2026-09-02 14:13:43,+25565***199,+25575456550,USSD_*150*01#,BANK_TO_WALLET_DEPOSIT,436500.0,6547.5,TZ-MBY-001,SUCCESS,NONE
TPESA-3002013,2026-09-04 09:12:14,+25567***224,TILL-538113,TIGO_PESA_APP,LIPA_KWA_SIMU_MERCHANT,105200.0,841.6,TZ-SNG-001,SUCCESS,NONE
TPESA-3002014,2026-09-03 20:21:29,+25577***528,TILL-903285,TIGO_PESA_APP,LIPA_KWA_SIMU_MERCHANT,11500.0,92.0,TZ-BUK-001,SUCCESS,NONE
TPESA-3002015,2026-09-06 22:26:04,+25577***680,TILL-965182,TIGO_PESA_APP,LIPA_KWA_SIMU_MERCHANT,142600.0,1140.8,TZ-MWA-001,SUCCESS,NONE
TPESA-3002016,2026-09-06 13:31:23,+25565***113,+25567317784,USSD_*150*01#,P2P_TRANSFER,217800.0,3267.0,TZ-SON-001,SUCCESS,NONE
TPESA-3002017,2026-09-06 15:23:10,+25577***691,+25577990691,TIGO_PESA_APP,AIRTIME_TOP_UP,11600.0,0.0,TZ-MOR-001,SUCCESS,NONE
TPESA-3002018,2026-09-04 22:49:50,+25567***172,+25567584172,USSD_*150*01#,AIRTIME_TOP_UP,8600.0,0.0,TZ-MBY-001,SUCCESS,NONE
TPESA-3002019,2026-09-06 13:05:02,+25567***654,+25571959943,TIGO_PESA_APP,CASH_OUT_WAKALA,186100.0,2791.5,TZ-DAR-014,SUCCESS,NONE
TPESA-3002020,2026-09-03 10:40:38,+25577***575,TILL-510966,USSD_*150*01#,LIPA_KWA_SIMU_MERCHANT,88400.0,707.2,TZ-MWA-003,SUCCESS,NONE
TPESA-3002021,2026-09-05 06:07:52,+25571***249,+25571224249,USSD_*150*01#,AIRTIME_TOP_UP,3200.0,0.0,TZ-MBY-002,SUCCESS,NONE
TPESA-3002022,2026-09-01 09:54:35,+25567***792,+25567598092,TIGO_PESA_APP,CASH_OUT_WAKALA,398400.0,5976.0,TZ-ARU-002,SUCCESS,NONE
TPESA-3002023,2026-09-02 13:54:29,+25567***941,TILL-537529,USSD_*150*01#,LIPA_KWA_SIMU_MERCHANT,91500.0,732.0,TZ-ARU-002,SUCCESS,NONE
TPESA-3002024,2026-09-05 22:49:11,+25571***376,+25571617105,TIGO_PESA_APP,P2P_TRANSFER,62500.0,937.5,TZ-DAR-015,SUCCESS,NONE
TPESA-3002025,2026-09-03 13:47:39,+25565***209,+25574589966,USSD_*150*01#,P2P_TRANSFER,111400.0,1671.0,TZ-KIL-002,SUCCESS,NONE
TPESA-3002026,2026-09-01 17:13:57,+25567***660,+25577982313,TIGO_PESA_APP,CASH_OUT_WAKALA,448200.0,6723.0,TZ-SHI-001,SUCCESS,NONE
TPESA-3002027,2026-09-06 17:33:12,+25565***328,TILL-797002,TIGO_PESA_APP,LIPA_KWA_SIMU_MERCHANT,98100.0,784.8,TZ-ZNZ-002,SUCCESS,NONE
TPESA-3002028,2026-09-04 21:59:11,+25565***760,+25565204916,USSD_*150*01#,P2P_TRANSFER,158500.0,2377.5,TZ-TAN-001,SUCCESS,NONE
TPESA-3002029,2026-09-02 08:35:40,+25577***680,+25574204602,USSD_*150*01#,CASH_OUT_WAKALA,245400.0,3681.0,TZ-MWA-001,SUCCESS,NONE
TPESA-3002030,2026-09-04 23:33:21,+25565***209,+25576966757,TIGO_PESA_APP,CASH_OUT_WAKALA,498500.0,7477.5,TZ-MWA-002,SUCCESS,NONE
TPESA-3002031,2026-09-07 07:00:27,+25565***800,+25565240800,TIGO_PESA_APP,AIRTIME_TOP_UP,9400.0,0.0,TZ-DAR-009,SUCCESS,NONE
TPESA-3002032,2026-09-03 09:05:13,+25577***289,+25574335955,USSD_*150*01#,CASH_OUT_WAKALA,270700.0,4060.5,TZ-TAN-002,SUCCESS,NONE
TPESA-3002033,2026-09-04 12:30:53,+25571***617,+25574605668,USSD_*150*01#,P2P_TRANSFER,118000.0,1770.0,TZ-KIL-002,SUCCESS,NONE
TPESA-3002034,2026-09-04 12:55:00,+25565***501,+25575939975,USSD_*150*01#,CASH_OUT_WAKALA,421900.0,6328.5,TZ-MWA-001,SUCCESS,NONE
TPESA-3002035,2026-09-07 09:55:46,+25577***680,+25577153553,TIGO_PESA_APP,P2P_TRANSFER,146200.0,2193.0,TZ-MWA-001,SUCCESS,NONE
TPESA-3002036,2026-09-01 09:27:42,+25567***058,+25565902136,TIGO_PESA_APP,P2P_TRANSFER,8000.0,350.0,TZ-DAR-002,SUCCESS,NONE
TPESA-3002037,2026-09-01 07:28:23,+25565***964,TILL-752166,TIGO_PESA_APP,LIPA_KWA_SIMU_MERCHANT,123400.0,987.2,TZ-TAN-003,SUCCESS,NONE
TPESA-3002038,2026-09-05 11:41:25,+25571***012,+25567725553,USSD_*150*01#,CASH_OUT_WAKALA,430600.0,6459.0,TZ-SHI-001,SUCCESS,NONE
TPESA-3002039,2026-09-01 19:30:13,+25577***053,+25571871851,TIGO_PESA_APP,P2P_TRANSFER,211300.0,3169.5,TZ-DAR-003,SUCCESS,NONE
TPESA-3002040,2026-09-02 08:07:39,+25567***902,TILL-514946,TIGO_PESA_APP,LIPA_KWA_SIMU_MERCHANT,90100.0,720.8,TZ-MBY-001,SUCCESS,NONE
TPESA-3002041,2026-09-05 16:36:38,+25571***488,TILL-819929,USSD_*150*01#,LIPA_KWA_SIMU_MERCHANT,54200.0,433.6,TZ-ZNZ-002,SUCCESS,NONE
TPESA-3002042,2026-09-07 21:41:47,+25565***061,+25574761573,USSD_*150*01#,P2P_TRANSFER,15500.0,350.0,TZ-DAR-005,SUCCESS,NONE
TPESA-3002043,2026-09-06 07:37:03,+25577***569,+25577801569,TIGO_PESA_APP,AIRTIME_TOP_UP,5400.0,0.0,TZ-MWA-001,SUCCESS,NONE
TPESA-3002044,2026-09-05 07:57:17,+25567***660,+25567388660,USSD_*150*01#,AIRTIME_TOP_UP,12600.0,0.0,TZ-SHI-001,SUCCESS,NONE
TPESA-3002045,2026-09-05 14:17:30,+25571***617,+25567638659,USSD_*150*01#,CASH_OUT_WAKALA,425800.0,6387.0,TZ-DAR-001,SUCCESS,NONE
TPESA-3002046,2026-09-01 12:52:43,+25567***241,+25574825824,USSD_*150*01#,CASH_OUT_WAKALA,480800.0,7212.0,TZ-MTW-001,SUCCESS,NONE
TPESA-3002047,2026-09-01 16:11:22,+25571***737,+25577958928,TIGO_PESA_APP,CASH_OUT_WAKALA,152000.0,2280.0,TZ-SNG-001,SUCCESS,NONE
TPESA-3002048,2026-09-05 17:56:02,+25577***759,+25577188759,TIGO_PESA_APP,AIRTIME_TOP_UP,10300.0,0.0,TZ-DAR-012,SUCCESS,NONE
TPESA-3002049,2026-09-06 13:13:40,+25567***362,TILL-685574,USSD_*150*01#,LIPA_KWA_SIMU_MERCHANT,68600.0,548.8,TZ-TAR-001,SUCCESS,NONE
TPESA-3002050,2026-09-01 13:33:42,+25567***700,+25577570420,USSD_*150*01#,CASH_OUT_WAKALA,277500.0,4162.5,TZ-DAR-012,SUCCESS,NONE
TPESA-3002051,2026-09-04 09:08:52,+25577***519,+25574530127,USSD_*150*01#,CASH_OUT_WAKALA,36500.0,547.5,TZ-PWA-002,SUCCESS,NONE
TPESA-3002052,2026-09-07 17:15:18,+25567***710,+25576371060,TIGO_PESA_APP,CASH_OUT_WAKALA,336500.0,5047.5,TZ-DAR-003,SUCCESS,NONE
TPESA-3002053,2026-09-05 14:06:54,+25565***433,+25565105433,USSD_*150*01#,AIRTIME_TOP_UP,9400.0,0.0,TZ-DAR-004,SUCCESS,NONE
TPESA-3002054,2026-09-07 07:51:27,+25571***659,+25575327797,USSD_*150*01#,P2P_TRANSFER,159300.0,2389.5,TZ-DOM-001,SUCCESS,NONE
TPESA-3002055,2026-09-06 14:28:29,+25565***721,+25575218889,USSD_*150*01#,P2P_TRANSFER,24000.0,360.0,TZ-PWA-001,SUCCESS,NONE
TPESA-3002056,2026-09-01 06:31:31,+25577***149,+25567847691,TIGO_PESA_APP,P2P_TRANSFER,64800.0,972.0,TZ-TAR-001,SUCCESS,NONE
TPESA-3002057,2026-09-04 08:27:15,+25567***257,TILL-555902,USSD_*150*01#,LIPA_KWA_SIMU_MERCHANT,143000.0,1144.0,TZ-DOM-003,SUCCESS,NONE
TPESA-3002058,2026-09-05 17:20:19,+25577***242,+25565931895,TIGO_PESA_APP,P2P_TRANSFER,220900.0,3313.5,TZ-KIL-001,SUCCESS,NONE
TPESA-3002059,2026-09-04 08:43:10,+25567***410,+25567177244,USSD_*150*01#,P2P_TRANSFER,44300.0,664.5,TZ-ARU-002,SUCCESS,NONE
TPESA-3002060,2026-09-01 23:18:59,+25571***077,+25571564077,TIGO_PESA_APP,AIRTIME_TOP_UP,900.0,0.0,TZ-DAR-004,SUCCESS,NONE
TPESA-3002061,2026-09-05 10:50:04,+25567***253,TILL-950841,TIGO_PESA_APP,LIPA_KWA_SIMU_MERCHANT,135000.0,1080.0,TZ-DAR-015,SUCCESS,NONE
TPESA-3002062,2026-09-07 23:46:45,+25577***038,+25571831595,TIGO_PESA_APP,CASH_OUT_WAKALA,497200.0,7458.0,TZ-SHI-001,SUCCESS,NONE
TPESA-3002063,2026-09-04 06:47:27,+25567***788,+25571883786,TIGO_PESA_APP,P2P_TRANSFER,30800.0,462.0,TZ-SHI-001,SUCCESS,NONE
TPESA-3002064,2026-09-05 12:42:30,+25567***456,+25571343275,TIGO_PESA_APP,CASH_OUT_WAKALA,327000.0,4905.0,TZ-MBY-001,SUCCESS,NONE
TPESA-3002065,2026-09-04 07:08:01,+25571***664,+25571113568,USSD_*150*01#,P2P_TRANSFER,159800.0,2397.0,TZ-DAR-004,SUCCESS,NONE
TPESA-3002066,2026-09-02 17:26:13,+25567***254,TILL-934694,USSD_*150*01#,LIPA_KWA_SIMU_MERCHANT,132400.0,1059.2,TZ-ZNZ-002,SUCCESS,NONE
TPESA-3002067,2026-09-06 22:09:53,+25567***489,+25567495489,USSD_*150*01#,AIRTIME_TOP_UP,3000.0,0.0,TZ-ARU-002,SUCCESS,NONE
TPESA-3002068,2026-09-03 18:20:13,+25567***224,TILL-906739,USSD_*150*01#,LIPA_KWA_SIMU_MERCHANT,50300.0,402.4,TZ-DAR-012,SUCCESS,NONE
TPESA-3002069,2026-09-04 13:17:34,+25567***032,+25565110866,TIGO_PESA_APP,P2P_TRANSFER,158900.0,2383.5,TZ-KIG-001,SUCCESS,NONE
TPESA-3002070,2026-09-06 11:48:34,+25571***413,+25575996193,TIGO_PESA_APP,CASH_OUT_WAKALA,488600.0,7329.0,TZ-MOR-001,SUCCESS,NONE
TPESA-3002071,2026-09-01 12:41:42,+25567***935,+25567244935,USSD_*150*01#,AIRTIME_TOP_UP,18000.0,0.0,TZ-DAR-015,SUCCESS,NONE
TPESA-3002072,2026-09-04 06:11:30,+25577***874,+25577839851,TIGO_PESA_APP,P2P_TRANSFER,84600.0,1269.0,TZ-ARU-001,SUCCESS,NONE
TPESA-3002073,2026-09-01 23:36:03,+25567***653,TILL-872768,TIGO_PESA_APP,LIPA_KWA_SIMU_MERCHANT,121300.0,970.4,TZ-ZNZ-003,SUCCESS,NONE
TPESA-3002074,2026-09-05 08:28:25,+25571***662,+25567867550,USSD_*150*01#,BANK_TO_WALLET_DEPOSIT,419300.0,6289.5,TZ-GEI-001,SUCCESS,NONE
TPESA-3002075,2026-09-03 10:01:23,+25567***186,+25567139186,USSD_*150*01#,AIRTIME_TOP_UP,10500.0,0.0,TZ-MWA-002,SUCCESS,NONE
TPESA-3002076,2026-09-02 21:12:12,+25571***955,+25571517955,USSD_*150*01#,AIRTIME_TOP_UP,19000.0,0.0,TZ-KIL-001,SUCCESS,NONE
TPESA-3002077,2026-09-03 19:03:01,+25567***286,+25574566038,TIGO_PESA_APP,P2P_TRANSFER,5800.0,350.0,TZ-MOR-001,SUCCESS,NONE
TPESA-3002078,2026-09-04 19:53:16,+25567***341,+25567591341,USSD_*150*01#,AIRTIME_TOP_UP,15900.0,0.0,TZ-DAR-003,SUCCESS,NONE
TPESA-3002079,2026-09-05 17:04:15,+25577***705,TILL-869156,USSD_*150*01#,LIPA_KWA_SIMU_MERCHANT,105300.0,842.4,TZ-MWA-001,SUCCESS,NONE
TPESA-3002080,2026-09-04 11:28:32,+25577***008,TILL-737121,TIGO_PESA_APP,LIPA_KWA_SIMU_MERCHANT,50800.0,406.4,TZ-MWA-002,SUCCESS,NONE
TPESA-3002081,2026-09-05 20:34:46,+25567***177,+25567493319,TIGO_PESA_APP,CASH_OUT_WAKALA,329000.0,4935.0,TZ-TND-001,SUCCESS,NONE
TPESA-3002082,2026-09-04 12:56:16,+25571***941,+25577665193,TIGO_PESA_APP,BANK_TO_WALLET_DEPOSIT,601200.0,9018.0,TZ-ARU-001,SUCCESS,NONE
TPESA-3002083,2026-09-07 08:27:19,+25565***477,+25577805558,USSD_*150*01#,BANK_TO_WALLET_DEPOSIT,429900.0,6448.5,TZ-PEM-001,SUCCESS,NONE
TPESA-3002084,2026-09-04 14:49:52,+25571***495,+25575681838,TIGO_PESA_APP,P2P_TRANSFER,23600.0,354.0,TZ-DAR-013,SUCCESS,NONE
TPESA-3002085,2026-09-01 11:39:22,+25577***929,+25575105473,TIGO_PESA_APP,P2P_TRANSFER,162100.0,2431.5,TZ-MWA-002,SUCCESS,NONE
TPESA-3002086,2026-09-03 23:10:15,+25577***641,+25565657288,TIGO_PESA_APP,CASH_OUT_WAKALA,229100.0,3436.5,TZ-DAR-013,SUCCESS,NONE
TPESA-3002087,2026-09-04 16:13:12,+25571***294,TILL-807749,USSD_*150*01#,LIPA_KWA_SIMU_MERCHANT,58600.0,468.8,TZ-ARU-001,SUCCESS,NONE
TPESA-3002088,2026-09-03 07:33:57,+25571***620,+25577795244,TIGO_PESA_APP,P2P_TRANSFER,227500.0,3412.5,TZ-NJO-001,SUCCESS,NONE
TPESA-3002089,2026-09-06 10:51:42,+25565***512,TILL-898102,USSD_*150*01#,LIPA_KWA_SIMU_MERCHANT,84000.0,672.0,TZ-KIL-003,SUCCESS,NONE
TPESA-3002090,2026-09-02 11:35:31,+25567***395,+25567526050,TIGO_PESA_APP,P2P_TRANSFER,185900.0,2788.5,TZ-KIG-001,SUCCESS,NONE
TPESA-3002091,2026-09-06 11:28:40,+25577***588,+25577543588,TIGO_PESA_APP,AIRTIME_TOP_UP,18100.0,0.0,TZ-MWA-003,SUCCESS,NONE
TPESA-3002092,2026-09-04 07:02:00,+25567***200,+25575449619,TIGO_PESA_APP,BANK_TO_WALLET_DEPOSIT,593900.0,8908.5,TZ-MBY-002,SUCCESS,NONE
TPESA-3002093,2026-09-02 13:44:25,+25567***489,+25565187046,USSD_*150*01#,P2P_TRANSFER,91800.0,1377.0,TZ-ARU-002,SUCCESS,NONE
TPESA-3002094,2026-09-05 13:11:02,+25567***844,+25565583992,TIGO_PESA_APP,P2P_TRANSFER,168700.0,0.0,TZ-ZNZ-004,FAILED,USSD_TIMEOUT
TPESA-3002095,2026-09-06 12:00:53,+25567***602,TILL-723176,TIGO_PESA_APP,LIPA_KWA_SIMU_MERCHANT,12500.0,100.0,TZ-NJO-001,SUCCESS,NONE
TPESA-3002096,2026-09-04 14:33:59,+25567***266,+25567179342,USSD_*150*01#,P2P_TRANSFER,82300.0,1234.5,TZ-PWA-001,SUCCESS,NONE
TPESA-3002097,2026-09-02 10:29:59,+25571***495,TILL-958580,USSD_*150*01#,LIPA_KWA_SIMU_MERCHANT,143100.0,1144.8,TZ-DAR-013,SUCCESS,NONE
TPESA-3002098,2026-09-01 13:39:41,+25577***850,+25567173463,USSD_*150*01#,CASH_OUT_WAKALA,475100.0,7126.5,TZ-BUK-001,SUCCESS,NONE
TPESA-3002099,2026-09-02 21:22:10,+25571***501,+25567674927,TIGO_PESA_APP,P2P_TRANSFER,65600.0,984.0,TZ-DAR-003,SUCCESS,NONE
TPESA-3002100,2026-09-06 17:38:14,+25567***721,+25567274721,USSD_*150*01#,AIRTIME_TOP_UP,3700.0,0.0,TZ-KAH-001,SUCCESS,NONE
TPESA-3002101,2026-09-07 08:17:58,+25577***098,+25577693636,USSD_*150*01#,P2P_TRANSFER,150900.0,2263.5,TZ-DAR-006,SUCCESS,NONE
TPESA-3002102,2026-09-03 21:43:23,+25577***304,+25577170304,TIGO_PESA_APP,AIRTIME_TOP_UP,3400.0,0.0,TZ-GEI-001,SUCCESS,NONE
TPESA-3002103,2026-09-01 19:35:21,+25567***213,+25577438774,TIGO_PESA_APP,BANK_TO_WALLET_DEPOSIT,854300.0,12814.5,TZ-MWA-003,SUCCESS,NONE
TPESA-3002104,2026-09-06 14:06:06,+25565***389,+25575652460,TIGO_PESA_APP,P2P_TRANSFER,113100.0,1696.5,TZ-DOM-003,SUCCESS,NONE
TPESA-3002105,2026-09-07 17:52:42,+25571***897,TILL-798959,TIGO_PESA_APP,LIPA_KWA_SIMU_MERCHANT,112400.0,899.2,TZ-DAR-012,SUCCESS,NONE
TPESA-3002106,2026-09-01 17:01:36,+25571***443,TILL-887840,USSD_*150*01#,LIPA_KWA_SIMU_MERCHANT,43100.0,344.8,TZ-DAR-015,SUCCESS,NONE
TPESA-3002107,2026-09-06 21:38:24,+25571***816,+25571574000,TIGO_PESA_APP,CASH_OUT_WAKALA,258700.0,3880.5,TZ-ZNZ-002,SUCCESS,NONE
TPESA-3002108,2026-09-01 18:13:25,+25565***609,TILL-863402,USSD_*150*01#,LIPA_KWA_SIMU_MERCHANT,143700.0,1149.6,TZ-TAN-001,SUCCESS,NONE
TPESA-3002109,2026-09-03 08:01:53,+25567***415,+25567520415,USSD_*150*01#,AIRTIME_TOP_UP,12600.0,0.0,TZ-NJO-001,SUCCESS,NONE
TPESA-3002110,2026-09-03 12:57:30,+25567***924,+25577243817,USSD_*150*01#,P2P_TRANSFER,121100.0,1816.5,TZ-DAR-009,SUCCESS,NONE
TPESA-3002111,2026-09-06 08:35:29,+25571***430,+25571802059,TIGO_PESA_APP,CASH_OUT_WAKALA,371000.0,5565.0,TZ-SNG-001,SUCCESS,NONE
TPESA-3002112,2026-09-01 06:59:02,+25565***282,+25567101789,USSD_*150*01#,BANK_TO_WALLET_DEPOSIT,889400.0,13341.0,TZ-DAR-012,SUCCESS,NONE
TPESA-3002113,2026-09-03 19:32:18,+25565***887,+25567661171,USSD_*150*01#,P2P_TRANSFER,176000.0,2640.0,TZ-DAR-003,SUCCESS,NONE
TPESA-3002114,2026-09-02 18:39:48,+25565***717,+25571776302,TIGO_PESA_APP,P2P_TRANSFER,72900.0,1093.5,TZ-TND-001,SUCCESS,NONE
TPESA-3002115,2026-09-04 14:51:25,+25567***043,+25575774898,TIGO_PESA_APP,CASH_OUT_WAKALA,151200.0,2268.0,TZ-ARU-001,SUCCESS,NONE
TPESA-3002116,2026-09-04 16:16:44,+25577***415,TILL-662423,USSD_*150*01#,LIPA_KWA_SIMU_MERCHANT,130700.0,1045.6,TZ-DAR-011,SUCCESS,NONE
TPESA-3002117,2026-09-01 20:24:30,+25567***237,+25577572198,USSD_*150*01#,CASH_OUT_WAKALA,242100.0,3631.5,TZ-DAR-012,SUCCESS,NONE
TPESA-3002118,2026-09-06 06:06:33,+25567***954,+25571376329,USSD_*150*01#,CASH_OUT_WAKALA,420300.0,6304.5,TZ-SHI-001,SUCCESS,NONE
TPESA-3002119,2026-09-01 15:03:37,+25577***956,+25565894495,TIGO_PESA_APP,CASH_OUT_WAKALA,193100.0,2896.5,TZ-ARU-001,SUCCESS,NONE
TPESA-3002120,2026-09-02 18:26:21,+25571***400,+25577964111,TIGO_PESA_APP,P2P_TRANSFER,166400.0,2496.0,TZ-TAR-001,SUCCESS,NONE
TPESA-3002121,2026-09-03 12:32:06,+25571***266,+25567918603,TIGO_PESA_APP,CASH_OUT_WAKALA,35400.0,531.0,TZ-DAR-007,SUCCESS,NONE
TPESA-3002122,2026-09-02 13:25:58,+25567***614,+25567899614,TIGO_PESA_APP,AIRTIME_TOP_UP,3200.0,0.0,TZ-DAR-010,SUCCESS,NONE
TPESA-3002123,2026-09-02 18:00:48,+25567***462,+25565934452,TIGO_PESA_APP,P2P_TRANSFER,35800.0,537.0,TZ-KIL-003,SUCCESS,NONE
TPESA-3002124,2026-09-02 14:32:59,+25565***856,TILL-536003,TIGO_PESA_APP,LIPA_KWA_SIMU_MERCHANT,97800.0,782.4,TZ-TND-001,SUCCESS,NONE
TPESA-3002125,2026-09-04 09:19:46,+25577***513,TILL-720356,USSD_*150*01#,LIPA_KWA_SIMU_MERCHANT,137300.0,1098.4,TZ-DAR-009,SUCCESS,NONE
TPESA-3002126,2026-09-07 18:22:48,+25571***604,+25571735604,TIGO_PESA_APP,AIRTIME_TOP_UP,11300.0,0.0,TZ-ARU-001,SUCCESS,NONE
TPESA-3002127,2026-09-07 06:37:11,+25565***148,TILL-971596,TIGO_PESA_APP,LIPA_KWA_SIMU_MERCHANT,73600.0,588.8,TZ-SHI-001,SUCCESS,NONE
TPESA-3002128,2026-09-06 21:59:26,+25577***923,+25571844629,TIGO_PESA_APP,BANK_TO_WALLET_DEPOSIT,320100.0,4801.5,TZ-PEM-001,SUCCESS,NONE
TPESA-3002129,2026-09-07 21:32:02,+25565***794,+25567144970,USSD_*150*01#,BANK_TO_WALLET_DEPOSIT,399700.0,5995.5,TZ-NJO-001,SUCCESS,NONE
TPESA-3002130,2026-09-05 11:20:34,+25571***620,TILL-835200,TIGO_PESA_APP,LIPA_KWA_SIMU_MERCHANT,72400.0,579.2,TZ-ZNZ-002,SUCCESS,NONE
TPESA-3002131,2026-09-07 11:58:59,+25577***070,+25567944600,TIGO_PESA_APP,P2P_TRANSFER,189500.0,2842.5,TZ-DAR-011,SUCCESS,NONE
TPESA-3002132,2026-09-05 16:17:55,+25571***041,+25577693424,TIGO_PESA_APP,P2P_TRANSFER,39800.0,597.0,TZ-MTW-001,SUCCESS,NONE
TPESA-3002133,2026-09-03 23:41:09,+25565***214,+25567849703,TIGO_PESA_APP,P2P_TRANSFER,29300.0,439.5,TZ-NJO-001,SUCCESS,NONE
TPESA-3002134,2026-09-07 21:07:30,+25577***188,+25565971564,USSD_*150*01#,CASH_OUT_WAKALA,268000.0,4020.0,TZ-DAR-013,SUCCESS,NONE
TPESA-3002135,2026-09-04 13:58:09,+25565***215,+25576219783,USSD_*150*01#,BANK_TO_WALLET_DEPOSIT,819500.0,12292.5,TZ-MOR-001,SUCCESS,NONE
TPESA-3002136,2026-09-01 16:17:18,+25571***430,TILL-808330,USSD_*150*01#,LIPA_KWA_SIMU_MERCHANT,18600.0,148.8,TZ-SNG-001,SUCCESS,NONE
TPESA-3002137,2026-09-01 06:19:57,+25565***561,+25567356086,TIGO_PESA_APP,P2P_TRANSFER,242000.0,3630.0,TZ-KIL-003,SUCCESS,NONE
TPESA-3002138,2026-09-04 12:30:27,+25567***133,+25567275133,TIGO_PESA_APP,AIRTIME_TOP_UP,14300.0,0.0,TZ-DAR-009,SUCCESS,NONE
TPESA-3002139,2026-09-04 21:16:32,+25571***981,+25567212920,TIGO_PESA_APP,P2P_TRANSFER,67600.0,1014.0,TZ-MBY-001,SUCCESS,NONE
TPESA-3002140,2026-09-06 22:19:05,+25571***652,+25571612648,TIGO_PESA_APP,CASH_OUT_WAKALA,460600.0,6909.0,TZ-GEI-001,SUCCESS,NONE
TPESA-3002141,2026-09-07 21:37:24,+25567***182,+25575342015,USSD_*150*01#,P2P_TRANSFER,244200.0,3663.0,TZ-ZNZ-004,SUCCESS,NONE
TPESA-3002142,2026-09-03 17:02:01,+25567***894,+25571970011,TIGO_PESA_APP,P2P_TRANSFER,218300.0,3274.5,TZ-SON-001,SUCCESS,NONE
TPESA-3002143,2026-09-07 17:58:57,+25571***470,+25575157235,USSD_*150*01#,P2P_TRANSFER,167100.0,2506.5,TZ-DOM-003,SUCCESS,NONE
TPESA-3002144,2026-09-07 08:13:55,+25577***485,+25571716665,TIGO_PESA_APP,CASH_OUT_WAKALA,151900.0,2278.5,TZ-DAR-007,SUCCESS,NONE
TPESA-3002145,2026-09-04 21:34:46,+25577***842,+25577105842,TIGO_PESA_APP,AIRTIME_TOP_UP,10100.0,0.0,TZ-ZNZ-002,SUCCESS,NONE
TPESA-3002146,2026-09-01 14:42:26,+25571***902,+25571903918,USSD_*150*01#,P2P_TRANSFER,207700.0,3115.5,TZ-DAR-011,SUCCESS,NONE
TPESA-3002147,2026-09-05 06:54:42,+25571***638,+25577223023,TIGO_PESA_APP,P2P_TRANSFER,11300.0,350.0,TZ-DAR-014,SUCCESS,NONE
TPESA-3002148,2026-09-02 16:18:52,+25565***132,+25576572129,TIGO_PESA_APP,P2P_TRANSFER,229400.0,3441.0,TZ-NJO-001,SUCCESS,NONE
TPESA-3002149,2026-09-01 06:25:24,+25577***016,+25565634353,TIGO_PESA_APP,P2P_TRANSFER,22800.0,350.0,TZ-MBY-001,SUCCESS,NONE
TPESA-3002150,2026-09-07 22:23:34,+25565***905,+25571963457,TIGO_PESA_APP,P2P_TRANSFER,79700.0,0.0,TZ-DAR-006,FAILED,USSD_TIMEOUT
TPESA-3002151,2026-09-06 07:31:10,+25567***540,+25565881864,USSD_*150*01#,P2P_TRANSFER,100800.0,1512.0,TZ-MBY-001,SUCCESS,NONE
TPESA-3002152,2026-09-05 21:00:52,+25571***827,+25577736900,TIGO_PESA_APP,P2P_TRANSFER,20800.0,350.0,TZ-ZNZ-001,SUCCESS,NONE
TPESA-3002153,2026-09-04 20:59:00,+25571***315,+25574919664,TIGO_PESA_APP,CASH_OUT_WAKALA,154100.0,2311.5,TZ-IRI-001,SUCCESS,NONE
TPESA-3002154,2026-09-05 15:53:07,+25571***595,+25575264029,USSD_*150*01#,P2P_TRANSFER,130000.0,1950.0,TZ-IRI-001,SUCCESS,NONE
TPESA-3002155,2026-09-03 12:05:28,+25571***454,+25571108454,USSD_*150*01#,AIRTIME_TOP_UP,3700.0,0.0,TZ-MTW-001,SUCCESS,NONE
TPESA-3002156,2026-09-07 23:50:55,+25571***056,TILL-597502,USSD_*150*01#,LIPA_KWA_SIMU_MERCHANT,17600.0,140.8,TZ-DAR-013,SUCCESS,NONE
TPESA-3002157,2026-09-07 10:08:23,+25571***827,TILL-620986,TIGO_PESA_APP,LIPA_KWA_SIMU_MERCHANT,79600.0,636.8,TZ-ZNZ-001,SUCCESS,NONE
TPESA-3002158,2026-09-07 21:10:37,+25571***424,+25571730157,USSD_*150*01#,CASH_OUT_WAKALA,163000.0,2445.0,TZ-GEI-001,SUCCESS,NONE
TPESA-3002159,2026-09-04 07:52:57,+25567***282,+25576547185,TIGO_PESA_APP,P2P_TRANSFER,86100.0,1291.5,TZ-PEM-001,SUCCESS,NONE
TPESA-3002160,2026-09-02 22:05:08,+25571***506,+25571221568,TIGO_PESA_APP,P2P_TRANSFER,155000.0,2325.0,TZ-DAR-011,SUCCESS,NONE
TPESA-3002161,2026-09-06 09:32:22,+25577***280,TILL-610456,TIGO_PESA_APP,LIPA_KWA_SIMU_MERCHANT,142100.0,1136.8,TZ-KIG-001,SUCCESS,NONE
TPESA-3002162,2026-09-07 16:43:46,+25571***192,TILL-732473,USSD_*150*01#,LIPA_KWA_SIMU_MERCHANT,75700.0,605.6,TZ-MWA-002,SUCCESS,NONE
TPESA-3002163,2026-09-03 10:49:36,+25565***638,+25565154638,USSD_*150*01#,AIRTIME_TOP_UP,17800.0,0.0,TZ-MAR-001,FAILED,INSUFFICIENT_FUNDS
TPESA-3002164,2026-09-06 19:48:29,+25565***265,+25571332676,USSD_*150*01#,P2P_TRANSFER,205300.0,3079.5,TZ-KIG-001,SUCCESS,NONE
TPESA-3002165,2026-09-07 14:40:06,+25571***891,TILL-723577,TIGO_PESA_APP,LIPA_KWA_SIMU_MERCHANT,147200.0,1177.6,TZ-KIL-002,SUCCESS,NONE
TPESA-3002166,2026-09-05 07:46:46,+25567***822,+25567929822,TIGO_PESA_APP,AIRTIME_TOP_UP,12400.0,0.0,TZ-MWA-003,SUCCESS,NONE
TPESA-3002167,2026-09-07 13:33:22,+25577***495,+25576574338,TIGO_PESA_APP,P2P_TRANSFER,158100.0,2371.5,TZ-ARU-001,SUCCESS,NONE
TPESA-3002168,2026-09-01 08:35:05,+25577***042,+25567174217,USSD_*150*01#,P2P_TRANSFER,94100.0,1411.5,TZ-DAR-010,SUCCESS,NONE
TPESA-3002169,2026-09-03 06:13:40,+25571***617,+25567742096,USSD_*150*01#,BANK_TO_WALLET_DEPOSIT,716100.0,10741.5,TZ-KIL-002,SUCCESS,NONE
TPESA-3002170,2026-09-02 09:26:47,+25571***719,+25571416222,TIGO_PESA_APP,BANK_TO_WALLET_DEPOSIT,663600.0,9954.0,TZ-ZNZ-002,SUCCESS,NONE
TPESA-3002171,2026-09-01 14:31:32,+25571***822,+25577460409,TIGO_PESA_APP,P2P_TRANSFER,159100.0,2386.5,TZ-BUK-001,SUCCESS,NONE
TPESA-3002172,2026-09-07 10:06:41,+25567***791,TILL-607138,TIGO_PESA_APP,LIPA_KWA_SIMU_MERCHANT,69800.0,558.4,TZ-MTW-001,SUCCESS,NONE
TPESA-3002173,2026-09-03 08:00:50,+25565***794,+25565398749,USSD_*150*01#,CASH_OUT_WAKALA,352400.0,5286.0,TZ-NJO-001,SUCCESS,NONE
TPESA-3002174,2026-09-06 21:13:25,+25567***870,TILL-793041,USSD_*150*01#,LIPA_KWA_SIMU_MERCHANT,79200.0,633.6,TZ-GEI-001,SUCCESS,NONE
TPESA-3002175,2026-09-06 21:50:22,+25571***611,+25574323462,USSD_*150*01#,CASH_OUT_WAKALA,270700.0,4060.5,TZ-DAR-006,SUCCESS,NONE
TPESA-3002176,2026-09-04 17:59:02,+25571***955,+25577294425,USSD_*150*01#,CASH_OUT_WAKALA,207300.0,3109.5,TZ-KIL-001,SUCCESS,NONE
TPESA-3002177,2026-09-07 12:21:56,+25577***743,TILL-926012,TIGO_PESA_APP,LIPA_KWA_SIMU_MERCHANT,138000.0,1104.0,TZ-PEM-001,SUCCESS,NONE
TPESA-3002178,2026-09-03 07:09:16,+25577***505,TILL-928577,TIGO_PESA_APP,LIPA_KWA_SIMU_MERCHANT,136600.0,1092.8,TZ-ZNZ-004,SUCCESS,NONE
TPESA-3002179,2026-09-02 18:18:42,+25571***531,+25576388511,USSD_*150*01#,P2P_TRANSFER,212300.0,3184.5,TZ-ZNZ-004,SUCCESS,NONE
TPESA-3002180,2026-09-07 11:59:55,+25571***373,+25571805879,USSD_*150*01#,P2P_TRANSFER,62800.0,942.0,TZ-ZNZ-003,SUCCESS,NONE
TPESA-3002181,2026-09-06 20:35:21,+25567***634,+25567795634,TIGO_PESA_APP,AIRTIME_TOP_UP,10900.0,0.0,TZ-TAR-001,SUCCESS,NONE
TPESA-3002182,2026-09-03 11:41:04,+25567***316,TILL-750532,USSD_*150*01#,LIPA_KWA_SIMU_MERCHANT,2700.0,21.6,TZ-ZNZ-004,SUCCESS,NONE
TPESA-3002183,2026-09-03 23:13:21,+25577***896,+25577728896,USSD_*150*01#,AIRTIME_TOP_UP,1300.0,0.0,TZ-MOR-001,SUCCESS,NONE
TPESA-3002184,2026-09-06 17:00:03,+25567***538,+25567636538,TIGO_PESA_APP,AIRTIME_TOP_UP,10500.0,0.0,TZ-DAR-003,SUCCESS,NONE
TPESA-3002185,2026-09-07 22:35:21,+25571***692,+25571728692,TIGO_PESA_APP,AIRTIME_TOP_UP,13500.0,0.0,TZ-DAR-002,SUCCESS,NONE
TPESA-3002186,2026-09-04 21:31:31,+25577***401,+25577319401,TIGO_PESA_APP,AIRTIME_TOP_UP,13500.0,0.0,TZ-IRI-001,SUCCESS,NONE
TPESA-3002187,2026-09-05 17:09:35,+25565***980,+25577166367,TIGO_PESA_APP,CASH_OUT_WAKALA,403100.0,6046.5,TZ-MWA-003,SUCCESS,NONE
TPESA-3002188,2026-09-05 17:51:17,+25577***559,+25567646869,TIGO_PESA_APP,P2P_TRANSFER,135100.0,2026.5,TZ-KIL-003,SUCCESS,NONE
TPESA-3002189,2026-09-02 15:27:19,+25565***224,+25571508623,TIGO_PESA_APP,P2P_TRANSFER,15500.0,350.0,TZ-DAR-005,SUCCESS,NONE
TPESA-3002190,2026-09-06 12:57:51,+25571***868,+25577220696,TIGO_PESA_APP,BANK_TO_WALLET_DEPOSIT,642700.0,9640.5,TZ-DAR-014,SUCCESS,NONE
TPESA-3002191,2026-09-03 15:13:30,+25571***386,+25577433600,TIGO_PESA_APP,CASH_OUT_WAKALA,391300.0,5869.5,TZ-DAR-003,SUCCESS,NONE
TPESA-3002192,2026-09-05 11:21:17,+25567***369,TILL-845566,TIGO_PESA_APP,LIPA_KWA_SIMU_MERCHANT,72900.0,583.2,TZ-KIL-003,SUCCESS,NONE
TPESA-3002193,2026-09-01 12:58:42,+25565***309,+25576744604,TIGO_PESA_APP,P2P_TRANSFER,151900.0,2278.5,TZ-BUK-001,SUCCESS,NONE
TPESA-3002194,2026-09-07 10:59:48,+25577***842,+25577396758,TIGO_PESA_APP,BANK_TO_WALLET_DEPOSIT,137700.0,2065.5,TZ-ZNZ-002,SUCCESS,NONE
TPESA-3002195,2026-09-01 14:32:06,+25567***708,+25577114461,USSD_*150*01#,P2P_TRANSFER,68400.0,1026.0,TZ-KAH-001,SUCCESS,NONE
TPESA-3002196,2026-09-01 06:33:26,+25567***316,+25577547823,USSD_*150*01#,CASH_OUT_WAKALA,211100.0,3166.5,TZ-ZNZ-004,SUCCESS,NONE
TPESA-3002197,2026-09-04 09:39:38,+25567***201,+25567762201,USSD_*150*01#,AIRTIME_TOP_UP,4300.0,0.0,TZ-PWA-001,SUCCESS,NONE
TPESA-3002198,2026-09-01 13:15:37,+25565***231,+25577357751,USSD_*150*01#,P2P_TRANSFER,203600.0,3054.0,TZ-MBY-001,SUCCESS,NONE
TPESA-3002199,2026-09-04 19:25:28,+25571***443,+25571482075,TIGO_PESA_APP,P2P_TRANSFER,17600.0,350.0,TZ-DAR-015,SUCCESS,NONE
TPESA-3002200,2026-09-03 21:00:11,+25571***366,+25574972553,USSD_*150*01#,P2P_TRANSFER,94300.0,1414.5,TZ-DAR-013,SUCCESS,NONE
TPESA-3002201,2026-09-05 15:28:48,+25571***867,+25577332863,USSD_*150*01#,CASH_OUT_WAKALA,391400.0,5871.0,TZ-MWA-002,SUCCESS,NONE
TPESA-3002202,2026-09-04 23:35:38,+25565***347,+25571336949,TIGO_PESA_APP,CASH_OUT_WAKALA,50100.0,751.5,TZ-DAR-009,SUCCESS,NONE
TPESA-3002203,2026-09-03 17:54:26,+25577***117,+25574440953,USSD_*150*01#,P2P_TRANSFER,85900.0,1288.5,TZ-TAN-003,SUCCESS,NONE
TPESA-3002204,2026-09-03 17:39:18,+25577***023,+25577383023,TIGO_PESA_APP,AIRTIME_TOP_UP,3500.0,0.0,TZ-SNG-001,SUCCESS,NONE
TPESA-3002205,2026-09-02 21:17:34,+25565***507,+25575313813,TIGO_PESA_APP,CASH_OUT_WAKALA,13900.0,350.0,TZ-MWA-001,SUCCESS,NONE
TPESA-3002206,2026-09-01 11:20:23,+25567***622,+25574540116,USSD_*150*01#,BANK_TO_WALLET_DEPOSIT,137600.0,2064.0,TZ-DAR-004,SUCCESS,NONE
TPESA-3002207,2026-09-07 16:40:05,+25571***652,+25577442037,USSD_*150*01#,CASH_OUT_WAKALA,447500.0,6712.5,TZ-SNG-001,SUCCESS,NONE
TPESA-3002208,2026-09-07 13:54:16,+25567***584,+25567924584,USSD_*150*01#,AIRTIME_TOP_UP,5700.0,0.0,TZ-DAR-003,SUCCESS,NONE
TPESA-3002209,2026-09-04 11:22:31,+25571***703,+25571689052,TIGO_PESA_APP,CASH_OUT_WAKALA,378300.0,5674.5,TZ-PEM-001,SUCCESS,NONE
TPESA-3002210,2026-09-02 22:41:41,+25565***104,TILL-540749,USSD_*150*01#,LIPA_KWA_SIMU_MERCHANT,17700.0,141.6,TZ-DAR-008,SUCCESS,NONE
TPESA-3002211,2026-09-05 17:11:52,+25565***875,TILL-673650,TIGO_PESA_APP,LIPA_KWA_SIMU_MERCHANT,82600.0,660.8,TZ-KIL-002,SUCCESS,NONE
TPESA-3002212,2026-09-01 12:23:51,+25577***139,TILL-536246,USSD_*150*01#,LIPA_KWA_SIMU_MERCHANT,133900.0,1071.2,TZ-DOM-002,SUCCESS,NONE
TPESA-3002213,2026-09-06 22:08:24,+25577***247,+25577181247,USSD_*150*01#,AIRTIME_TOP_UP,16800.0,0.0,TZ-DAR-015,SUCCESS,NONE
TPESA-3002214,2026-09-02 19:46:52,+25565***512,+25577534272,USSD_*150*01#,CASH_OUT_WAKALA,206300.0,3094.5,TZ-KIL-003,SUCCESS,NONE
TPESA-3002215,2026-09-03 09:50:46,+25567***850,TILL-613177,TIGO_PESA_APP,LIPA_KWA_SIMU_MERCHANT,29100.0,232.8,TZ-NJO-001,SUCCESS,NONE
TPESA-3002216,2026-09-06 22:51:43,+25565***934,TILL-649686,TIGO_PESA_APP,LIPA_KWA_SIMU_MERCHANT,111200.0,889.6,TZ-ZNZ-004,SUCCESS,NONE
TPESA-3002217,2026-09-05 21:43:16,+25571***645,+25565340111,TIGO_PESA_APP,CASH_OUT_WAKALA,53500.0,802.5,TZ-MBY-001,SUCCESS,NONE
TPESA-3002218,2026-09-02 07:35:08,+25577***179,TILL-596974,TIGO_PESA_APP,LIPA_KWA_SIMU_MERCHANT,18200.0,145.6,TZ-KAH-001,SUCCESS,NONE
TPESA-3002219,2026-09-01 18:09:27,+25577***739,+25575439096,USSD_*150*01#,P2P_TRANSFER,19200.0,350.0,TZ-MWA-002,SUCCESS,NONE
TPESA-3002220,2026-09-07 08:01:26,+25571***242,+25574672066,USSD_*150*01#,CASH_OUT_WAKALA,115100.0,1726.5,TZ-DAR-012,SUCCESS,NONE
TPESA-3002221,2026-09-04 15:47:58,+25567***710,TILL-985480,TIGO_PESA_APP,LIPA_KWA_SIMU_MERCHANT,46600.0,372.8,TZ-DAR-003,SUCCESS,NONE
TPESA-3002222,2026-09-07 20:03:38,+25577***036,TILL-998044,USSD_*150*01#,LIPA_KWA_SIMU_MERCHANT,31200.0,249.6,TZ-DOM-001,SUCCESS,NONE
TPESA-3002223,2026-09-05 07:42:58,+25567***760,TILL-894112,USSD_*150*01#,LIPA_KWA_SIMU_MERCHANT,7100.0,56.8,TZ-NJO-001,SUCCESS,NONE
TPESA-3002224,2026-09-03 09:53:37,+25567***721,TILL-588372,USSD_*150*01#,LIPA_KWA_SIMU_MERCHANT,70600.0,564.8,TZ-KAH-001,SUCCESS,NONE
TPESA-3002225,2026-09-04 23:14:43,+25567***857,TILL-808848,USSD_*150*01#,LIPA_KWA_SIMU_MERCHANT,136700.0,1093.6,TZ-NJO-001,SUCCESS,NONE
TPESA-3002226,2026-09-07 20:00:05,+25567***384,+25567236384,USSD_*150*01#,AIRTIME_TOP_UP,9400.0,0.0,TZ-ARU-001,SUCCESS,NONE
TPESA-3002227,2026-09-07 22:44:05,+25567***652,+25567147652,USSD_*150*01#,AIRTIME_TOP_UP,6100.0,0.0,TZ-ZNZ-004,SUCCESS,NONE
TPESA-3002228,2026-09-06 08:09:51,+25571***677,+25565704262,TIGO_PESA_APP,P2P_TRANSFER,76700.0,1150.5,TZ-MBY-002,SUCCESS,NONE
TPESA-3002229,2026-09-05 15:25:14,+25567***767,+25567800841,USSD_*150*01#,CASH_OUT_WAKALA,128000.0,1920.0,TZ-DOM-002,SUCCESS,NONE
TPESA-3002230,2026-09-05 17:09:28,+25571***569,+25577102474,USSD_*150*01#,CASH_OUT_WAKALA,153200.0,2298.0,TZ-DAR-013,SUCCESS,NONE
TPESA-3002231,2026-09-04 18:49:37,+25571***868,+25574581788,TIGO_PESA_APP,P2P_TRANSFER,238600.0,3579.0,TZ-DAR-002,SUCCESS,NONE
TPESA-3002232,2026-09-03 16:49:00,+25567***706,TILL-786054,TIGO_PESA_APP,LIPA_KWA_SIMU_MERCHANT,60300.0,482.4,TZ-PWA-002,SUCCESS,NONE
TPESA-3002233,2026-09-01 17:17:46,+25577***355,+25571455009,TIGO_PESA_APP,P2P_TRANSFER,175100.0,2626.5,TZ-ZNZ-003,SUCCESS,NONE
TPESA-3002234,2026-09-06 22:53:59,+25577***768,+25565128990,TIGO_PESA_APP,P2P_TRANSFER,228600.0,3429.0,TZ-MBY-001,SUCCESS,NONE
TPESA-3002235,2026-09-02 23:55:14,+25571***321,+25567405248,USSD_*150*01#,CASH_OUT_WAKALA,239000.0,3585.0,TZ-MWA-002,SUCCESS,NONE
TPESA-3002236,2026-09-02 18:58:36,+25567***706,+25565850931,TIGO_PESA_APP,CASH_OUT_WAKALA,36100.0,541.5,TZ-PWA-002,SUCCESS,NONE
TPESA-3002237,2026-09-05 17:01:19,+25567***552,+25565430459,USSD_*150*01#,P2P_TRANSFER,162700.0,2440.5,TZ-IRI-001,SUCCESS,NONE
TPESA-3002238,2026-09-07 10:47:08,+25567***956,+25571516132,TIGO_PESA_APP,CASH_OUT_WAKALA,474800.0,7122.0,TZ-KAH-001,SUCCESS,NONE
TPESA-3002239,2026-09-05 18:56:37,+25567***768,+25576666622,TIGO_PESA_APP,P2P_TRANSFER,75000.0,1125.0,TZ-ZNZ-001,SUCCESS,NONE
TPESA-3002240,2026-09-07 06:54:00,+25567***144,+25567697144,USSD_*150*01#,AIRTIME_TOP_UP,7700.0,0.0,TZ-KIL-003,SUCCESS,NONE
TPESA-3002241,2026-09-06 06:07:37,+25577***355,+25575226286,USSD_*150*01#,BANK_TO_WALLET_DEPOSIT,750100.0,11251.5,TZ-ZNZ-003,SUCCESS,NONE
TPESA-3002242,2026-09-02 17:55:32,+25571***967,TILL-814860,TIGO_PESA_APP,LIPA_KWA_SIMU_MERCHANT,79500.0,636.0,TZ-PWA-002,SUCCESS,NONE
TPESA-3002243,2026-09-06 18:13:29,+25567***527,+25577286861,TIGO_PESA_APP,P2P_TRANSFER,199000.0,2985.0,TZ-DAR-001,SUCCESS,NONE
TPESA-3002244,2026-09-07 19:06:50,+25567***222,+25577447290,USSD_*150*01#,P2P_TRANSFER,134200.0,2013.0,TZ-TAB-001,SUCCESS,NONE
TPESA-3002245,2026-09-04 23:31:51,+25577***441,+25571897974,USSD_*150*01#,CASH_OUT_WAKALA,411200.0,6168.0,TZ-KIL-003,SUCCESS,NONE
TPESA-3002246,2026-09-06 09:07:48,+25577***641,+25577108243,TIGO_PESA_APP,P2P_TRANSFER,180500.0,2707.5,TZ-DAR-013,SUCCESS,NONE
TPESA-3002247,2026-09-04 19:51:44,+25577***569,+25575999879,TIGO_PESA_APP,P2P_TRANSFER,45200.0,678.0,TZ-MWA-001,SUCCESS,NONE
TPESA-3002248,2026-09-03 11:56:20,+25577***640,+25571694837,USSD_*150*01#,P2P_TRANSFER,180500.0,2707.5,TZ-KIL-001,SUCCESS,NONE
TPESA-3002249,2026-09-05 19:12:56,+25577***431,+25571745485,USSD_*150*01#,CASH_OUT_WAKALA,271900.0,4078.5,TZ-MBY-002,SUCCESS,NONE
TPESA-3002250,2026-09-01 16:03:44,+25571***673,+25577481003,USSD_*150*01#,P2P_TRANSFER,98400.0,1476.0,TZ-PEM-001,SUCCESS,NONE
TPESA-3002251,2026-09-06 14:57:09,+25567***981,+25567587481,TIGO_PESA_APP,CASH_OUT_WAKALA,257000.0,3855.0,TZ-DAR-010,SUCCESS,NONE
TPESA-3002252,2026-09-03 19:47:07,+25571***140,TILL-993603,USSD_*150*01#,LIPA_KWA_SIMU_MERCHANT,124400.0,995.2,TZ-MBY-002,SUCCESS,NONE
TPESA-3002253,2026-09-07 15:07:17,+25567***700,+25565943116,USSD_*150*01#,CASH_OUT_WAKALA,64000.0,960.0,TZ-ARU-002,SUCCESS,NONE
TPESA-3002254,2026-09-01 15:29:37,+25565***561,TILL-836059,USSD_*150*01#,LIPA_KWA_SIMU_MERCHANT,14200.0,113.6,TZ-ARU-001,SUCCESS,NONE
TPESA-3002255,2026-09-02 14:43:53,+25571***722,+25567680875,TIGO_PESA_APP,BANK_TO_WALLET_DEPOSIT,434400.0,6516.0,TZ-DAR-002,SUCCESS,NONE
TPESA-3002256,2026-09-06 16:30:29,+25571***177,TILL-825106,TIGO_PESA_APP,LIPA_KWA_SIMU_MERCHANT,5400.0,43.2,TZ-MOR-001,SUCCESS,NONE
TPESA-3002257,2026-09-07 17:09:43,+25567***465,+25565196755,USSD_*150*01#,P2P_TRANSFER,131700.0,1975.5,TZ-MBY-001,SUCCESS,NONE
TPESA-3002258,2026-09-03 22:35:54,+25567***362,+25565227592,TIGO_PESA_APP,CASH_OUT_WAKALA,383600.0,5754.0,TZ-TAR-001,SUCCESS,NONE
TPESA-3002259,2026-09-05 18:16:08,+25571***175,+25571927175,USSD_*150*01#,AIRTIME_TOP_UP,18100.0,0.0,TZ-KIG-001,SUCCESS,NONE
TPESA-3002260,2026-09-04 17:10:31,+25577***259,+25567422909,USSD_*150*01#,P2P_TRANSFER,231200.0,3468.0,TZ-GEI-001,SUCCESS,NONE
TPESA-3002261,2026-09-02 06:59:42,+25577***921,+25567934290,TIGO_PESA_APP,P2P_TRANSFER,238700.0,0.0,TZ-DAR-010,FAILED,PIN_MAX_ATTEMPTS_EXCEEDED
TPESA-3002262,2026-09-04 17:52:35,+25565***336,+25565155680,USSD_*150*01#,CASH_OUT_WAKALA,302900.0,4543.5,TZ-DAR-006,SUCCESS,NONE
TPESA-3002263,2026-09-06 09:53:15,+25571***002,TILL-741316,TIGO_PESA_APP,LIPA_KWA_SIMU_MERCHANT,21500.0,172.0,TZ-KIL-003,SUCCESS,NONE
TPESA-3002264,2026-09-02 07:23:08,+25577***638,TILL-800252,TIGO_PESA_APP,LIPA_KWA_SIMU_MERCHANT,69000.0,552.0,TZ-MBY-001,SUCCESS,NONE
TPESA-3002265,2026-09-05 08:45:51,+25577***505,+25577213664,USSD_*150*01#,P2P_TRANSFER,166600.0,2499.0,TZ-ZNZ-004,SUCCESS,NONE
TPESA-3002266,2026-09-07 21:31:46,+25565***869,+25565516869,TIGO_PESA_APP,AIRTIME_TOP_UP,16300.0,0.0,TZ-TAR-001,SUCCESS,NONE
TPESA-3002267,2026-09-03 23:14:00,+25577***549,+25567160314,TIGO_PESA_APP,P2P_TRANSFER,9500.0,350.0,TZ-ARU-003,SUCCESS,NONE
TPESA-3002268,2026-09-01 07:49:11,+25577***485,+25577557485,TIGO_PESA_APP,AIRTIME_TOP_UP,2400.0,0.0,TZ-PWA-002,SUCCESS,NONE
TPESA-3002269,2026-09-01 19:53:05,+25571***854,+25576453079,USSD_*150*01#,P2P_TRANSFER,230400.0,3456.0,TZ-DOM-002,SUCCESS,NONE
TPESA-3002270,2026-09-07 17:31:43,+25577***224,+25577345224,TIGO_PESA_APP,AIRTIME_TOP_UP,17000.0,0.0,TZ-DOM-001,SUCCESS,NONE
TPESA-3002271,2026-09-02 08:48:51,+25571***521,+25571681135,USSD_*150*01#,CASH_OUT_WAKALA,425100.0,6376.5,TZ-NJO-001,SUCCESS,NONE
TPESA-3002272,2026-09-06 06:12:49,+25565***214,+25565979905,USSD_*150*01#,P2P_TRANSFER,215400.0,3231.0,TZ-ZNZ-001,SUCCESS,NONE
TPESA-3002273,2026-09-02 19:49:45,+25567***182,+25577165851,TIGO_PESA_APP,P2P_TRANSFER,249700.0,3745.5,TZ-ZNZ-004,SUCCESS,NONE
TPESA-3002274,2026-09-01 15:27:09,+25577***374,+25577802374,TIGO_PESA_APP,AIRTIME_TOP_UP,600.0,0.0,TZ-ARU-002,SUCCESS,NONE
TPESA-3002275,2026-09-04 23:26:58,+25571***861,+25577987247,TIGO_PESA_APP,P2P_TRANSFER,110200.0,1653.0,TZ-PWA-002,SUCCESS,NONE
TPESA-3002276,2026-09-05 11:02:33,+25571***424,TILL-754292,USSD_*150*01#,LIPA_KWA_SIMU_MERCHANT,36700.0,293.6,TZ-GEI-001,SUCCESS,NONE
TPESA-3002277,2026-09-05 20:34:48,+25577***050,TILL-518772,TIGO_PESA_APP,LIPA_KWA_SIMU_MERCHANT,4400.0,35.2,TZ-KIL-003,SUCCESS,NONE
TPESA-3002278,2026-09-02 15:01:37,+25571***802,+25567868290,USSD_*150*01#,BANK_TO_WALLET_DEPOSIT,169800.0,2547.0,TZ-TAB-001,SUCCESS,NONE
TPESA-3002279,2026-09-07 22:28:06,+25577***495,+25565927942,TIGO_PESA_APP,P2P_TRANSFER,171900.0,2578.5,TZ-ARU-001,SUCCESS,NONE
TPESA-3002280,2026-09-07 17:58:01,+25577***603,+25567916369,TIGO_PESA_APP,P2P_TRANSFER,214400.0,3216.0,TZ-GEI-001,SUCCESS,NONE
TPESA-3002281,2026-09-06 07:34:09,+25571***041,+25571279041,USSD_*150*01#,AIRTIME_TOP_UP,14100.0,0.0,TZ-SNG-001,SUCCESS,NONE
TPESA-3002282,2026-09-03 06:07:47,+25567***442,+25577685800,TIGO_PESA_APP,CASH_OUT_WAKALA,103100.0,1546.5,TZ-TAR-001,SUCCESS,NONE
TPESA-3002283,2026-09-06 17:06:04,+25567***277,+25577748239,TIGO_PESA_APP,P2P_TRANSFER,190400.0,2856.0,TZ-ARU-003,SUCCESS,NONE
TPESA-3002284,2026-09-02 12:55:16,+25567***538,+25567678299,USSD_*150*01#,P2P_TRANSFER,75200.0,1128.0,TZ-DAR-003,SUCCESS,NONE
TPESA-3002285,2026-09-05 12:25:27,+25565***323,+25567414273,TIGO_PESA_APP,CASH_OUT_WAKALA,223500.0,0.0,TZ-ZNZ-004,FAILED,USSD_TIMEOUT
TPESA-3002286,2026-09-01 23:36:45,+25567***733,+25571571295,USSD_*150*01#,P2P_TRANSFER,66400.0,996.0,TZ-MBY-002,SUCCESS,NONE
TPESA-3002287,2026-09-01 18:33:33,+25571***555,+25567858769,TIGO_PESA_APP,P2P_TRANSFER,214600.0,3219.0,TZ-ZNZ-004,SUCCESS,NONE
TPESA-3002288,2026-09-03 07:14:55,+25565***792,+25571697375,TIGO_PESA_APP,P2P_TRANSFER,106300.0,1594.5,TZ-ZNZ-003,SUCCESS,NONE
TPESA-3002289,2026-09-04 13:10:49,+25567***662,TILL-873761,TIGO_PESA_APP,LIPA_KWA_SIMU_MERCHANT,7500.0,60.0,TZ-DAR-002,SUCCESS,NONE
TPESA-3002290,2026-09-04 07:53:51,+25577***619,TILL-772923,TIGO_PESA_APP,LIPA_KWA_SIMU_MERCHANT,36900.0,295.2,TZ-SHI-001,SUCCESS,NONE
TPESA-3002291,2026-09-01 19:46:19,+25571***032,+25571980139,TIGO_PESA_APP,BANK_TO_WALLET_DEPOSIT,438600.0,6579.0,TZ-DAR-009,SUCCESS,NONE
TPESA-3002292,2026-09-02 09:13:41,+25567***106,+25577895611,USSD_*150*01#,CASH_OUT_WAKALA,227100.0,3406.5,TZ-MWA-003,SUCCESS,NONE
TPESA-3002293,2026-09-06 23:18:59,+25577***724,+25567925211,USSD_*150*01#,CASH_OUT_WAKALA,344800.0,5172.0,TZ-DAR-001,SUCCESS,NONE
TPESA-3002294,2026-09-01 22:36:35,+25567***277,TILL-553362,TIGO_PESA_APP,LIPA_KWA_SIMU_MERCHANT,33900.0,271.2,TZ-ARU-003,SUCCESS,NONE
TPESA-3002295,2026-09-06 16:41:24,+25565***986,TILL-734816,TIGO_PESA_APP,LIPA_KWA_SIMU_MERCHANT,115800.0,926.4,TZ-ZNZ-001,SUCCESS,NONE
TPESA-3002296,2026-09-06 18:52:04,+25565***984,+25575591153,USSD_*150*01#,P2P_TRANSFER,41600.0,624.0,TZ-DOM-003,SUCCESS,NONE
TPESA-3002297,2026-09-07 20:31:54,+25577***214,+25571210345,USSD_*150*01#,P2P_TRANSFER,185200.0,2778.0,TZ-PWA-002,SUCCESS,NONE
TPESA-3002298,2026-09-02 10:08:50,+25577***841,+25565887023,USSD_*150*01#,BANK_TO_WALLET_DEPOSIT,471600.0,7074.0,TZ-DAR-015,SUCCESS,NONE
TPESA-3002299,2026-09-04 17:19:31,+25565***159,+25565215159,USSD_*150*01#,AIRTIME_TOP_UP,1600.0,0.0,TZ-PWA-001,SUCCESS,NONE
TPESA-3002300,2026-09-01 12:45:26,+25567***489,TILL-978696,USSD_*150*01#,LIPA_KWA_SIMU_MERCHANT,46900.0,375.2,TZ-ARU-002,SUCCESS,NONE
TPESA-3002301,2026-09-02 18:10:53,+25567***664,+25577534171,TIGO_PESA_APP,CASH_OUT_WAKALA,494900.0,7423.5,TZ-TAN-001,SUCCESS,NONE
TPESA-3002302,2026-09-07 10:16:31,+25565***757,+25577431581,TIGO_PESA_APP,CASH_OUT_WAKALA,33800.0,507.0,TZ-BUK-001,SUCCESS,NONE
TPESA-3002303,2026-09-01 11:35:18,+25565***711,TILL-633232,USSD_*150*01#,LIPA_KWA_SIMU_MERCHANT,135800.0,1086.4,TZ-ZNZ-001,SUCCESS,NONE
TPESA-3002304,2026-09-03 09:37:06,+25571***946,+25567250756,USSD_*150*01#,P2P_TRANSFER,158700.0,2380.5,TZ-ZNZ-001,SUCCESS,NONE
TPESA-3002305,2026-09-03 11:13:46,+25577***581,+25576652788,TIGO_PESA_APP,CASH_OUT_WAKALA,81700.0,1225.5,TZ-DOM-003,SUCCESS,NONE
TPESA-3002306,2026-09-03 19:26:11,+25565***048,+25565746201,USSD_*150*01#,BANK_TO_WALLET_DEPOSIT,337000.0,5055.0,TZ-DAR-007,SUCCESS,NONE
TPESA-3002307,2026-09-06 07:40:42,+25577***551,+25577716551,USSD_*150*01#,AIRTIME_TOP_UP,9400.0,0.0,TZ-DAR-014,SUCCESS,NONE
TPESA-3002308,2026-09-07 15:43:50,+25571***652,+25577352611,TIGO_PESA_APP,CASH_OUT_WAKALA,424300.0,6364.5,TZ-DAR-010,SUCCESS,NONE
TPESA-3002309,2026-09-03 10:16:01,+25567***022,TILL-609630,TIGO_PESA_APP,LIPA_KWA_SIMU_MERCHANT,112000.0,896.0,TZ-TND-001,SUCCESS,NONE
TPESA-3002310,2026-09-03 16:17:24,+25565***132,TILL-867002,USSD_*150*01#,LIPA_KWA_SIMU_MERCHANT,49000.0,392.0,TZ-TAB-001,SUCCESS,NONE
TPESA-3002311,2026-09-07 16:58:51,+25577***651,TILL-767848,TIGO_PESA_APP,LIPA_KWA_SIMU_MERCHANT,69000.0,552.0,TZ-TAR-001,SUCCESS,NONE
TPESA-3002312,2026-09-03 21:56:15,+25567***011,TILL-857709,USSD_*150*01#,LIPA_KWA_SIMU_MERCHANT,68100.0,544.8,TZ-TAN-001,SUCCESS,NONE
TPESA-3002313,2026-09-07 15:32:58,+25577***070,+25567276873,TIGO_PESA_APP,CASH_OUT_WAKALA,142500.0,2137.5,TZ-DAR-011,SUCCESS,NONE
TPESA-3002314,2026-09-05 15:21:57,+25577***637,+25567434234,USSD_*150*01#,P2P_TRANSFER,237500.0,3562.5,TZ-SNG-001,SUCCESS,NONE
TPESA-3002315,2026-09-05 19:03:12,+25567***408,+25576234662,TIGO_PESA_APP,P2P_TRANSFER,34300.0,514.5,TZ-KIL-003,SUCCESS,NONE
TPESA-3002316,2026-09-02 16:21:51,+25565***215,+25567589360,USSD_*150*01#,BANK_TO_WALLET_DEPOSIT,858900.0,12883.5,TZ-MOR-001,SUCCESS,NONE
TPESA-3002317,2026-09-07 15:18:39,+25577***993,+25565702107,USSD_*150*01#,P2P_TRANSFER,93300.0,1399.5,TZ-TAN-003,SUCCESS,NONE
TPESA-3002318,2026-09-03 16:31:32,+25577***195,TILL-839796,TIGO_PESA_APP,LIPA_KWA_SIMU_MERCHANT,7000.0,56.0,TZ-MBY-001,SUCCESS,NONE
TPESA-3002319,2026-09-03 22:00:05,+25567***794,+25567800284,TIGO_PESA_APP,CASH_OUT_WAKALA,483800.0,7257.0,TZ-DOM-003,SUCCESS,NONE
TPESA-3002320,2026-09-04 15:02:36,+25567***208,+25577352703,TIGO_PESA_APP,CASH_OUT_WAKALA,179000.0,2685.0,TZ-SHI-001,SUCCESS,NONE
TPESA-3002321,2026-09-02 18:22:32,+25571***002,+25571588002,USSD_*150*01#,AIRTIME_TOP_UP,6200.0,0.0,TZ-SON-001,SUCCESS,NONE
TPESA-3002322,2026-09-05 10:49:06,+25577***039,+25567166500,TIGO_PESA_APP,BANK_TO_WALLET_DEPOSIT,166700.0,2500.5,TZ-ZNZ-002,SUCCESS,NONE
TPESA-3002323,2026-09-06 13:04:06,+25565***178,+25565919466,USSD_*150*01#,P2P_TRANSFER,38900.0,583.5,TZ-ARU-002,SUCCESS,NONE
TPESA-3002324,2026-09-05 23:51:51,+25567***306,+25577746101,USSD_*150*01#,P2P_TRANSFER,146900.0,2203.5,TZ-KAH-001,SUCCESS,NONE
TPESA-3002325,2026-09-04 10:41:23,+25577***142,+25571122787,TIGO_PESA_APP,P2P_TRANSFER,36300.0,544.5,TZ-TAR-001,SUCCESS,NONE
TPESA-3002326,2026-09-05 07:33:39,+25571***967,+25571520967,TIGO_PESA_APP,AIRTIME_TOP_UP,10400.0,0.0,TZ-PWA-002,SUCCESS,NONE
TPESA-3002327,2026-09-07 15:49:50,+25565***641,TILL-917001,TIGO_PESA_APP,LIPA_KWA_SIMU_MERCHANT,92400.0,739.2,TZ-PWA-001,SUCCESS,NONE
TPESA-3002328,2026-09-06 18:16:31,+25571***453,+25567451887,USSD_*150*01#,P2P_TRANSFER,177900.0,2668.5,TZ-ZNZ-003,SUCCESS,NONE
TPESA-3002329,2026-09-03 17:23:50,+25571***210,+25574147948,USSD_*150*01#,P2P_TRANSFER,38900.0,583.5,TZ-TAN-001,SUCCESS,NONE
TPESA-3002330,2026-09-01 19:21:50,+25567***212,+25571658345,TIGO_PESA_APP,P2P_TRANSFER,42700.0,640.5,TZ-KIL-001,SUCCESS,NONE
TPESA-3002331,2026-09-07 12:11:19,+25577***023,+25571177544,USSD_*150*01#,CASH_OUT_WAKALA,175300.0,2629.5,TZ-SNG-001,SUCCESS,NONE
TPESA-3002332,2026-09-06 21:21:39,+25571***506,+25567857788,TIGO_PESA_APP,CASH_OUT_WAKALA,186000.0,2790.0,TZ-DAR-011,SUCCESS,NONE
TPESA-3002333,2026-09-05 10:02:01,+25565***044,+25567958981,USSD_*150*01#,CASH_OUT_WAKALA,281200.0,4218.0,TZ-DOM-002,SUCCESS,NONE
TPESA-3002334,2026-09-03 11:11:10,+25565***164,+25565352164,TIGO_PESA_APP,AIRTIME_TOP_UP,14800.0,0.0,TZ-PWA-002,SUCCESS,NONE
TPESA-3002335,2026-09-07 21:58:12,+25565***980,TILL-789618,TIGO_PESA_APP,LIPA_KWA_SIMU_MERCHANT,86700.0,693.6,TZ-MWA-003,SUCCESS,NONE
TPESA-3002336,2026-09-03 22:50:34,+25565***623,TILL-541253,TIGO_PESA_APP,LIPA_KWA_SIMU_MERCHANT,114400.0,915.2,TZ-ZNZ-001,SUCCESS,NONE
TPESA-3002337,2026-09-01 15:21:05,+25577***254,+25577443254,TIGO_PESA_APP,AIRTIME_TOP_UP,7500.0,0.0,TZ-KAH-001,SUCCESS,NONE
TPESA-3002338,2026-09-06 13:19:17,+25565***224,+25565301224,TIGO_PESA_APP,AIRTIME_TOP_UP,2300.0,0.0,TZ-SHI-001,SUCCESS,NONE
TPESA-3002339,2026-09-07 15:13:00,+25571***951,+25574974477,TIGO_PESA_APP,CASH_OUT_WAKALA,481900.0,7228.5,TZ-DAR-010,SUCCESS,NONE
TPESA-3002340,2026-09-07 17:10:29,+25571***727,TILL-971602,USSD_*150*01#,LIPA_KWA_SIMU_MERCHANT,51800.0,414.4,TZ-TAR-001,SUCCESS,NONE
TPESA-3002341,2026-09-01 14:19:08,+25567***684,+25577922406,TIGO_PESA_APP,CASH_OUT_WAKALA,419300.0,6289.5,TZ-DAR-013,SUCCESS,NONE
TPESA-3002342,2026-09-04 20:28:29,+25565***175,+25577875092,TIGO_PESA_APP,P2P_TRANSFER,133600.0,2004.0,TZ-DAR-009,SUCCESS,NONE
TPESA-3002343,2026-09-04 06:24:03,+25577***555,+25577669298,TIGO_PESA_APP,BANK_TO_WALLET_DEPOSIT,94800.0,1422.0,TZ-MBY-001,SUCCESS,NONE
TPESA-3002344,2026-09-01 11:49:15,+25571***062,+25571317062,USSD_*150*01#,AIRTIME_TOP_UP,3500.0,0.0,TZ-GEI-001,SUCCESS,NONE
TPESA-3002345,2026-09-06 13:33:02,+25571***393,+25565401360,USSD_*150*01#,CASH_OUT_WAKALA,469100.0,7036.5,TZ-MWA-001,SUCCESS,NONE
TPESA-3002346,2026-09-05 23:58:32,+25565***249,+25565612527,TIGO_PESA_APP,P2P_TRANSFER,50100.0,751.5,TZ-ZNZ-002,SUCCESS,NONE
TPESA-3002347,2026-09-03 18:47:17,+25565***271,TILL-584939,USSD_*150*01#,LIPA_KWA_SIMU_MERCHANT,123800.0,990.4,TZ-TAR-001,SUCCESS,NONE
TPESA-3002348,2026-09-05 16:03:00,+25571***520,TILL-737052,USSD_*150*01#,LIPA_KWA_SIMU_MERCHANT,18300.0,146.4,TZ-ARU-001,SUCCESS,NONE
TPESA-3002349,2026-09-02 14:40:22,+25571***552,+25571387552,USSD_*150*01#,AIRTIME_TOP_UP,6400.0,0.0,TZ-KIL-001,SUCCESS,NONE
TPESA-3002350,2026-09-06 16:57:53,+25577***333,+25565396941,TIGO_PESA_APP,P2P_TRANSFER,67400.0,1011.0,TZ-TND-001,SUCCESS,NONE
TPESA-3002351,2026-09-02 16:43:24,+25571***244,+25571670250,TIGO_PESA_APP,CASH_OUT_WAKALA,59700.0,895.5,TZ-DAR-001,SUCCESS,NONE
TPESA-3002352,2026-09-05 09:37:57,+25577***254,TILL-768034,TIGO_PESA_APP,LIPA_KWA_SIMU_MERCHANT,40700.0,325.6,TZ-KAH-001,SUCCESS,NONE
TPESA-3002353,2026-09-01 16:24:42,+25567***173,+25576758258,USSD_*150*01#,P2P_TRANSFER,124700.0,1870.5,TZ-DAR-013,SUCCESS,NONE
TPESA-3002354,2026-09-02 18:55:07,+25571***140,+25565438150,USSD_*150*01#,P2P_TRANSFER,61200.0,0.0,TZ-MBY-002,FAILED,INSUFFICIENT_FUNDS
TPESA-3002355,2026-09-02 20:41:53,+25565***410,+25577259798,USSD_*150*01#,CASH_OUT_WAKALA,95100.0,1426.5,TZ-SNG-001,SUCCESS,NONE
TPESA-3002356,2026-09-01 15:32:28,+25567***254,+25567463954,TIGO_PESA_APP,P2P_TRANSFER,112600.0,1689.0,TZ-ZNZ-002,SUCCESS,NONE
TPESA-3002357,2026-09-03 14:25:15,+25565***530,TILL-868587,TIGO_PESA_APP,LIPA_KWA_SIMU_MERCHANT,132100.0,1056.8,TZ-SHI-001,SUCCESS,NONE
TPESA-3002358,2026-09-04 12:17:57,+25567***788,+25577405779,TIGO_PESA_APP,CASH_OUT_WAKALA,168900.0,2533.5,TZ-DOM-003,SUCCESS,NONE
TPESA-3002359,2026-09-07 22:06:46,+25577***168,+25577832168,TIGO_PESA_APP,AIRTIME_TOP_UP,9300.0,0.0,TZ-DAR-001,SUCCESS,NONE
TPESA-3002360,2026-09-03 12:10:20,+25567***177,+25565415727,USSD_*150*01#,P2P_TRANSFER,15300.0,350.0,TZ-TND-001,SUCCESS,NONE
TPESA-3002361,2026-09-04 15:08:17,+25567***723,+25567833723,TIGO_PESA_APP,AIRTIME_TOP_UP,12800.0,0.0,TZ-PWA-002,SUCCESS,NONE
TPESA-3002362,2026-09-06 21:39:32,+25565***905,+25567610866,TIGO_PESA_APP,CASH_OUT_WAKALA,199300.0,2989.5,TZ-DAR-006,SUCCESS,NONE
TPESA-3002363,2026-09-05 06:27:04,+25571***580,+25567918020,TIGO_PESA_APP,CASH_OUT_WAKALA,445200.0,6678.0,TZ-DAR-006,SUCCESS,NONE
TPESA-3002364,2026-09-07 15:44:02,+25571***470,+25571487470,TIGO_PESA_APP,AIRTIME_TOP_UP,5400.0,0.0,TZ-TAN-003,SUCCESS,NONE
TPESA-3002365,2026-09-06 22:53:54,+25577***385,+25577253419,TIGO_PESA_APP,BANK_TO_WALLET_DEPOSIT,198500.0,2977.5,TZ-TAB-001,SUCCESS,NONE
TPESA-3002366,2026-09-06 18:52:56,+25565***968,TILL-942811,USSD_*150*01#,LIPA_KWA_SIMU_MERCHANT,35800.0,286.4,TZ-KAH-001,SUCCESS,NONE
TPESA-3002367,2026-09-07 16:47:31,+25571***443,+25567102545,TIGO_PESA_APP,CASH_OUT_WAKALA,469100.0,7036.5,TZ-DAR-015,SUCCESS,NONE
TPESA-3002368,2026-09-07 22:33:58,+25571***768,TILL-968523,USSD_*150*01#,LIPA_KWA_SIMU_MERCHANT,132100.0,1056.8,TZ-DAR-012,SUCCESS,NONE
TPESA-3002369,2026-09-01 11:37:57,+25565***323,TILL-798863,TIGO_PESA_APP,LIPA_KWA_SIMU_MERCHANT,38500.0,308.0,TZ-ZNZ-004,SUCCESS,NONE
TPESA-3002370,2026-09-05 08:18:41,+25567***337,+25567411860,TIGO_PESA_APP,CASH_OUT_WAKALA,330200.0,4953.0,TZ-ZNZ-002,SUCCESS,NONE
TPESA-3002371,2026-09-03 07:32:46,+25567***881,+25577987539,USSD_*150*01#,CASH_OUT_WAKALA,329800.0,4947.0,TZ-ZNZ-004,SUCCESS,NONE
TPESA-3002372,2026-09-01 21:12:37,+25567***887,+25567106887,USSD_*150*01#,AIRTIME_TOP_UP,16200.0,0.0,TZ-DOM-003,SUCCESS,NONE
TPESA-3002373,2026-09-01 12:58:52,+25577***423,+25567798867,TIGO_PESA_APP,P2P_TRANSFER,146400.0,2196.0,TZ-DAR-001,SUCCESS,NONE
TPESA-3002374,2026-09-03 08:05:13,+25565***650,+25565388848,USSD_*150*01#,BANK_TO_WALLET_DEPOSIT,151900.0,2278.5,TZ-MWA-001,SUCCESS,NONE
TPESA-3002375,2026-09-07 18:41:47,+25567***254,+25571330316,USSD_*150*01#,BANK_TO_WALLET_DEPOSIT,782700.0,11740.5,TZ-ZNZ-002,SUCCESS,NONE
TPESA-3002376,2026-09-07 13:56:12,+25571***164,+25571616655,TIGO_PESA_APP,CASH_OUT_WAKALA,17500.0,350.0,TZ-MWA-003,SUCCESS,NONE
TPESA-3002377,2026-09-02 18:00:22,+25565***896,+25565567896,USSD_*150*01#,AIRTIME_TOP_UP,5200.0,0.0,TZ-DAR-015,SUCCESS,NONE
TPESA-3002378,2026-09-03 18:53:28,+25567***408,+25567267590,TIGO_PESA_APP,P2P_TRANSFER,72500.0,1087.5,TZ-KIL-003,SUCCESS,NONE
TPESA-3002379,2026-09-07 20:44:39,+25565***037,+25565244037,USSD_*150*01#,AIRTIME_TOP_UP,19900.0,0.0,TZ-ZNZ-001,SUCCESS,NONE
TPESA-3002380,2026-09-04 23:31:34,+25565***168,TILL-752027,USSD_*150*01#,LIPA_KWA_SIMU_MERCHANT,49900.0,399.2,TZ-DAR-002,SUCCESS,NONE
TPESA-3002381,2026-09-05 09:37:40,+25565***048,+25565752048,USSD_*150*01#,AIRTIME_TOP_UP,14100.0,0.0,TZ-DAR-007,SUCCESS,NONE
TPESA-3002382,2026-09-07 18:05:36,+25577***329,+25574952067,USSD_*150*01#,BANK_TO_WALLET_DEPOSIT,541100.0,8116.5,TZ-DAR-002,SUCCESS,NONE
TPESA-3002383,2026-09-06 23:13:45,+25571***804,+25571756890,USSD_*150*01#,CASH_OUT_WAKALA,251800.0,3777.0,TZ-MWA-003,SUCCESS,NONE
TPESA-3002384,2026-09-05 21:48:33,+25571***470,+25577118909,TIGO_PESA_APP,P2P_TRANSFER,236400.0,3546.0,TZ-TAN-003,SUCCESS,NONE
TPESA-3002385,2026-09-06 06:34:42,+25571***151,+25571455456,USSD_*150*01#,CASH_OUT_WAKALA,341900.0,5128.5,TZ-TAB-001,SUCCESS,NONE
TPESA-3002386,2026-09-02 14:58:59,+25571***154,+25577208924,TIGO_PESA_APP,CASH_OUT_WAKALA,346000.0,5190.0,TZ-TAN-002,SUCCESS,NONE
TPESA-3002387,2026-09-02 13:41:03,+25577***224,+25571165755,TIGO_PESA_APP,BANK_TO_WALLET_DEPOSIT,345500.0,5182.5,TZ-DOM-001,SUCCESS,NONE
TPESA-3002388,2026-09-07 20:38:28,+25577***352,+25576623150,TIGO_PESA_APP,CASH_OUT_WAKALA,465000.0,6975.0,TZ-KIL-003,SUCCESS,NONE
TPESA-3002389,2026-09-06 07:09:49,+25567***462,TILL-792856,TIGO_PESA_APP,LIPA_KWA_SIMU_MERCHANT,65400.0,523.2,TZ-KIL-003,SUCCESS,NONE
TPESA-3002390,2026-09-01 22:47:32,+25577***814,+25571391423,TIGO_PESA_APP,P2P_TRANSFER,214800.0,3222.0,TZ-GEI-001,SUCCESS,NONE
TPESA-3002391,2026-09-04 06:34:15,+25567***028,TILL-983926,TIGO_PESA_APP,LIPA_KWA_SIMU_MERCHANT,63600.0,508.8,TZ-IRI-001,SUCCESS,NONE
TPESA-3002392,2026-09-06 06:02:29,+25567***696,+25575204018,USSD_*150*01#,P2P_TRANSFER,36000.0,540.0,TZ-PEM-001,SUCCESS,NONE
TPESA-3002393,2026-09-07 22:43:02,+25571***402,+25575163983,USSD_*150*01#,CASH_OUT_WAKALA,294300.0,4414.5,TZ-DAR-014,SUCCESS,NONE
TPESA-3002394,2026-09-02 06:07:26,+25571***855,+25574569644,TIGO_PESA_APP,CASH_OUT_WAKALA,247200.0,3708.0,TZ-MBY-001,SUCCESS,NONE
TPESA-3002395,2026-09-02 07:25:14,+25567***079,+25565908882,USSD_*150*01#,P2P_TRANSFER,193700.0,2905.5,TZ-ARU-003,SUCCESS,NONE
TPESA-3002396,2026-09-05 14:19:53,+25567***646,TILL-537369,TIGO_PESA_APP,LIPA_KWA_SIMU_MERCHANT,37500.0,300.0,TZ-DOM-001,SUCCESS,NONE
TPESA-3002397,2026-09-03 06:10:43,+25577***723,+25574599502,USSD_*150*01#,CASH_OUT_WAKALA,139800.0,2097.0,TZ-TAN-002,SUCCESS,NONE
TPESA-3002398,2026-09-04 06:11:09,+25565***982,TILL-910599,TIGO_PESA_APP,LIPA_KWA_SIMU_MERCHANT,124300.0,994.4,TZ-DAR-007,SUCCESS,NONE
TPESA-3002399,2026-09-05 21:02:43,+25567***186,+25567139186,USSD_*150*01#,AIRTIME_TOP_UP,2900.0,0.0,TZ-MWA-002,SUCCESS,NONE
TPESA-3002400,2026-09-03 17:47:05,+25565***063,+25565379877,USSD_*150*01#,P2P_TRANSFER,19000.0,350.0,TZ-KIL-001,SUCCESS,NONE
TPESA-3002401,2026-09-07 18:59:02,+25571***543,+25565829357,TIGO_PESA_APP,BANK_TO_WALLET_DEPOSIT,720900.0,10813.5,TZ-DOM-003,SUCCESS,NONE
TPESA-3002402,2026-09-02 11:11:46,+25565***231,TILL-652115,TIGO_PESA_APP,LIPA_KWA_SIMU_MERCHANT,140300.0,1122.4,TZ-MBY-001,SUCCESS,NONE
TPESA-3002403,2026-09-05 14:52:44,+25567***729,TILL-683003,TIGO_PESA_APP,LIPA_KWA_SIMU_MERCHANT,57700.0,461.6,TZ-MBY-001,SUCCESS,NONE
TPESA-3002404,2026-09-07 17:52:43,+25571***099,TILL-527110,USSD_*150*01#,LIPA_KWA_SIMU_MERCHANT,137500.0,1100.0,TZ-PWA-001,SUCCESS,NONE
TPESA-3002405,2026-09-01 09:21:31,+25567***706,TILL-511587,USSD_*150*01#,LIPA_KWA_SIMU_MERCHANT,98500.0,788.0,TZ-ARU-002,SUCCESS,NONE
TPESA-3002406,2026-09-03 11:36:23,+25571***353,+25565773436,USSD_*150*01#,BANK_TO_WALLET_DEPOSIT,636200.0,9543.0,TZ-DOM-001,SUCCESS,NONE
TPESA-3002407,2026-09-02 23:23:19,+25567***257,+25565115859,USSD_*150*01#,CASH_OUT_WAKALA,363800.0,5457.0,TZ-PEM-001,SUCCESS,NONE
TPESA-3002408,2026-09-03 23:07:56,+25565***572,TILL-807398,USSD_*150*01#,LIPA_KWA_SIMU_MERCHANT,5800.0,46.4,TZ-TAR-001,SUCCESS,NONE
TPESA-3002409,2026-09-07 13:58:02,+25565***875,+25567215170,TIGO_PESA_APP,P2P_TRANSFER,212300.0,3184.5,TZ-DAR-005,SUCCESS,NONE
TPESA-3002410,2026-09-05 09:02:46,+25571***621,+25576127052,USSD_*150*01#,P2P_TRANSFER,138400.0,2076.0,TZ-DAR-012,SUCCESS,NONE
TPESA-3002411,2026-09-05 18:42:08,+25577***453,+25577753453,TIGO_PESA_APP,AIRTIME_TOP_UP,15000.0,0.0,TZ-DAR-006,SUCCESS,NONE
TPESA-3002412,2026-09-07 14:48:41,+25577***255,+25577677420,USSD_*150*01#,CASH_OUT_WAKALA,265700.0,3985.5,TZ-DOM-002,SUCCESS,NONE
TPESA-3002413,2026-09-04 11:16:43,+25577***098,TILL-820000,USSD_*150*01#,LIPA_KWA_SIMU_MERCHANT,36900.0,295.2,TZ-DAR-006,SUCCESS,NONE
TPESA-3002414,2026-09-04 11:36:55,+25565***591,+25565775591,TIGO_PESA_APP,AIRTIME_TOP_UP,7800.0,0.0,TZ-TAN-003,SUCCESS,NONE
TPESA-3002415,2026-09-07 21:03:18,+25571***071,+25571841071,USSD_*150*01#,AIRTIME_TOP_UP,17000.0,0.0,TZ-TAR-001,SUCCESS,NONE
TPESA-3002416,2026-09-04 08:25:34,+25571***012,+25565859310,TIGO_PESA_APP,P2P_TRANSFER,87800.0,1317.0,TZ-SHI-001,SUCCESS,NONE
TPESA-3002417,2026-09-02 12:00:24,+25571***816,+25565819592,USSD_*150*01#,BANK_TO_WALLET_DEPOSIT,978000.0,14670.0,TZ-ZNZ-002,SUCCESS,NONE
TPESA-3002418,2026-09-06 12:16:14,+25565***704,+25575882203,USSD_*150*01#,P2P_TRANSFER,23700.0,355.5,TZ-DAR-012,SUCCESS,NONE
TPESA-3002419,2026-09-05 11:33:47,+25565***650,+25565444650,USSD_*150*01#,AIRTIME_TOP_UP,17500.0,0.0,TZ-MWA-001,SUCCESS,NONE
TPESA-3002420,2026-09-03 09:56:46,+25567***554,+25565930477,TIGO_PESA_APP,CASH_OUT_WAKALA,496300.0,7444.5,TZ-ZNZ-004,SUCCESS,NONE
TPESA-3002421,2026-09-07 12:52:59,+25567***101,+25576326530,USSD_*150*01#,BANK_TO_WALLET_DEPOSIT,456400.0,6846.0,TZ-ARU-003,SUCCESS,NONE
TPESA-3002422,2026-09-04 18:51:30,+25565***507,+25577730234,TIGO_PESA_APP,CASH_OUT_WAKALA,494900.0,7423.5,TZ-DAR-008,SUCCESS,NONE
TPESA-3002423,2026-09-03 22:14:44,+25577***570,+25565134720,USSD_*150*01#,CASH_OUT_WAKALA,488900.0,7333.5,TZ-PEM-001,SUCCESS,NONE
TPESA-3002424,2026-09-02 08:20:42,+25571***831,+25567835906,TIGO_PESA_APP,P2P_TRANSFER,233300.0,3499.5,TZ-MOR-001,SUCCESS,NONE
TPESA-3002425,2026-09-05 22:32:19,+25577***136,+25575878928,USSD_*150*01#,CASH_OUT_WAKALA,171000.0,2565.0,TZ-MWA-003,SUCCESS,NONE
TPESA-3002426,2026-09-04 12:29:29,+25577***945,+25567771219,USSD_*150*01#,P2P_TRANSFER,68700.0,1030.5,TZ-KIL-001,SUCCESS,NONE
TPESA-3002427,2026-09-06 06:31:10,+25567***814,+25574532024,TIGO_PESA_APP,P2P_TRANSFER,211500.0,3172.5,TZ-TAB-001,SUCCESS,NONE
TPESA-3002428,2026-09-07 19:03:18,+25577***619,+25565799002,TIGO_PESA_APP,P2P_TRANSFER,160200.0,2403.0,TZ-SHI-001,SUCCESS,NONE
TPESA-3002429,2026-09-07 07:42:49,+25571***720,TILL-767209,USSD_*150*01#,LIPA_KWA_SIMU_MERCHANT,149900.0,1199.2,TZ-DAR-005,SUCCESS,NONE
TPESA-3002430,2026-09-02 07:05:45,+25565***954,+25567802003,USSD_*150*01#,P2P_TRANSFER,117700.0,1765.5,TZ-DAR-004,SUCCESS,NONE
TPESA-3002431,2026-09-03 12:24:16,+25565***764,+25571312654,TIGO_PESA_APP,P2P_TRANSFER,207700.0,3115.5,TZ-DAR-012,SUCCESS,NONE
TPESA-3002432,2026-09-01 19:32:27,+25571***620,+25577198663,USSD_*150*01#,P2P_TRANSFER,158600.0,2379.0,TZ-TAN-002,SUCCESS,NONE
TPESA-3002433,2026-09-07 22:14:57,+25567***222,+25567331222,TIGO_PESA_APP,AIRTIME_TOP_UP,15400.0,0.0,TZ-DAR-004,SUCCESS,NONE
TPESA-3002434,2026-09-07 11:56:10,+25565***986,TILL-672096,USSD_*150*01#,LIPA_KWA_SIMU_MERCHANT,39700.0,317.6,TZ-ZNZ-001,SUCCESS,NONE
TPESA-3002435,2026-09-07 18:02:15,+25567***883,+25577186198,USSD_*150*01#,P2P_TRANSFER,29500.0,442.5,TZ-IRI-001,SUCCESS,NONE
TPESA-3002436,2026-09-05 17:15:24,+25565***249,+25567415525,TIGO_PESA_APP,BANK_TO_WALLET_DEPOSIT,51900.0,778.5,TZ-ZNZ-002,SUCCESS,NONE
TPESA-3002437,2026-09-04 23:33:42,+25565***884,+25565508177,TIGO_PESA_APP,P2P_TRANSFER,109700.0,1645.5,TZ-PWA-001,SUCCESS,NONE
TPESA-3002438,2026-09-01 16:00:11,+25565***222,TILL-656946,TIGO_PESA_APP,LIPA_KWA_SIMU_MERCHANT,9600.0,76.8,TZ-MAR-001,SUCCESS,NONE
TPESA-3002439,2026-09-04 11:45:04,+25571***468,+25565955052,TIGO_PESA_APP,P2P_TRANSFER,132800.0,1992.0,TZ-ARU-001,SUCCESS,NONE
TPESA-3002440,2026-09-07 23:12:41,+25567***660,+25567200432,TIGO_PESA_APP,CASH_OUT_WAKALA,38800.0,582.0,TZ-SHI-001,SUCCESS,NONE
TPESA-3002441,2026-09-01 22:46:16,+25565***006,+25565216006,TIGO_PESA_APP,AIRTIME_TOP_UP,4700.0,0.0,TZ-TAB-001,SUCCESS,NONE
TPESA-3002442,2026-09-07 23:25:37,+25567***792,+25575981155,USSD_*150*01#,CASH_OUT_WAKALA,260100.0,3901.5,TZ-ARU-002,SUCCESS,NONE
TPESA-3002443,2026-09-01 23:44:33,+25577***060,+25567237282,TIGO_PESA_APP,P2P_TRANSFER,192000.0,2880.0,TZ-KIL-002,SUCCESS,NONE
TPESA-3002444,2026-09-05 20:56:14,+25567***961,+25565160313,TIGO_PESA_APP,P2P_TRANSFER,224800.0,3372.0,TZ-MOR-001,SUCCESS,NONE
TPESA-3002445,2026-09-05 11:03:44,+25577***076,+25577284076,TIGO_PESA_APP,AIRTIME_TOP_UP,2000.0,0.0,TZ-IRI-001,SUCCESS,NONE
TPESA-3002446,2026-09-01 21:47:39,+25577***572,+25577316081,USSD_*150*01#,P2P_TRANSFER,141100.0,2116.5,TZ-ZNZ-004,SUCCESS,NONE
TPESA-3002447,2026-09-05 06:22:19,+25577***448,+25571880424,USSD_*150*01#,P2P_TRANSFER,212100.0,3181.5,TZ-KIG-001,SUCCESS,NONE
TPESA-3002448,2026-09-07 10:03:30,+25565***323,+25567665120,USSD_*150*01#,CASH_OUT_WAKALA,123100.0,1846.5,TZ-ZNZ-004,SUCCESS,NONE
TPESA-3002449,2026-09-03 15:30:50,+25567***200,TILL-809559,USSD_*150*01#,LIPA_KWA_SIMU_MERCHANT,61900.0,495.2,TZ-MBY-002,SUCCESS,NONE
TPESA-3002450,2026-09-04 22:50:03,+25571***720,+25576200143,TIGO_PESA_APP,P2P_TRANSFER,103800.0,1557.0,TZ-DAR-005,SUCCESS,NONE
TPESA-3002451,2026-09-07 07:36:20,+25567***133,+25571512196,TIGO_PESA_APP,P2P_TRANSFER,159400.0,2391.0,TZ-DAR-009,SUCCESS,NONE
TPESA-3002452,2026-09-02 10:34:51,+25567***391,+25567254615,USSD_*150*01#,P2P_TRANSFER,58300.0,874.5,TZ-MBY-002,SUCCESS,NONE
TPESA-3002453,2026-09-03 11:46:56,+25577***056,TILL-569464,USSD_*150*01#,LIPA_KWA_SIMU_MERCHANT,24200.0,193.6,TZ-TAN-001,SUCCESS,NONE
TPESA-3002454,2026-09-02 08:36:06,+25577***714,TILL-922851,TIGO_PESA_APP,LIPA_KWA_SIMU_MERCHANT,138800.0,1110.4,TZ-TAN-002,SUCCESS,NONE
TPESA-3002455,2026-09-02 16:32:43,+25577***479,+25565926580,TIGO_PESA_APP,P2P_TRANSFER,53000.0,795.0,TZ-DAR-006,SUCCESS,NONE
TPESA-3002456,2026-09-04 19:05:23,+25565***044,+25565249044,USSD_*150*01#,AIRTIME_TOP_UP,18200.0,0.0,TZ-DOM-002,SUCCESS,NONE
TPESA-3002457,2026-09-04 16:42:04,+25577***912,+25577313673,USSD_*150*01#,CASH_OUT_WAKALA,336700.0,5050.5,TZ-SHI-001,SUCCESS,NONE
TPESA-3002458,2026-09-05 07:25:22,+25571***236,+25571425236,TIGO_PESA_APP,AIRTIME_TOP_UP,19700.0,0.0,TZ-TAB-001,SUCCESS,NONE
TPESA-3002459,2026-09-03 16:39:15,+25571***748,TILL-899440,USSD_*150*01#,LIPA_KWA_SIMU_MERCHANT,22100.0,176.8,TZ-TAN-001,SUCCESS,NONE
TPESA-3002460,2026-09-03 10:40:54,+25567***286,+25575743988,USSD_*150*01#,P2P_TRANSFER,187600.0,2814.0,TZ-DAR-009,SUCCESS,NONE
TPESA-3002461,2026-09-01 09:54:52,+25565***387,+25565487699,TIGO_PESA_APP,P2P_TRANSFER,56700.0,850.5,TZ-TAN-002,SUCCESS,NONE
TPESA-3002462,2026-09-06 18:46:43,+25577***879,TILL-981093,USSD_*150*01#,LIPA_KWA_SIMU_MERCHANT,84100.0,672.8,TZ-DOM-003,SUCCESS,NONE
TPESA-3002463,2026-09-06 16:15:28,+25571***620,+25571452413,USSD_*150*01#,P2P_TRANSFER,43000.0,645.0,TZ-TAN-002,SUCCESS,NONE
TPESA-3002464,2026-09-05 21:06:10,+25571***520,TILL-718893,TIGO_PESA_APP,LIPA_KWA_SIMU_MERCHANT,131800.0,1054.4,TZ-ARU-001,SUCCESS,NONE
TPESA-3002465,2026-09-04 17:58:26,+25567***919,+25577624281,USSD_*150*01#,CASH_OUT_WAKALA,423000.0,6345.0,TZ-MBY-002,SUCCESS,NONE
TPESA-3002466,2026-09-05 16:44:39,+25567***337,+25567956210,TIGO_PESA_APP,CASH_OUT_WAKALA,326700.0,4900.5,TZ-MAR-001,SUCCESS,NONE
TPESA-3002467,2026-09-02 12:49:43,+25567***220,+25571690208,TIGO_PESA_APP,BANK_TO_WALLET_DEPOSIT,223800.0,3357.0,TZ-MBY-002,SUCCESS,NONE
TPESA-3002468,2026-09-02 09:16:50,+25577***234,+25571626068,TIGO_PESA_APP,P2P_TRANSFER,171800.0,2577.0,TZ-IRI-001,SUCCESS,NONE
TPESA-3002469,2026-09-04 18:43:15,+25577***965,+25574517894,USSD_*150*01#,P2P_TRANSFER,208200.0,3123.0,TZ-DAR-001,SUCCESS,NONE
TPESA-3002470,2026-09-03 13:52:48,+25571***688,+25577126029,TIGO_PESA_APP,P2P_TRANSFER,5600.0,350.0,TZ-DAR-011,SUCCESS,NONE
TPESA-3002471,2026-09-04 20:52:53,+25565***568,+25574415121,USSD_*150*01#,P2P_TRANSFER,126500.0,1897.5,TZ-MWA-002,SUCCESS,NONE
TPESA-3002472,2026-09-03 06:35:58,+25577***446,+25565603784,TIGO_PESA_APP,CASH_OUT_WAKALA,146800.0,2202.0,TZ-KIL-002,SUCCESS,NONE
TPESA-3002473,2026-09-07 23:26:45,+25571***716,+25567212438,USSD_*150*01#,CASH_OUT_WAKALA,71200.0,1068.0,TZ-TAN-003,SUCCESS,NONE
TPESA-3002474,2026-09-04 14:38:54,+25565***625,TILL-633516,TIGO_PESA_APP,LIPA_KWA_SIMU_MERCHANT,145200.0,1161.6,TZ-TAN-001,SUCCESS,NONE
TPESA-3002475,2026-09-06 23:34:20,+25567***796,TILL-916107,TIGO_PESA_APP,LIPA_KWA_SIMU_MERCHANT,79100.0,632.8,TZ-MBY-001,SUCCESS,NONE
TPESA-3002476,2026-09-07 11:46:08,+25565***519,TILL-535159,USSD_*150*01#,LIPA_KWA_SIMU_MERCHANT,37900.0,303.2,TZ-DAR-012,SUCCESS,NONE
TPESA-3002477,2026-09-05 14:17:09,+25567***581,+25574856303,USSD_*150*01#,P2P_TRANSFER,122500.0,1837.5,TZ-SHI-001,SUCCESS,NONE
TPESA-3002478,2026-09-03 16:12:12,+25571***225,TILL-810097,USSD_*150*01#,LIPA_KWA_SIMU_MERCHANT,127900.0,1023.2,TZ-ARU-002,SUCCESS,NONE
TPESA-3002479,2026-09-03 16:15:17,+25571***386,+25571154734,USSD_*150*01#,CASH_OUT_WAKALA,450800.0,6762.0,TZ-DAR-003,SUCCESS,NONE
TPESA-3002480,2026-09-06 07:06:11,+25571***445,TILL-623864,TIGO_PESA_APP,LIPA_KWA_SIMU_MERCHANT,100900.0,807.2,TZ-MWA-002,SUCCESS,NONE
TPESA-3002481,2026-09-01 22:27:28,+25567***079,+25565897034,USSD_*150*01#,P2P_TRANSFER,200800.0,3012.0,TZ-ARU-003,SUCCESS,NONE
TPESA-3002482,2026-09-01 10:56:41,+25565***613,+25574200821,USSD_*150*01#,P2P_TRANSFER,66700.0,1000.5,TZ-TAR-001,SUCCESS,NONE
TPESA-3002483,2026-09-03 20:25:54,+25567***132,+25567364132,TIGO_PESA_APP,AIRTIME_TOP_UP,6800.0,0.0,TZ-DAR-014,SUCCESS,NONE
TPESA-3002484,2026-09-05 15:16:47,+25565***578,TILL-938361,USSD_*150*01#,LIPA_KWA_SIMU_MERCHANT,81900.0,655.2,TZ-MOR-001,SUCCESS,NONE
TPESA-3002485,2026-09-03 17:17:27,+25577***652,+25567393464,TIGO_PESA_APP,P2P_TRANSFER,129500.0,1942.5,TZ-ARU-001,SUCCESS,NONE
TPESA-3002486,2026-09-06 11:32:22,+25571***857,TILL-988960,TIGO_PESA_APP,LIPA_KWA_SIMU_MERCHANT,47400.0,379.2,TZ-DAR-008,SUCCESS,NONE
TPESA-3002487,2026-09-03 07:58:42,+25577***168,+25577832168,TIGO_PESA_APP,AIRTIME_TOP_UP,2700.0,0.0,TZ-DAR-001,SUCCESS,NONE
TPESA-3002488,2026-09-03 22:35:17,+25577***253,+25576171501,TIGO_PESA_APP,BANK_TO_WALLET_DEPOSIT,685000.0,10275.0,TZ-MBY-001,SUCCESS,NONE
TPESA-3002489,2026-09-02 08:53:18,+25571***386,+25574422455,TIGO_PESA_APP,P2P_TRANSFER,43200.0,648.0,TZ-DAR-003,SUCCESS,NONE
TPESA-3002490,2026-09-07 23:31:39,+25567***337,TILL-537792,USSD_*150*01#,LIPA_KWA_SIMU_MERCHANT,57200.0,457.6,TZ-ZNZ-002,SUCCESS,NONE
TPESA-3002491,2026-09-01 17:50:55,+25567***689,+25571524531,USSD_*150*01#,P2P_TRANSFER,104500.0,1567.5,TZ-MTW-001,SUCCESS,NONE
TPESA-3002492,2026-09-04 09:49:35,+25567***442,+25567323707,TIGO_PESA_APP,BANK_TO_WALLET_DEPOSIT,584800.0,8772.0,TZ-TAR-001,SUCCESS,NONE
TPESA-3002493,2026-09-06 19:38:10,+25577***039,+25567871226,TIGO_PESA_APP,P2P_TRANSFER,157300.0,2359.5,TZ-DAR-002,SUCCESS,NONE
TPESA-3002494,2026-09-05 17:18:15,+25571***555,TILL-731461,TIGO_PESA_APP,LIPA_KWA_SIMU_MERCHANT,97600.0,780.8,TZ-ZNZ-004,SUCCESS,NONE
TPESA-3002495,2026-09-05 09:11:15,+25571***050,+25567484291,USSD_*150*01#,P2P_TRANSFER,75500.0,1132.5,TZ-DAR-007,SUCCESS,NONE
TPESA-3002496,2026-09-03 07:01:24,+25567***459,+25565460783,TIGO_PESA_APP,P2P_TRANSFER,121300.0,1819.5,TZ-KIG-001,SUCCESS,NONE
TPESA-3002497,2026-09-04 18:44:19,+25567***881,TILL-948258,USSD_*150*01#,LIPA_KWA_SIMU_MERCHANT,63100.0,504.8,TZ-ZNZ-004,SUCCESS,NONE
TPESA-3002498,2026-09-01 16:07:46,+25571***776,+25574649937,USSD_*150*01#,P2P_TRANSFER,204900.0,3073.5,TZ-TAR-001,SUCCESS,NONE
TPESA-3002499,2026-09-02 08:09:19,+25565***641,TILL-607260,USSD_*150*01#,LIPA_KWA_SIMU_MERCHANT,28200.0,225.6,TZ-SON-001,SUCCESS,NONE
TPESA-3002500,2026-09-01 15:07:06,+25565***125,+25565475125,USSD_*150*01#,AIRTIME_TOP_UP,600.0,0.0,TZ-PWA-001,SUCCESS,NONE
TPESA-3002501,2026-09-04 22:42:20,+25565***209,+25565385292,USSD_*150*01#,P2P_TRANSFER,21200.0,350.0,TZ-NJO-001,SUCCESS,NONE
TPESA-3002502,2026-09-03 17:01:57,+25565***224,+25571773431,TIGO_PESA_APP,P2P_TRANSFER,223000.0,3345.0,TZ-SHI-001,SUCCESS,NONE
TPESA-3002503,2026-09-04 14:47:05,+25571***264,TILL-718627,TIGO_PESA_APP,LIPA_KWA_SIMU_MERCHANT,61900.0,495.2,TZ-KAH-001,SUCCESS,NONE
TPESA-3002504,2026-09-01 19:44:41,+25571***226,TILL-980316,TIGO_PESA_APP,LIPA_KWA_SIMU_MERCHANT,57000.0,456.0,TZ-ARU-002,SUCCESS,NONE
TPESA-3002505,2026-09-01 10:24:02,+25577***335,+25571279528,TIGO_PESA_APP,CASH_OUT_WAKALA,158300.0,2374.5,TZ-TAB-001,SUCCESS,NONE
TPESA-3002506,2026-09-01 15:46:08,+25565***721,TILL-817108,TIGO_PESA_APP,LIPA_KWA_SIMU_MERCHANT,11200.0,89.6,TZ-PWA-001,SUCCESS,NONE
TPESA-3002507,2026-09-07 06:12:13,+25567***685,+25567757685,USSD_*150*01#,AIRTIME_TOP_UP,18200.0,0.0,TZ-DAR-004,SUCCESS,NONE
TPESA-3002508,2026-09-07 21:21:47,+25565***135,+25565897155,TIGO_PESA_APP,BANK_TO_WALLET_DEPOSIT,427000.0,6405.0,TZ-ZNZ-004,SUCCESS,NONE
TPESA-3002509,2026-09-01 23:37:52,+25567***531,+25567249671,USSD_*150*01#,P2P_TRANSFER,181500.0,2722.5,TZ-TAN-001,SUCCESS,NONE
TPESA-3002510,2026-09-02 21:02:00,+25565***125,+25567256182,USSD_*150*01#,P2P_TRANSFER,181100.0,2716.5,TZ-PWA-002,SUCCESS,NONE
TPESA-3002511,2026-09-05 09:05:17,+25565***127,+25565254127,TIGO_PESA_APP,AIRTIME_TOP_UP,2800.0,0.0,TZ-TND-001,SUCCESS,NONE
TPESA-3002512,2026-09-07 10:14:07,+25571***096,TILL-901440,USSD_*150*01#,LIPA_KWA_SIMU_MERCHANT,120800.0,966.4,TZ-KIL-003,SUCCESS,NONE
TPESA-3002513,2026-09-01 20:24:45,+25567***343,+25567693343,USSD_*150*01#,AIRTIME_TOP_UP,1800.0,0.0,TZ-TAN-001,SUCCESS,NONE
TPESA-3002514,2026-09-05 20:58:13,+25565***249,+25576685597,USSD_*150*01#,P2P_TRANSFER,59500.0,892.5,TZ-ZNZ-002,SUCCESS,NONE
TPESA-3002515,2026-09-01 10:29:23,+25577***076,+25576538429,USSD_*150*01#,CASH_OUT_WAKALA,367100.0,5506.5,TZ-IRI-001,SUCCESS,NONE
TPESA-3002516,2026-09-01 16:35:19,+25577***952,+25565851668,TIGO_PESA_APP,P2P_TRANSFER,87000.0,1305.0,TZ-KIL-002,SUCCESS,NONE
TPESA-3002517,2026-09-05 19:05:07,+25567***583,+25567364583,TIGO_PESA_APP,AIRTIME_TOP_UP,17100.0,0.0,TZ-DAR-002,SUCCESS,NONE
TPESA-3002518,2026-09-03 09:01:31,+25567***612,TILL-629436,USSD_*150*01#,LIPA_KWA_SIMU_MERCHANT,69800.0,558.4,TZ-DAR-003,SUCCESS,NONE
TPESA-3002519,2026-09-06 12:15:05,+25565***946,+25565261667,TIGO_PESA_APP,P2P_TRANSFER,134200.0,0.0,TZ-DAR-015,FAILED,PIN_MAX_ATTEMPTS_EXCEEDED
TPESA-3002520,2026-09-02 06:38:00,+25571***717,+25571854717,TIGO_PESA_APP,AIRTIME_TOP_UP,4900.0,0.0,TZ-DAR-013,SUCCESS,NONE
TPESA-3002521,2026-09-04 09:46:47,+25577***337,+25577559337,TIGO_PESA_APP,AIRTIME_TOP_UP,5600.0,0.0,TZ-DAR-011,SUCCESS,NONE
TPESA-3002522,2026-09-02 22:41:20,+25577***159,+25565837475,USSD_*150*01#,P2P_TRANSFER,245800.0,3687.0,TZ-ZNZ-001,SUCCESS,NONE
TPESA-3002523,2026-09-07 07:10:37,+25565***559,+25565625890,USSD_*150*01#,CASH_OUT_WAKALA,302200.0,4533.0,TZ-DOM-003,SUCCESS,NONE
TPESA-3002524,2026-09-03 19:49:13,+25567***148,+25576313260,TIGO_PESA_APP,CASH_OUT_WAKALA,306400.0,4596.0,TZ-DAR-008,SUCCESS,NONE
TPESA-3002525,2026-09-07 15:18:39,+25567***201,+25577215540,USSD_*150*01#,CASH_OUT_WAKALA,11900.0,350.0,TZ-PWA-002,SUCCESS,NONE
TPESA-3002526,2026-09-03 10:31:18,+25565***222,+25577779449,USSD_*150*01#,BANK_TO_WALLET_DEPOSIT,978800.0,14682.0,TZ-MAR-001,SUCCESS,NONE
TPESA-3002527,2026-09-04 10:27:23,+25567***306,TILL-961627,TIGO_PESA_APP,LIPA_KWA_SIMU_MERCHANT,6900.0,55.2,TZ-KAH-001,SUCCESS,NONE
TPESA-3002528,2026-09-07 20:15:56,+25571***344,+25576243477,USSD_*150*01#,CASH_OUT_WAKALA,354700.0,5320.5,TZ-DAR-003,SUCCESS,NONE
TPESA-3002529,2026-09-02 08:31:15,+25577***353,+25574961459,TIGO_PESA_APP,CASH_OUT_WAKALA,323400.0,4851.0,TZ-DAR-003,SUCCESS,NONE
TPESA-3002530,2026-09-02 23:58:30,+25571***172,TILL-750681,TIGO_PESA_APP,LIPA_KWA_SIMU_MERCHANT,83400.0,667.2,TZ-KIL-003,SUCCESS,NONE
TPESA-3002531,2026-09-03 14:25:46,+25565***647,+25567589049,TIGO_PESA_APP,P2P_TRANSFER,248900.0,3733.5,TZ-PWA-002,SUCCESS,NONE
TPESA-3002532,2026-09-03 12:35:29,+25567***814,+25574795733,TIGO_PESA_APP,P2P_TRANSFER,81000.0,1215.0,TZ-TAB-001,SUCCESS,NONE
TPESA-3002533,2026-09-02 16:23:23,+25571***353,+25577726144,USSD_*150*01#,BANK_TO_WALLET_DEPOSIT,333000.0,4995.0,TZ-DOM-001,SUCCESS,NONE
TPESA-3002534,2026-09-05 23:26:18,+25565***303,TILL-503597,USSD_*150*01#,LIPA_KWA_SIMU_MERCHANT,80100.0,640.8,TZ-DAR-010,SUCCESS,NONE
TPESA-3002535,2026-09-02 10:03:50,+25571***360,+25567546777,TIGO_PESA_APP,BANK_TO_WALLET_DEPOSIT,453500.0,6802.5,TZ-MBY-001,SUCCESS,NONE
TPESA-3002536,2026-09-02 06:20:02,+25577***678,+25565415781,TIGO_PESA_APP,P2P_TRANSFER,63600.0,954.0,TZ-DAR-014,SUCCESS,NONE
TPESA-3002537,2026-09-01 14:32:42,+25565***870,+25577431718,USSD_*150*01#,P2P_TRANSFER,143600.0,2154.0,TZ-DAR-003,SUCCESS,NONE
TPESA-3002538,2026-09-03 19:41:29,+25571***484,+25576423795,USSD_*150*01#,CASH_OUT_WAKALA,85000.0,1275.0,TZ-DAR-008,SUCCESS,NONE
TPESA-3002539,2026-09-04 19:35:45,+25567***991,+25574759109,TIGO_PESA_APP,BANK_TO_WALLET_DEPOSIT,560800.0,8412.0,TZ-SNG-001,SUCCESS,NONE
TPESA-3002540,2026-09-04 10:28:14,+25571***300,+25571182300,USSD_*150*01#,AIRTIME_TOP_UP,10000.0,0.0,TZ-ARU-001,SUCCESS,NONE
TPESA-3002541,2026-09-06 12:36:39,+25567***962,+25567156962,TIGO_PESA_APP,AIRTIME_TOP_UP,14000.0,0.0,TZ-MWA-001,SUCCESS,NONE
TPESA-3002542,2026-09-03 16:04:23,+25567***185,+25571966966,TIGO_PESA_APP,P2P_TRANSFER,210700.0,3160.5,TZ-GEI-001,SUCCESS,NONE
TPESA-3002543,2026-09-07 17:16:39,+25571***032,TILL-977691,USSD_*150*01#,LIPA_KWA_SIMU_MERCHANT,149300.0,1194.4,TZ-DAR-009,SUCCESS,NONE
TPESA-3002544,2026-09-05 07:35:26,+25571***652,+25565459525,TIGO_PESA_APP,BANK_TO_WALLET_DEPOSIT,771200.0,11568.0,TZ-DAR-010,SUCCESS,NONE
TPESA-3002545,2026-09-05 19:16:43,+25571***879,+25571592879,USSD_*150*01#,AIRTIME_TOP_UP,11200.0,0.0,TZ-DAR-003,SUCCESS,NONE
TPESA-3002546,2026-09-03 08:55:19,+25567***363,+25565658633,TIGO_PESA_APP,P2P_TRANSFER,215300.0,3229.5,TZ-PWA-001,SUCCESS,NONE
TPESA-3002547,2026-09-05 22:59:50,+25577***989,TILL-560340,USSD_*150*01#,LIPA_KWA_SIMU_MERCHANT,93300.0,746.4,TZ-PWA-001,SUCCESS,NONE
TPESA-3002548,2026-09-01 06:46:51,+25565***760,+25567755417,TIGO_PESA_APP,P2P_TRANSFER,115600.0,1734.0,TZ-TAN-001,SUCCESS,NONE
TPESA-3002549,2026-09-07 08:48:00,+25567***635,+25574886116,TIGO_PESA_APP,CASH_OUT_WAKALA,266500.0,3997.5,TZ-TAB-001,SUCCESS,NONE
TPESA-3002550,2026-09-02 13:59:15,+25571***096,+25571322096,USSD_*150*01#,AIRTIME_TOP_UP,10700.0,0.0,TZ-KIL-003,SUCCESS,NONE
TPESA-3002551,2026-09-05 22:18:44,+25577***580,TILL-505584,USSD_*150*01#,LIPA_KWA_SIMU_MERCHANT,62300.0,498.4,TZ-TAB-001,SUCCESS,NONE
TPESA-3002552,2026-09-07 13:49:03,+25577***039,+25577549512,TIGO_PESA_APP,P2P_TRANSFER,134200.0,2013.0,TZ-ZNZ-002,SUCCESS,NONE
TPESA-3002553,2026-09-01 08:13:25,+25565***767,+25571295586,TIGO_PESA_APP,P2P_TRANSFER,227200.0,3408.0,TZ-TAB-001,SUCCESS,NONE
TPESA-3002554,2026-09-04 15:35:43,+25565***875,TILL-948008,TIGO_PESA_APP,LIPA_KWA_SIMU_MERCHANT,102800.0,822.4,TZ-DAR-005,SUCCESS,NONE
TPESA-3002555,2026-09-02 14:05:45,+25577***049,TILL-903026,USSD_*150*01#,LIPA_KWA_SIMU_MERCHANT,27900.0,223.2,TZ-DOM-003,SUCCESS,NONE
TPESA-3002556,2026-09-01 22:25:18,+25571***580,+25571966229,USSD_*150*01#,CASH_OUT_WAKALA,497700.0,7465.5,TZ-DAR-007,SUCCESS,NONE
TPESA-3002557,2026-09-05 16:53:19,+25565***298,+25565873298,TIGO_PESA_APP,AIRTIME_TOP_UP,4900.0,0.0,TZ-MWA-003,SUCCESS,NONE
TPESA-3002558,2026-09-01 10:50:31,+25571***402,+25567576407,USSD_*150*01#,P2P_TRANSFER,118500.0,1777.5,TZ-DAR-014,SUCCESS,NONE
TPESA-3002559,2026-09-06 09:11:11,+25567***259,TILL-953389,TIGO_PESA_APP,LIPA_KWA_SIMU_MERCHANT,47700.0,381.6,TZ-SON-001,SUCCESS,NONE
TPESA-3002560,2026-09-02 06:49:42,+25567***257,TILL-882588,TIGO_PESA_APP,LIPA_KWA_SIMU_MERCHANT,123200.0,985.6,TZ-PEM-001,SUCCESS,NONE
TPESA-3002561,2026-09-07 21:34:24,+25565***531,+25571317524,TIGO_PESA_APP,CASH_OUT_WAKALA,208000.0,3120.0,TZ-KIL-002,SUCCESS,NONE
TPESA-3002562,2026-09-03 17:40:32,+25571***326,+25577156617,USSD_*150*01#,BANK_TO_WALLET_DEPOSIT,729200.0,10938.0,TZ-DAR-015,SUCCESS,NONE
TPESA-3002563,2026-09-07 13:08:05,+25567***919,TILL-526570,TIGO_PESA_APP,LIPA_KWA_SIMU_MERCHANT,51700.0,413.6,TZ-MBY-002,SUCCESS,NONE
TPESA-3002564,2026-09-06 06:40:18,+25565***324,TILL-871802,TIGO_PESA_APP,LIPA_KWA_SIMU_MERCHANT,4000.0,32.0,TZ-SON-001,SUCCESS,NONE
TPESA-3002565,2026-09-05 07:10:41,+25571***659,+25576691760,TIGO_PESA_APP,CASH_OUT_WAKALA,330800.0,4962.0,TZ-DOM-001,SUCCESS,NONE
TPESA-3002566,2026-09-01 15:55:49,+25571***313,+25567236731,TIGO_PESA_APP,P2P_TRANSFER,78000.0,1170.0,TZ-TND-001,SUCCESS,NONE
TPESA-3002567,2026-09-07 13:38:27,+25571***849,+25571932946,TIGO_PESA_APP,CASH_OUT_WAKALA,108700.0,1630.5,TZ-ZNZ-003,SUCCESS,NONE
TPESA-3002568,2026-09-04 10:21:38,+25565***477,+25577968381,USSD_*150*01#,P2P_TRANSFER,150000.0,2250.0,TZ-PEM-001,SUCCESS,NONE
TPESA-3002569,2026-09-05 17:09:34,+25567***315,TILL-511762,TIGO_PESA_APP,LIPA_KWA_SIMU_MERCHANT,15100.0,120.8,TZ-MAR-001,SUCCESS,NONE
TPESA-3002570,2026-09-01 08:57:37,+25571***712,TILL-542259,USSD_*150*01#,LIPA_KWA_SIMU_MERCHANT,95300.0,762.4,TZ-DAR-003,SUCCESS,NONE
TPESA-3002571,2026-09-06 06:31:46,+25571***580,+25571829934,USSD_*150*01#,P2P_TRANSFER,182600.0,2739.0,TZ-DAR-006,SUCCESS,NONE
TPESA-3002572,2026-09-06 15:37:10,+25577***675,TILL-783700,USSD_*150*01#,LIPA_KWA_SIMU_MERCHANT,62100.0,496.8,TZ-DAR-015,SUCCESS,NONE
TPESA-3002573,2026-09-07 07:13:41,+25577***616,+25574131951,USSD_*150*01#,P2P_TRANSFER,123000.0,1845.0,TZ-MBY-002,SUCCESS,NONE
TPESA-3002574,2026-09-01 15:16:28,+25565***154,+25565382154,TIGO_PESA_APP,AIRTIME_TOP_UP,14500.0,0.0,TZ-MTW-001,SUCCESS,NONE
TPESA-3002575,2026-09-01 18:34:21,+25577***076,+25577284076,TIGO_PESA_APP,AIRTIME_TOP_UP,8800.0,0.0,TZ-IRI-001,SUCCESS,NONE
TPESA-3002576,2026-09-07 09:28:16,+25567***244,TILL-885500,USSD_*150*01#,LIPA_KWA_SIMU_MERCHANT,132800.0,1062.4,TZ-SNG-001,SUCCESS,NONE
TPESA-3002577,2026-09-06 07:35:25,+25565***715,+25565285715,USSD_*150*01#,AIRTIME_TOP_UP,18800.0,0.0,TZ-ARU-003,SUCCESS,NONE
TPESA-3002578,2026-09-05 13:36:29,+25567***395,+25577235741,USSD_*150*01#,BANK_TO_WALLET_DEPOSIT,245500.0,3682.5,TZ-KIG-001,SUCCESS,NONE
TPESA-3002579,2026-09-03 11:01:58,+25565***138,+25571816109,USSD_*150*01#,CASH_OUT_WAKALA,403400.0,6051.0,TZ-MWA-002,SUCCESS,NONE
TPESA-3002580,2026-09-04 08:35:29,+25565***446,+25571146246,USSD_*150*01#,P2P_TRANSFER,100900.0,1513.5,TZ-ARU-003,SUCCESS,NONE
TPESA-3002581,2026-09-04 15:53:35,+25567***086,TILL-522487,TIGO_PESA_APP,LIPA_KWA_SIMU_MERCHANT,70700.0,565.6,TZ-ARU-003,SUCCESS,NONE
TPESA-3002582,2026-09-02 11:37:24,+25577***304,+25571527442,USSD_*150*01#,P2P_TRANSFER,134500.0,2017.5,TZ-GEI-001,SUCCESS,NONE
TPESA-3002583,2026-09-03 22:29:17,+25577***034,+25571285901,USSD_*150*01#,CASH_OUT_WAKALA,133100.0,1996.5,TZ-MWA-001,SUCCESS,NONE
TPESA-3002584,2026-09-02 21:40:07,+25565***717,+25571510982,TIGO_PESA_APP,CASH_OUT_WAKALA,311800.0,4677.0,TZ-TND-001,SUCCESS,NONE
TPESA-3002585,2026-09-01 18:11:37,+25567***924,+25574422442,TIGO_PESA_APP,CASH_OUT_WAKALA,293500.0,4402.5,TZ-DAR-009,SUCCESS,NONE
TPESA-3002586,2026-09-02 07:33:19,+25565***586,+25577674169,USSD_*150*01#,CASH_OUT_WAKALA,279300.0,4189.5,TZ-PWA-001,SUCCESS,NONE
TPESA-3002587,2026-09-06 07:05:05,+25577***944,+25577535815,TIGO_PESA_APP,P2P_TRANSFER,83900.0,1258.5,TZ-DAR-015,SUCCESS,NONE
TPESA-3002588,2026-09-04 21:33:41,+25571***309,TILL-712848,TIGO_PESA_APP,LIPA_KWA_SIMU_MERCHANT,147500.0,1180.0,TZ-DAR-005,SUCCESS,NONE
TPESA-3002589,2026-09-02 18:50:28,+25577***291,TILL-971136,USSD_*150*01#,LIPA_KWA_SIMU_MERCHANT,92800.0,742.4,TZ-DAR-015,SUCCESS,NONE
TPESA-3002590,2026-09-04 08:54:09,+25577***551,+25576142240,TIGO_PESA_APP,P2P_TRANSFER,249500.0,3742.5,TZ-DAR-014,SUCCESS,NONE
TPESA-3002591,2026-09-01 18:19:01,+25567***193,+25574625128,USSD_*150*01#,BANK_TO_WALLET_DEPOSIT,140200.0,2103.0,TZ-ZNZ-003,SUCCESS,NONE
TPESA-3002592,2026-09-04 20:01:51,+25571***461,+25571266461,USSD_*150*01#,AIRTIME_TOP_UP,10300.0,0.0,TZ-DOM-001,SUCCESS,NONE
TPESA-3002593,2026-09-04 07:48:49,+25577***224,+25577525616,TIGO_PESA_APP,P2P_TRANSFER,91600.0,1374.0,TZ-DOM-001,SUCCESS,NONE
TPESA-3002594,2026-09-03 23:16:15,+25567***496,+25565786717,USSD_*150*01#,P2P_TRANSFER,6200.0,350.0,TZ-TAR-001,SUCCESS,NONE
TPESA-3002595,2026-09-02 18:27:14,+25567***902,+25577634786,TIGO_PESA_APP,P2P_TRANSFER,237900.0,0.0,TZ-MBY-001,FAILED,INSUFFICIENT_FUNDS
TPESA-3002596,2026-09-03 08:02:06,+25565***135,+25571352564,USSD_*150*01#,CASH_OUT_WAKALA,448500.0,6727.5,TZ-TAB-001,SUCCESS,NONE
TPESA-3002597,2026-09-01 18:59:54,+25577***481,+25565271689,TIGO_PESA_APP,CASH_OUT_WAKALA,18900.0,350.0,TZ-MAR-001,SUCCESS,NONE
TPESA-3002598,2026-09-01 09:05:50,+25571***488,+25565929158,USSD_*150*01#,BANK_TO_WALLET_DEPOSIT,771600.0,11574.0,TZ-ZNZ-002,SUCCESS,NONE
TPESA-3002599,2026-09-07 12:09:50,+25577***049,+25577475051,USSD_*150*01#,P2P_TRANSFER,44900.0,673.5,TZ-DAR-009,SUCCESS,NONE
TPESA-3002600,2026-09-03 22:29:55,+25565***760,+25576621114,USSD_*150*01#,P2P_TRANSFER,131400.0,1971.0,TZ-TAN-001,SUCCESS,NONE
TPESA-3002601,2026-09-05 13:43:31,+25565***029,TILL-904524,USSD_*150*01#,LIPA_KWA_SIMU_MERCHANT,81700.0,653.6,TZ-TAN-001,SUCCESS,NONE
TPESA-3002602,2026-09-05 08:36:12,+25567***760,+25567657881,USSD_*150*01#,P2P_TRANSFER,219400.0,3291.0,TZ-NJO-001,SUCCESS,NONE
TPESA-3002603,2026-09-04 06:45:23,+25565***723,+25577876161,TIGO_PESA_APP,CASH_OUT_WAKALA,308100.0,4621.5,TZ-DAR-012,SUCCESS,NONE
TPESA-3002604,2026-09-05 08:37:34,+25565***124,TILL-752750,USSD_*150*01#,LIPA_KWA_SIMU_MERCHANT,44500.0,356.0,TZ-MWA-002,SUCCESS,NONE
TPESA-3002605,2026-09-05 17:12:06,+25571***357,+25571133597,TIGO_PESA_APP,CASH_OUT_WAKALA,61100.0,916.5,TZ-IRI-001,SUCCESS,NONE
TPESA-3002606,2026-09-01 09:15:09,+25577***151,+25575391778,TIGO_PESA_APP,CASH_OUT_WAKALA,49100.0,736.5,TZ-BUK-001,SUCCESS,NONE
TPESA-3002607,2026-09-02 13:18:24,+25571***540,+25576945679,TIGO_PESA_APP,BANK_TO_WALLET_DEPOSIT,213700.0,3205.5,TZ-KIL-002,SUCCESS,NONE
TPESA-3002608,2026-09-02 19:12:24,+25571***539,TILL-993694,USSD_*150*01#,LIPA_KWA_SIMU_MERCHANT,11800.0,94.4,TZ-DAR-004,SUCCESS,NONE
TPESA-3002609,2026-09-06 15:45:33,+25571***621,+25571105621,USSD_*150*01#,AIRTIME_TOP_UP,17900.0,0.0,TZ-DAR-012,SUCCESS,NONE
TPESA-3002610,2026-09-01 23:21:00,+25565***020,+25575505602,USSD_*150*01#,P2P_TRANSFER,133700.0,2005.5,TZ-DAR-010,SUCCESS,NONE
TPESA-3002611,2026-09-01 09:36:10,+25567***172,TILL-645702,USSD_*150*01#,LIPA_KWA_SIMU_MERCHANT,53800.0,430.4,TZ-MBY-001,SUCCESS,NONE
TPESA-3002612,2026-09-06 22:47:23,+25565***701,+25576151629,TIGO_PESA_APP,P2P_TRANSFER,245900.0,3688.5,TZ-TND-001,SUCCESS,NONE
TPESA-3002613,2026-09-06 23:56:12,+25577***945,TILL-907585,USSD_*150*01#,LIPA_KWA_SIMU_MERCHANT,55300.0,442.4,TZ-KIL-001,SUCCESS,NONE
TPESA-3002614,2026-09-06 17:19:27,+25565***044,+25567217281,USSD_*150*01#,P2P_TRANSFER,189200.0,2838.0,TZ-TAN-003,SUCCESS,NONE
TPESA-3002615,2026-09-06 23:09:07,+25571***812,+25571670769,USSD_*150*01#,P2P_TRANSFER,39700.0,595.5,TZ-ARU-001,SUCCESS,NONE
TPESA-3002616,2026-09-02 19:18:20,+25571***334,TILL-647956,USSD_*150*01#,LIPA_KWA_SIMU_MERCHANT,119100.0,952.8,TZ-DAR-009,SUCCESS,NONE
TPESA-3002617,2026-09-04 08:57:14,+25567***128,+25567460095,TIGO_PESA_APP,P2P_TRANSFER,112500.0,1687.5,TZ-ARU-002,SUCCESS,NONE
TPESA-3002618,2026-09-04 10:57:06,+25577***424,TILL-929885,TIGO_PESA_APP,LIPA_KWA_SIMU_MERCHANT,136500.0,1092.0,TZ-DAR-001,SUCCESS,NONE
TPESA-3002619,2026-09-01 22:51:09,+25567***106,TILL-951114,TIGO_PESA_APP,LIPA_KWA_SIMU_MERCHANT,50100.0,400.8,TZ-MWA-003,SUCCESS,NONE
TPESA-3002620,2026-09-03 17:23:28,+25571***371,+25577872841,USSD_*150*01#,CASH_OUT_WAKALA,465200.0,6978.0,TZ-TAR-001,SUCCESS,NONE
TPESA-3002621,2026-09-02 09:56:46,+25567***266,+25571786483,TIGO_PESA_APP,P2P_TRANSFER,75500.0,1132.5,TZ-TAR-001,SUCCESS,NONE
TPESA-3002622,2026-09-02 20:08:20,+25567***125,+25577995497,USSD_*150*01#,BANK_TO_WALLET_DEPOSIT,377800.0,5667.0,TZ-MTW-001,SUCCESS,NONE
TPESA-3002623,2026-09-04 21:13:04,+25577***049,+25574623232,USSD_*150*01#,CASH_OUT_WAKALA,325900.0,4888.5,TZ-DOM-003,SUCCESS,NONE
TPESA-3002624,2026-09-02 16:11:47,+25567***690,+25567634576,USSD_*150*01#,CASH_OUT_WAKALA,208500.0,3127.5,TZ-GEI-001,SUCCESS,NONE
TPESA-3002625,2026-09-07 14:56:42,+25577***794,TILL-970805,USSD_*150*01#,LIPA_KWA_SIMU_MERCHANT,77100.0,616.8,TZ-ZNZ-004,SUCCESS,NONE
TPESA-3002626,2026-09-06 23:05:00,+25565***287,+25574923798,USSD_*150*01#,CASH_OUT_WAKALA,384300.0,5764.5,TZ-KIL-002,SUCCESS,NONE
TPESA-3002627,2026-09-07 16:20:46,+25571***787,TILL-674224,TIGO_PESA_APP,LIPA_KWA_SIMU_MERCHANT,117000.0,936.0,TZ-SNG-001,SUCCESS,NONE
TPESA-3002628,2026-09-03 08:13:27,+25577***612,TILL-601509,USSD_*150*01#,LIPA_KWA_SIMU_MERCHANT,106700.0,853.6,TZ-DAR-003,SUCCESS,NONE
TPESA-3002629,2026-09-03 17:24:22,+25571***831,+25571972831,TIGO_PESA_APP,AIRTIME_TOP_UP,8400.0,0.0,TZ-MOR-001,SUCCESS,NONE
TPESA-3002630,2026-09-07 16:16:16,+25567***525,TILL-682154,TIGO_PESA_APP,LIPA_KWA_SIMU_MERCHANT,8500.0,68.0,TZ-KAH-001,SUCCESS,NONE
TPESA-3002631,2026-09-06 08:45:13,+25571***704,+25565951043,TIGO_PESA_APP,P2P_TRANSFER,132800.0,1992.0,TZ-MWA-002,SUCCESS,NONE
TPESA-3002632,2026-09-05 09:38:20,+25571***341,+25571227341,USSD_*150*01#,AIRTIME_TOP_UP,2600.0,0.0,TZ-NJO-001,SUCCESS,NONE
TPESA-3002633,2026-09-04 06:27:44,+25577***975,TILL-683608,USSD_*150*01#,LIPA_KWA_SIMU_MERCHANT,85900.0,687.2,TZ-DAR-001,SUCCESS,NONE
TPESA-3002634,2026-09-03 19:35:45,+25565***883,TILL-989645,TIGO_PESA_APP,LIPA_KWA_SIMU_MERCHANT,145100.0,1160.8,TZ-DOM-002,SUCCESS,NONE
TPESA-3002635,2026-09-02 09:43:02,+25571***620,+25571424620,USSD_*150*01#,AIRTIME_TOP_UP,19700.0,0.0,TZ-NJO-001,SUCCESS,NONE
TPESA-3002636,2026-09-01 18:07:58,+25567***689,+25567147464,TIGO_PESA_APP,P2P_TRANSFER,193800.0,2907.0,TZ-MTW-001,SUCCESS,NONE
TPESA-3002637,2026-09-06 13:14:11,+25567***948,+25565808670,USSD_*150*01#,CASH_OUT_WAKALA,25200.0,378.0,TZ-SNG-001,SUCCESS,NONE
TPESA-3002638,2026-09-02 12:41:10,+25577***641,+25576587215,USSD_*150*01#,CASH_OUT_WAKALA,263200.0,3948.0,TZ-DAR-008,SUCCESS,NONE
TPESA-3002639,2026-09-04 16:22:19,+25567***177,+25576820817,USSD_*150*01#,BANK_TO_WALLET_DEPOSIT,433900.0,6508.5,TZ-ARU-002,SUCCESS,NONE
TPESA-3002640,2026-09-07 15:31:10,+25567***456,+25576514832,USSD_*150*01#,CASH_OUT_WAKALA,303600.0,4554.0,TZ-MBY-001,SUCCESS,NONE
TPESA-3002641,2026-09-03 20:07:39,+25567***415,TILL-909527,USSD_*150*01#,LIPA_KWA_SIMU_MERCHANT,26900.0,215.2,TZ-NJO-001,SUCCESS,NONE
TPESA-3002642,2026-09-05 22:44:05,+25565***295,+25577274938,USSD_*150*01#,P2P_TRANSFER,171400.0,2571.0,TZ-KAH-001,SUCCESS,NONE
TPESA-3002643,2026-09-03 13:18:46,+25565***455,+25567927608,USSD_*150*01#,CASH_OUT_WAKALA,162200.0,2433.0,TZ-MWA-003,SUCCESS,NONE
TPESA-3002644,2026-09-02 10:39:43,+25577***208,+25571925388,USSD_*150*01#,P2P_TRANSFER,193900.0,2908.5,TZ-ZNZ-004,SUCCESS,NONE
TPESA-3002645,2026-09-02 15:54:03,+25567***551,TILL-774850,TIGO_PESA_APP,LIPA_KWA_SIMU_MERCHANT,129900.0,1039.2,TZ-DAR-011,SUCCESS,NONE
TPESA-3002646,2026-09-01 08:43:08,+25577***291,+25577417352,TIGO_PESA_APP,P2P_TRANSFER,162900.0,2443.5,TZ-DAR-015,SUCCESS,NONE
TPESA-3002647,2026-09-05 17:06:41,+25565***299,+25565957486,TIGO_PESA_APP,BANK_TO_WALLET_DEPOSIT,664700.0,9970.5,TZ-ZNZ-004,SUCCESS,NONE
TPESA-3002648,2026-09-03 21:09:27,+25567***941,TILL-769420,USSD_*150*01#,LIPA_KWA_SIMU_MERCHANT,63200.0,505.6,TZ-ARU-002,SUCCESS,NONE
TPESA-3002649,2026-09-03 14:01:57,+25567***860,+25571502854,TIGO_PESA_APP,P2P_TRANSFER,73500.0,0.0,TZ-ZNZ-001,FAILED,PIN_MAX_ATTEMPTS_EXCEEDED
TPESA-3002650,2026-09-03 19:03:18,+25567***037,+25567146037,USSD_*150*01#,AIRTIME_TOP_UP,8500.0,0.0,TZ-ARU-002,SUCCESS,NONE
TPESA-3002651,2026-09-05 06:39:42,+25577***619,+25571820516,USSD_*150*01#,P2P_TRANSFER,101200.0,1518.0,TZ-SHI-001,SUCCESS,NONE
TPESA-3002652,2026-09-01 18:51:42,+25565***821,TILL-794335,USSD_*150*01#,LIPA_KWA_SIMU_MERCHANT,11700.0,93.6,TZ-TND-001,SUCCESS,NONE
TPESA-3002653,2026-09-04 20:45:12,+25567***792,+25567955792,USSD_*150*01#,AIRTIME_TOP_UP,18400.0,0.0,TZ-ARU-002,SUCCESS,NONE
TPESA-3002654,2026-09-06 18:21:52,+25567***781,TILL-557549,USSD_*150*01#,LIPA_KWA_SIMU_MERCHANT,97800.0,782.4,TZ-MTW-001,SUCCESS,NONE
TPESA-3002655,2026-09-03 18:52:08,+25565***209,+25565863209,USSD_*150*01#,AIRTIME_TOP_UP,2500.0,0.0,TZ-MWA-002,SUCCESS,NONE
TPESA-3002656,2026-09-07 21:44:06,+25565***302,+25575987519,USSD_*150*01#,CASH_OUT_WAKALA,189700.0,2845.5,TZ-KAH-001,SUCCESS,NONE
TPESA-3002657,2026-09-01 09:06:30,+25571***867,+25567255358,TIGO_PESA_APP,CASH_OUT_WAKALA,83200.0,1248.0,TZ-MWA-002,SUCCESS,NONE
TPESA-3002658,2026-09-06 22:22:18,+25567***241,TILL-997758,USSD_*150*01#,LIPA_KWA_SIMU_MERCHANT,118700.0,949.6,TZ-SON-001,SUCCESS,NONE
TPESA-3002659,2026-09-01 08:58:31,+25577***164,+25577350164,USSD_*150*01#,AIRTIME_TOP_UP,4900.0,0.0,TZ-MWA-002,SUCCESS,NONE
TPESA-3002660,2026-09-02 11:03:04,+25577***459,+25565547463,TIGO_PESA_APP,P2P_TRANSFER,11800.0,350.0,TZ-ZNZ-004,SUCCESS,NONE
TPESA-3002661,2026-09-05 16:52:52,+25571***686,+25567259387,USSD_*150*01#,P2P_TRANSFER,86400.0,1296.0,TZ-DAR-009,SUCCESS,NONE
TPESA-3002662,2026-09-04 15:10:00,+25567***420,+25567417420,USSD_*150*01#,AIRTIME_TOP_UP,4000.0,0.0,TZ-ZNZ-003,SUCCESS,NONE
TPESA-3002663,2026-09-01 20:41:41,+25577***665,+25565704297,TIGO_PESA_APP,BANK_TO_WALLET_DEPOSIT,53200.0,798.0,TZ-DAR-001,SUCCESS,NONE
TPESA-3002664,2026-09-01 12:01:56,+25565***395,TILL-793024,USSD_*150*01#,LIPA_KWA_SIMU_MERCHANT,60500.0,484.0,TZ-SNG-001,SUCCESS,NONE
TPESA-3002665,2026-09-03 16:17:24,+25571***774,TILL-946663,USSD_*150*01#,LIPA_KWA_SIMU_MERCHANT,84100.0,672.8,TZ-SNG-001,SUCCESS,NONE
TPESA-3002666,2026-09-05 09:46:29,+25567***643,+25571993965,USSD_*150*01#,P2P_TRANSFER,126300.0,1894.5,TZ-MAR-001,SUCCESS,NONE
TPESA-3002667,2026-09-05 06:16:56,+25577***912,TILL-859416,USSD_*150*01#,LIPA_KWA_SIMU_MERCHANT,25800.0,0.0,TZ-SHI-001,FAILED,PIN_MAX_ATTEMPTS_EXCEEDED
TPESA-3002668,2026-09-02 20:21:39,+25565***848,+25565888030,TIGO_PESA_APP,CASH_OUT_WAKALA,91800.0,1377.0,TZ-KIL-002,SUCCESS,NONE
TPESA-3002669,2026-09-02 20:19:53,+25577***401,+25565535420,USSD_*150*01#,CASH_OUT_WAKALA,255600.0,3834.0,TZ-IRI-001,SUCCESS,NONE
TPESA-3002670,2026-09-07 21:31:02,+25565***895,+25577294592,TIGO_PESA_APP,P2P_TRANSFER,247500.0,3712.5,TZ-MWA-002,SUCCESS,NONE
TPESA-3002671,2026-09-04 11:01:13,+25571***774,+25571536774,USSD_*150*01#,AIRTIME_TOP_UP,12400.0,0.0,TZ-SNG-001,SUCCESS,NONE
TPESA-3002672,2026-09-02 16:01:01,+25567***185,+25565642789,TIGO_PESA_APP,CASH_OUT_WAKALA,222000.0,3330.0,TZ-GEI-001,SUCCESS,NONE
TPESA-3002673,2026-09-06 18:59:09,+25567***852,+25571515819,USSD_*150*01#,P2P_TRANSFER,101000.0,1515.0,TZ-MTW-001,SUCCESS,NONE
TPESA-3002674,2026-09-03 18:02:32,+25567***883,+25571636405,USSD_*150*01#,CASH_OUT_WAKALA,246300.0,3694.5,TZ-IRI-001,SUCCESS,NONE
TPESA-3002675,2026-09-03 15:46:41,+25571***743,+25575425570,USSD_*150*01#,P2P_TRANSFER,146500.0,2197.5,TZ-MTW-001,SUCCESS,NONE
TPESA-3002676,2026-09-04 19:21:00,+25571***071,+25565744021,TIGO_PESA_APP,CASH_OUT_WAKALA,221600.0,3324.0,TZ-TAR-001,SUCCESS,NONE
TPESA-3002677,2026-09-01 13:39:09,+25565***382,TILL-660980,TIGO_PESA_APP,LIPA_KWA_SIMU_MERCHANT,41700.0,333.6,TZ-DAR-010,SUCCESS,NONE
TPESA-3002678,2026-09-06 13:01:04,+25577***468,+25577631468,TIGO_PESA_APP,AIRTIME_TOP_UP,11500.0,0.0,TZ-MWA-001,SUCCESS,NONE
TPESA-3002679,2026-09-01 09:08:32,+25567***167,TILL-823753,USSD_*150*01#,LIPA_KWA_SIMU_MERCHANT,26800.0,214.4,TZ-BUK-001,SUCCESS,NONE
TPESA-3002680,2026-09-05 22:35:48,+25567***684,+25567572684,USSD_*150*01#,AIRTIME_TOP_UP,7200.0,0.0,TZ-DAR-013,SUCCESS,NONE
TPESA-3002681,2026-09-07 11:00:07,+25565***338,+25567975867,TIGO_PESA_APP,P2P_TRANSFER,71900.0,1078.5,TZ-DAR-006,SUCCESS,NONE
TPESA-3002682,2026-09-07 23:42:53,+25577***449,+25577626449,TIGO_PESA_APP,AIRTIME_TOP_UP,19200.0,0.0,TZ-DAR-001,FAILED,INSUFFICIENT_FUNDS
TPESA-3002683,2026-09-03 13:00:29,+25565***315,TILL-675413,USSD_*150*01#,LIPA_KWA_SIMU_MERCHANT,3900.0,31.2,TZ-ARU-001,SUCCESS,NONE
TPESA-3002684,2026-09-02 23:32:32,+25567***887,TILL-671768,USSD_*150*01#,LIPA_KWA_SIMU_MERCHANT,125000.0,1000.0,TZ-DOM-003,SUCCESS,NONE
TPESA-3002685,2026-09-07 18:26:17,+25565***298,+25577439852,USSD_*150*01#,BANK_TO_WALLET_DEPOSIT,413700.0,6205.5,TZ-MWA-003,SUCCESS,NONE
TPESA-3002686,2026-09-02 18:14:26,+25565***196,+25565904879,TIGO_PESA_APP,CASH_OUT_WAKALA,255900.0,3838.5,TZ-KAH-001,SUCCESS,NONE
TPESA-3002687,2026-09-03 13:54:26,+25571***710,TILL-946430,USSD_*150*01#,LIPA_KWA_SIMU_MERCHANT,37400.0,299.2,TZ-DAR-015,SUCCESS,NONE
TPESA-3002688,2026-09-04 20:38:06,+25577***896,+25571583928,USSD_*150*01#,P2P_TRANSFER,237400.0,3561.0,TZ-MOR-001,SUCCESS,NONE
TPESA-3002689,2026-09-04 18:31:16,+25577***238,TILL-720816,TIGO_PESA_APP,LIPA_KWA_SIMU_MERCHANT,25600.0,204.8,TZ-PWA-001,SUCCESS,NONE
TPESA-3002690,2026-09-03 15:18:39,+25571***968,+25567591955,USSD_*150*01#,BANK_TO_WALLET_DEPOSIT,942000.0,14130.0,TZ-ARU-002,SUCCESS,NONE
TPESA-3002691,2026-09-06 13:46:15,+25577***556,TILL-758194,USSD_*150*01#,LIPA_KWA_SIMU_MERCHANT,100600.0,804.8,TZ-DAR-011,SUCCESS,NONE
TPESA-3002692,2026-09-06 14:02:03,+25567***458,+25575875199,TIGO_PESA_APP,CASH_OUT_WAKALA,126600.0,1899.0,TZ-TAN-003,SUCCESS,NONE
TPESA-3002693,2026-09-06 19:08:36,+25571***000,+25576802248,TIGO_PESA_APP,BANK_TO_WALLET_DEPOSIT,431700.0,6475.5,TZ-MWA-001,SUCCESS,NONE
TPESA-3002694,2026-09-02 13:33:39,+25571***992,+25567779705,TIGO_PESA_APP,P2P_TRANSFER,244400.0,3666.0,TZ-TAN-001,SUCCESS,NONE
TPESA-3002695,2026-09-05 17:57:09,+25567***306,+25571633839,USSD_*150*01#,P2P_TRANSFER,136200.0,2043.0,TZ-KAH-001,SUCCESS,NONE
TPESA-3002696,2026-09-01 20:51:41,+25567***602,TILL-795093,TIGO_PESA_APP,LIPA_KWA_SIMU_MERCHANT,50800.0,406.4,TZ-MOR-001,SUCCESS,NONE
TPESA-3002697,2026-09-03 11:55:35,+25565***500,+25577992029,USSD_*150*01#,P2P_TRANSFER,12400.0,350.0,TZ-KIL-002,SUCCESS,NONE
TPESA-3002698,2026-09-04 21:02:19,+25565***429,+25576891502,USSD_*150*01#,P2P_TRANSFER,140000.0,2100.0,TZ-MBY-001,SUCCESS,NONE
TPESA-3002699,2026-09-03 10:28:20,+25577***246,TILL-501935,USSD_*150*01#,LIPA_KWA_SIMU_MERCHANT,53800.0,430.4,TZ-DOM-001,SUCCESS,NONE
TPESA-3002700,2026-09-05 14:50:08,+25571***461,+25575500301,TIGO_PESA_APP,P2P_TRANSFER,191000.0,2865.0,TZ-DOM-001,SUCCESS,NONE
TPESA-3002701,2026-09-04 11:33:02,+25565***723,+25565461004,USSD_*150*01#,P2P_TRANSFER,206700.0,3100.5,TZ-DAR-012,SUCCESS,NONE
TPESA-3002702,2026-09-05 14:43:01,+25567***337,+25567327337,TIGO_PESA_APP,AIRTIME_TOP_UP,13500.0,0.0,TZ-ZNZ-002,SUCCESS,NONE
TPESA-3002703,2026-09-07 14:43:47,+25577***118,TILL-975299,USSD_*150*01#,LIPA_KWA_SIMU_MERCHANT,129000.0,1032.0,TZ-DAR-012,SUCCESS,NONE
TPESA-3002704,2026-09-07 06:59:35,+25567***634,+25571760100,TIGO_PESA_APP,P2P_TRANSFER,28600.0,429.0,TZ-TAR-001,SUCCESS,NONE
TPESA-3002705,2026-09-03 17:36:42,+25567***792,TILL-549146,TIGO_PESA_APP,LIPA_KWA_SIMU_MERCHANT,10300.0,82.4,TZ-ARU-002,SUCCESS,NONE
TPESA-3002706,2026-09-04 23:52:33,+25567***962,+25565593092,TIGO_PESA_APP,CASH_OUT_WAKALA,262700.0,3940.5,TZ-MWA-001,SUCCESS,NONE
TPESA-3002707,2026-09-07 22:15:09,+25577***608,+25567859136,USSD_*150*01#,P2P_TRANSFER,195400.0,2931.0,TZ-DAR-004,SUCCESS,NONE
TPESA-3002708,2026-09-07 19:32:29,+25565***052,+25571361452,USSD_*150*01#,CASH_OUT_WAKALA,488500.0,7327.5,TZ-TAN-002,SUCCESS,NONE
TPESA-3002709,2026-09-04 20:57:43,+25571***955,+25575222186,USSD_*150*01#,CASH_OUT_WAKALA,22800.0,350.0,TZ-PEM-001,SUCCESS,NONE
TPESA-3002710,2026-09-01 23:25:43,+25565***895,+25577124492,TIGO_PESA_APP,BANK_TO_WALLET_DEPOSIT,826900.0,12403.5,TZ-MBY-001,SUCCESS,NONE
TPESA-3002711,2026-09-05 20:05:16,+25567***977,+25574323724,TIGO_PESA_APP,P2P_TRANSFER,184400.0,2766.0,TZ-DAR-008,SUCCESS,NONE
TPESA-3002712,2026-09-02 08:27:53,+25577***215,TILL-700050,USSD_*150*01#,LIPA_KWA_SIMU_MERCHANT,137800.0,1102.4,TZ-MBY-001,SUCCESS,NONE
TPESA-3002713,2026-09-06 14:00:26,+25577***705,+25577369705,USSD_*150*01#,AIRTIME_TOP_UP,9400.0,0.0,TZ-MWA-001,SUCCESS,NONE
TPESA-3002714,2026-09-06 10:22:19,+25567***217,+25567821828,TIGO_PESA_APP,P2P_TRANSFER,97900.0,1468.5,TZ-DAR-012,SUCCESS,NONE
TPESA-3002715,2026-09-02 16:37:18,+25565***245,+25565679317,TIGO_PESA_APP,P2P_TRANSFER,45700.0,685.5,TZ-MOR-001,SUCCESS,NONE
TPESA-3002716,2026-09-02 07:47:47,+25571***843,+25571533843,TIGO_PESA_APP,AIRTIME_TOP_UP,18300.0,0.0,TZ-MTW-001,SUCCESS,NONE
TPESA-3002717,2026-09-05 08:40:23,+25571***679,TILL-707033,USSD_*150*01#,LIPA_KWA_SIMU_MERCHANT,91400.0,731.2,TZ-DAR-009,SUCCESS,NONE
TPESA-3002718,2026-09-02 17:17:19,+25577***455,TILL-852378,TIGO_PESA_APP,LIPA_KWA_SIMU_MERCHANT,48500.0,388.0,TZ-ZNZ-002,SUCCESS,NONE
TPESA-3002719,2026-09-07 21:14:00,+25571***955,+25567732501,USSD_*150*01#,BANK_TO_WALLET_DEPOSIT,144700.0,2170.5,TZ-PEM-001,SUCCESS,NONE
TPESA-3002720,2026-09-04 10:51:03,+25565***041,+25567109861,TIGO_PESA_APP,P2P_TRANSFER,128900.0,1933.5,TZ-DAR-003,SUCCESS,NONE
TPESA-3002721,2026-09-06 16:15:08,+25577***949,+25576656353,USSD_*150*01#,P2P_TRANSFER,11700.0,350.0,TZ-TND-001,SUCCESS,NONE
TPESA-3002722,2026-09-02 08:40:26,+25565***178,+25567575257,TIGO_PESA_APP,CASH_OUT_WAKALA,415800.0,6237.0,TZ-ARU-002,SUCCESS,NONE
TPESA-3002723,2026-09-07 08:29:06,+25565***595,+25574505246,USSD_*150*01#,CASH_OUT_WAKALA,217500.0,3262.5,TZ-DAR-009,SUCCESS,NONE
TPESA-3002724,2026-09-01 12:42:23,+25567***022,+25571994392,TIGO_PESA_APP,P2P_TRANSFER,215000.0,3225.0,TZ-TND-001,SUCCESS,NONE
TPESA-3002725,2026-09-04 19:26:15,+25571***113,TILL-587333,TIGO_PESA_APP,LIPA_KWA_SIMU_MERCHANT,141000.0,1128.0,TZ-GEI-001,SUCCESS,NONE
TPESA-3002726,2026-09-05 06:11:27,+25567***363,TILL-962363,TIGO_PESA_APP,LIPA_KWA_SIMU_MERCHANT,72900.0,583.2,TZ-PWA-001,SUCCESS,NONE
TPESA-3002727,2026-09-07 12:36:02,+25577***655,+25571524312,USSD_*150*01#,P2P_TRANSFER,160300.0,2404.5,TZ-KIL-001,SUCCESS,NONE
TPESA-3002728,2026-09-05 13:48:25,+25577***015,TILL-969884,USSD_*150*01#,LIPA_KWA_SIMU_MERCHANT,36700.0,293.6,TZ-IRI-001,SUCCESS,NONE
TPESA-3002729,2026-09-03 09:49:15,+25565***164,+25576860270,TIGO_PESA_APP,CASH_OUT_WAKALA,347000.0,5205.0,TZ-PWA-002,SUCCESS,NONE
TPESA-3002730,2026-09-06 22:44:41,+25571***967,TILL-555657,USSD_*150*01#,LIPA_KWA_SIMU_MERCHANT,115600.0,924.8,TZ-DAR-001,SUCCESS,NONE
TPESA-3002731,2026-09-05 15:31:52,+25571***566,+25567969393,TIGO_PESA_APP,CASH_OUT_WAKALA,133600.0,2004.0,TZ-ARU-003,SUCCESS,NONE
TPESA-3002732,2026-09-07 13:53:36,+25565***489,+25565874650,TIGO_PESA_APP,P2P_TRANSFER,100400.0,1506.0,TZ-DOM-002,SUCCESS,NONE
TPESA-3002733,2026-09-03 15:02:53,+25567***791,+25567413791,USSD_*150*01#,AIRTIME_TOP_UP,11600.0,0.0,TZ-DAR-011,SUCCESS,NONE
TPESA-3002734,2026-09-06 21:47:02,+25567***132,+25571933995,TIGO_PESA_APP,CASH_OUT_WAKALA,384200.0,5763.0,TZ-BUK-001,SUCCESS,NONE
TPESA-3002735,2026-09-01 15:00:09,+25565***796,+25565833878,TIGO_PESA_APP,P2P_TRANSFER,240900.0,3613.5,TZ-PWA-002,SUCCESS,NONE
TPESA-3002736,2026-09-02 19:26:36,+25577***120,+25567785406,TIGO_PESA_APP,P2P_TRANSFER,77200.0,1158.0,TZ-DAR-013,SUCCESS,NONE
TPESA-3002737,2026-09-07 20:16:45,+25577***211,+25567460780,TIGO_PESA_APP,P2P_TRANSFER,142300.0,2134.5,TZ-ARU-002,SUCCESS,NONE
TPESA-3002738,2026-09-04 13:15:53,+25565***020,+25567765272,TIGO_PESA_APP,P2P_TRANSFER,91300.0,1369.5,TZ-DAR-010,SUCCESS,NONE
TPESA-3002739,2026-09-01 22:52:36,+25567***692,+25577181174,TIGO_PESA_APP,P2P_TRANSFER,18500.0,350.0,TZ-TAB-001,SUCCESS,NONE
TPESA-3002740,2026-09-04 21:23:21,+25577***173,TILL-946259,USSD_*150*01#,LIPA_KWA_SIMU_MERCHANT,35400.0,283.2,TZ-DAR-006,SUCCESS,NONE
TPESA-3002741,2026-09-05 10:15:24,+25577***691,TILL-682507,TIGO_PESA_APP,LIPA_KWA_SIMU_MERCHANT,63000.0,504.0,TZ-MOR-001,SUCCESS,NONE
TPESA-3002742,2026-09-02 22:01:19,+25577***287,TILL-821266,USSD_*150*01#,LIPA_KWA_SIMU_MERCHANT,51600.0,412.8,TZ-DAR-009,SUCCESS,NONE
TPESA-3002743,2026-09-07 07:24:50,+25571***895,TILL-739120,TIGO_PESA_APP,LIPA_KWA_SIMU_MERCHANT,141500.0,1132.0,TZ-DOM-001,SUCCESS,NONE
TPESA-3002744,2026-09-01 08:56:10,+25567***456,+25577666929,TIGO_PESA_APP,P2P_TRANSFER,172300.0,2584.5,TZ-MBY-001,SUCCESS,NONE
TPESA-3002745,2026-09-05 14:47:44,+25565***775,+25576259439,TIGO_PESA_APP,P2P_TRANSFER,43600.0,654.0,TZ-ARU-001,SUCCESS,NONE
TPESA-3002746,2026-09-04 10:20:39,+25571***495,+25567517845,TIGO_PESA_APP,BANK_TO_WALLET_DEPOSIT,196300.0,2944.5,TZ-DAR-013,SUCCESS,NONE
TPESA-3002747,2026-09-06 20:16:04,+25571***822,+25575216456,TIGO_PESA_APP,P2P_TRANSFER,187000.0,2805.0,TZ-BUK-001,SUCCESS,NONE
TPESA-3002748,2026-09-07 07:56:52,+25565***561,TILL-939239,USSD_*150*01#,LIPA_KWA_SIMU_MERCHANT,64200.0,513.6,TZ-KIG-001,SUCCESS,NONE
TPESA-3002749,2026-09-01 17:59:29,+25577***652,+25574808169,TIGO_PESA_APP,P2P_TRANSFER,50900.0,763.5,TZ-ARU-001,SUCCESS,NONE
TPESA-3002750,2026-09-06 21:49:44,+25577***188,+25571239503,USSD_*150*01#,P2P_TRANSFER,240600.0,3609.0,TZ-DAR-013,SUCCESS,NONE
TPESA-3002751,2026-09-01 15:42:10,+25567***982,+25575852993,USSD_*150*01#,P2P_TRANSFER,101100.0,1516.5,TZ-ARU-002,SUCCESS,NONE
TPESA-3002752,2026-09-03 13:02:07,+25571***753,+25567841732,USSD_*150*01#,P2P_TRANSFER,202500.0,3037.5,TZ-ZNZ-001,SUCCESS,NONE
TPESA-3002753,2026-09-03 10:51:25,+25565***199,TILL-901243,TIGO_PESA_APP,LIPA_KWA_SIMU_MERCHANT,37900.0,303.2,TZ-TAN-002,SUCCESS,NONE
TPESA-3002754,2026-09-05 14:04:35,+25571***501,+25577465704,TIGO_PESA_APP,P2P_TRANSFER,214400.0,3216.0,TZ-DAR-003,SUCCESS,NONE
TPESA-3002755,2026-09-05 08:23:06,+25567***120,+25571589918,TIGO_PESA_APP,P2P_TRANSFER,227800.0,3417.0,TZ-MTW-001,SUCCESS,NONE
TPESA-3002756,2026-09-07 09:46:42,+25577***824,+25577543824,TIGO_PESA_APP,AIRTIME_TOP_UP,7500.0,0.0,TZ-TAN-001,SUCCESS,NONE
TPESA-3002757,2026-09-01 08:43:04,+25565***302,+25567858689,TIGO_PESA_APP,P2P_TRANSFER,10800.0,350.0,TZ-KAH-001,SUCCESS,NONE
TPESA-3002758,2026-09-01 23:14:34,+25565***888,TILL-581145,USSD_*150*01#,LIPA_KWA_SIMU_MERCHANT,132700.0,1061.6,TZ-DAR-011,SUCCESS,NONE
TPESA-3002759,2026-09-04 18:48:01,+25565***641,+25565338641,USSD_*150*01#,AIRTIME_TOP_UP,11900.0,0.0,TZ-DAR-008,SUCCESS,NONE
TPESA-3002760,2026-09-06 23:42:41,+25565***338,+25565210338,USSD_*150*01#,AIRTIME_TOP_UP,3800.0,0.0,TZ-DAR-006,SUCCESS,NONE
TPESA-3002761,2026-09-07 07:33:51,+25571***116,+25565664186,USSD_*150*01#,P2P_TRANSFER,103200.0,1548.0,TZ-DAR-015,SUCCESS,NONE
TPESA-3002762,2026-09-05 20:44:37,+25577***656,TILL-617285,USSD_*150*01#,LIPA_KWA_SIMU_MERCHANT,3400.0,27.2,TZ-MOR-001,SUCCESS,NONE
TPESA-3002763,2026-09-07 13:59:48,+25577***830,+25574961419,TIGO_PESA_APP,P2P_TRANSFER,190400.0,2856.0,TZ-ARU-001,SUCCESS,NONE
TPESA-3002764,2026-09-05 17:52:28,+25577***724,+25574812391,USSD_*150*01#,CASH_OUT_WAKALA,346500.0,5197.5,TZ-DAR-007,SUCCESS,NONE
TPESA-3002765,2026-09-03 14:44:46,+25567***645,TILL-979322,USSD_*150*01#,LIPA_KWA_SIMU_MERCHANT,129700.0,1037.6,TZ-ZNZ-001,SUCCESS,NONE
TPESA-3002766,2026-09-07 18:37:57,+25577***646,+25575279299,TIGO_PESA_APP,CASH_OUT_WAKALA,35300.0,529.5,TZ-KIG-001,SUCCESS,NONE
TPESA-3002767,2026-09-02 14:39:26,+25565***964,+25565318964,USSD_*150*01#,AIRTIME_TOP_UP,11500.0,0.0,TZ-TAN-003,SUCCESS,NONE
TPESA-3002768,2026-09-06 16:55:31,+25567***280,+25567350280,TIGO_PESA_APP,AIRTIME_TOP_UP,19500.0,0.0,TZ-DAR-001,SUCCESS,NONE
TPESA-3002769,2026-09-01 22:43:47,+25571***336,TILL-876815,USSD_*150*01#,LIPA_KWA_SIMU_MERCHANT,105400.0,843.2,TZ-NJO-001,SUCCESS,NONE
TPESA-3002770,2026-09-07 22:50:35,+25567***721,+25571359032,USSD_*150*01#,P2P_TRANSFER,141800.0,2127.0,TZ-NJO-001,SUCCESS,NONE
TPESA-3002771,2026-09-05 20:52:55,+25565***584,TILL-708860,USSD_*150*01#,LIPA_KWA_SIMU_MERCHANT,51800.0,414.4,TZ-DAR-001,SUCCESS,NONE
TPESA-3002772,2026-09-01 16:19:58,+25565***559,+25565737068,TIGO_PESA_APP,P2P_TRANSFER,119000.0,1785.0,TZ-DOM-003,SUCCESS,NONE
TPESA-3002773,2026-09-01 14:04:43,+25565***224,+25574823052,TIGO_PESA_APP,BANK_TO_WALLET_DEPOSIT,150600.0,2259.0,TZ-DAR-005,SUCCESS,NONE
TPESA-3002774,2026-09-02 07:22:05,+25567***315,TILL-822690,USSD_*150*01#,LIPA_KWA_SIMU_MERCHANT,103900.0,831.2,TZ-MAR-001,SUCCESS,NONE
TPESA-3002775,2026-09-03 23:03:19,+25567***706,TILL-528509,USSD_*150*01#,LIPA_KWA_SIMU_MERCHANT,104000.0,832.0,TZ-PWA-002,SUCCESS,NONE
TPESA-3002776,2026-09-06 12:35:54,+25565***864,+25565223236,TIGO_PESA_APP,P2P_TRANSFER,107000.0,1605.0,TZ-DOM-003,SUCCESS,NONE
TPESA-3002777,2026-09-04 23:20:13,+25577***446,+25575274262,TIGO_PESA_APP,CASH_OUT_WAKALA,49100.0,736.5,TZ-KIL-002,SUCCESS,NONE
TPESA-3002778,2026-09-01 20:00:59,+25565***715,+25577559713,USSD_*150*01#,P2P_TRANSFER,174000.0,2610.0,TZ-DAR-011,SUCCESS,NONE
TPESA-3002779,2026-09-03 18:37:16,+25571***265,+25571611265,TIGO_PESA_APP,AIRTIME_TOP_UP,12300.0,0.0,TZ-DAR-011,SUCCESS,NONE
TPESA-3002780,2026-09-04 06:47:19,+25577***612,TILL-863095,TIGO_PESA_APP,LIPA_KWA_SIMU_MERCHANT,134900.0,1079.2,TZ-DAR-003,SUCCESS,NONE
TPESA-3002781,2026-09-04 13:05:08,+25571***145,TILL-519416,TIGO_PESA_APP,LIPA_KWA_SIMU_MERCHANT,76600.0,612.8,TZ-PWA-001,SUCCESS,NONE
TPESA-3002782,2026-09-02 16:18:53,+25567***193,TILL-542413,USSD_*150*01#,LIPA_KWA_SIMU_MERCHANT,66500.0,0.0,TZ-ZNZ-003,FAILED,INSUFFICIENT_FUNDS
TPESA-3002783,2026-09-05 13:36:04,+25567***489,+25565540900,TIGO_PESA_APP,P2P_TRANSFER,170200.0,2553.0,TZ-ARU-002,SUCCESS,NONE
TPESA-3002784,2026-09-07 19:45:22,+25571***192,TILL-833457,TIGO_PESA_APP,LIPA_KWA_SIMU_MERCHANT,60300.0,482.4,TZ-MWA-002,SUCCESS,NONE
TPESA-3002785,2026-09-05 16:54:14,+25577***556,TILL-580724,TIGO_PESA_APP,LIPA_KWA_SIMU_MERCHANT,89000.0,712.0,TZ-DAR-011,SUCCESS,NONE
TPESA-3002786,2026-09-06 20:49:07,+25565***917,+25577892930,USSD_*150*01#,P2P_TRANSFER,21800.0,350.0,TZ-BUK-001,SUCCESS,NONE
TPESA-3002787,2026-09-04 17:11:23,+25567***602,TILL-555517,TIGO_PESA_APP,LIPA_KWA_SIMU_MERCHANT,5800.0,46.4,TZ-NJO-001,SUCCESS,NONE
TPESA-3002788,2026-09-04 14:03:48,+25577***932,+25565912064,TIGO_PESA_APP,CASH_OUT_WAKALA,210700.0,3160.5,TZ-DOM-003,SUCCESS,NONE
TPESA-3002789,2026-09-07 12:35:51,+25565***132,+25565810625,TIGO_PESA_APP,CASH_OUT_WAKALA,429800.0,6447.0,TZ-NJO-001,SUCCESS,NONE
TPESA-3002790,2026-09-03 22:56:22,+25577***937,+25567371718,USSD_*150*01#,P2P_TRANSFER,236100.0,3541.5,TZ-DAR-007,SUCCESS,NONE
TPESA-3002791,2026-09-04 06:36:35,+25571***886,+25571765788,USSD_*150*01#,BANK_TO_WALLET_DEPOSIT,194300.0,2914.5,TZ-PWA-001,SUCCESS,NONE
TPESA-3002792,2026-09-02 08:07:15,+25577***793,+25577744793,TIGO_PESA_APP,AIRTIME_TOP_UP,10800.0,0.0,TZ-DAR-004,SUCCESS,NONE
TPESA-3002793,2026-09-07 11:35:42,+25571***774,TILL-739860,USSD_*150*01#,LIPA_KWA_SIMU_MERCHANT,16200.0,129.6,TZ-SNG-001,SUCCESS,NONE
TPESA-3002794,2026-09-06 20:24:15,+25567***408,+25565395633,TIGO_PESA_APP,CASH_OUT_WAKALA,469700.0,7045.5,TZ-KIL-003,SUCCESS,NONE
TPESA-3002795,2026-09-03 21:38:27,+25571***737,TILL-551111,TIGO_PESA_APP,LIPA_KWA_SIMU_MERCHANT,120500.0,964.0,TZ-SNG-001,SUCCESS,NONE
TPESA-3002796,2026-09-06 23:58:03,+25571***267,+25571663131,TIGO_PESA_APP,CASH_OUT_WAKALA,183300.0,2749.5,TZ-TAN-001,SUCCESS,NONE
TPESA-3002797,2026-09-03 12:51:43,+25571***859,+25575980622,TIGO_PESA_APP,P2P_TRANSFER,242000.0,3630.0,TZ-MWA-003,SUCCESS,NONE
TPESA-3002798,2026-09-02 09:57:16,+25577***575,TILL-951713,USSD_*150*01#,LIPA_KWA_SIMU_MERCHANT,111400.0,891.2,TZ-MWA-003,SUCCESS,NONE
TPESA-3002799,2026-09-05 14:30:11,+25577***899,TILL-758236,USSD_*150*01#,LIPA_KWA_SIMU_MERCHANT,27600.0,220.8,TZ-MAR-001,SUCCESS,NONE
TPESA-3002800,2026-09-06 09:03:48,+25571***300,+25565488988,USSD_*150*01#,P2P_TRANSFER,115000.0,1725.0,TZ-ARU-001,SUCCESS,NONE
TPESA-3002801,2026-09-01 06:22:11,+25571***326,+25571917326,TIGO_PESA_APP,AIRTIME_TOP_UP,6700.0,0.0,TZ-DAR-015,SUCCESS,NONE
TPESA-3002802,2026-09-03 17:39:05,+25565***309,+25575147802,TIGO_PESA_APP,P2P_TRANSFER,165400.0,2481.0,TZ-BUK-001,SUCCESS,NONE
TPESA-3002803,2026-09-07 10:00:08,+25567***266,+25571363398,USSD_*150*01#,P2P_TRANSFER,70200.0,1053.0,TZ-TAR-001,SUCCESS,NONE
TPESA-3002804,2026-09-07 22:16:56,+25577***446,+25577482188,USSD_*150*01#,P2P_TRANSFER,107900.0,1618.5,TZ-KIL-002,SUCCESS,NONE
TPESA-3002805,2026-09-05 15:05:55,+25565***462,+25571520194,TIGO_PESA_APP,P2P_TRANSFER,147500.0,2212.5,TZ-TAB-001,SUCCESS,NONE
TPESA-3002806,2026-09-03 17:57:00,+25565***476,+25571991329,USSD_*150*01#,P2P_TRANSFER,39900.0,598.5,TZ-NJO-001,SUCCESS,NONE
TPESA-3002807,2026-09-06 15:44:10,+25567***481,+25567534162,USSD_*150*01#,CASH_OUT_WAKALA,162600.0,2439.0,TZ-DAR-014,SUCCESS,NONE
TPESA-3002808,2026-09-04 21:48:04,+25571***463,TILL-944473,TIGO_PESA_APP,LIPA_KWA_SIMU_MERCHANT,64000.0,512.0,TZ-MWA-001,SUCCESS,NONE
TPESA-3002809,2026-09-01 13:06:18,+25571***716,TILL-553827,USSD_*150*01#,LIPA_KWA_SIMU_MERCHANT,81900.0,655.2,TZ-TAN-003,SUCCESS,NONE
TPESA-3002810,2026-09-06 20:20:44,+25571***538,+25577134680,USSD_*150*01#,CASH_OUT_WAKALA,53600.0,804.0,TZ-TAN-002,SUCCESS,NONE
TPESA-3002811,2026-09-07 07:39:42,+25565***792,+25567201863,TIGO_PESA_APP,P2P_TRANSFER,184000.0,2760.0,TZ-ZNZ-003,SUCCESS,NONE
TPESA-3002812,2026-09-02 21:17:01,+25565***864,+25577508968,TIGO_PESA_APP,BANK_TO_WALLET_DEPOSIT,668900.0,10033.5,TZ-DOM-003,SUCCESS,NONE
TPESA-3002813,2026-09-02 13:16:26,+25565***147,+25567690275,USSD_*150*01#,CASH_OUT_WAKALA,271500.0,4072.5,TZ-MOR-001,SUCCESS,NONE
TPESA-3002814,2026-09-01 19:27:59,+25571***737,+25565704693,USSD_*150*01#,CASH_OUT_WAKALA,115800.0,1737.0,TZ-SNG-001,SUCCESS,NONE
TPESA-3002815,2026-09-01 19:13:15,+25567***288,+25575842716,TIGO_PESA_APP,P2P_TRANSFER,62200.0,0.0,TZ-DAR-013,FAILED,USSD_TIMEOUT
TPESA-3002816,2026-09-07 10:16:51,+25577***575,+25567499218,TIGO_PESA_APP,P2P_TRANSFER,118200.0,1773.0,TZ-MWA-003,SUCCESS,NONE
TPESA-3002817,2026-09-01 07:11:41,+25577***385,TILL-920378,TIGO_PESA_APP,LIPA_KWA_SIMU_MERCHANT,8800.0,70.4,TZ-DAR-003,SUCCESS,NONE
TPESA-3002818,2026-09-02 07:25:29,+25567***201,TILL-977417,TIGO_PESA_APP,LIPA_KWA_SIMU_MERCHANT,38300.0,306.4,TZ-PWA-002,SUCCESS,NONE
TPESA-3002819,2026-09-07 06:55:37,+25567***257,+25577611680,USSD_*150*01#,P2P_TRANSFER,101600.0,1524.0,TZ-DOM-003,SUCCESS,NONE
TPESA-3002820,2026-09-02 08:21:40,+25577***438,+25577333583,USSD_*150*01#,CASH_OUT_WAKALA,287300.0,4309.5,TZ-DAR-011,SUCCESS,NONE
TPESA-3002821,2026-09-06 14:21:47,+25565***613,+25577865981,USSD_*150*01#,CASH_OUT_WAKALA,25700.0,385.5,TZ-TAR-001,SUCCESS,NONE
TPESA-3002822,2026-09-02 23:53:22,+25567***306,+25567172306,TIGO_PESA_APP,AIRTIME_TOP_UP,19200.0,0.0,TZ-KAH-001,SUCCESS,NONE
TPESA-3002823,2026-09-05 23:05:02,+25567***215,+25567616786,USSD_*150*01#,P2P_TRANSFER,125700.0,1885.5,TZ-TND-001,SUCCESS,NONE
TPESA-3002824,2026-09-06 09:50:45,+25565***457,+25567699819,TIGO_PESA_APP,CASH_OUT_WAKALA,453500.0,6802.5,TZ-TAN-003,SUCCESS,NONE
TPESA-3002825,2026-09-07 21:59:59,+25571***070,+25577137943,USSD_*150*01#,P2P_TRANSFER,5900.0,350.0,TZ-IRI-001,SUCCESS,NONE
TPESA-3002826,2026-09-05 17:12:00,+25571***976,+25577429547,USSD_*150*01#,CASH_OUT_WAKALA,415900.0,6238.5,TZ-MBY-002,SUCCESS,NONE
TPESA-3002827,2026-09-02 19:22:05,+25571***783,+25571503097,USSD_*150*01#,P2P_TRANSFER,140200.0,2103.0,TZ-SHI-001,SUCCESS,NONE
TPESA-3002828,2026-09-02 17:36:55,+25571***461,+25567220851,TIGO_PESA_APP,CASH_OUT_WAKALA,338300.0,5074.5,TZ-DOM-001,SUCCESS,NONE
TPESA-3002829,2026-09-04 20:06:16,+25571***035,+25567968120,TIGO_PESA_APP,BANK_TO_WALLET_DEPOSIT,921200.0,13818.0,TZ-DAR-004,SUCCESS,NONE
TPESA-3002830,2026-09-07 16:41:25,+25571***099,+25567346443,USSD_*150*01#,CASH_OUT_WAKALA,119400.0,1791.0,TZ-PWA-001,SUCCESS,NONE
TPESA-3002831,2026-09-02 20:17:15,+25567***112,TILL-615336,TIGO_PESA_APP,LIPA_KWA_SIMU_MERCHANT,40500.0,324.0,TZ-KIL-001,SUCCESS,NONE
TPESA-3002832,2026-09-03 22:54:23,+25567***989,+25571610279,USSD_*150*01#,P2P_TRANSFER,142000.0,2130.0,TZ-KIG-001,SUCCESS,NONE
TPESA-3002833,2026-09-02 16:17:22,+25577***993,+25577492368,TIGO_PESA_APP,CASH_OUT_WAKALA,239100.0,3586.5,TZ-TAN-003,SUCCESS,NONE
TPESA-3002834,2026-09-01 17:40:43,+25577***077,+25577249077,USSD_*150*01#,AIRTIME_TOP_UP,17300.0,0.0,TZ-KIL-001,SUCCESS,NONE
TPESA-3002835,2026-09-06 08:39:39,+25571***513,+25567667121,TIGO_PESA_APP,P2P_TRANSFER,232600.0,3489.0,TZ-BUK-001,SUCCESS,NONE
TPESA-3002836,2026-09-07 18:55:24,+25565***287,TILL-782428,TIGO_PESA_APP,LIPA_KWA_SIMU_MERCHANT,143500.0,1148.0,TZ-ARU-003,SUCCESS,NONE
TPESA-3002837,2026-09-07 06:16:41,+25567***217,TILL-693727,TIGO_PESA_APP,LIPA_KWA_SIMU_MERCHANT,64000.0,512.0,TZ-ZNZ-001,SUCCESS,NONE
TPESA-3002838,2026-09-02 15:19:35,+25571***939,+25577457240,USSD_*150*01#,P2P_TRANSFER,107400.0,1611.0,TZ-MTW-001,SUCCESS,NONE
TPESA-3002839,2026-09-04 06:27:11,+25565***351,TILL-897135,USSD_*150*01#,LIPA_KWA_SIMU_MERCHANT,95400.0,763.2,TZ-SON-001,SUCCESS,NONE
TPESA-3002840,2026-09-03 09:22:30,+25571***205,+25576711138,USSD_*150*01#,CASH_OUT_WAKALA,305800.0,4587.0,TZ-TAB-001,SUCCESS,NONE
TPESA-3002841,2026-09-01 22:09:40,+25565***438,+25571355644,TIGO_PESA_APP,P2P_TRANSFER,247900.0,3718.5,TZ-DOM-003,SUCCESS,NONE
TPESA-3002842,2026-09-06 12:23:32,+25571***902,+25567323997,USSD_*150*01#,P2P_TRANSFER,43200.0,648.0,TZ-DAR-011,SUCCESS,NONE
TPESA-3002843,2026-09-03 13:57:10,+25565***288,+25565723175,USSD_*150*01#,P2P_TRANSFER,50000.0,750.0,TZ-KIL-003,SUCCESS,NONE
TPESA-3002844,2026-09-04 16:02:18,+25577***523,+25567292900,TIGO_PESA_APP,P2P_TRANSFER,142800.0,2142.0,TZ-MBY-001,SUCCESS,NONE
TPESA-3002845,2026-09-05 06:16:02,+25577***865,TILL-924397,TIGO_PESA_APP,LIPA_KWA_SIMU_MERCHANT,133500.0,1068.0,TZ-DAR-008,SUCCESS,NONE
TPESA-3002846,2026-09-06 13:29:31,+25565***454,+25567229728,TIGO_PESA_APP,CASH_OUT_WAKALA,356500.0,5347.5,TZ-MWA-003,SUCCESS,NONE
TPESA-3002847,2026-09-03 12:12:53,+25571***774,+25565553051,TIGO_PESA_APP,P2P_TRANSFER,194400.0,2916.0,TZ-SNG-001,SUCCESS,NONE
TPESA-3002848,2026-09-04 19:53:12,+25577***214,+25576832728,USSD_*150*01#,P2P_TRANSFER,171600.0,2574.0,TZ-PWA-002,SUCCESS,NONE
TPESA-3002849,2026-09-05 10:11:33,+25565***507,+25565241014,TIGO_PESA_APP,P2P_TRANSFER,103700.0,1555.5,TZ-MWA-001,SUCCESS,NONE
TPESA-3002850,2026-09-04 22:12:25,+25571***617,TILL-593861,USSD_*150*01#,LIPA_KWA_SIMU_MERCHANT,133200.0,1065.6,TZ-KIL-002,SUCCESS,NONE
TPESA-3002851,2026-09-06 11:12:49,+25567***684,+25565666730,USSD_*150*01#,P2P_TRANSFER,7300.0,350.0,TZ-DAR-013,SUCCESS,NONE
TPESA-3002852,2026-09-03 18:01:34,+25571***430,TILL-883094,TIGO_PESA_APP,LIPA_KWA_SIMU_MERCHANT,24000.0,192.0,TZ-SNG-001,SUCCESS,NONE
TPESA-3002853,2026-09-01 14:14:57,+25567***660,+25575969170,USSD_*150*01#,CASH_OUT_WAKALA,266400.0,3996.0,TZ-SHI-001,SUCCESS,NONE
TPESA-3002854,2026-09-05 09:24:01,+25577***833,+25571293460,TIGO_PESA_APP,P2P_TRANSFER,246900.0,3703.5,TZ-TAR-001,SUCCESS,NONE
TPESA-3002855,2026-09-04 22:22:50,+25571***877,+25571736877,TIGO_PESA_APP,AIRTIME_TOP_UP,13300.0,0.0,TZ-MWA-002,SUCCESS,NONE
TPESA-3002856,2026-09-02 21:39:20,+25565***717,+25565713722,USSD_*150*01#,BANK_TO_WALLET_DEPOSIT,118000.0,1770.0,TZ-TND-001,SUCCESS,NONE
TPESA-3002857,2026-09-07 11:41:14,+25577***254,+25577443254,TIGO_PESA_APP,AIRTIME_TOP_UP,4200.0,0.0,TZ-KAH-001,SUCCESS,NONE
TPESA-3002858,2026-09-04 21:13:29,+25571***758,+25571804758,TIGO_PESA_APP,AIRTIME_TOP_UP,9200.0,0.0,TZ-KIL-002,SUCCESS,NONE
TPESA-3002859,2026-09-07 18:45:10,+25565***717,+25565740389,TIGO_PESA_APP,P2P_TRANSFER,67600.0,1014.0,TZ-DAR-009,SUCCESS,NONE
TPESA-3002860,2026-09-06 18:55:06,+25565***228,TILL-759609,USSD_*150*01#,LIPA_KWA_SIMU_MERCHANT,61700.0,493.6,TZ-ZNZ-001,SUCCESS,NONE
TPESA-3002861,2026-09-02 08:53:44,+25565***875,TILL-633512,USSD_*150*01#,LIPA_KWA_SIMU_MERCHANT,18900.0,151.2,TZ-TAR-001,SUCCESS,NONE
TPESA-3002862,2026-09-02 18:21:46,+25571***221,TILL-968186,TIGO_PESA_APP,LIPA_KWA_SIMU_MERCHANT,53300.0,426.4,TZ-TAN-001,SUCCESS,NONE
TPESA-3002863,2026-09-04 09:03:55,+25565***601,+25574341259,TIGO_PESA_APP,BANK_TO_WALLET_DEPOSIT,748500.0,11227.5,TZ-GEI-001,SUCCESS,NONE
TPESA-3002864,2026-09-06 23:18:38,+25567***857,+25577705363,USSD_*150*01#,CASH_OUT_WAKALA,405200.0,6078.0,TZ-NJO-001,SUCCESS,NONE
TPESA-3002865,2026-09-02 10:12:59,+25571***904,+25567735130,TIGO_PESA_APP,P2P_TRANSFER,47800.0,717.0,TZ-DAR-004,SUCCESS,NONE
TPESA-3002866,2026-09-01 20:55:30,+25577***449,+25565674089,TIGO_PESA_APP,P2P_TRANSFER,149000.0,2235.0,TZ-DAR-001,SUCCESS,NONE
TPESA-3002867,2026-09-06 09:18:51,+25565***721,+25571335805,TIGO_PESA_APP,CASH_OUT_WAKALA,57800.0,867.0,TZ-DAR-010,SUCCESS,NONE
TPESA-3002868,2026-09-02 12:59:08,+25577***793,+25577969793,TIGO_PESA_APP,AIRTIME_TOP_UP,15400.0,0.0,TZ-SON-001,SUCCESS,NONE
TPESA-3002869,2026-09-02 09:56:21,+25577***562,+25577979562,TIGO_PESA_APP,AIRTIME_TOP_UP,15700.0,0.0,TZ-TND-001,SUCCESS,NONE
TPESA-3002870,2026-09-06 07:17:37,+25565***198,+25575279500,USSD_*150*01#,P2P_TRANSFER,213400.0,3201.0,TZ-ZNZ-003,SUCCESS,NONE
TPESA-3002871,2026-09-02 06:24:35,+25567***196,TILL-914314,TIGO_PESA_APP,LIPA_KWA_SIMU_MERCHANT,141400.0,1131.2,TZ-PWA-002,SUCCESS,NONE
TPESA-3002872,2026-09-03 07:30:35,+25567***902,TILL-515533,TIGO_PESA_APP,LIPA_KWA_SIMU_MERCHANT,81000.0,648.0,TZ-MBY-001,SUCCESS,NONE
TPESA-3002873,2026-09-05 22:38:17,+25577***246,TILL-661725,TIGO_PESA_APP,LIPA_KWA_SIMU_MERCHANT,19500.0,156.0,TZ-DOM-001,SUCCESS,NONE
TPESA-3002874,2026-09-01 13:11:03,+25567***125,+25567492125,USSD_*150*01#,AIRTIME_TOP_UP,11900.0,0.0,TZ-TAB-001,SUCCESS,NONE
TPESA-3002875,2026-09-02 18:49:41,+25565***717,TILL-620724,TIGO_PESA_APP,LIPA_KWA_SIMU_MERCHANT,105400.0,843.2,TZ-DAR-009,SUCCESS,NONE
TPESA-3002876,2026-09-04 10:59:11,+25577***465,+25565359617,USSD_*150*01#,CASH_OUT_WAKALA,463600.0,6954.0,TZ-MBY-001,SUCCESS,NONE
TPESA-3002877,2026-09-04 08:20:24,+25577***415,+25565358925,USSD_*150*01#,BANK_TO_WALLET_DEPOSIT,86200.0,1293.0,TZ-DAR-011,SUCCESS,NONE
TPESA-3002878,2026-09-03 08:58:49,+25567***982,+25565503623,USSD_*150*01#,BANK_TO_WALLET_DEPOSIT,155400.0,2331.0,TZ-ARU-002,SUCCESS,NONE
TPESA-3002879,2026-09-04 12:21:50,+25571***175,+25565540161,USSD_*150*01#,P2P_TRANSFER,228100.0,3421.5,TZ-KIG-001,SUCCESS,NONE
TPESA-3002880,2026-09-02 22:14:46,+25565***892,+25575922716,TIGO_PESA_APP,CASH_OUT_WAKALA,410100.0,6151.5,TZ-NJO-001,SUCCESS,NONE
TPESA-3002881,2026-09-01 10:20:52,+25567***653,+25574264944,USSD_*150*01#,P2P_TRANSFER,235800.0,3537.0,TZ-ZNZ-003,SUCCESS,NONE
TPESA-3002882,2026-09-05 09:32:01,+25565***050,+25571175653,USSD_*150*01#,P2P_TRANSFER,102200.0,1533.0,TZ-DAR-012,SUCCESS,NONE
TPESA-3002883,2026-09-02 07:25:39,+25565***198,+25571277061,USSD_*150*01#,CASH_OUT_WAKALA,35400.0,531.0,TZ-ZNZ-003,SUCCESS,NONE
TPESA-3002884,2026-09-04 19:20:42,+25577***179,+25576741580,TIGO_PESA_APP,CASH_OUT_WAKALA,201900.0,3028.5,TZ-KAH-001,SUCCESS,NONE
TPESA-3002885,2026-09-06 11:00:11,+25571***868,+25567326374,TIGO_PESA_APP,P2P_TRANSFER,106800.0,1602.0,TZ-DAR-014,SUCCESS,NONE
TPESA-3002886,2026-09-04 07:44:58,+25571***802,+25571179802,TIGO_PESA_APP,AIRTIME_TOP_UP,4600.0,0.0,TZ-DOM-001,SUCCESS,NONE
TPESA-3002887,2026-09-05 19:58:14,+25571***326,+25577193296,TIGO_PESA_APP,BANK_TO_WALLET_DEPOSIT,451900.0,6778.5,TZ-DAR-015,SUCCESS,NONE
TPESA-3002888,2026-09-07 17:33:28,+25571***443,TILL-763753,USSD_*150*01#,LIPA_KWA_SIMU_MERCHANT,10100.0,80.8,TZ-DAR-015,SUCCESS,NONE
TPESA-3002889,2026-09-04 08:45:20,+25567***612,TILL-895480,USSD_*150*01#,LIPA_KWA_SIMU_MERCHANT,84400.0,675.2,TZ-DAR-004,SUCCESS,NONE
TPESA-3002890,2026-09-06 14:00:00,+25577***625,+25574530576,USSD_*150*01#,P2P_TRANSFER,48300.0,724.5,TZ-DAR-010,SUCCESS,NONE
TPESA-3002891,2026-09-03 15:12:06,+25565***656,TILL-796401,TIGO_PESA_APP,LIPA_KWA_SIMU_MERCHANT,146100.0,1168.8,TZ-ARU-002,SUCCESS,NONE
TPESA-3002892,2026-09-06 10:20:16,+25577***575,TILL-741847,TIGO_PESA_APP,LIPA_KWA_SIMU_MERCHANT,113700.0,909.6,TZ-MWA-003,SUCCESS,NONE
TPESA-3002893,2026-09-05 20:10:22,+25565***486,+25577911121,USSD_*150*01#,P2P_TRANSFER,79800.0,1197.0,TZ-MBY-002,SUCCESS,NONE
TPESA-3002894,2026-09-02 10:28:16,+25577***437,+25577818437,USSD_*150*01#,AIRTIME_TOP_UP,5600.0,0.0,TZ-BUK-001,SUCCESS,NONE
TPESA-3002895,2026-09-04 09:53:07,+25565***790,+25577745712,TIGO_PESA_APP,BANK_TO_WALLET_DEPOSIT,312800.0,4692.0,TZ-MWA-003,SUCCESS,NONE
TPESA-3002896,2026-09-02 17:02:49,+25565***209,+25565379224,USSD_*150*01#,P2P_TRANSFER,9100.0,350.0,TZ-KIL-002,SUCCESS,NONE
TPESA-3002897,2026-09-04 23:16:06,+25577***866,+25565854864,USSD_*150*01#,P2P_TRANSFER,44100.0,661.5,TZ-MWA-003,SUCCESS,NONE
TPESA-3002898,2026-09-07 11:22:31,+25567***224,+25577673587,USSD_*150*01#,CASH_OUT_WAKALA,147900.0,2218.5,TZ-DAR-012,SUCCESS,NONE
TPESA-3002899,2026-09-06 07:13:24,+25567***588,+25571728597,USSD_*150*01#,BANK_TO_WALLET_DEPOSIT,89000.0,1335.0,TZ-PEM-001,SUCCESS,NONE
TPESA-3002900,2026-09-07 22:45:44,+25567***422,+25574640348,TIGO_PESA_APP,P2P_TRANSFER,95600.0,1434.0,TZ-ZNZ-002,SUCCESS,NONE
TPESA-3002901,2026-09-03 13:25:39,+25565***848,+25571352867,USSD_*150*01#,CASH_OUT_WAKALA,444900.0,6673.5,TZ-DAR-015,SUCCESS,NONE
TPESA-3002902,2026-09-04 13:34:39,+25567***384,+25577948517,USSD_*150*01#,P2P_TRANSFER,113500.0,1702.5,TZ-ARU-001,SUCCESS,NONE
TPESA-3002903,2026-09-03 08:20:25,+25571***348,+25565868075,USSD_*150*01#,BANK_TO_WALLET_DEPOSIT,814000.0,12210.0,TZ-KAH-001,SUCCESS,NONE
TPESA-3002904,2026-09-01 20:07:31,+25571***822,+25571694822,TIGO_PESA_APP,AIRTIME_TOP_UP,4000.0,0.0,TZ-BUK-001,SUCCESS,NONE
TPESA-3002905,2026-09-02 11:09:01,+25577***518,+25565219421,TIGO_PESA_APP,CASH_OUT_WAKALA,331000.0,4965.0,TZ-TAR-001,SUCCESS,NONE
TPESA-3002906,2026-09-01 17:45:32,+25565***476,+25565777841,USSD_*150*01#,P2P_TRANSFER,97900.0,1468.5,TZ-NJO-001,SUCCESS,NONE
TPESA-3002907,2026-09-06 12:39:58,+25565***616,TILL-823370,TIGO_PESA_APP,LIPA_KWA_SIMU_MERCHANT,11600.0,92.8,TZ-ZNZ-001,SUCCESS,NONE
TPESA-3002908,2026-09-04 23:57:55,+25577***438,+25575620314,TIGO_PESA_APP,P2P_TRANSFER,51500.0,772.5,TZ-DAR-011,SUCCESS,NONE
TPESA-3002909,2026-09-03 14:00:55,+25567***173,+25565819327,TIGO_PESA_APP,CASH_OUT_WAKALA,472300.0,7084.5,TZ-DAR-013,SUCCESS,NONE
TPESA-3002910,2026-09-02 12:42:26,+25577***768,+25565167406,USSD_*150*01#,P2P_TRANSFER,160900.0,2413.5,TZ-MBY-001,SUCCESS,NONE
TPESA-3002911,2026-09-06 06:04:19,+25565***917,+25577573797,USSD_*150*01#,CASH_OUT_WAKALA,155100.0,2326.5,TZ-BUK-001,SUCCESS,NONE
TPESA-3002912,2026-09-05 16:07:44,+25567***088,+25576229917,USSD_*150*01#,CASH_OUT_WAKALA,321800.0,4827.0,TZ-MWA-003,SUCCESS,NONE
TPESA-3002913,2026-09-01 14:25:04,+25571***371,+25575624383,USSD_*150*01#,BANK_TO_WALLET_DEPOSIT,736200.0,0.0,TZ-TAR-001,FAILED,INSUFFICIENT_FUNDS
TPESA-3002914,2026-09-06 06:00:33,+25577***798,+25571806715,USSD_*150*01#,CASH_OUT_WAKALA,164900.0,2473.5,TZ-MWA-001,SUCCESS,NONE
TPESA-3002915,2026-09-05 18:45:32,+25571***464,+25565744494,USSD_*150*01#,CASH_OUT_WAKALA,179800.0,2697.0,TZ-PWA-002,SUCCESS,NONE
TPESA-3002916,2026-09-06 14:26:51,+25571***364,+25567372133,TIGO_PESA_APP,P2P_TRANSFER,34200.0,513.0,TZ-MWA-002,SUCCESS,NONE
TPESA-3002917,2026-09-03 16:50:10,+25565***904,+25571866517,TIGO_PESA_APP,CASH_OUT_WAKALA,246300.0,3694.5,TZ-DOM-003,SUCCESS,NONE
TPESA-3002918,2026-09-01 06:27:24,+25571***294,TILL-783407,USSD_*150*01#,LIPA_KWA_SIMU_MERCHANT,97800.0,782.4,TZ-ARU-001,SUCCESS,NONE
TPESA-3002919,2026-09-02 19:33:37,+25565***667,+25576387074,TIGO_PESA_APP,BANK_TO_WALLET_DEPOSIT,870200.0,13053.0,TZ-DAR-011,SUCCESS,NONE
TPESA-3002920,2026-09-07 14:16:10,+25567***514,+25574880962,USSD_*150*01#,BANK_TO_WALLET_DEPOSIT,235800.0,3537.0,TZ-SHI-001,SUCCESS,NONE
TPESA-3002921,2026-09-06 16:41:56,+25571***175,+25567337223,USSD_*150*01#,CASH_OUT_WAKALA,289200.0,4338.0,TZ-KIG-001,SUCCESS,NONE
TPESA-3002922,2026-09-06 18:00:47,+25567***941,TILL-608943,USSD_*150*01#,LIPA_KWA_SIMU_MERCHANT,35200.0,281.6,TZ-ARU-002,SUCCESS,NONE
TPESA-3002923,2026-09-07 23:38:04,+25565***124,+25575760416,TIGO_PESA_APP,BANK_TO_WALLET_DEPOSIT,325300.0,4879.5,TZ-MWA-002,SUCCESS,NONE
TPESA-3002924,2026-09-02 22:17:25,+25577***192,+25575210103,TIGO_PESA_APP,BANK_TO_WALLET_DEPOSIT,739200.0,11088.0,TZ-MWA-001,SUCCESS,NONE
TPESA-3002925,2026-09-05 09:49:42,+25571***353,+25571314173,TIGO_PESA_APP,BANK_TO_WALLET_DEPOSIT,417300.0,6259.5,TZ-DOM-001,SUCCESS,NONE
TPESA-3002926,2026-09-06 11:48:39,+25567***916,+25576909114,USSD_*150*01#,P2P_TRANSFER,157700.0,2365.5,TZ-ARU-002,SUCCESS,NONE
TPESA-3002927,2026-09-07 07:19:11,+25571***336,+25577794513,USSD_*150*01#,BANK_TO_WALLET_DEPOSIT,997900.0,14968.5,TZ-NJO-001,SUCCESS,NONE
TPESA-3002928,2026-09-02 16:19:43,+25567***191,+25576292527,USSD_*150*01#,CASH_OUT_WAKALA,65900.0,988.5,TZ-MWA-002,SUCCESS,NONE
TPESA-3002929,2026-09-06 23:15:24,+25571***321,+25571504321,USSD_*150*01#,AIRTIME_TOP_UP,2600.0,0.0,TZ-DOM-003,FAILED,SYSTEM_BUSY
TPESA-3002930,2026-09-05 19:04:25,+25571***984,+25565852379,USSD_*150*01#,CASH_OUT_WAKALA,72800.0,1092.0,TZ-DAR-004,SUCCESS,NONE
TPESA-3002931,2026-09-03 16:32:08,+25577***076,+25577766076,TIGO_PESA_APP,AIRTIME_TOP_UP,15600.0,0.0,TZ-MTW-001,SUCCESS,NONE
TPESA-3002932,2026-09-03 07:36:57,+25567***489,+25565454639,TIGO_PESA_APP,BANK_TO_WALLET_DEPOSIT,886000.0,13290.0,TZ-ARU-002,SUCCESS,NONE
TPESA-3002933,2026-09-03 10:01:13,+25577***939,+25575380126,TIGO_PESA_APP,CASH_OUT_WAKALA,119700.0,1795.5,TZ-SNG-001,SUCCESS,NONE
TPESA-3002934,2026-09-01 21:28:01,+25571***620,TILL-753307,USSD_*150*01#,LIPA_KWA_SIMU_MERCHANT,15600.0,124.8,TZ-NJO-001,SUCCESS,NONE
TPESA-3002935,2026-09-06 08:39:52,+25567***244,+25571104158,USSD_*150*01#,P2P_TRANSFER,138600.0,2079.0,TZ-SNG-001,SUCCESS,NONE
TPESA-3002936,2026-09-05 11:26:10,+25571***360,+25571950360,USSD_*150*01#,AIRTIME_TOP_UP,1300.0,0.0,TZ-MBY-001,SUCCESS,NONE
TPESA-3002937,2026-09-06 23:26:04,+25571***887,+25565730200,TIGO_PESA_APP,CASH_OUT_WAKALA,452300.0,6784.5,TZ-KIL-001,SUCCESS,NONE
TPESA-3002938,2026-09-03 16:43:37,+25571***652,TILL-996814,USSD_*150*01#,LIPA_KWA_SIMU_MERCHANT,67300.0,538.4,TZ-SNG-001,SUCCESS,NONE
TPESA-3002939,2026-09-07 09:27:04,+25565***579,+25567458240,USSD_*150*01#,BANK_TO_WALLET_DEPOSIT,874100.0,13111.5,TZ-KIL-001,SUCCESS,NONE
TPESA-3002940,2026-09-07 15:23:30,+25565***843,+25567481345,USSD_*150*01#,P2P_TRANSFER,151200.0,2268.0,TZ-DAR-013,SUCCESS,NONE
TPESA-3002941,2026-09-07 09:31:07,+25565***662,TILL-569867,TIGO_PESA_APP,LIPA_KWA_SIMU_MERCHANT,34600.0,276.8,TZ-MWA-001,SUCCESS,NONE
TPESA-3002942,2026-09-01 14:15:41,+25565***508,+25575512599,USSD_*150*01#,P2P_TRANSFER,170400.0,2556.0,TZ-DAR-010,SUCCESS,NONE
TPESA-3002943,2026-09-03 08:40:08,+25577***513,+25575891251,USSD_*150*01#,P2P_TRANSFER,248500.0,3727.5,TZ-DAR-009,SUCCESS,NONE
TPESA-3002944,2026-09-05 19:31:30,+25565***083,+25565711397,TIGO_PESA_APP,P2P_TRANSFER,211800.0,3177.0,TZ-DAR-004,SUCCESS,NONE
TPESA-3002945,2026-09-03 18:07:12,+25571***210,+25571401510,TIGO_PESA_APP,BANK_TO_WALLET_DEPOSIT,53300.0,799.5,TZ-TAN-001,SUCCESS,NONE
TPESA-3002946,2026-09-07 11:55:00,+25571***492,TILL-925324,USSD_*150*01#,LIPA_KWA_SIMU_MERCHANT,70600.0,564.8,TZ-DOM-003,SUCCESS,NONE
TPESA-3002947,2026-09-07 08:10:39,+25571***266,+25565973302,USSD_*150*01#,BANK_TO_WALLET_DEPOSIT,596400.0,8946.0,TZ-DAR-007,SUCCESS,NONE
TPESA-3002948,2026-09-02 08:43:19,+25577***773,+25577120773,TIGO_PESA_APP,AIRTIME_TOP_UP,1700.0,0.0,TZ-DAR-010,SUCCESS,NONE
TPESA-3002949,2026-09-07 16:30:40,+25571***992,TILL-883600,USSD_*150*01#,LIPA_KWA_SIMU_MERCHANT,6800.0,54.4,TZ-DAR-008,SUCCESS,NONE
TPESA-3002950,2026-09-06 07:50:45,+25565***283,+25577871132,USSD_*150*01#,CASH_OUT_WAKALA,92000.0,1380.0,TZ-DAR-003,SUCCESS,NONE
TPESA-3002951,2026-09-07 10:20:12,+25567***306,+25576289612,USSD_*150*01#,P2P_TRANSFER,20700.0,350.0,TZ-DOM-003,SUCCESS,NONE
TPESA-3002952,2026-09-07 20:43:55,+25565***168,+25565751168,TIGO_PESA_APP,AIRTIME_TOP_UP,17500.0,0.0,TZ-DAR-002,SUCCESS,NONE
TPESA-3002953,2026-09-06 20:43:59,+25571***360,+25571933269,TIGO_PESA_APP,P2P_TRANSFER,150000.0,2250.0,TZ-MBY-001,SUCCESS,NONE
TPESA-3002954,2026-09-03 12:35:03,+25565***101,+25565160101,USSD_*150*01#,AIRTIME_TOP_UP,15900.0,0.0,TZ-DAR-013,SUCCESS,NONE
TPESA-3002955,2026-09-04 20:39:38,+25577***727,+25565110888,TIGO_PESA_APP,BANK_TO_WALLET_DEPOSIT,644600.0,9669.0,TZ-DAR-002,SUCCESS,NONE
TPESA-3002956,2026-09-05 20:17:51,+25565***713,+25565672713,TIGO_PESA_APP,AIRTIME_TOP_UP,1200.0,0.0,TZ-DAR-012,SUCCESS,NONE
TPESA-3002957,2026-09-02 20:00:49,+25577***352,TILL-549088,TIGO_PESA_APP,LIPA_KWA_SIMU_MERCHANT,77900.0,623.2,TZ-KIL-003,SUCCESS,NONE
TPESA-3002958,2026-09-06 17:18:02,+25567***846,+25565185502,TIGO_PESA_APP,P2P_TRANSFER,226600.0,3399.0,TZ-TAB-001,SUCCESS,NONE
TPESA-3002959,2026-09-02 11:31:11,+25577***021,TILL-667450,USSD_*150*01#,LIPA_KWA_SIMU_MERCHANT,31300.0,250.4,TZ-SON-001,SUCCESS,NONE
TPESA-3002960,2026-09-07 09:18:09,+25565***214,TILL-553415,TIGO_PESA_APP,LIPA_KWA_SIMU_MERCHANT,23500.0,188.0,TZ-ZNZ-001,SUCCESS,NONE
TPESA-3002961,2026-09-03 18:46:01,+25571***884,+25571949884,TIGO_PESA_APP,AIRTIME_TOP_UP,10000.0,0.0,TZ-MOR-001,SUCCESS,NONE
TPESA-3002962,2026-09-02 21:34:22,+25567***930,+25571104109,TIGO_PESA_APP,P2P_TRANSFER,147800.0,2217.0,TZ-ZNZ-001,SUCCESS,NONE
TPESA-3002963,2026-09-03 09:31:36,+25577***822,TILL-976319,TIGO_PESA_APP,LIPA_KWA_SIMU_MERCHANT,130100.0,1040.8,TZ-SNG-001,SUCCESS,NONE
TPESA-3002964,2026-09-05 12:23:47,+25577***901,+25577182078,USSD_*150*01#,P2P_TRANSFER,33000.0,495.0,TZ-DAR-002,SUCCESS,NONE
TPESA-3002965,2026-09-06 22:50:47,+25577***285,+25577146416,USSD_*150*01#,BANK_TO_WALLET_DEPOSIT,140900.0,2113.5,TZ-ARU-001,SUCCESS,NONE
TPESA-3002966,2026-09-04 12:02:10,+25567***372,+25567805118,USSD_*150*01#,P2P_TRANSFER,96300.0,1444.5,TZ-MBY-002,SUCCESS,NONE
TPESA-3002967,2026-09-07 20:23:56,+25565***589,+25565489231,TIGO_PESA_APP,P2P_TRANSFER,205000.0,3075.0,TZ-KAH-001,SUCCESS,NONE
TPESA-3002968,2026-09-04 14:15:02,+25567***702,TILL-725629,TIGO_PESA_APP,LIPA_KWA_SIMU_MERCHANT,51000.0,408.0,TZ-PEM-001,SUCCESS,NONE
TPESA-3002969,2026-09-02 21:53:43,+25577***448,+25565773266,USSD_*150*01#,P2P_TRANSFER,53500.0,802.5,TZ-KIG-001,SUCCESS,NONE
TPESA-3002970,2026-09-02 09:29:01,+25565***410,TILL-777283,USSD_*150*01#,LIPA_KWA_SIMU_MERCHANT,14900.0,119.2,TZ-SNG-001,SUCCESS,NONE
TPESA-3002971,2026-09-06 15:14:06,+25567***367,+25571520563,USSD_*150*01#,P2P_TRANSFER,174400.0,2616.0,TZ-DOM-003,SUCCESS,NONE
TPESA-3002972,2026-09-07 08:36:38,+25577***458,+25577352189,USSD_*150*01#,P2P_TRANSFER,125100.0,1876.5,TZ-ZNZ-002,SUCCESS,NONE
TPESA-3002973,2026-09-04 06:36:16,+25565***214,+25565535214,USSD_*150*01#,AIRTIME_TOP_UP,2100.0,0.0,TZ-KIL-003,SUCCESS,NONE
TPESA-3002974,2026-09-05 10:33:50,+25567***064,+25567923536,USSD_*150*01#,CASH_OUT_WAKALA,253600.0,3804.0,TZ-TAR-001,SUCCESS,NONE
TPESA-3002975,2026-09-04 10:25:07,+25571***386,TILL-958381,TIGO_PESA_APP,LIPA_KWA_SIMU_MERCHANT,33400.0,267.2,TZ-DAR-003,SUCCESS,NONE
TPESA-3002976,2026-09-01 06:22:25,+25567***462,TILL-736291,TIGO_PESA_APP,LIPA_KWA_SIMU_MERCHANT,112400.0,899.2,TZ-DAR-012,SUCCESS,NONE
TPESA-3002977,2026-09-02 11:16:41,+25565***760,+25577318204,TIGO_PESA_APP,CASH_OUT_WAKALA,467300.0,7009.5,TZ-TAN-001,SUCCESS,NONE
TPESA-3002978,2026-09-02 11:10:23,+25571***243,+25567699623,TIGO_PESA_APP,P2P_TRANSFER,166100.0,2491.5,TZ-TAB-001,SUCCESS,NONE
TPESA-3002979,2026-09-02 16:17:35,+25571***621,+25567643462,USSD_*150*01#,P2P_TRANSFER,26800.0,402.0,TZ-DAR-012,SUCCESS,NONE
TPESA-3002980,2026-09-03 08:47:47,+25571***213,+25571939392,TIGO_PESA_APP,P2P_TRANSFER,111700.0,1675.5,TZ-KIL-002,SUCCESS,NONE
TPESA-3002981,2026-09-07 12:48:52,+25565***888,+25565999422,TIGO_PESA_APP,CASH_OUT_WAKALA,87300.0,1309.5,TZ-DAR-011,SUCCESS,NONE
TPESA-3002982,2026-09-06 16:24:57,+25567***206,+25565347811,USSD_*150*01#,BANK_TO_WALLET_DEPOSIT,847300.0,12709.5,TZ-KIL-003,SUCCESS,NONE
TPESA-3002983,2026-09-05 19:12:57,+25577***164,+25577675985,TIGO_PESA_APP,P2P_TRANSFER,17400.0,350.0,TZ-MWA-002,SUCCESS,NONE
TPESA-3002984,2026-09-07 18:49:40,+25567***302,TILL-837753,USSD_*150*01#,LIPA_KWA_SIMU_MERCHANT,97100.0,776.8,TZ-DAR-002,SUCCESS,NONE
TPESA-3002985,2026-09-05 14:36:36,+25567***612,+25567413612,USSD_*150*01#,AIRTIME_TOP_UP,18100.0,0.0,TZ-DAR-004,SUCCESS,NONE
TPESA-3002986,2026-09-03 23:55:43,+25565***764,TILL-710902,USSD_*150*01#,LIPA_KWA_SIMU_MERCHANT,98800.0,790.4,TZ-DAR-012,SUCCESS,NONE
TPESA-3002987,2026-09-02 14:51:10,+25577***188,+25577694188,TIGO_PESA_APP,AIRTIME_TOP_UP,19200.0,0.0,TZ-DAR-010,SUCCESS,NONE
TPESA-3002988,2026-09-02 12:42:26,+25571***056,+25567574536,TIGO_PESA_APP,CASH_OUT_WAKALA,117900.0,1768.5,TZ-DAR-013,SUCCESS,NONE
TPESA-3002989,2026-09-03 20:23:05,+25571***168,TILL-520614,TIGO_PESA_APP,LIPA_KWA_SIMU_MERCHANT,16700.0,133.6,TZ-DAR-007,SUCCESS,NONE
TPESA-3002990,2026-09-02 08:03:57,+25577***531,TILL-599917,TIGO_PESA_APP,LIPA_KWA_SIMU_MERCHANT,69000.0,552.0,TZ-NJO-001,SUCCESS,NONE
TPESA-3002991,2026-09-05 22:05:15,+25571***822,TILL-781437,USSD_*150*01#,LIPA_KWA_SIMU_MERCHANT,90100.0,720.8,TZ-BUK-001,SUCCESS,NONE
TPESA-3002992,2026-09-07 22:24:46,+25577***641,+25567556442,TIGO_PESA_APP,CASH_OUT_WAKALA,297300.0,4459.5,TZ-DAR-008,SUCCESS,NONE
TPESA-3002993,2026-09-05 12:18:21,+25565***366,+25565366366,TIGO_PESA_APP,AIRTIME_TOP_UP,3200.0,0.0,TZ-BUK-001,SUCCESS,NONE
TPESA-3002994,2026-09-03 10:55:30,+25577***899,+25567860013,USSD_*150*01#,CASH_OUT_WAKALA,127200.0,1908.0,TZ-MAR-001,SUCCESS,NONE
TPESA-3002995,2026-09-06 06:28:53,+25565***387,+25577729139,TIGO_PESA_APP,P2P_TRANSFER,188800.0,2832.0,TZ-PWA-002,SUCCESS,NONE
TPESA-3002996,2026-09-05 12:45:43,+25577***599,+25571603338,TIGO_PESA_APP,P2P_TRANSFER,167000.0,2505.0,TZ-MWA-002,SUCCESS,NONE
TPESA-3002997,2026-09-06 21:30:53,+25571***321,+25577864642,USSD_*150*01#,BANK_TO_WALLET_DEPOSIT,878500.0,13177.5,TZ-MWA-002,SUCCESS,NONE
TPESA-3002998,2026-09-05 16:24:24,+25565***920,+25571972510,TIGO_PESA_APP,BANK_TO_WALLET_DEPOSIT,731700.0,10975.5,TZ-KIG-001,SUCCESS,NONE
TPESA-3002999,2026-09-05 20:16:40,+25577***033,+25574717729,TIGO_PESA_APP,CASH_OUT_WAKALA,386500.0,5797.5,TZ-KIL-002,SUCCESS,NONE
TPESA-3003000,2026-09-02 18:19:23,+25571***573,+25565315193,TIGO_PESA_APP,CASH_OUT_WAKALA,389600.0,5844.0,TZ-KIL-002,SUCCESS,NONE
TPESA-3003001,2026-09-02 13:03:20,+25565***044,+25574993769,TIGO_PESA_APP,CASH_OUT_WAKALA,245100.0,3676.5,TZ-MWA-003,SUCCESS,NONE
TPESA-3003002,2026-09-07 12:10:36,+25567***120,+25567247038,TIGO_PESA_APP,P2P_TRANSFER,77500.0,1162.5,TZ-ZNZ-004,SUCCESS,NONE
TPESA-3003003,2026-09-04 08:24:05,+25571***267,+25565742205,TIGO_PESA_APP,CASH_OUT_WAKALA,329700.0,4945.5,TZ-TAN-001,SUCCESS,NONE
TPESA-3003004,2026-09-04 20:07:23,+25567***073,+25575767393,USSD_*150*01#,P2P_TRANSFER,56600.0,849.0,TZ-TAN-001,SUCCESS,NONE
TPESA-3003005,2026-09-07 15:07:31,+25571***716,+25565326180,USSD_*150*01#,P2P_TRANSFER,81800.0,1227.0,TZ-TAN-003,SUCCESS,NONE
TPESA-3003006,2026-09-02 12:29:57,+25577***921,+25565721488,TIGO_PESA_APP,CASH_OUT_WAKALA,393200.0,5898.0,TZ-DAR-010,SUCCESS,NONE
TPESA-3003007,2026-09-03 12:30:02,+25565***298,TILL-826583,USSD_*150*01#,LIPA_KWA_SIMU_MERCHANT,27100.0,216.8,TZ-MWA-003,SUCCESS,NONE
TPESA-3003008,2026-09-07 14:37:14,+25571***558,+25577116272,USSD_*150*01#,P2P_TRANSFER,174500.0,2617.5,TZ-ZNZ-001,SUCCESS,NONE
TPESA-3003009,2026-09-02 18:42:19,+25577***675,+25577322675,USSD_*150*01#,AIRTIME_TOP_UP,11300.0,0.0,TZ-DAR-015,SUCCESS,NONE
TPESA-3003010,2026-09-02 14:48:59,+25577***353,TILL-797329,USSD_*150*01#,LIPA_KWA_SIMU_MERCHANT,45100.0,360.8,TZ-DAR-003,SUCCESS,NONE
TPESA-3003011,2026-09-03 10:46:13,+25577***869,TILL-997235,USSD_*150*01#,LIPA_KWA_SIMU_MERCHANT,10200.0,81.6,TZ-ARU-003,SUCCESS,NONE
TPESA-3003012,2026-09-05 17:11:18,+25567***552,+25567115552,USSD_*150*01#,AIRTIME_TOP_UP,17800.0,0.0,TZ-IRI-001,SUCCESS,NONE
TPESA-3003013,2026-09-06 18:11:10,+25565***427,TILL-531386,TIGO_PESA_APP,LIPA_KWA_SIMU_MERCHANT,88300.0,706.4,TZ-DAR-003,SUCCESS,NONE
TPESA-3003014,2026-09-04 08:51:59,+25565***436,TILL-988316,TIGO_PESA_APP,LIPA_KWA_SIMU_MERCHANT,117900.0,943.2,TZ-SON-001,SUCCESS,NONE
TPESA-3003015,2026-09-07 06:31:18,+25567***288,+25571532260,USSD_*150*01#,BANK_TO_WALLET_DEPOSIT,997200.0,14958.0,TZ-SHI-001,SUCCESS,NONE
TPESA-3003016,2026-09-04 19:15:57,+25577***070,+25574757299,TIGO_PESA_APP,BANK_TO_WALLET_DEPOSIT,835000.0,12525.0,TZ-DAR-011,SUCCESS,NONE
TPESA-3003017,2026-09-01 21:40:07,+25571***941,+25567927552,TIGO_PESA_APP,CASH_OUT_WAKALA,237400.0,3561.0,TZ-ARU-001,SUCCESS,NONE
TPESA-3003018,2026-09-01 15:40:28,+25571***607,+25567784170,USSD_*150*01#,CASH_OUT_WAKALA,118500.0,1777.5,TZ-TND-001,SUCCESS,NONE
TPESA-3003019,2026-09-02 20:24:33,+25565***530,+25565617530,TIGO_PESA_APP,AIRTIME_TOP_UP,1600.0,0.0,TZ-SHI-001,SUCCESS,NONE
TPESA-3003020,2026-09-06 11:23:17,+25567***173,TILL-738790,TIGO_PESA_APP,LIPA_KWA_SIMU_MERCHANT,50700.0,405.6,TZ-DAR-013,SUCCESS,NONE
TPESA-3003021,2026-09-03 15:15:59,+25565***132,+25577521229,USSD_*150*01#,P2P_TRANSFER,110600.0,1659.0,TZ-NJO-001,SUCCESS,NONE
TPESA-3003022,2026-09-06 21:05:29,+25565***215,+25565933215,USSD_*150*01#,AIRTIME_TOP_UP,3400.0,0.0,TZ-KIL-002,SUCCESS,NONE
TPESA-3003023,2026-09-07 13:25:33,+25565***519,+25577285007,USSD_*150*01#,BANK_TO_WALLET_DEPOSIT,248600.0,3729.0,TZ-DAR-012,SUCCESS,NONE
TPESA-3003024,2026-09-05 20:48:37,+25571***113,TILL-512608,TIGO_PESA_APP,LIPA_KWA_SIMU_MERCHANT,100500.0,804.0,TZ-GEI-001,SUCCESS,NONE
TPESA-3003025,2026-09-03 23:10:25,+25565***159,TILL-677545,USSD_*150*01#,LIPA_KWA_SIMU_MERCHANT,57100.0,456.8,TZ-PWA-001,SUCCESS,NONE
TPESA-3003026,2026-09-05 10:55:24,+25565***807,+25565545807,TIGO_PESA_APP,AIRTIME_TOP_UP,5900.0,0.0,TZ-DAR-008,FAILED,SYSTEM_BUSY
TPESA-3003027,2026-09-01 07:48:11,+25565***561,+25571920001,TIGO_PESA_APP,CASH_OUT_WAKALA,132100.0,1981.5,TZ-KIG-001,SUCCESS,NONE
TPESA-3003028,2026-09-06 13:15:31,+25565***044,+25575470636,TIGO_PESA_APP,P2P_TRANSFER,246000.0,3690.0,TZ-MWA-003,SUCCESS,NONE
TPESA-3003029,2026-09-07 11:18:41,+25565***969,+25565481969,USSD_*150*01#,AIRTIME_TOP_UP,13400.0,0.0,TZ-DAR-005,SUCCESS,NONE
TPESA-3003030,2026-09-07 17:08:35,+25571***915,TILL-666132,TIGO_PESA_APP,LIPA_KWA_SIMU_MERCHANT,53800.0,430.4,TZ-DAR-010,SUCCESS,NONE
TPESA-3003031,2026-09-02 09:37:36,+25567***036,+25567430036,USSD_*150*01#,AIRTIME_TOP_UP,1800.0,0.0,TZ-TAN-003,SUCCESS,NONE
TPESA-3003032,2026-09-02 15:06:05,+25571***644,+25571696607,TIGO_PESA_APP,P2P_TRANSFER,108000.0,1620.0,TZ-PEM-001,SUCCESS,NONE
TPESA-3003033,2026-09-01 07:20:37,+25565***288,TILL-579908,USSD_*150*01#,LIPA_KWA_SIMU_MERCHANT,138800.0,1110.4,TZ-KIL-003,SUCCESS,NONE
TPESA-3003034,2026-09-03 14:14:49,+25577***098,+25574255387,USSD_*150*01#,BANK_TO_WALLET_DEPOSIT,192700.0,2890.5,TZ-DAR-006,SUCCESS,NONE
TPESA-3003035,2026-09-05 06:15:08,+25567***527,+25575793541,USSD_*150*01#,BANK_TO_WALLET_DEPOSIT,117100.0,1756.5,TZ-DAR-001,SUCCESS,NONE
TPESA-3003036,2026-09-05 09:33:29,+25565***343,+25577149246,USSD_*150*01#,P2P_TRANSFER,70100.0,1051.5,TZ-DOM-001,SUCCESS,NONE
TPESA-3003037,2026-09-06 15:38:36,+25565***777,+25567303989,USSD_*150*01#,P2P_TRANSFER,55800.0,837.0,TZ-KIG-001,SUCCESS,NONE
TPESA-3003038,2026-09-02 13:34:16,+25577***043,TILL-670716,TIGO_PESA_APP,LIPA_KWA_SIMU_MERCHANT,17400.0,139.2,TZ-DAR-005,SUCCESS,NONE
TPESA-3003039,2026-09-05 22:57:28,+25565***324,+25567976459,USSD_*150*01#,P2P_TRANSFER,54700.0,820.5,TZ-MTW-001,SUCCESS,NONE
TPESA-3003040,2026-09-02 19:42:18,+25567***043,TILL-705990,USSD_*150*01#,LIPA_KWA_SIMU_MERCHANT,92600.0,740.8,TZ-ARU-001,SUCCESS,NONE
TPESA-3003041,2026-09-05 22:27:26,+25565***265,+25577927690,USSD_*150*01#,P2P_TRANSFER,67800.0,1017.0,TZ-KIG-001,SUCCESS,NONE
TPESA-3003042,2026-09-07 21:45:45,+25571***945,+25567353234,USSD_*150*01#,P2P_TRANSFER,101200.0,1518.0,TZ-MOR-001,SUCCESS,NONE
TPESA-3003043,2026-09-01 13:14:44,+25577***905,+25565376740,USSD_*150*01#,BANK_TO_WALLET_DEPOSIT,423000.0,6345.0,TZ-DOM-002,SUCCESS,NONE
TPESA-3003044,2026-09-06 07:49:57,+25567***200,TILL-837017,USSD_*150*01#,LIPA_KWA_SIMU_MERCHANT,38300.0,306.4,TZ-MBY-002,SUCCESS,NONE
TPESA-3003045,2026-09-01 23:29:29,+25571***673,+25567758219,USSD_*150*01#,P2P_TRANSFER,71900.0,1078.5,TZ-PEM-001,SUCCESS,NONE
TPESA-3003046,2026-09-05 23:23:26,+25577***691,+25567946341,TIGO_PESA_APP,P2P_TRANSFER,150600.0,2259.0,TZ-MOR-001,SUCCESS,NONE
TPESA-3003047,2026-09-02 19:44:51,+25577***670,+25565347910,USSD_*150*01#,P2P_TRANSFER,107700.0,1615.5,TZ-GEI-001,SUCCESS,NONE
TPESA-3003048,2026-09-01 19:26:45,+25571***321,+25575203491,USSD_*150*01#,CASH_OUT_WAKALA,69000.0,1035.0,TZ-DOM-003,SUCCESS,NONE
TPESA-3003049,2026-09-04 06:20:37,+25571***592,+25571721972,USSD_*150*01#,CASH_OUT_WAKALA,262100.0,3931.5,TZ-SHI-001,SUCCESS,NONE
TPESA-3003050,2026-09-07 17:39:47,+25577***932,+25565697968,USSD_*150*01#,P2P_TRANSFER,167000.0,2505.0,TZ-DOM-003,SUCCESS,NONE
TPESA-3003051,2026-09-02 09:05:16,+25577***939,+25577860939,TIGO_PESA_APP,AIRTIME_TOP_UP,1300.0,0.0,TZ-SNG-001,SUCCESS,NONE
TPESA-3003052,2026-09-01 14:44:30,+25565***634,+25571896636,TIGO_PESA_APP,CASH_OUT_WAKALA,469700.0,7045.5,TZ-DAR-006,SUCCESS,NONE
TPESA-3003053,2026-09-01 18:15:46,+25577***253,+25571612275,TIGO_PESA_APP,P2P_TRANSFER,178500.0,2677.5,TZ-ZNZ-004,SUCCESS,NONE
TPESA-3003054,2026-09-01 12:45:11,+25577***214,TILL-968371,USSD_*150*01#,LIPA_KWA_SIMU_MERCHANT,32000.0,0.0,TZ-PWA-002,FAILED,INSUFFICIENT_FUNDS
TPESA-3003055,2026-09-03 22:19:20,+25577***595,+25577398595,USSD_*150*01#,AIRTIME_TOP_UP,4600.0,0.0,TZ-ARU-001,SUCCESS,NONE
TPESA-3003056,2026-09-04 21:31:16,+25567***664,+25567721281,TIGO_PESA_APP,CASH_OUT_WAKALA,209100.0,3136.5,TZ-TAN-001,SUCCESS,NONE
TPESA-3003057,2026-09-01 07:25:45,+25567***710,+25565368348,USSD_*150*01#,P2P_TRANSFER,106100.0,1591.5,TZ-DAR-003,SUCCESS,NONE
TPESA-3003058,2026-09-01 16:25:52,+25577***139,TILL-579661,TIGO_PESA_APP,LIPA_KWA_SIMU_MERCHANT,55300.0,442.4,TZ-DAR-002,SUCCESS,NONE
TPESA-3003059,2026-09-02 22:38:30,+25567***228,+25567780228,USSD_*150*01#,AIRTIME_TOP_UP,10600.0,0.0,TZ-DOM-002,SUCCESS,NONE
TPESA-3003060,2026-09-01 06:40:02,+25571***133,+25574432683,USSD_*150*01#,BANK_TO_WALLET_DEPOSIT,531900.0,7978.5,TZ-MBY-002,SUCCESS,NONE
TPESA-3003061,2026-09-03 15:37:28,+25571***243,+25574111468,TIGO_PESA_APP,P2P_TRANSFER,55700.0,835.5,TZ-KAH-001,SUCCESS,NONE
TPESA-3003062,2026-09-02 06:57:16,+25577***321,+25571782236,TIGO_PESA_APP,P2P_TRANSFER,147200.0,2208.0,TZ-DAR-012,SUCCESS,NONE
TPESA-3003063,2026-09-06 06:10:22,+25571***120,+25571377120,TIGO_PESA_APP,AIRTIME_TOP_UP,3700.0,0.0,TZ-MBY-002,SUCCESS,NONE
TPESA-3003064,2026-09-07 18:32:02,+25577***219,+25567208818,TIGO_PESA_APP,P2P_TRANSFER,27000.0,405.0,TZ-MWA-001,SUCCESS,NONE
TPESA-3003065,2026-09-05 13:12:15,+25571***652,TILL-936217,TIGO_PESA_APP,LIPA_KWA_SIMU_MERCHANT,56000.0,448.0,TZ-GEI-001,SUCCESS,NONE
TPESA-3003066,2026-09-01 20:57:54,+25567***500,+25571496098,USSD_*150*01#,P2P_TRANSFER,161900.0,2428.5,TZ-ARU-001,SUCCESS,NONE
TPESA-3003067,2026-09-07 08:39:52,+25567***706,TILL-855236,USSD_*150*01#,LIPA_KWA_SIMU_MERCHANT,145400.0,1163.2,TZ-ARU-002,SUCCESS,NONE
TPESA-3003068,2026-09-02 06:41:03,+25567***035,+25565873655,TIGO_PESA_APP,P2P_TRANSFER,228200.0,3423.0,TZ-SNG-001,SUCCESS,NONE
TPESA-3003069,2026-09-06 17:17:55,+25577***773,+25571831516,TIGO_PESA_APP,P2P_TRANSFER,137100.0,2056.5,TZ-DAR-010,SUCCESS,NONE
TPESA-3003070,2026-09-02 16:34:35,+25565***883,TILL-903611,TIGO_PESA_APP,LIPA_KWA_SIMU_MERCHANT,111200.0,889.6,TZ-DOM-002,SUCCESS,NONE
TPESA-3003071,2026-09-07 22:49:15,+25571***024,TILL-747435,USSD_*150*01#,LIPA_KWA_SIMU_MERCHANT,104900.0,839.2,TZ-MOR-001,SUCCESS,NONE
TPESA-3003072,2026-09-03 22:52:24,+25565***380,TILL-815046,TIGO_PESA_APP,LIPA_KWA_SIMU_MERCHANT,55900.0,447.2,TZ-ARU-001,SUCCESS,NONE
TPESA-3003073,2026-09-05 10:14:09,+25577***455,TILL-574100,TIGO_PESA_APP,LIPA_KWA_SIMU_MERCHANT,102600.0,820.8,TZ-ZNZ-002,SUCCESS,NONE
TPESA-3003074,2026-09-03 17:54:35,+25577***435,TILL-910356,USSD_*150*01#,LIPA_KWA_SIMU_MERCHANT,68300.0,546.4,TZ-DOM-002,SUCCESS,NONE
TPESA-3003075,2026-09-06 15:30:34,+25577***827,+25577986827,USSD_*150*01#,AIRTIME_TOP_UP,15400.0,0.0,TZ-NJO-001,SUCCESS,NONE
TPESA-3003076,2026-09-01 16:36:10,+25567***646,+25567948280,TIGO_PESA_APP,P2P_TRANSFER,53400.0,801.0,TZ-DOM-001,SUCCESS,NONE
TPESA-3003077,2026-09-03 21:43:16,+25577***168,+25575855669,TIGO_PESA_APP,P2P_TRANSFER,58300.0,874.5,TZ-DAR-001,SUCCESS,NONE
TPESA-3003078,2026-09-04 07:06:59,+25565***887,+25565620680,USSD_*150*01#,CASH_OUT_WAKALA,276000.0,4140.0,TZ-DAR-003,SUCCESS,NONE
TPESA-3003079,2026-09-07 13:49:41,+25571***212,+25565279402,TIGO_PESA_APP,BANK_TO_WALLET_DEPOSIT,208600.0,3129.0,TZ-DAR-014,SUCCESS,NONE
TPESA-3003080,2026-09-06 22:01:58,+25571***035,TILL-757861,TIGO_PESA_APP,LIPA_KWA_SIMU_MERCHANT,7400.0,59.2,TZ-DAR-004,SUCCESS,NONE
TPESA-3003081,2026-09-07 15:53:54,+25565***603,+25565265603,USSD_*150*01#,AIRTIME_TOP_UP,8300.0,0.0,TZ-DAR-005,SUCCESS,NONE
TPESA-3003082,2026-09-04 10:27:35,+25565***870,TILL-725600,USSD_*150*01#,LIPA_KWA_SIMU_MERCHANT,149100.0,1192.8,TZ-DAR-003,SUCCESS,NONE
TPESA-3003083,2026-09-02 11:46:31,+25571***500,+25567148082,USSD_*150*01#,P2P_TRANSFER,200600.0,3009.0,TZ-ARU-001,SUCCESS,NONE
TPESA-3003084,2026-09-04 08:37:15,+25567***954,+25565524274,USSD_*150*01#,P2P_TRANSFER,190800.0,2862.0,TZ-SHI-001,SUCCESS,NONE
TPESA-3003085,2026-09-04 13:32:26,+25567***723,TILL-877989,USSD_*150*01#,LIPA_KWA_SIMU_MERCHANT,97100.0,776.8,TZ-PWA-002,SUCCESS,NONE
TPESA-3003086,2026-09-05 10:47:43,+25577***527,TILL-819185,USSD_*150*01#,LIPA_KWA_SIMU_MERCHANT,120700.0,965.6,TZ-PWA-001,SUCCESS,NONE
TPESA-3003087,2026-09-04 09:29:35,+25577***146,+25565378257,TIGO_PESA_APP,BANK_TO_WALLET_DEPOSIT,60300.0,904.5,TZ-NJO-001,SUCCESS,NONE
TPESA-3003088,2026-09-05 06:50:26,+25571***915,+25577675037,TIGO_PESA_APP,BANK_TO_WALLET_DEPOSIT,240600.0,3609.0,TZ-DAR-014,SUCCESS,NONE
TPESA-3003089,2026-09-02 06:40:19,+25565***366,+25571238744,USSD_*150*01#,P2P_TRANSFER,239100.0,3586.5,TZ-BUK-001,SUCCESS,NONE
TPESA-3003090,2026-09-03 13:01:20,+25565***925,+25571366460,TIGO_PESA_APP,P2P_TRANSFER,221500.0,3322.5,TZ-DAR-015,SUCCESS,NONE
TPESA-3003091,2026-09-02 22:12:09,+25571***800,+25577435044,USSD_*150*01#,BANK_TO_WALLET_DEPOSIT,977800.0,14667.0,TZ-TAN-002,SUCCESS,NONE
TPESA-3003092,2026-09-02 06:32:28,+25571***652,+25565312054,USSD_*150*01#,CASH_OUT_WAKALA,20800.0,350.0,TZ-SNG-001,SUCCESS,NONE
TPESA-3003093,2026-09-01 06:08:10,+25577***613,+25574298254,USSD_*150*01#,CASH_OUT_WAKALA,334900.0,5023.5,TZ-MOR-001,SUCCESS,NONE
TPESA-3003094,2026-09-06 15:40:02,+25571***341,+25567681780,TIGO_PESA_APP,P2P_TRANSFER,17600.0,350.0,TZ-NJO-001,SUCCESS,NONE
TPESA-3003095,2026-09-03 11:43:33,+25571***137,+25575105485,USSD_*150*01#,P2P_TRANSFER,13100.0,350.0,TZ-DOM-002,SUCCESS,NONE
TPESA-3003096,2026-09-05 07:32:03,+25571***939,TILL-627871,TIGO_PESA_APP,LIPA_KWA_SIMU_MERCHANT,55800.0,446.4,TZ-MTW-001,SUCCESS,NONE
TPESA-3003097,2026-09-01 17:54:30,+25571***460,+25571737460,TIGO_PESA_APP,AIRTIME_TOP_UP,8800.0,0.0,TZ-PWA-001,SUCCESS,NONE
TPESA-3003098,2026-09-01 09:49:49,+25571***324,+25567459312,TIGO_PESA_APP,CASH_OUT_WAKALA,494200.0,7413.0,TZ-DOM-003,SUCCESS,NONE
TPESA-3003099,2026-09-05 14:22:47,+25567***277,+25577760129,TIGO_PESA_APP,P2P_TRANSFER,213900.0,3208.5,TZ-ARU-003,SUCCESS,NONE
TPESA-3003100,2026-09-02 23:08:07,+25565***113,+25571885373,TIGO_PESA_APP,P2P_TRANSFER,91700.0,1375.5,TZ-SON-001,SUCCESS,NONE
TPESA-3003101,2026-09-05 22:10:10,+25577***321,+25577533321,TIGO_PESA_APP,AIRTIME_TOP_UP,2900.0,0.0,TZ-DOM-002,SUCCESS,NONE
TPESA-3003102,2026-09-03 13:53:34,+25577***415,+25571570584,USSD_*150*01#,P2P_TRANSFER,47400.0,711.0,TZ-DAR-011,SUCCESS,NONE
TPESA-3003103,2026-09-01 11:41:19,+25577***580,+25577143697,TIGO_PESA_APP,P2P_TRANSFER,52400.0,786.0,TZ-TAB-001,SUCCESS,NONE
TPESA-3003104,2026-09-01 15:13:16,+25571***569,+25571249852,USSD_*150*01#,P2P_TRANSFER,104300.0,1564.5,TZ-DAR-013,SUCCESS,NONE
TPESA-3003105,2026-09-01 15:37:44,+25577***841,+25567101077,TIGO_PESA_APP,CASH_OUT_WAKALA,417200.0,6258.0,TZ-TAN-003,SUCCESS,NONE
TPESA-3003106,2026-09-07 21:31:14,+25567***186,TILL-516906,USSD_*150*01#,LIPA_KWA_SIMU_MERCHANT,52300.0,418.4,TZ-KIL-002,SUCCESS,NONE
TPESA-3003107,2026-09-04 11:14:39,+25565***530,+25565617530,USSD_*150*01#,AIRTIME_TOP_UP,18600.0,0.0,TZ-SHI-001,SUCCESS,NONE
TPESA-3003108,2026-09-01 20:49:35,+25565***796,+25571967998,USSD_*150*01#,P2P_TRANSFER,58100.0,871.5,TZ-PWA-002,SUCCESS,NONE
TPESA-3003109,2026-09-07 10:55:51,+25565***747,+25567315004,USSD_*150*01#,BANK_TO_WALLET_DEPOSIT,657500.0,9862.5,TZ-MBY-001,SUCCESS,NONE
TPESA-3003110,2026-09-02 20:26:14,+25577***195,+25575788153,TIGO_PESA_APP,BANK_TO_WALLET_DEPOSIT,688900.0,10333.5,TZ-MBY-001,SUCCESS,NONE
TPESA-3003111,2026-09-05 19:08:35,+25565***827,+25567338780,USSD_*150*01#,P2P_TRANSFER,145000.0,2175.0,TZ-MOR-001,SUCCESS,NONE
TPESA-3003112,2026-09-01 17:29:25,+25565***127,+25565671667,USSD_*150*01#,P2P_TRANSFER,56100.0,841.5,TZ-KIG-001,SUCCESS,NONE
TPESA-3003113,2026-09-05 17:32:22,+25571***000,+25567926455,TIGO_PESA_APP,CASH_OUT_WAKALA,205000.0,3075.0,TZ-MWA-001,SUCCESS,NONE
TPESA-3003114,2026-09-06 20:15:57,+25571***539,+25567611272,TIGO_PESA_APP,P2P_TRANSFER,114300.0,1714.5,TZ-DAR-004,SUCCESS,NONE
TPESA-3003115,2026-09-03 18:17:33,+25567***581,+25576601025,USSD_*150*01#,P2P_TRANSFER,63100.0,946.5,TZ-SHI-001,SUCCESS,NONE
TPESA-3003116,2026-09-01 09:10:09,+25567***567,+25567687516,USSD_*150*01#,CASH_OUT_WAKALA,321700.0,4825.5,TZ-DAR-006,SUCCESS,NONE
TPESA-3003117,2026-09-02 08:17:19,+25567***526,+25567424526,USSD_*150*01#,AIRTIME_TOP_UP,1200.0,0.0,TZ-PEM-001,SUCCESS,NONE
TPESA-3003118,2026-09-04 13:08:56,+25577***039,+25571159245,USSD_*150*01#,P2P_TRANSFER,46300.0,694.5,TZ-ZNZ-002,SUCCESS,NONE
TPESA-3003119,2026-09-01 15:09:51,+25567***379,+25565323701,TIGO_PESA_APP,P2P_TRANSFER,158400.0,2376.0,TZ-MOR-001,SUCCESS,NONE
TPESA-3003120,2026-09-07 09:34:51,+25565***984,+25575818102,TIGO_PESA_APP,CASH_OUT_WAKALA,31800.0,477.0,TZ-DOM-003,SUCCESS,NONE
TPESA-3003121,2026-09-02 17:54:51,+25577***996,+25567870074,TIGO_PESA_APP,P2P_TRANSFER,138300.0,2074.5,TZ-NJO-001,SUCCESS,NONE
TPESA-3003122,2026-09-01 12:40:34,+25577***246,+25577107246,USSD_*150*01#,AIRTIME_TOP_UP,7600.0,0.0,TZ-DOM-001,SUCCESS,NONE
TPESA-3003123,2026-09-04 23:49:29,+25565***409,+25567258649,TIGO_PESA_APP,CASH_OUT_WAKALA,158200.0,2373.0,TZ-DAR-011,SUCCESS,NONE
TPESA-3003124,2026-09-02 12:22:16,+25577***666,+25567325032,USSD_*150*01#,P2P_TRANSFER,166000.0,2490.0,TZ-KIG-001,SUCCESS,NONE
TPESA-3003125,2026-09-02 12:11:57,+25577***271,+25577826895,TIGO_PESA_APP,CASH_OUT_WAKALA,427500.0,6412.5,TZ-ARU-001,SUCCESS,NONE
TPESA-3003126,2026-09-07 19:14:43,+25565***333,TILL-664331,USSD_*150*01#,LIPA_KWA_SIMU_MERCHANT,128000.0,1024.0,TZ-KIG-001,SUCCESS,NONE
TPESA-3003127,2026-09-01 10:22:17,+25567***500,+25577376134,USSD_*150*01#,BANK_TO_WALLET_DEPOSIT,299800.0,4497.0,TZ-ARU-001,SUCCESS,NONE
TPESA-3003128,2026-09-07 14:17:51,+25565***832,TILL-586900,TIGO_PESA_APP,LIPA_KWA_SIMU_MERCHANT,24700.0,197.6,TZ-DAR-008,SUCCESS,NONE
TPESA-3003129,2026-09-01 13:57:21,+25567***204,+25567531204,USSD_*150*01#,AIRTIME_TOP_UP,1100.0,0.0,TZ-KIG-001,SUCCESS,NONE
TPESA-3003130,2026-09-07 14:43:53,+25565***148,TILL-850022,USSD_*150*01#,LIPA_KWA_SIMU_MERCHANT,106300.0,850.4,TZ-TAN-001,SUCCESS,NONE
TPESA-3003131,2026-09-03 11:50:12,+25571***145,+25571964268,USSD_*150*01#,BANK_TO_WALLET_DEPOSIT,880800.0,13212.0,TZ-PWA-001,SUCCESS,NONE
TPESA-3003132,2026-09-07 19:20:06,+25567***527,+25575886240,USSD_*150*01#,CASH_OUT_WAKALA,119000.0,1785.0,TZ-DAR-001,SUCCESS,NONE
TPESA-3003133,2026-09-04 23:52:53,+25571***472,TILL-532295,USSD_*150*01#,LIPA_KWA_SIMU_MERCHANT,54500.0,436.0,TZ-ZNZ-003,SUCCESS,NONE
TPESA-3003134,2026-09-02 14:17:24,+25571***468,+25577295483,TIGO_PESA_APP,P2P_TRANSFER,158800.0,2382.0,TZ-ARU-001,SUCCESS,NONE
TPESA-3003135,2026-09-07 06:05:10,+25565***228,TILL-753260,TIGO_PESA_APP,LIPA_KWA_SIMU_MERCHANT,59300.0,474.4,TZ-ZNZ-001,SUCCESS,NONE
TPESA-3003136,2026-09-02 11:27:21,+25571***778,+25571959430,USSD_*150*01#,P2P_TRANSFER,223600.0,3354.0,TZ-SNG-001,SUCCESS,NONE
TPESA-3003137,2026-09-02 06:10:25,+25567***721,TILL-624945,USSD_*150*01#,LIPA_KWA_SIMU_MERCHANT,67900.0,543.2,TZ-NJO-001,SUCCESS,NONE
TPESA-3003138,2026-09-06 07:22:53,+25565***583,TILL-796291,TIGO_PESA_APP,LIPA_KWA_SIMU_MERCHANT,119400.0,955.2,TZ-TAN-002,SUCCESS,NONE
TPESA-3003139,2026-09-07 07:55:28,+25567***316,+25577575643,USSD_*150*01#,CASH_OUT_WAKALA,192800.0,2892.0,TZ-ZNZ-004,SUCCESS,NONE
TPESA-3003140,2026-09-04 16:18:34,+25567***058,+25567778058,USSD_*150*01#,AIRTIME_TOP_UP,14400.0,0.0,TZ-DAR-002,SUCCESS,NONE
TPESA-3003141,2026-09-07 19:36:34,+25571***168,+25571552168,TIGO_PESA_APP,AIRTIME_TOP_UP,3200.0,0.0,TZ-DAR-007,SUCCESS,NONE
TPESA-3003142,2026-09-07 15:09:30,+25577***536,+25577684536,USSD_*150*01#,AIRTIME_TOP_UP,14300.0,0.0,TZ-DAR-001,SUCCESS,NONE
TPESA-3003143,2026-09-05 23:18:57,+25577***551,+25577716551,TIGO_PESA_APP,AIRTIME_TOP_UP,4400.0,0.0,TZ-DAR-014,SUCCESS,NONE
TPESA-3003144,2026-09-01 08:46:04,+25567***860,TILL-758907,TIGO_PESA_APP,LIPA_KWA_SIMU_MERCHANT,70700.0,565.6,TZ-ZNZ-001,SUCCESS,NONE
TPESA-3003145,2026-09-05 16:43:59,+25565***287,+25565722902,USSD_*150*01#,P2P_TRANSFER,161800.0,2427.0,TZ-KIL-002,SUCCESS,NONE
TPESA-3003146,2026-09-04 20:16:30,+25565***954,+25577741315,USSD_*150*01#,CASH_OUT_WAKALA,388300.0,5824.5,TZ-DAR-004,SUCCESS,NONE
TPESA-3003147,2026-09-04 12:16:18,+25567***442,+25571597598,USSD_*150*01#,CASH_OUT_WAKALA,437100.0,6556.5,TZ-TAR-001,SUCCESS,NONE
TPESA-3003148,2026-09-07 19:57:51,+25571***748,+25575319136,USSD_*150*01#,P2P_TRANSFER,130200.0,1953.0,TZ-TAN-001,SUCCESS,NONE
TPESA-3003149,2026-09-07 23:26:23,+25577***714,+25576382510,TIGO_PESA_APP,CASH_OUT_WAKALA,335200.0,5028.0,TZ-TAN-002,SUCCESS,NONE
TPESA-3003150,2026-09-03 09:31:48,+25577***443,+25577853443,USSD_*150*01#,AIRTIME_TOP_UP,19700.0,0.0,TZ-MOR-001,SUCCESS,NONE
TPESA-3003151,2026-09-06 06:28:32,+25565***794,+25575501455,USSD_*150*01#,P2P_TRANSFER,183900.0,2758.5,TZ-NJO-001,SUCCESS,NONE
TPESA-3003152,2026-09-05 07:47:16,+25571***859,+25574826943,TIGO_PESA_APP,BANK_TO_WALLET_DEPOSIT,252200.0,3783.0,TZ-MWA-003,SUCCESS,NONE
TPESA-3003153,2026-09-02 11:06:25,+25565***848,+25575511520,TIGO_PESA_APP,P2P_TRANSFER,63700.0,955.5,TZ-DAR-015,SUCCESS,NONE
TPESA-3003154,2026-09-04 06:40:04,+25567***699,+25577558115,USSD_*150*01#,CASH_OUT_WAKALA,301800.0,4527.0,TZ-DOM-002,SUCCESS,NONE
TPESA-3003155,2026-09-04 19:37:12,+25567***048,+25571539807,USSD_*150*01#,P2P_TRANSFER,104800.0,1572.0,TZ-ZNZ-003,SUCCESS,NONE
TPESA-3003156,2026-09-07 11:45:12,+25565***883,+25577578523,TIGO_PESA_APP,P2P_TRANSFER,56000.0,840.0,TZ-DOM-002,SUCCESS,NONE
TPESA-3003157,2026-09-03 14:32:34,+25577***008,TILL-989666,USSD_*150*01#,LIPA_KWA_SIMU_MERCHANT,98700.0,789.6,TZ-KAH-001,SUCCESS,NONE
TPESA-3003158,2026-09-04 20:11:51,+25577***235,+25571394557,USSD_*150*01#,BANK_TO_WALLET_DEPOSIT,232900.0,3493.5,TZ-ZNZ-002,SUCCESS,NONE
TPESA-3003159,2026-09-05 21:45:42,+25565***223,+25571687737,TIGO_PESA_APP,BANK_TO_WALLET_DEPOSIT,57900.0,868.5,TZ-DAR-007,SUCCESS,NONE
TPESA-3003160,2026-09-01 18:29:27,+25565***446,+25567371985,USSD_*150*01#,CASH_OUT_WAKALA,145900.0,2188.5,TZ-ARU-003,SUCCESS,NONE
TPESA-3003161,2026-09-05 11:22:27,+25565***287,+25576893481,TIGO_PESA_APP,P2P_TRANSFER,30300.0,454.5,TZ-ARU-003,SUCCESS,NONE
TPESA-3003162,2026-09-04 14:23:55,+25567***043,TILL-708795,TIGO_PESA_APP,LIPA_KWA_SIMU_MERCHANT,117100.0,936.8,TZ-ARU-001,SUCCESS,NONE
TPESA-3003163,2026-09-01 20:26:29,+25577***798,+25571252340,USSD_*150*01#,BANK_TO_WALLET_DEPOSIT,875200.0,13128.0,TZ-MWA-001,SUCCESS,NONE
TPESA-3003164,2026-09-05 22:38:58,+25577***264,TILL-508515,USSD_*150*01#,LIPA_KWA_SIMU_MERCHANT,7100.0,56.8,TZ-DOM-001,SUCCESS,NONE
TPESA-3003165,2026-09-06 09:56:54,+25567***257,+25565336368,TIGO_PESA_APP,CASH_OUT_WAKALA,345100.0,5176.5,TZ-PEM-001,SUCCESS,NONE
TPESA-3003166,2026-09-03 11:45:32,+25571***226,+25577852729,USSD_*150*01#,BANK_TO_WALLET_DEPOSIT,728600.0,10929.0,TZ-ARU-002,SUCCESS,NONE
TPESA-3003167,2026-09-01 22:58:15,+25565***507,+25577622459,TIGO_PESA_APP,P2P_TRANSFER,8800.0,350.0,TZ-DAR-009,SUCCESS,NONE
TPESA-3003168,2026-09-04 18:53:08,+25577***604,TILL-602344,TIGO_PESA_APP,LIPA_KWA_SIMU_MERCHANT,120000.0,960.0,TZ-ARU-002,SUCCESS,NONE
TPESA-3003169,2026-09-06 23:47:52,+25571***946,+25571869946,USSD_*150*01#,AIRTIME_TOP_UP,12300.0,0.0,TZ-ZNZ-001,SUCCESS,NONE
TPESA-3003170,2026-09-02 14:05:14,+25577***142,TILL-559860,TIGO_PESA_APP,LIPA_KWA_SIMU_MERCHANT,84500.0,676.0,TZ-TAR-001,SUCCESS,NONE
TPESA-3003171,2026-09-01 20:16:43,+25565***387,+25565208436,TIGO_PESA_APP,P2P_TRANSFER,173600.0,2604.0,TZ-TAN-002,SUCCESS,NONE
TPESA-3003172,2026-09-01 19:53:38,+25567***708,TILL-947752,TIGO_PESA_APP,LIPA_KWA_SIMU_MERCHANT,22200.0,177.6,TZ-KAH-001,SUCCESS,NONE
TPESA-3003173,2026-09-02 14:29:16,+25567***887,+25567106887,USSD_*150*01#,AIRTIME_TOP_UP,7500.0,0.0,TZ-DOM-003,SUCCESS,NONE
TPESA-3003174,2026-09-05 19:52:59,+25571***445,+25571829445,TIGO_PESA_APP,AIRTIME_TOP_UP,3400.0,0.0,TZ-MWA-002,SUCCESS,NONE
TPESA-3003175,2026-09-05 07:53:36,+25567***791,+25567413791,USSD_*150*01#,AIRTIME_TOP_UP,11300.0,0.0,TZ-DAR-011,SUCCESS,NONE
TPESA-3003176,2026-09-03 17:09:18,+25577***381,+25565393490,TIGO_PESA_APP,P2P_TRANSFER,97900.0,1468.5,TZ-TAN-002,SUCCESS,NONE
TPESA-3003177,2026-09-01 18:59:46,+25565***561,TILL-639869,TIGO_PESA_APP,LIPA_KWA_SIMU_MERCHANT,35000.0,280.0,TZ-KIG-001,SUCCESS,NONE
TPESA-3003178,2026-09-01 13:51:09,+25567***702,+25567368040,TIGO_PESA_APP,P2P_TRANSFER,42400.0,636.0,TZ-PEM-001,SUCCESS,NONE
TPESA-3003179,2026-09-05 06:52:02,+25577***287,+25576870515,USSD_*150*01#,P2P_TRANSFER,220800.0,3312.0,TZ-DAR-009,SUCCESS,NONE
TPESA-3003180,2026-09-04 13:38:22,+25565***065,+25577574486,USSD_*150*01#,CASH_OUT_WAKALA,100600.0,1509.0,TZ-MBY-002,SUCCESS,NONE
TPESA-3003181,2026-09-02 17:41:26,+25565***436,+25571966034,USSD_*150*01#,CASH_OUT_WAKALA,55800.0,837.0,TZ-SON-001,SUCCESS,NONE
TPESA-3003182,2026-09-02 09:00:45,+25567***465,+25571270212,USSD_*150*01#,BANK_TO_WALLET_DEPOSIT,724200.0,10863.0,TZ-MBY-001,SUCCESS,NONE
TPESA-3003183,2026-09-06 23:07:50,+25567***204,+25567531204,TIGO_PESA_APP,AIRTIME_TOP_UP,10100.0,0.0,TZ-KIG-001,SUCCESS,NONE
TPESA-3003184,2026-09-02 10:59:52,+25567***733,+25567956787,USSD_*150*01#,CASH_OUT_WAKALA,270200.0,4053.0,TZ-DAR-011,SUCCESS,NONE
TPESA-3003185,2026-09-02 23:18:14,+25571***859,+25565217962,TIGO_PESA_APP,CASH_OUT_WAKALA,275500.0,4132.5,TZ-MWA-003,SUCCESS,NONE
TPESA-3003186,2026-09-01 17:47:04,+25565***519,TILL-680288,TIGO_PESA_APP,LIPA_KWA_SIMU_MERCHANT,70500.0,564.0,TZ-DAR-012,SUCCESS,NONE
TPESA-3003187,2026-09-02 09:53:40,+25565***347,+25567487459,TIGO_PESA_APP,P2P_TRANSFER,14800.0,350.0,TZ-DAR-009,SUCCESS,NONE
TPESA-3003188,2026-09-05 19:56:09,+25567***362,TILL-787915,TIGO_PESA_APP,LIPA_KWA_SIMU_MERCHANT,81200.0,649.6,TZ-TAR-001,SUCCESS,NONE
TPESA-3003189,2026-09-05 21:11:39,+25571***210,+25574467977,USSD_*150*01#,P2P_TRANSFER,190700.0,2860.5,TZ-PWA-002,SUCCESS,NONE
TPESA-3003190,2026-09-05 22:11:10,+25567***163,+25571368635,TIGO_PESA_APP,P2P_TRANSFER,205300.0,3079.5,TZ-DAR-008,SUCCESS,NONE
TPESA-3003191,2026-09-03 12:21:27,+25565***954,+25575700730,TIGO_PESA_APP,P2P_TRANSFER,98900.0,1483.5,TZ-DAR-004,SUCCESS,NONE
TPESA-3003192,2026-09-03 13:13:11,+25567***288,+25567899690,TIGO_PESA_APP,BANK_TO_WALLET_DEPOSIT,221500.0,3322.5,TZ-SHI-001,SUCCESS,NONE
TPESA-3003193,2026-09-06 20:44:07,+25565***701,+25574248144,USSD_*150*01#,CASH_OUT_WAKALA,160600.0,2409.0,TZ-TND-001,SUCCESS,NONE
TPESA-3003194,2026-09-01 14:11:01,+25565***366,TILL-543559,TIGO_PESA_APP,LIPA_KWA_SIMU_MERCHANT,68700.0,549.6,TZ-BUK-001,SUCCESS,NONE
TPESA-3003195,2026-09-01 06:40:10,+25567***422,+25565558083,TIGO_PESA_APP,CASH_OUT_WAKALA,168000.0,2520.0,TZ-ZNZ-002,SUCCESS,NONE
TPESA-3003196,2026-09-01 06:34:31,+25567***003,+25577753432,TIGO_PESA_APP,CASH_OUT_WAKALA,469800.0,7047.0,TZ-SHI-001,SUCCESS,NONE
TPESA-3003197,2026-09-04 08:40:37,+25565***694,+25565583694,USSD_*150*01#,AIRTIME_TOP_UP,12400.0,0.0,TZ-DAR-009,SUCCESS,NONE
TPESA-3003198,2026-09-07 07:22:47,+25577***335,+25577216335,TIGO_PESA_APP,AIRTIME_TOP_UP,16300.0,0.0,TZ-TAB-001,SUCCESS,NONE
TPESA-3003199,2026-09-04 18:02:13,+25567***975,+25571272047,TIGO_PESA_APP,P2P_TRANSFER,151900.0,2278.5,TZ-TAB-001,SUCCESS,NONE
TPESA-3003200,2026-09-06 19:32:30,+25567***113,+25571511382,TIGO_PESA_APP,CASH_OUT_WAKALA,324000.0,4860.0,TZ-TAN-003,SUCCESS,NONE
TPESA-3003201,2026-09-02 20:22:43,+25571***531,TILL-646286,USSD_*150*01#,LIPA_KWA_SIMU_MERCHANT,116900.0,935.2,TZ-ZNZ-004,SUCCESS,NONE
TPESA-3003202,2026-09-06 19:30:21,+25565***124,+25576842419,USSD_*150*01#,P2P_TRANSFER,106800.0,0.0,TZ-MWA-002,FAILED,SYSTEM_BUSY
TPESA-3003203,2026-09-02 07:06:49,+25567***016,+25565620450,TIGO_PESA_APP,P2P_TRANSFER,93000.0,1395.0,TZ-NJO-001,SUCCESS,NONE
TPESA-3003204,2026-09-01 15:17:49,+25565***178,TILL-779818,TIGO_PESA_APP,LIPA_KWA_SIMU_MERCHANT,87600.0,700.8,TZ-DAR-006,SUCCESS,NONE
TPESA-3003205,2026-09-01 16:02:10,+25577***369,+25567305240,TIGO_PESA_APP,CASH_OUT_WAKALA,202700.0,3040.5,TZ-MAR-001,SUCCESS,NONE
TPESA-3003206,2026-09-04 21:29:17,+25565***052,+25571417847,USSD_*150*01#,P2P_TRANSFER,161000.0,2415.0,TZ-TAN-002,SUCCESS,NONE
TPESA-3003207,2026-09-06 12:28:01,+25571***550,+25565545731,TIGO_PESA_APP,P2P_TRANSFER,50900.0,763.5,TZ-DAR-009,SUCCESS,NONE
TPESA-3003208,2026-09-06 19:20:19,+25577***638,TILL-758412,TIGO_PESA_APP,LIPA_KWA_SIMU_MERCHANT,124100.0,992.8,TZ-MBY-001,SUCCESS,NONE
TPESA-3003209,2026-09-04 21:21:45,+25565***654,+25575530316,TIGO_PESA_APP,P2P_TRANSFER,10800.0,350.0,TZ-DAR-011,SUCCESS,NONE
TPESA-3003210,2026-09-06 15:24:44,+25571***552,TILL-531035,TIGO_PESA_APP,LIPA_KWA_SIMU_MERCHANT,72800.0,0.0,TZ-KIL-001,FAILED,PIN_MAX_ATTEMPTS_EXCEEDED
TPESA-3003211,2026-09-01 13:24:46,+25577***239,TILL-764744,TIGO_PESA_APP,LIPA_KWA_SIMU_MERCHANT,3100.0,24.8,TZ-DAR-005,SUCCESS,NONE
TPESA-3003212,2026-09-05 19:23:42,+25577***401,+25577319401,USSD_*150*01#,AIRTIME_TOP_UP,3800.0,0.0,TZ-IRI-001,SUCCESS,NONE
TPESA-3003213,2026-09-03 14:26:22,+25571***652,TILL-715232,TIGO_PESA_APP,LIPA_KWA_SIMU_MERCHANT,35800.0,286.4,TZ-DAR-010,SUCCESS,NONE
TPESA-3003214,2026-09-01 10:36:32,+25567***193,+25565479377,TIGO_PESA_APP,CASH_OUT_WAKALA,186300.0,2794.5,TZ-ZNZ-003,SUCCESS,NONE
TPESA-3003215,2026-09-03 09:15:30,+25577***415,+25575161559,TIGO_PESA_APP,BANK_TO_WALLET_DEPOSIT,944900.0,14173.5,TZ-DAR-011,SUCCESS,NONE
TPESA-3003216,2026-09-01 16:14:35,+25577***130,+25576559183,TIGO_PESA_APP,CASH_OUT_WAKALA,248800.0,3732.0,TZ-DAR-008,SUCCESS,NONE
TPESA-3003217,2026-09-07 17:31:54,+25577***188,+25567466426,USSD_*150*01#,P2P_TRANSFER,64300.0,964.5,TZ-DAR-013,SUCCESS,NONE
TPESA-3003218,2026-09-07 14:11:04,+25571***210,+25574570986,USSD_*150*01#,P2P_TRANSFER,168300.0,2524.5,TZ-PWA-002,SUCCESS,NONE
TPESA-3003219,2026-09-03 15:16:46,+25571***967,+25571101978,TIGO_PESA_APP,CASH_OUT_WAKALA,185900.0,2788.5,TZ-DAR-001,SUCCESS,NONE
TPESA-3003220,2026-09-05 10:28:46,+25567***554,+25567186554,TIGO_PESA_APP,AIRTIME_TOP_UP,11600.0,0.0,TZ-ZNZ-004,SUCCESS,NONE
TPESA-3003221,2026-09-03 17:24:02,+25571***356,+25571189881,USSD_*150*01#,P2P_TRANSFER,79600.0,1194.0,TZ-DAR-011,SUCCESS,NONE
TPESA-3003222,2026-09-05 23:36:05,+25567***875,+25567147189,TIGO_PESA_APP,BANK_TO_WALLET_DEPOSIT,150800.0,2262.0,TZ-KAH-001,SUCCESS,NONE
TPESA-3003223,2026-09-06 19:03:13,+25565***904,+25565204904,USSD_*150*01#,AIRTIME_TOP_UP,8800.0,0.0,TZ-DOM-003,SUCCESS,NONE
TPESA-3003224,2026-09-01 15:32:53,+25567***908,TILL-930685,USSD_*150*01#,LIPA_KWA_SIMU_MERCHANT,43900.0,351.2,TZ-PWA-001,SUCCESS,NONE
TPESA-3003225,2026-09-05 22:45:06,+25565***409,TILL-571038,TIGO_PESA_APP,LIPA_KWA_SIMU_MERCHANT,131700.0,1053.6,TZ-DAR-011,SUCCESS,NONE
TPESA-3003226,2026-09-03 17:07:42,+25567***146,+25577565143,TIGO_PESA_APP,CASH_OUT_WAKALA,341400.0,5121.0,TZ-DAR-009,SUCCESS,NONE
TPESA-3003227,2026-09-05 23:16:19,+25571***748,+25571921772,USSD_*150*01#,BANK_TO_WALLET_DEPOSIT,866200.0,12993.0,TZ-TAN-001,SUCCESS,NONE
TPESA-3003228,2026-09-05 08:20:11,+25565***933,+25565244933,TIGO_PESA_APP,AIRTIME_TOP_UP,8000.0,0.0,TZ-MOR-001,SUCCESS,NONE
TPESA-3003229,2026-09-05 19:18:00,+25571***062,+25565471673,TIGO_PESA_APP,P2P_TRANSFER,249300.0,3739.5,TZ-GEI-001,SUCCESS,NONE
TPESA-3003230,2026-09-01 13:49:42,+25565***100,TILL-805200,USSD_*150*01#,LIPA_KWA_SIMU_MERCHANT,129700.0,1037.6,TZ-TAB-001,SUCCESS,NONE
TPESA-3003231,2026-09-05 15:36:26,+25565***303,+25565517303,USSD_*150*01#,AIRTIME_TOP_UP,6300.0,0.0,TZ-DAR-010,SUCCESS,NONE
TPESA-3003232,2026-09-04 21:15:51,+25571***120,+25567366284,TIGO_PESA_APP,P2P_TRANSFER,191000.0,2865.0,TZ-MBY-002,SUCCESS,NONE
TPESA-3003233,2026-09-03 16:10:33,+25565***950,+25575757122,USSD_*150*01#,BANK_TO_WALLET_DEPOSIT,964000.0,14460.0,TZ-ZNZ-003,SUCCESS,NONE
TPESA-3003234,2026-09-02 21:58:49,+25565***148,+25565925148,USSD_*150*01#,AIRTIME_TOP_UP,7100.0,0.0,TZ-SHI-001,SUCCESS,NONE
TPESA-3003235,2026-09-04 08:01:44,+25571***098,TILL-560435,USSD_*150*01#,LIPA_KWA_SIMU_MERCHANT,36400.0,291.2,TZ-KAH-001,SUCCESS,NONE
TPESA-3003236,2026-09-07 09:43:45,+25577***813,+25576138377,TIGO_PESA_APP,P2P_TRANSFER,178100.0,2671.5,TZ-DAR-015,SUCCESS,NONE
TPESA-3003237,2026-09-07 10:47:51,+25567***146,+25567707706,TIGO_PESA_APP,P2P_TRANSFER,109500.0,1642.5,TZ-DAR-009,SUCCESS,NONE
TPESA-3003238,2026-09-02 09:43:32,+25571***504,+25571977504,TIGO_PESA_APP,AIRTIME_TOP_UP,15700.0,0.0,TZ-DOM-001,SUCCESS,NONE
TPESA-3003239,2026-09-06 12:19:12,+25571***768,+25565680986,TIGO_PESA_APP,CASH_OUT_WAKALA,185300.0,2779.5,TZ-DAR-012,SUCCESS,NONE
TPESA-3003240,2026-09-01 13:11:10,+25571***981,+25575724086,USSD_*150*01#,CASH_OUT_WAKALA,18700.0,350.0,TZ-MBY-001,SUCCESS,NONE
TPESA-3003241,2026-09-07 07:50:50,+25577***886,TILL-858698,USSD_*150*01#,LIPA_KWA_SIMU_MERCHANT,130900.0,1047.2,TZ-KIL-003,SUCCESS,NONE
TPESA-3003242,2026-09-05 14:50:19,+25577***469,+25574528844,TIGO_PESA_APP,CASH_OUT_WAKALA,44900.0,673.5,TZ-TAN-002,SUCCESS,NONE
TPESA-3003243,2026-09-03 07:18:41,+25565***575,+25567946314,TIGO_PESA_APP,P2P_TRANSFER,138800.0,2082.0,TZ-TAB-001,SUCCESS,NONE
TPESA-3003244,2026-09-01 07:58:39,+25565***875,+25571248359,TIGO_PESA_APP,BANK_TO_WALLET_DEPOSIT,217200.0,3258.0,TZ-KIL-002,SUCCESS,NONE
TPESA-3003245,2026-09-03 13:05:02,+25577***225,+25575776856,TIGO_PESA_APP,CASH_OUT_WAKALA,245000.0,3675.0,TZ-DAR-008,SUCCESS,NONE
TPESA-3003246,2026-09-05 19:47:30,+25577***805,+25565326587,USSD_*150*01#,P2P_TRANSFER,67200.0,1008.0,TZ-TAN-001,SUCCESS,NONE
TPESA-3003247,2026-09-03 20:05:05,+25577***034,+25565242335,USSD_*150*01#,P2P_TRANSFER,107100.0,1606.5,TZ-MWA-001,SUCCESS,NONE
TPESA-3003248,2026-09-07 22:21:33,+25571***236,+25567864714,TIGO_PESA_APP,CASH_OUT_WAKALA,431400.0,6471.0,TZ-TAB-001,SUCCESS,NONE
TPESA-3003249,2026-09-03 08:21:15,+25577***070,TILL-736517,TIGO_PESA_APP,LIPA_KWA_SIMU_MERCHANT,71200.0,569.6,TZ-DAR-011,SUCCESS,NONE
TPESA-3003250,2026-09-02 12:01:15,+25565***646,TILL-856975,TIGO_PESA_APP,LIPA_KWA_SIMU_MERCHANT,46700.0,373.6,TZ-IRI-001,SUCCESS,NONE
TPESA-3003251,2026-09-03 12:14:11,+25567***612,+25576109458,USSD_*150*01#,CASH_OUT_WAKALA,246400.0,3696.0,TZ-DAR-003,SUCCESS,NONE
TPESA-3003252,2026-09-01 18:51:07,+25577***304,+25577170304,USSD_*150*01#,AIRTIME_TOP_UP,19000.0,0.0,TZ-GEI-001,SUCCESS,NONE
TPESA-3003253,2026-09-03 22:41:26,+25571***787,+25571544787,TIGO_PESA_APP,AIRTIME_TOP_UP,19700.0,0.0,TZ-TAN-002,SUCCESS,NONE
TPESA-3003254,2026-09-07 11:18:04,+25567***088,+25577112002,USSD_*150*01#,BANK_TO_WALLET_DEPOSIT,684900.0,10273.5,TZ-MWA-003,SUCCESS,NONE
TPESA-3003255,2026-09-05 06:47:06,+25571***430,+25577109721,USSD_*150*01#,P2P_TRANSFER,20400.0,350.0,TZ-SNG-001,SUCCESS,NONE
TPESA-3003256,2026-09-05 20:27:43,+25571***267,+25576890219,USSD_*150*01#,CASH_OUT_WAKALA,44000.0,660.0,TZ-DAR-012,SUCCESS,NONE
TPESA-3003257,2026-09-04 12:58:23,+25571***174,TILL-806362,USSD_*150*01#,LIPA_KWA_SIMU_MERCHANT,39700.0,317.6,TZ-SHI-001,SUCCESS,NONE
TPESA-3003258,2026-09-07 08:52:40,+25565***623,TILL-675629,USSD_*150*01#,LIPA_KWA_SIMU_MERCHANT,147400.0,1179.2,TZ-ZNZ-001,SUCCESS,NONE
TPESA-3003259,2026-09-05 08:42:19,+25567***721,+25577112077,TIGO_PESA_APP,CASH_OUT_WAKALA,33000.0,495.0,TZ-KAH-001,SUCCESS,NONE
TPESA-3003260,2026-09-05 14:18:05,+25565***500,+25576617180,USSD_*150*01#,P2P_TRANSFER,150400.0,2256.0,TZ-KIL-002,SUCCESS,NONE
TPESA-3003261,2026-09-04 23:19:52,+25565***222,+25576950133,USSD_*150*01#,P2P_TRANSFER,129700.0,1945.5,TZ-MAR-001,SUCCESS,NONE
TPESA-3003262,2026-09-07 14:28:16,+25567***206,+25567774206,USSD_*150*01#,AIRTIME_TOP_UP,11400.0,0.0,TZ-TAN-003,SUCCESS,NONE
TPESA-3003263,2026-09-01 08:19:16,+25577***416,+25571629224,TIGO_PESA_APP,BANK_TO_WALLET_DEPOSIT,833500.0,12502.5,TZ-MBY-001,SUCCESS,NONE
TPESA-3003264,2026-09-03 20:40:54,+25567***022,+25574435355,TIGO_PESA_APP,CASH_OUT_WAKALA,321100.0,4816.5,TZ-TND-001,SUCCESS,NONE
TPESA-3003265,2026-09-03 10:56:34,+25567***729,+25567457005,TIGO_PESA_APP,P2P_TRANSFER,47700.0,715.5,TZ-MBY-001,SUCCESS,NONE
TPESA-3003266,2026-09-06 11:25:36,+25567***614,TILL-695068,TIGO_PESA_APP,LIPA_KWA_SIMU_MERCHANT,122100.0,976.8,TZ-DAR-010,SUCCESS,NONE
TPESA-3003267,2026-09-05 08:49:59,+25567***514,TILL-785733,USSD_*150*01#,LIPA_KWA_SIMU_MERCHANT,85200.0,681.6,TZ-SHI-001,SUCCESS,NONE
TPESA-3003268,2026-09-07 11:20:23,+25565***603,+25575708899,USSD_*150*01#,P2P_TRANSFER,206800.0,3102.0,TZ-DAR-005,SUCCESS,NONE
TPESA-3003269,2026-09-06 22:08:22,+25571***172,+25575684720,USSD_*150*01#,P2P_TRANSFER,162900.0,2443.5,TZ-KIL-003,SUCCESS,NONE
TPESA-3003270,2026-09-05 21:10:05,+25567***228,+25575557595,TIGO_PESA_APP,CASH_OUT_WAKALA,38800.0,582.0,TZ-DOM-002,SUCCESS,NONE
TPESA-3003271,2026-09-07 20:22:42,+25567***306,+25577885040,TIGO_PESA_APP,CASH_OUT_WAKALA,456300.0,6844.5,TZ-KAH-001,SUCCESS,NONE
TPESA-3003272,2026-09-07 12:58:25,+25567***694,+25577570409,TIGO_PESA_APP,P2P_TRANSFER,177800.0,2667.0,TZ-ZNZ-002,SUCCESS,NONE
TPESA-3003273,2026-09-02 14:18:40,+25565***591,+25571910156,TIGO_PESA_APP,CASH_OUT_WAKALA,360300.0,5404.5,TZ-TAN-003,SUCCESS,NONE
TPESA-3003274,2026-09-01 09:24:02,+25567***745,+25565898863,USSD_*150*01#,P2P_TRANSFER,221900.0,3328.5,TZ-MWA-001,SUCCESS,NONE
TPESA-3003275,2026-09-02 18:41:18,+25565***414,+25565793234,TIGO_PESA_APP,P2P_TRANSFER,66100.0,991.5,TZ-TAB-001,SUCCESS,NONE
TPESA-3003276,2026-09-03 17:58:23,+25565***209,+25576970682,USSD_*150*01#,CASH_OUT_WAKALA,347900.0,5218.5,TZ-MWA-002,SUCCESS,NONE
TPESA-3003277,2026-09-07 12:14:42,+25565***259,+25574524461,USSD_*150*01#,P2P_TRANSFER,151600.0,2274.0,TZ-MOR-001,SUCCESS,NONE
TPESA-3003278,2026-09-02 17:06:21,+25571***686,+25567638269,USSD_*150*01#,CASH_OUT_WAKALA,347800.0,5217.0,TZ-DAR-009,SUCCESS,NONE
TPESA-3003279,2026-09-05 18:12:23,+25565***324,+25565768324,USSD_*150*01#,AIRTIME_TOP_UP,18000.0,0.0,TZ-MTW-001,SUCCESS,NONE
TPESA-3003280,2026-09-06 07:09:54,+25567***869,TILL-599808,TIGO_PESA_APP,LIPA_KWA_SIMU_MERCHANT,21400.0,171.2,TZ-MWA-003,SUCCESS,NONE
TPESA-3003281,2026-09-01 12:12:53,+25577***607,+25567830537,TIGO_PESA_APP,P2P_TRANSFER,99100.0,1486.5,TZ-MWA-003,SUCCESS,NONE
TPESA-3003282,2026-09-07 12:58:03,+25567***801,+25567418801,TIGO_PESA_APP,AIRTIME_TOP_UP,10800.0,0.0,TZ-MWA-002,SUCCESS,NONE
TPESA-3003283,2026-09-04 19:44:55,+25577***009,+25577194009,USSD_*150*01#,AIRTIME_TOP_UP,13500.0,0.0,TZ-DOM-003,SUCCESS,NONE
TPESA-3003284,2026-09-04 15:49:41,+25567***791,+25571954601,TIGO_PESA_APP,P2P_TRANSFER,20600.0,350.0,TZ-DAR-011,SUCCESS,NONE
TPESA-3003285,2026-09-07 09:26:40,+25565***228,+25574114158,USSD_*150*01#,P2P_TRANSFER,9200.0,350.0,TZ-ZNZ-001,SUCCESS,NONE
TPESA-3003286,2026-09-01 20:54:06,+25577***625,+25576311544,TIGO_PESA_APP,CASH_OUT_WAKALA,356400.0,5346.0,TZ-DAR-010,SUCCESS,NONE
TPESA-3003287,2026-09-02 21:30:05,+25577***468,+25575517072,TIGO_PESA_APP,P2P_TRANSFER,46300.0,694.5,TZ-MWA-001,SUCCESS,NONE
TPESA-3003288,2026-09-02 19:06:54,+25565***215,+25575810380,USSD_*150*01#,P2P_TRANSFER,157500.0,2362.5,TZ-MOR-001,SUCCESS,NONE
TPESA-3003289,2026-09-05 11:02:56,+25577***329,+25565169231,TIGO_PESA_APP,P2P_TRANSFER,191600.0,2874.0,TZ-KAH-001,SUCCESS,NONE
TPESA-3003290,2026-09-04 20:53:59,+25567***517,+25576562455,USSD_*150*01#,P2P_TRANSFER,248400.0,3726.0,TZ-MWA-003,SUCCESS,NONE
TPESA-3003291,2026-09-02 08:14:01,+25571***140,+25575161553,USSD_*150*01#,P2P_TRANSFER,214700.0,3220.5,TZ-MBY-002,SUCCESS,NONE
TPESA-3003292,2026-09-04 16:09:09,+25565***715,+25567858944,TIGO_PESA_APP,P2P_TRANSFER,154800.0,2322.0,TZ-DAR-010,SUCCESS,NONE
TPESA-3003293,2026-09-02 21:05:42,+25565***104,+25571121725,USSD_*150*01#,P2P_TRANSFER,21500.0,350.0,TZ-DAR-008,SUCCESS,NONE
TPESA-3003294,2026-09-02 17:27:52,+25565***571,+25565781571,TIGO_PESA_APP,AIRTIME_TOP_UP,11000.0,0.0,TZ-DAR-011,SUCCESS,NONE
TPESA-3003295,2026-09-05 19:47:27,+25571***099,+25567491267,TIGO_PESA_APP,P2P_TRANSFER,25400.0,381.0,TZ-PWA-001,SUCCESS,NONE
TPESA-3003296,2026-09-06 12:04:31,+25565***287,+25571776546,USSD_*150*01#,CASH_OUT_WAKALA,425200.0,6378.0,TZ-ARU-003,SUCCESS,NONE
TPESA-3003297,2026-09-01 14:21:16,+25571***742,+25571460574,TIGO_PESA_APP,CASH_OUT_WAKALA,15300.0,350.0,TZ-DAR-010,SUCCESS,NONE
TPESA-3003298,2026-09-03 22:44:24,+25565***397,TILL-799919,TIGO_PESA_APP,LIPA_KWA_SIMU_MERCHANT,18800.0,150.4,TZ-MWA-003,SUCCESS,NONE
TPESA-3003299,2026-09-07 17:04:18,+25571***975,TILL-732155,TIGO_PESA_APP,LIPA_KWA_SIMU_MERCHANT,143800.0,1150.4,TZ-ZNZ-004,SUCCESS,NONE
TPESA-3003300,2026-09-07 20:38:21,+25565***945,TILL-520176,USSD_*150*01#,LIPA_KWA_SIMU_MERCHANT,88600.0,708.8,TZ-ZNZ-002,SUCCESS,NONE
TPESA-3003301,2026-09-05 13:23:25,+25567***685,+25567757685,USSD_*150*01#,AIRTIME_TOP_UP,2300.0,0.0,TZ-DAR-004,SUCCESS,NONE
TPESA-3003302,2026-09-06 12:19:41,+25567***204,+25567531204,TIGO_PESA_APP,AIRTIME_TOP_UP,10400.0,0.0,TZ-KIG-001,SUCCESS,NONE
TPESA-3003303,2026-09-01 16:20:58,+25567***643,+25575220359,TIGO_PESA_APP,CASH_OUT_WAKALA,96700.0,1450.5,TZ-MAR-001,SUCCESS,NONE
TPESA-3003304,2026-09-04 08:36:25,+25567***581,TILL-589917,TIGO_PESA_APP,LIPA_KWA_SIMU_MERCHANT,93100.0,744.8,TZ-TAN-002,SUCCESS,NONE
TPESA-3003305,2026-09-07 19:08:56,+25571***629,+25574528057,TIGO_PESA_APP,CASH_OUT_WAKALA,434900.0,6523.5,TZ-MBY-001,SUCCESS,NONE
TPESA-3003306,2026-09-07 09:04:51,+25571***601,+25576757127,USSD_*150*01#,CASH_OUT_WAKALA,85900.0,1288.5,TZ-DAR-007,SUCCESS,NONE
TPESA-3003307,2026-09-02 14:22:24,+25567***048,+25567897048,TIGO_PESA_APP,AIRTIME_TOP_UP,1900.0,0.0,TZ-ZNZ-003,SUCCESS,NONE
TPESA-3003308,2026-09-04 08:13:56,+25567***622,+25577525910,USSD_*150*01#,CASH_OUT_WAKALA,364000.0,5460.0,TZ-DAR-004,SUCCESS,NONE
TPESA-3003309,2026-09-03 16:48:12,+25565***222,+25565172222,TIGO_PESA_APP,AIRTIME_TOP_UP,13500.0,0.0,TZ-MAR-001,SUCCESS,NONE
TPESA-3003310,2026-09-01 09:30:17,+25577***541,+25577583965,USSD_*150*01#,BANK_TO_WALLET_DEPOSIT,497100.0,7456.5,TZ-DAR-006,SUCCESS,NONE
TPESA-3003311,2026-09-04 22:11:31,+25571***509,+25574911202,USSD_*150*01#,CASH_OUT_WAKALA,107500.0,1612.5,TZ-TND-001,SUCCESS,NONE
TPESA-3003312,2026-09-07 11:36:03,+25571***976,+25571376969,TIGO_PESA_APP,BANK_TO_WALLET_DEPOSIT,977500.0,14662.5,TZ-MBY-002,SUCCESS,NONE
TPESA-3003313,2026-09-02 08:19:22,+25567***897,+25575807571,USSD_*150*01#,BANK_TO_WALLET_DEPOSIT,766000.0,11490.0,TZ-NJO-001,SUCCESS,NONE
TPESA-3003314,2026-09-03 12:13:53,+25571***226,+25575223083,TIGO_PESA_APP,P2P_TRANSFER,87900.0,1318.5,TZ-NJO-001,SUCCESS,NONE
TPESA-3003315,2026-09-01 17:42:02,+25577***485,+25565805062,TIGO_PESA_APP,P2P_TRANSFER,170400.0,2556.0,TZ-PWA-002,SUCCESS,NONE
TPESA-3003316,2026-09-02 11:52:29,+25565***347,TILL-564385,USSD_*150*01#,LIPA_KWA_SIMU_MERCHANT,140200.0,1121.6,TZ-DAR-009,SUCCESS,NONE
TPESA-3003317,2026-09-03 17:33:44,+25571***154,TILL-686405,USSD_*150*01#,LIPA_KWA_SIMU_MERCHANT,66300.0,530.4,TZ-TAN-002,SUCCESS,NONE
TPESA-3003318,2026-09-03 20:43:05,+25565***794,+25565889794,USSD_*150*01#,AIRTIME_TOP_UP,4600.0,0.0,TZ-NJO-001,SUCCESS,NONE
TPESA-3003319,2026-09-02 13:45:42,+25577***188,+25567357279,USSD_*150*01#,BANK_TO_WALLET_DEPOSIT,619400.0,9291.0,TZ-DAR-010,SUCCESS,NONE
TPESA-3003320,2026-09-02 21:02:48,+25577***165,+25565595719,TIGO_PESA_APP,CASH_OUT_WAKALA,131800.0,1977.0,TZ-ZNZ-004,SUCCESS,NONE
TPESA-3003321,2026-09-03 06:50:39,+25565***875,+25567928678,TIGO_PESA_APP,BANK_TO_WALLET_DEPOSIT,143300.0,2149.5,TZ-ARU-003,SUCCESS,NONE
TPESA-3003322,2026-09-05 17:53:59,+25567***286,+25567519804,USSD_*150*01#,BANK_TO_WALLET_DEPOSIT,866700.0,13000.5,TZ-DAR-009,SUCCESS,NONE
TPESA-3003323,2026-09-02 14:41:55,+25577***253,+25567145923,TIGO_PESA_APP,P2P_TRANSFER,22400.0,350.0,TZ-ZNZ-004,SUCCESS,NONE
TPESA-3003324,2026-09-02 13:55:22,+25571***348,+25565655105,TIGO_PESA_APP,P2P_TRANSFER,37000.0,555.0,TZ-KAH-001,SUCCESS,NONE
TPESA-3003325,2026-09-04 14:51:50,+25567***220,+25567140220,USSD_*150*01#,AIRTIME_TOP_UP,10100.0,0.0,TZ-MBY-002,SUCCESS,NONE
TPESA-3003326,2026-09-01 21:04:14,+25577***721,+25577943721,USSD_*150*01#,AIRTIME_TOP_UP,10000.0,0.0,TZ-DAR-004,SUCCESS,NONE
TPESA-3003327,2026-09-04 23:26:46,+25565***236,+25576629544,USSD_*150*01#,P2P_TRANSFER,137800.0,2067.0,TZ-MBY-002,SUCCESS,NONE
TPESA-3003328,2026-09-07 20:59:26,+25567***146,+25575500724,TIGO_PESA_APP,P2P_TRANSFER,7300.0,350.0,TZ-DAR-009,SUCCESS,NONE
TPESA-3003329,2026-09-06 18:44:08,+25577***088,+25567575157,USSD_*150*01#,P2P_TRANSFER,75100.0,1126.5,TZ-DAR-008,SUCCESS,NONE
TPESA-3003330,2026-09-05 09:28:34,+25565***913,TILL-874760,USSD_*150*01#,LIPA_KWA_SIMU_MERCHANT,106000.0,848.0,TZ-DAR-010,SUCCESS,NONE
TPESA-3003331,2026-09-04 08:26:36,+25577***495,+25567952581,TIGO_PESA_APP,P2P_TRANSFER,146200.0,2193.0,TZ-ARU-001,SUCCESS,NONE
TPESA-3003332,2026-09-02 19:17:50,+25565***925,TILL-516925,TIGO_PESA_APP,LIPA_KWA_SIMU_MERCHANT,118700.0,949.6,TZ-DAR-015,SUCCESS,NONE
TPESA-3003333,2026-09-01 06:00:55,+25565***323,+25565908323,TIGO_PESA_APP,AIRTIME_TOP_UP,15600.0,0.0,TZ-ZNZ-004,SUCCESS,NONE
TPESA-3003334,2026-09-07 16:17:47,+25565***148,+25565864148,TIGO_PESA_APP,AIRTIME_TOP_UP,12700.0,0.0,TZ-TAN-001,SUCCESS,NONE
TPESA-3003335,2026-09-02 07:14:32,+25577***619,+25577876619,TIGO_PESA_APP,AIRTIME_TOP_UP,11600.0,0.0,TZ-SHI-001,SUCCESS,NONE
TPESA-3003336,2026-09-07 06:35:55,+25567***601,+25565508327,TIGO_PESA_APP,CASH_OUT_WAKALA,395700.0,5935.5,TZ-TAB-001,SUCCESS,NONE
TPESA-3003337,2026-09-07 13:23:49,+25577***049,+25576473705,TIGO_PESA_APP,CASH_OUT_WAKALA,265400.0,3981.0,TZ-MWA-002,SUCCESS,NONE
TPESA-3003338,2026-09-03 17:56:07,+25571***604,+25565929321,TIGO_PESA_APP,P2P_TRANSFER,61800.0,927.0,TZ-ARU-001,SUCCESS,NONE
TPESA-3003339,2026-09-05 17:09:33,+25565***486,TILL-997067,USSD_*150*01#,LIPA_KWA_SIMU_MERCHANT,53600.0,428.8,TZ-MBY-002,SUCCESS,NONE
TPESA-3003340,2026-09-03 22:22:01,+25577***453,+25571774775,TIGO_PESA_APP,CASH_OUT_WAKALA,467300.0,7009.5,TZ-DAR-006,SUCCESS,NONE
TPESA-3003341,2026-09-04 15:48:03,+25577***608,+25571767207,TIGO_PESA_APP,CASH_OUT_WAKALA,339800.0,5097.0,TZ-DAR-004,SUCCESS,NONE
TPESA-3003342,2026-09-03 21:16:56,+25565***880,TILL-877528,USSD_*150*01#,LIPA_KWA_SIMU_MERCHANT,143100.0,1144.8,TZ-ARU-002,SUCCESS,NONE
TPESA-3003343,2026-09-07 10:47:59,+25567***822,+25565282127,TIGO_PESA_APP,BANK_TO_WALLET_DEPOSIT,734200.0,11013.0,TZ-MWA-003,SUCCESS,NONE
TPESA-3003344,2026-09-07 14:59:56,+25567***286,TILL-591013,USSD_*150*01#,LIPA_KWA_SIMU_MERCHANT,62100.0,496.8,TZ-MOR-001,SUCCESS,NONE
TPESA-3003345,2026-09-04 10:38:56,+25571***263,+25565710663,USSD_*150*01#,BANK_TO_WALLET_DEPOSIT,653100.0,9796.5,TZ-DOM-002,SUCCESS,NONE
TPESA-3003346,2026-09-01 20:56:46,+25577***540,TILL-813349,TIGO_PESA_APP,LIPA_KWA_SIMU_MERCHANT,90800.0,726.4,TZ-DAR-015,SUCCESS,NONE
TPESA-3003347,2026-09-05 18:53:27,+25565***175,+25567226941,USSD_*150*01#,P2P_TRANSFER,246600.0,3699.0,TZ-MAR-001,SUCCESS,NONE
TPESA-3003348,2026-09-03 14:30:43,+25577***926,+25574618880,USSD_*150*01#,CASH_OUT_WAKALA,240100.0,3601.5,TZ-NJO-001,SUCCESS,NONE
TPESA-3003349,2026-09-04 07:15:06,+25565***138,TILL-727102,USSD_*150*01#,LIPA_KWA_SIMU_MERCHANT,63900.0,511.2,TZ-MWA-002,SUCCESS,NONE
TPESA-3003350,2026-09-07 15:46:26,+25567***705,+25567996466,TIGO_PESA_APP,CASH_OUT_WAKALA,102300.0,1534.5,TZ-PWA-002,SUCCESS,NONE
TPESA-3003351,2026-09-04 11:50:51,+25571***967,+25571520967,USSD_*150*01#,AIRTIME_TOP_UP,6100.0,0.0,TZ-PWA-002,SUCCESS,NONE
TPESA-3003352,2026-09-07 22:37:29,+25571***078,+25574371337,USSD_*150*01#,P2P_TRANSFER,212500.0,3187.5,TZ-ARU-001,SUCCESS,NONE
TPESA-3003353,2026-09-05 18:26:15,+25571***713,+25577562694,USSD_*150*01#,CASH_OUT_WAKALA,325100.0,0.0,TZ-ARU-003,FAILED,INSUFFICIENT_FUNDS
TPESA-3003354,2026-09-05 18:19:28,+25567***781,TILL-944534,TIGO_PESA_APP,LIPA_KWA_SIMU_MERCHANT,56400.0,451.2,TZ-MTW-001,SUCCESS,NONE
TPESA-3003355,2026-09-05 16:46:41,+25571***744,+25567580941,TIGO_PESA_APP,BANK_TO_WALLET_DEPOSIT,927800.0,13917.0,TZ-ARU-002,SUCCESS,NONE
TPESA-3003356,2026-09-04 06:05:32,+25565***383,TILL-644531,TIGO_PESA_APP,LIPA_KWA_SIMU_MERCHANT,36500.0,292.0,TZ-DOM-003,SUCCESS,NONE
TPESA-3003357,2026-09-03 12:03:49,+25577***616,+25571540548,USSD_*150*01#,CASH_OUT_WAKALA,112900.0,1693.5,TZ-MBY-002,SUCCESS,NONE
TPESA-3003358,2026-09-04 18:54:01,+25565***634,+25571460534,USSD_*150*01#,P2P_TRANSFER,204500.0,3067.5,TZ-DAR-006,SUCCESS,NONE
TPESA-3003359,2026-09-07 14:19:30,+25567***037,TILL-575770,USSD_*150*01#,LIPA_KWA_SIMU_MERCHANT,147700.0,1181.6,TZ-ARU-002,SUCCESS,NONE
TPESA-3003360,2026-09-05 11:26:40,+25565***616,+25565406616,USSD_*150*01#,AIRTIME_TOP_UP,12500.0,0.0,TZ-ZNZ-001,SUCCESS,NONE
TPESA-3003361,2026-09-05 21:10:09,+25567***470,+25567918862,TIGO_PESA_APP,P2P_TRANSFER,118100.0,1771.5,TZ-GEI-001,SUCCESS,NONE
TPESA-3003362,2026-09-03 14:27:43,+25567***653,+25565707544,USSD_*150*01#,CASH_OUT_WAKALA,295600.0,4434.0,TZ-ZNZ-003,SUCCESS,NONE
TPESA-3003363,2026-09-05 11:41:50,+25571***187,TILL-562083,TIGO_PESA_APP,LIPA_KWA_SIMU_MERCHANT,26700.0,213.6,TZ-PWA-001,SUCCESS,NONE
TPESA-3003364,2026-09-02 11:53:59,+25571***977,+25575507778,USSD_*150*01#,CASH_OUT_WAKALA,337200.0,5058.0,TZ-PEM-001,SUCCESS,NONE
TPESA-3003365,2026-09-05 20:33:38,+25577***013,TILL-692050,USSD_*150*01#,LIPA_KWA_SIMU_MERCHANT,69200.0,553.6,TZ-MWA-002,SUCCESS,NONE
TPESA-3003366,2026-09-03 22:08:46,+25571***861,+25567986465,TIGO_PESA_APP,P2P_TRANSFER,44400.0,666.0,TZ-PWA-002,SUCCESS,NONE
TPESA-3003367,2026-09-06 06:23:13,+25565***127,+25565302127,USSD_*150*01#,AIRTIME_TOP_UP,16500.0,0.0,TZ-KIG-001,SUCCESS,NONE
TPESA-3003368,2026-09-03 08:33:39,+25567***347,+25571255104,USSD_*150*01#,CASH_OUT_WAKALA,185600.0,2784.0,TZ-ZNZ-003,SUCCESS,NONE
TPESA-3003369,2026-09-03 10:24:01,+25577***918,+25571439424,USSD_*150*01#,P2P_TRANSFER,203700.0,3055.5,TZ-ARU-003,SUCCESS,NONE
TPESA-3003370,2026-09-03 19:19:06,+25565***694,+25565923874,USSD_*150*01#,P2P_TRANSFER,214300.0,3214.5,TZ-DAR-009,SUCCESS,NONE
TPESA-3003371,2026-09-03 07:23:04,+25567***222,+25574791345,TIGO_PESA_APP,CASH_OUT_WAKALA,190100.0,2851.5,TZ-DAR-004,SUCCESS,NONE
TPESA-3003372,2026-09-05 22:09:57,+25577***376,+25574849952,USSD_*150*01#,P2P_TRANSFER,180500.0,2707.5,TZ-DOM-001,SUCCESS,NONE
TPESA-3003373,2026-09-04 08:59:16,+25565***006,TILL-674366,USSD_*150*01#,LIPA_KWA_SIMU_MERCHANT,115800.0,926.4,TZ-TAB-001,SUCCESS,NONE
TPESA-3003374,2026-09-05 12:35:23,+25567***814,+25567211197,TIGO_PESA_APP,CASH_OUT_WAKALA,420500.0,6307.5,TZ-TAB-001,SUCCESS,NONE
TPESA-3003375,2026-09-04 14:46:55,+25577***939,+25565723262,USSD_*150*01#,P2P_TRANSFER,209800.0,3147.0,TZ-SNG-001,SUCCESS,NONE
TPESA-3003376,2026-09-01 14:20:35,+25567***622,+25577461089,USSD_*150*01#,BANK_TO_WALLET_DEPOSIT,563800.0,8457.0,TZ-DAR-004,SUCCESS,NONE
TPESA-3003377,2026-09-03 07:24:00,+25567***860,TILL-599376,TIGO_PESA_APP,LIPA_KWA_SIMU_MERCHANT,39400.0,315.2,TZ-ZNZ-001,SUCCESS,NONE
TPESA-3003378,2026-09-02 19:52:14,+25577***208,+25567603055,TIGO_PESA_APP,P2P_TRANSFER,217700.0,3265.5,TZ-DAR-009,SUCCESS,NONE
TPESA-3003379,2026-09-06 10:43:50,+25571***853,TILL-949040,TIGO_PESA_APP,LIPA_KWA_SIMU_MERCHANT,73400.0,587.2,TZ-DOM-002,SUCCESS,NONE
TPESA-3003380,2026-09-04 20:06:56,+25571***704,+25567809670,TIGO_PESA_APP,CASH_OUT_WAKALA,34800.0,522.0,TZ-ARU-001,SUCCESS,NONE
TPESA-3003381,2026-09-05 11:39:21,+25565***410,+25577297676,USSD_*150*01#,P2P_TRANSFER,21800.0,350.0,TZ-SNG-001,SUCCESS,NONE
TPESA-3003382,2026-09-07 17:56:14,+25571***607,TILL-657232,USSD_*150*01#,LIPA_KWA_SIMU_MERCHANT,95400.0,763.2,TZ-TND-001,SUCCESS,NONE
TPESA-3003383,2026-09-01 15:01:24,+25567***891,+25571773937,TIGO_PESA_APP,CASH_OUT_WAKALA,31900.0,478.5,TZ-DAR-012,SUCCESS,NONE
TPESA-3003384,2026-09-05 15:54:16,+25567***742,+25567479742,USSD_*150*01#,AIRTIME_TOP_UP,18300.0,0.0,TZ-DOM-003,SUCCESS,NONE
TPESA-3003385,2026-09-05 19:51:18,+25571***110,+25565640967,TIGO_PESA_APP,BANK_TO_WALLET_DEPOSIT,929100.0,13936.5,TZ-ARU-001,SUCCESS,NONE
TPESA-3003386,2026-09-05 23:37:50,+25565***544,TILL-651784,USSD_*150*01#,LIPA_KWA_SIMU_MERCHANT,10900.0,87.2,TZ-PEM-001,SUCCESS,NONE
TPESA-3003387,2026-09-04 10:15:47,+25571***090,+25575861052,USSD_*150*01#,BANK_TO_WALLET_DEPOSIT,194000.0,2910.0,TZ-SHI-001,SUCCESS,NONE
TPESA-3003388,2026-09-06 18:37:14,+25571***758,TILL-893676,TIGO_PESA_APP,LIPA_KWA_SIMU_MERCHANT,104400.0,835.2,TZ-DAR-007,SUCCESS,NONE
TPESA-3003389,2026-09-04 06:59:43,+25577***034,+25577614034,USSD_*150*01#,AIRTIME_TOP_UP,8400.0,0.0,TZ-MWA-001,SUCCESS,NONE
TPESA-3003390,2026-09-04 17:42:34,+25577***513,+25577713513,USSD_*150*01#,AIRTIME_TOP_UP,14800.0,0.0,TZ-DAR-009,SUCCESS,NONE
TPESA-3003391,2026-09-06 21:31:09,+25565***115,+25576735379,USSD_*150*01#,P2P_TRANSFER,221800.0,3327.0,TZ-MAR-001,SUCCESS,NONE
TPESA-3003392,2026-09-03 14:12:24,+25567***723,+25565704286,USSD_*150*01#,P2P_TRANSFER,63300.0,949.5,TZ-PWA-002,SUCCESS,NONE
TPESA-3003393,2026-09-06 18:21:38,+25565***950,+25565173950,TIGO_PESA_APP,AIRTIME_TOP_UP,13900.0,0.0,TZ-ZNZ-003,SUCCESS,NONE
TPESA-3003394,2026-09-03 07:38:03,+25577***897,+25576668592,TIGO_PESA_APP,P2P_TRANSFER,79600.0,1194.0,TZ-ARU-002,SUCCESS,NONE
TPESA-3003395,2026-09-06 15:40:00,+25565***818,TILL-941811,USSD_*150*01#,LIPA_KWA_SIMU_MERCHANT,102500.0,820.0,TZ-ZNZ-002,SUCCESS,NONE
TPESA-3003396,2026-09-01 09:07:21,+25567***581,+25567435581,USSD_*150*01#,AIRTIME_TOP_UP,6300.0,0.0,TZ-TAN-002,SUCCESS,NONE
TPESA-3003397,2026-09-04 15:00:37,+25571***652,+25571156652,TIGO_PESA_APP,AIRTIME_TOP_UP,3800.0,0.0,TZ-GEI-001,SUCCESS,NONE
TPESA-3003398,2026-09-03 13:30:37,+25565***020,+25567792916,USSD_*150*01#,CASH_OUT_WAKALA,426100.0,6391.5,TZ-DAR-004,SUCCESS,NONE
TPESA-3003399,2026-09-04 23:21:23,+25577***912,+25574716527,USSD_*150*01#,P2P_TRANSFER,173300.0,2599.5,TZ-SHI-001,SUCCESS,NONE
TPESA-3003400,2026-09-03 10:42:52,+25565***892,+25577165215,USSD_*150*01#,P2P_TRANSFER,245900.0,3688.5,TZ-NJO-001,SUCCESS,NONE
TPESA-3003401,2026-09-06 22:00:25,+25565***050,+25565875300,USSD_*150*01#,P2P_TRANSFER,130800.0,1962.0,TZ-NJO-001,SUCCESS,NONE
TPESA-3003402,2026-09-06 16:18:56,+25571***607,TILL-794458,USSD_*150*01#,LIPA_KWA_SIMU_MERCHANT,85100.0,680.8,TZ-TND-001,SUCCESS,NONE
TPESA-3003403,2026-09-06 23:41:22,+25577***458,+25565805046,USSD_*150*01#,P2P_TRANSFER,90500.0,1357.5,TZ-ZNZ-002,SUCCESS,NONE
TPESA-3003404,2026-09-03 23:26:12,+25565***711,+25571351932,TIGO_PESA_APP,CASH_OUT_WAKALA,477400.0,7161.0,TZ-ZNZ-001,SUCCESS,NONE
TPESA-3003405,2026-09-01 20:02:32,+25577***549,+25565326175,TIGO_PESA_APP,P2P_TRANSFER,19900.0,350.0,TZ-ARU-003,SUCCESS,NONE
TPESA-3003406,2026-09-01 13:40:13,+25565***715,+25574638492,TIGO_PESA_APP,P2P_TRANSFER,137600.0,2064.0,TZ-ARU-003,SUCCESS,NONE
TPESA-3003407,2026-09-07 07:50:18,+25565***905,+25565808522,TIGO_PESA_APP,P2P_TRANSFER,154000.0,2310.0,TZ-DAR-006,SUCCESS,NONE
TPESA-3003408,2026-09-02 06:24:57,+25565***288,+25577546393,USSD_*150*01#,P2P_TRANSFER,225100.0,3376.5,TZ-KIL-003,SUCCESS,NONE
TPESA-3003409,2026-09-02 18:01:56,+25571***070,+25567843225,USSD_*150*01#,P2P_TRANSFER,244200.0,3663.0,TZ-IRI-001,SUCCESS,NONE
TPESA-3003410,2026-09-04 11:29:01,+25577***701,TILL-848984,USSD_*150*01#,LIPA_KWA_SIMU_MERCHANT,22600.0,180.8,TZ-MOR-001,SUCCESS,NONE
TPESA-3003411,2026-09-06 19:35:24,+25571***244,+25577652621,USSD_*150*01#,CASH_OUT_WAKALA,43500.0,652.5,TZ-ZNZ-002,SUCCESS,NONE
TPESA-3003412,2026-09-04 11:02:45,+25571***135,TILL-661827,TIGO_PESA_APP,LIPA_KWA_SIMU_MERCHANT,106600.0,852.8,TZ-MBY-002,SUCCESS,NONE
TPESA-3003413,2026-09-03 16:13:55,+25577***239,+25575797948,TIGO_PESA_APP,BANK_TO_WALLET_DEPOSIT,116300.0,1744.5,TZ-DAR-005,SUCCESS,NONE
TPESA-3003414,2026-09-01 14:37:08,+25565***507,+25577383232,TIGO_PESA_APP,P2P_TRANSFER,28100.0,421.5,TZ-DAR-009,SUCCESS,NONE
TPESA-3003415,2026-09-05 13:18:32,+25577***076,+25565789570,USSD_*150*01#,P2P_TRANSFER,18500.0,350.0,TZ-IRI-001,SUCCESS,NONE
TPESA-3003416,2026-09-03 22:12:26,+25577***754,+25567155451,USSD_*150*01#,P2P_TRANSFER,30300.0,454.5,TZ-MAR-001,SUCCESS,NONE
TPESA-3003417,2026-09-02 23:33:25,+25577***527,+25577935527,USSD_*150*01#,AIRTIME_TOP_UP,16200.0,0.0,TZ-PWA-001,SUCCESS,NONE
TPESA-3003418,2026-09-01 09:52:08,+25567***363,+25571993063,TIGO_PESA_APP,P2P_TRANSFER,209500.0,3142.5,TZ-KIL-002,SUCCESS,NONE
TPESA-3003419,2026-09-06 12:21:29,+25577***385,+25565573500,TIGO_PESA_APP,CASH_OUT_WAKALA,243400.0,3651.0,TZ-DAR-003,SUCCESS,NONE
TPESA-3003420,2026-09-03 11:23:58,+25565***409,TILL-957904,TIGO_PESA_APP,LIPA_KWA_SIMU_MERCHANT,84200.0,673.6,TZ-DAR-011,SUCCESS,NONE
TPESA-3003421,2026-09-01 21:43:07,+25565***589,+25574476957,USSD_*150*01#,P2P_TRANSFER,123000.0,1845.0,TZ-ZNZ-004,SUCCESS,NONE
TPESA-3003422,2026-09-03 22:11:26,+25571***988,+25567924510,USSD_*150*01#,P2P_TRANSFER,108200.0,1623.0,TZ-KAH-001,SUCCESS,NONE
TPESA-3003423,2026-09-04 18:18:00,+25565***946,+25574842568,USSD_*150*01#,CASH_OUT_WAKALA,24700.0,370.5,TZ-DAR-015,SUCCESS,NONE
TPESA-3003424,2026-09-05 06:28:50,+25567***545,+25567197545,USSD_*150*01#,AIRTIME_TOP_UP,6300.0,0.0,TZ-KIL-003,SUCCESS,NONE
TPESA-3003425,2026-09-06 11:56:05,+25567***113,TILL-863852,TIGO_PESA_APP,LIPA_KWA_SIMU_MERCHANT,46800.0,374.4,TZ-TAN-003,SUCCESS,NONE
TPESA-3003426,2026-09-05 22:36:00,+25571***265,+25567485064,TIGO_PESA_APP,BANK_TO_WALLET_DEPOSIT,651900.0,9778.5,TZ-DAR-011,SUCCESS,NONE
TPESA-3003427,2026-09-01 22:25:03,+25577***180,+25565884930,TIGO_PESA_APP,P2P_TRANSFER,174000.0,2610.0,TZ-DAR-015,SUCCESS,NONE
TPESA-3003428,2026-09-03 22:45:06,+25565***427,+25571536422,TIGO_PESA_APP,P2P_TRANSFER,176800.0,2652.0,TZ-DAR-003,SUCCESS,NONE
TPESA-3003429,2026-09-01 11:38:18,+25565***398,+25565862398,USSD_*150*01#,AIRTIME_TOP_UP,4200.0,0.0,TZ-ZNZ-003,SUCCESS,NONE
TPESA-3003430,2026-09-07 12:42:42,+25567***224,TILL-828293,USSD_*150*01#,LIPA_KWA_SIMU_MERCHANT,52800.0,422.4,TZ-DAR-012,SUCCESS,NONE
TPESA-3003431,2026-09-02 13:38:16,+25567***552,+25567840488,TIGO_PESA_APP,P2P_TRANSFER,187200.0,2808.0,TZ-IRI-001,SUCCESS,NONE
TPESA-3003432,2026-09-03 17:36:18,+25577***056,+25577402056,USSD_*150*01#,AIRTIME_TOP_UP,9100.0,0.0,TZ-DAR-010,SUCCESS,NONE
TPESA-3003433,2026-09-01 19:31:56,+25567***887,TILL-648804,USSD_*150*01#,LIPA_KWA_SIMU_MERCHANT,14700.0,117.6,TZ-DOM-003,SUCCESS,NONE
TPESA-3003434,2026-09-05 20:58:51,+25577***008,TILL-871032,TIGO_PESA_APP,LIPA_KWA_SIMU_MERCHANT,52900.0,423.2,TZ-MWA-002,SUCCESS,NONE
TPESA-3003435,2026-09-06 15:09:01,+25565***656,+25565463656,TIGO_PESA_APP,AIRTIME_TOP_UP,1400.0,0.0,TZ-ARU-002,SUCCESS,NONE
TPESA-3003436,2026-09-01 08:10:32,+25565***621,TILL-588447,USSD_*150*01#,LIPA_KWA_SIMU_MERCHANT,39100.0,312.8,TZ-DAR-011,SUCCESS,NONE
TPESA-3003437,2026-09-04 23:46:26,+25577***923,+25565957398,USSD_*150*01#,P2P_TRANSFER,241200.0,3618.0,TZ-MOR-001,SUCCESS,NONE
TPESA-3003438,2026-09-06 11:44:14,+25567***567,+25574415212,USSD_*150*01#,CASH_OUT_WAKALA,214700.0,3220.5,TZ-DAR-006,SUCCESS,NONE
TPESA-3003439,2026-09-05 21:56:09,+25571***125,+25571124125,TIGO_PESA_APP,AIRTIME_TOP_UP,8400.0,0.0,TZ-PWA-001,SUCCESS,NONE
TPESA-3003440,2026-09-02 10:51:31,+25571***242,+25571441242,TIGO_PESA_APP,AIRTIME_TOP_UP,10200.0,0.0,TZ-DAR-012,SUCCESS,NONE
TPESA-3003441,2026-09-03 12:25:43,+25571***125,+25567721270,USSD_*150*01#,P2P_TRANSFER,109900.0,1648.5,TZ-PWA-001,SUCCESS,NONE
TPESA-3003442,2026-09-03 06:14:42,+25577***714,+25574631676,USSD_*150*01#,P2P_TRANSFER,230900.0,3463.5,TZ-TAN-002,SUCCESS,NONE
TPESA-3003443,2026-09-04 17:21:30,+25567***857,+25567638857,TIGO_PESA_APP,AIRTIME_TOP_UP,18900.0,0.0,TZ-NJO-001,SUCCESS,NONE
TPESA-3003444,2026-09-04 12:33:44,+25577***310,+25565950267,TIGO_PESA_APP,BANK_TO_WALLET_DEPOSIT,977300.0,14659.5,TZ-DAR-001,SUCCESS,NONE
TPESA-3003445,2026-09-07 10:39:21,+25577***918,+25575563560,USSD_*150*01#,P2P_TRANSFER,109800.0,1647.0,TZ-ARU-003,SUCCESS,NONE
TPESA-3003446,2026-09-01 15:31:57,+25571***716,TILL-629108,TIGO_PESA_APP,LIPA_KWA_SIMU_MERCHANT,70600.0,564.8,TZ-DAR-015,SUCCESS,NONE
TPESA-3003447,2026-09-01 13:08:33,+25567***191,TILL-735336,TIGO_PESA_APP,LIPA_KWA_SIMU_MERCHANT,121200.0,969.6,TZ-MWA-002,SUCCESS,NONE
TPESA-3003448,2026-09-06 09:43:25,+25565***409,+25574584669,USSD_*150*01#,CASH_OUT_WAKALA,465800.0,6987.0,TZ-DAR-011,SUCCESS,NONE
TPESA-3003449,2026-09-02 15:14:30,+25567***036,+25577255768,USSD_*150*01#,P2P_TRANSFER,242300.0,3634.5,TZ-TAN-003,SUCCESS,NONE
TPESA-3003450,2026-09-07 14:06:11,+25567***177,TILL-719428,USSD_*150*01#,LIPA_KWA_SIMU_MERCHANT,87000.0,696.0,TZ-TND-001,SUCCESS,NONE
TPESA-3003451,2026-09-02 11:23:22,+25565***353,+25565615353,USSD_*150*01#,AIRTIME_TOP_UP,19100.0,0.0,TZ-TND-001,SUCCESS,NONE
TPESA-3003452,2026-09-01 21:17:52,+25571***463,+25567758048,TIGO_PESA_APP,P2P_TRANSFER,30600.0,459.0,TZ-MWA-001,SUCCESS,NONE
TPESA-3003453,2026-09-01 23:19:43,+25565***115,+25571314208,USSD_*150*01#,CASH_OUT_WAKALA,210500.0,3157.5,TZ-MAR-001,SUCCESS,NONE
TPESA-3003454,2026-09-01 13:01:34,+25567***125,TILL-776176,USSD_*150*01#,LIPA_KWA_SIMU_MERCHANT,21300.0,170.4,TZ-TAB-001,SUCCESS,NONE
TPESA-3003455,2026-09-04 21:42:57,+25577***149,+25575495458,TIGO_PESA_APP,P2P_TRANSFER,241200.0,3618.0,TZ-MOR-001,SUCCESS,NONE
TPESA-3003456,2026-09-02 18:42:21,+25565***223,TILL-543220,USSD_*150*01#,LIPA_KWA_SIMU_MERCHANT,122400.0,979.2,TZ-DAR-007,SUCCESS,NONE
TPESA-3003457,2026-09-04 18:08:31,+25571***135,TILL-983132,TIGO_PESA_APP,LIPA_KWA_SIMU_MERCHANT,130800.0,1046.4,TZ-MBY-002,SUCCESS,NONE
TPESA-3003458,2026-09-06 16:04:54,+25571***430,TILL-714431,USSD_*150*01#,LIPA_KWA_SIMU_MERCHANT,82300.0,658.4,TZ-SNG-001,SUCCESS,NONE
TPESA-3003459,2026-09-01 16:55:08,+25565***752,+25577849002,TIGO_PESA_APP,CASH_OUT_WAKALA,489800.0,7347.0,TZ-KAH-001,SUCCESS,NONE
TPESA-3003460,2026-09-04 11:10:42,+25567***598,TILL-864107,TIGO_PESA_APP,LIPA_KWA_SIMU_MERCHANT,106400.0,851.2,TZ-DOM-003,SUCCESS,NONE
TPESA-3003461,2026-09-04 11:58:13,+25567***363,TILL-522741,USSD_*150*01#,LIPA_KWA_SIMU_MERCHANT,42200.0,337.6,TZ-KIL-002,SUCCESS,NONE
TPESA-3003462,2026-09-06 16:47:14,+25567***150,+25577715524,USSD_*150*01#,P2P_TRANSFER,89600.0,1344.0,TZ-DAR-007,SUCCESS,NONE
TPESA-3003463,2026-09-05 12:32:03,+25565***829,+25567643457,USSD_*150*01#,CASH_OUT_WAKALA,96000.0,1440.0,TZ-DAR-007,SUCCESS,NONE
TPESA-3003464,2026-09-06 21:00:54,+25565***166,+25577980336,TIGO_PESA_APP,P2P_TRANSFER,233600.0,3504.0,TZ-KIL-002,SUCCESS,NONE
TPESA-3003465,2026-09-03 16:26:11,+25571***645,+25576949850,USSD_*150*01#,CASH_OUT_WAKALA,67100.0,1006.5,TZ-MBY-001,SUCCESS,NONE
TPESA-3003466,2026-09-07 22:03:56,+25571***868,+25571711868,TIGO_PESA_APP,AIRTIME_TOP_UP,1500.0,0.0,TZ-DAR-002,SUCCESS,NONE
TPESA-3003467,2026-09-05 15:10:15,+25567***937,+25567758561,USSD_*150*01#,P2P_TRANSFER,130700.0,1960.5,TZ-DAR-014,SUCCESS,NONE
TPESA-3003468,2026-09-05 21:17:40,+25577***637,+25577168637,USSD_*150*01#,AIRTIME_TOP_UP,17700.0,0.0,TZ-SNG-001,SUCCESS,NONE
TPESA-3003469,2026-09-03 09:23:28,+25577***513,+25571805636,USSD_*150*01#,CASH_OUT_WAKALA,290700.0,4360.5,TZ-DAR-009,SUCCESS,NONE
TPESA-3003470,2026-09-01 19:00:10,+25567***363,+25567261371,TIGO_PESA_APP,P2P_TRANSFER,246400.0,3696.0,TZ-PWA-001,SUCCESS,NONE
TPESA-3003471,2026-09-01 09:12:50,+25565***271,+25565204271,TIGO_PESA_APP,AIRTIME_TOP_UP,19900.0,0.0,TZ-TAR-001,SUCCESS,NONE
TPESA-3003472,2026-09-02 13:00:42,+25567***584,+25571746617,TIGO_PESA_APP,CASH_OUT_WAKALA,498500.0,7477.5,TZ-DAR-003,SUCCESS,NONE
TPESA-3003473,2026-09-01 08:31:45,+25577***679,+25567712389,USSD_*150*01#,P2P_TRANSFER,126700.0,1900.5,TZ-DAR-015,SUCCESS,NONE
TPESA-3003474,2026-09-01 18:00:00,+25565***159,+25565215159,TIGO_PESA_APP,AIRTIME_TOP_UP,11400.0,0.0,TZ-PWA-001,SUCCESS,NONE
TPESA-3003475,2026-09-01 23:24:11,+25567***724,+25571396475,TIGO_PESA_APP,P2P_TRANSFER,98500.0,1477.5,TZ-DAR-006,SUCCESS,NONE
TPESA-3003476,2026-09-03 15:43:42,+25571***737,+25575293618,USSD_*150*01#,P2P_TRANSFER,49900.0,748.5,TZ-SNG-001,SUCCESS,NONE
TPESA-3003477,2026-09-04 22:32:38,+25565***017,+25567114131,USSD_*150*01#,CASH_OUT_WAKALA,410700.0,6160.5,TZ-PWA-001,SUCCESS,NONE
TPESA-3003478,2026-09-05 15:45:13,+25565***395,+25567691574,TIGO_PESA_APP,P2P_TRANSFER,171300.0,2569.5,TZ-SNG-001,SUCCESS,NONE
TPESA-3003479,2026-09-02 11:42:01,+25577***242,+25577421992,TIGO_PESA_APP,BANK_TO_WALLET_DEPOSIT,72200.0,0.0,TZ-KIL-001,FAILED,USSD_TIMEOUT
TPESA-3003480,2026-09-06 17:52:34,+25577***207,+25567909392,TIGO_PESA_APP,BANK_TO_WALLET_DEPOSIT,733100.0,10996.5,TZ-MWA-003,SUCCESS,NONE
TPESA-3003481,2026-09-05 12:21:18,+25571***214,TILL-735333,TIGO_PESA_APP,LIPA_KWA_SIMU_MERCHANT,36300.0,290.4,TZ-KIL-003,SUCCESS,NONE
TPESA-3003482,2026-09-04 16:55:06,+25577***793,+25576466457,USSD_*150*01#,CASH_OUT_WAKALA,191000.0,2865.0,TZ-SON-001,SUCCESS,NONE
TPESA-3003483,2026-09-04 07:41:17,+25565***829,+25567661232,TIGO_PESA_APP,P2P_TRANSFER,216400.0,3246.0,TZ-DAR-007,SUCCESS,NONE
TPESA-3003484,2026-09-07 23:00:45,+25571***968,+25571178791,USSD_*150*01#,BANK_TO_WALLET_DEPOSIT,875500.0,13132.5,TZ-ARU-002,SUCCESS,NONE
TPESA-3003485,2026-09-04 15:48:42,+25565***508,+25565897332,USSD_*150*01#,P2P_TRANSFER,111600.0,1674.0,TZ-DAR-010,SUCCESS,NONE
TPESA-3003486,2026-09-05 06:20:43,+25567***200,+25565247863,TIGO_PESA_APP,P2P_TRANSFER,229500.0,3442.5,TZ-MBY-002,SUCCESS,NONE
TPESA-3003487,2026-09-05 07:20:19,+25577***039,TILL-652776,TIGO_PESA_APP,LIPA_KWA_SIMU_MERCHANT,41500.0,332.0,TZ-ZNZ-002,SUCCESS,NONE
TPESA-3003488,2026-09-01 16:01:02,+25577***145,+25565312166,TIGO_PESA_APP,CASH_OUT_WAKALA,178200.0,2673.0,TZ-MWA-002,SUCCESS,NONE
TPESA-3003489,2026-09-06 13:04:04,+25567***341,+25565331517,USSD_*150*01#,CASH_OUT_WAKALA,299400.0,4491.0,TZ-DAR-003,SUCCESS,NONE
TPESA-3003490,2026-09-02 08:57:18,+25577***676,TILL-581456,TIGO_PESA_APP,LIPA_KWA_SIMU_MERCHANT,127900.0,1023.2,TZ-ARU-002,SUCCESS,NONE
TPESA-3003491,2026-09-07 20:31:48,+25567***172,+25575370810,TIGO_PESA_APP,CASH_OUT_WAKALA,322500.0,4837.5,TZ-MBY-001,SUCCESS,NONE
TPESA-3003492,2026-09-06 13:17:48,+25577***562,+25577170720,USSD_*150*01#,CASH_OUT_WAKALA,301700.0,4525.5,TZ-TND-001,SUCCESS,NONE
TPESA-3003493,2026-09-01 09:02:21,+25565***605,+25576820716,TIGO_PESA_APP,BANK_TO_WALLET_DEPOSIT,671000.0,10065.0,TZ-SNG-001,SUCCESS,NONE
TPESA-3003494,2026-09-03 08:07:14,+25577***033,+25567198935,TIGO_PESA_APP,P2P_TRANSFER,47400.0,711.0,TZ-KIL-002,SUCCESS,NONE
TPESA-3003495,2026-09-07 13:45:20,+25565***586,TILL-570130,TIGO_PESA_APP,LIPA_KWA_SIMU_MERCHANT,81600.0,0.0,TZ-PWA-001,FAILED,SYSTEM_BUSY
TPESA-3003496,2026-09-03 17:36:22,+25567***337,+25571362041,TIGO_PESA_APP,BANK_TO_WALLET_DEPOSIT,900400.0,13506.0,TZ-MAR-001,SUCCESS,NONE
TPESA-3003497,2026-09-06 23:34:17,+25565***214,+25576950625,TIGO_PESA_APP,CASH_OUT_WAKALA,323800.0,4857.0,TZ-ZNZ-001,SUCCESS,NONE
TPESA-3003498,2026-09-03 16:06:10,+25571***703,+25574668812,USSD_*150*01#,P2P_TRANSFER,176300.0,2644.5,TZ-PEM-001,SUCCESS,NONE
TPESA-3003499,2026-09-05 19:34:30,+25571***822,TILL-877033,TIGO_PESA_APP,LIPA_KWA_SIMU_MERCHANT,117100.0,936.8,TZ-BUK-001,SUCCESS,NONE
