subscriber_id,msisdn,imsi,imei,plan_type,customer_segment,handset_model,handset_category,tenancy_months,arpu_monthly_tzs,home_region,primary_cell_id,is_simbox_suspect,is_wangiri_suspect,predicted_churn_tier
TGO-SUB-100000,+25571738720,640023727210979,864205042713397,Prepaid,Dormant / At-Risk,Tecno Camon 20 Pro (4G),Smartphone 4G,29,1920.0,Dodoma,TZ-DOM-002,0,0,High Churn Risk (85%+)
TGO-SUB-100001,+25567983794,640021240251661,356891119441515,Prepaid,High-Value Data Pro,Tecno Camon 20 Pro (4G),Smartphone 4G,41,169576.33,Dodoma,TZ-DOM-003,0,0,Low Churn Risk (<15%)
TGO-SUB-100002,+25565787277,640027439149233,358721092498114,Prepaid,Youth & Campus Streamer,Apple iPhone 15 Pro Max (5G),Smartphone 5G,115,29786.25,Zanzibar,TZ-ZNZ-003,0,0,Low Churn Risk (<15%)
TGO-SUB-100003,+25577479580,640025284391408,358721091953250,Prepaid,High-Value Data Pro,Nokia 105 Dual SIM (2G Feature),Feature Phone 2G,9,79197.84,Njombe,TZ-NJO-001,0,0,Low Churn Risk (<15%)
TGO-SUB-100004,+25577500156,640025047709743,356891118148258,Prepaid,Mass Market Voice/SMS,Xiaomi Redmi Note 12 (4G),Smartphone 4G,59,8102.63,Tanga,TZ-TAN-002,0,0,Low Churn Risk (<15%)
TGO-SUB-100005,+25571857168,640024919706735,352044109825548,Prepaid,High-Value Data Pro,Infinix Hot 30 (4G),Smartphone 4G,119,151501.3,Dodoma,TZ-DOM-001,0,0,Low Churn Risk (<15%)
TGO-SUB-100006,+25571728038,640026687206971,356891112173015,Prepaid,Mass Market Voice/SMS,Nokia 105 Dual SIM (2G Feature),Feature Phone 2G,73,7612.71,Dar es Salaam,TZ-DAR-004,0,0,Low Churn Risk (<15%)
TGO-SUB-100007,+25571189814,640028438486479,356891118975498,Prepaid,High-Value Data Pro,Xiaomi Redmi Note 12 (4G),Smartphone 4G,68,117033.89,Dodoma,TZ-DOM-002,0,0,Low Churn Risk (<15%)
TGO-SUB-100008,+25577322086,640023962958940,352044105183735,Prepaid,Youth & Campus Streamer,Tecno Camon 20 Pro (4G),Smartphone 4G,3,15993.14,Dar es Salaam,TZ-DAR-015,0,0,Medium Churn Risk (40-60%)
TGO-SUB-100009,+25565717024,640021945826486,356891118422250,Prepaid,Mass Market Voice/SMS,Samsung Galaxy A54 (5G),Smartphone 5G,36,15894.53,Dar es Salaam,TZ-DAR-005,0,0,Low Churn Risk (<15%)
TGO-SUB-100010,+25577324643,640023315992115,86420504000010,Prepaid (Unlimited Flat Rate),High-Value Data Pro,SIM-Box 32-Port Gateway,SIM-Box Bypass,2,85000.0,Dar es Salaam,TZ-DAR-001,1,0,Fraud Blacklist
TGO-SUB-100011,+25577531071,640024131356954,86420504000011,Prepaid (Unlimited Flat Rate),Mass Market Voice/SMS,SIM-Box 32-Port Gateway,SIM-Box Bypass,1,85000.0,Dar es Salaam,TZ-DAR-001,1,0,Fraud Blacklist
TGO-SUB-100012,+25577246991,640022811967841,86420504000012,Prepaid (Unlimited Flat Rate),High-Value Data Pro,SIM-Box 32-Port Gateway,SIM-Box Bypass,1,85000.0,Dar es Salaam,TZ-DAR-001,1,0,Fraud Blacklist
TGO-SUB-100013,+25571783823,640024590711152,86420504000013,Prepaid (Unlimited Flat Rate),Youth & Campus Streamer,SIM-Box 32-Port Gateway,SIM-Box Bypass,1,85000.0,Dar es Salaam,TZ-DAR-001,1,0,Fraud Blacklist
TGO-SUB-100014,+25565497382,640026971815972,86420504000014,Prepaid (Unlimited Flat Rate),Youth & Campus Streamer,SIM-Box 32-Port Gateway,SIM-Box Bypass,3,85000.0,Dar es Salaam,TZ-DAR-001,1,0,Fraud Blacklist
TGO-SUB-100015,+25577262316,640026110572428,86420504000015,Prepaid (Unlimited Flat Rate),High-Value Data Pro,SIM-Box 32-Port Gateway,SIM-Box Bypass,3,85000.0,Dar es Salaam,TZ-DAR-001,1,0,Fraud Blacklist
TGO-SUB-100016,+25577627276,640023281169403,86420504000016,Prepaid (Unlimited Flat Rate),High-Value Data Pro,SIM-Box 32-Port Gateway,SIM-Box Bypass,2,85000.0,Dar es Salaam,TZ-DAR-001,1,0,Fraud Blacklist
TGO-SUB-100017,+25571697347,640023553440342,86420504000017,Prepaid (Unlimited Flat Rate),SME Trader & Merchant,SIM-Box 32-Port Gateway,SIM-Box Bypass,3,85000.0,Dar es Salaam,TZ-DAR-001,1,0,Fraud Blacklist
TGO-SUB-100018,+25567350280,640026435772945,864205048043184,Prepaid,Mass Market Voice/SMS,Tecno Camon 20 Pro (4G),Smartphone 4G,73,17036.01,Dar es Salaam,TZ-DAR-001,0,0,Low Churn Risk (<15%)
TGO-SUB-100019,+25571176819,640023309122187,352044102388905,Prepaid,Mass Market Voice/SMS,Nokia 105 Dual SIM (2G Feature),Feature Phone 2G,70,8542.91,Dar es Salaam,TZ-DAR-011,0,0,Low Churn Risk (<15%)
TGO-SUB-100020,+25567741390,640023271782991,352044107956131,Prepaid,High-Value Data Pro,Nokia 105 Dual SIM (2G Feature),Feature Phone 2G,20,73851.44,Dar es Salaam,TZ-DAR-007,0,0,Low Churn Risk (<15%)
TGO-SUB-100021,+25567395442,640023597724331,352044103134874,Hybrid,SME Trader & Merchant,Tecno Camon 20 Pro (4G),Smartphone 4G,55,89030.34,Dar es Salaam,TZ-DAR-004,0,0,Medium Churn Risk (40-60%)
TGO-SUB-100022,+25567146228,640025310195918,864205047680614,Hybrid,SME Trader & Merchant,Samsung Galaxy A54 (5G),Smartphone 5G,10,75868.38,Dodoma,TZ-DOM-002,0,0,Medium Churn Risk (40-60%)
TGO-SUB-100023,+25565672092,640023373077218,358721092336360,Prepaid,Mass Market Voice/SMS,Tecno Camon 20 Pro (4G),Smartphone 4G,27,14941.83,Dar es Salaam,TZ-DAR-003,0,0,Low Churn Risk (<15%)
TGO-SUB-100024,+25565799330,640025736462531,358721097508102,Hybrid,SME Trader & Merchant,Nokia 105 Dual SIM (2G Feature),Feature Phone 2G,113,40562.61,Mtwara,TZ-MTW-001,0,0,Low Churn Risk (<15%)
TGO-SUB-100025,+25577125990,640029265609985,358721099412043,Prepaid,Mass Market Voice/SMS,Samsung Galaxy A54 (5G),Smartphone 5G,110,4621.43,Dar es Salaam,TZ-DAR-003,0,1,Fraud Blacklist
TGO-SUB-100026,+25577333238,640029239688178,352044104200153,Prepaid,Youth & Campus Streamer,Samsung Galaxy A54 (5G),Smartphone 5G,111,25149.38,Tanga,TZ-TAN-001,0,1,Fraud Blacklist
TGO-SUB-100027,+25571910891,640026493800024,358721098125268,Postpaid,Corporate VIP,Tecno Camon 20 Pro (4G),Smartphone 4G,23,409422.68,Pwani,TZ-PWA-002,0,1,Fraud Blacklist
TGO-SUB-100028,+25567140115,640027161404428,352044105575929,Prepaid,High-Value Data Pro,Itel Magic 2 (3G Feature),Feature Phone 3G,33,167940.57,Dar es Salaam,TZ-DAR-013,0,1,Fraud Blacklist
TGO-SUB-100029,+25571843215,640022872852789,864205044819136,Prepaid,Youth & Campus Streamer,Samsung Galaxy S24 Ultra (5G),Smartphone 5G,85,22896.6,Arusha,TZ-ARU-001,0,1,Fraud Blacklist
TGO-SUB-100030,+25571854717,640029160639027,352044107992876,Prepaid,Youth & Campus Streamer,Tecno Camon 20 Pro (4G),Smartphone 4G,49,30295.61,Dar es Salaam,TZ-DAR-013,0,0,Low Churn Risk (<15%)
TGO-SUB-100031,+25565745414,640027739255769,358721096745530,Hybrid,SME Trader & Merchant,Tecno Camon 20 Pro (4G),Smartphone 4G,60,81074.32,Tabora,TZ-TAB-001,0,0,Low Churn Risk (<15%)
TGO-SUB-100032,+25577563638,640023901796894,358721099322912,Hybrid,SME Trader & Merchant,Infinix Hot 30 (4G),Smartphone 4G,105,73150.5,Mbeya,TZ-MBY-001,0,0,Low Churn Risk (<15%)
TGO-SUB-100033,+25565805477,640022333241445,864205042545110,Prepaid,Dormant / At-Risk,Samsung Galaxy S24 Ultra (5G),Smartphone 5G,10,1833.82,Pemba,TZ-PEM-001,0,0,High Churn Risk (85%+)
TGO-SUB-100034,+25577534572,640023472487690,358721096183926,Prepaid,Youth & Campus Streamer,Samsung Galaxy A54 (5G),Smartphone 5G,114,12182.98,Zanzibar,TZ-ZNZ-004,0,0,Low Churn Risk (<15%)
TGO-SUB-100035,+25571916232,640022825989011,864205049431708,Prepaid,Youth & Campus Streamer,Tecno Camon 20 Pro (4G),Smartphone 4G,103,42276.51,Dar es Salaam,TZ-DAR-008,0,0,Low Churn Risk (<15%)
TGO-SUB-100036,+25577800005,640028995059760,358721093717823,Hybrid,SME Trader & Merchant,Xiaomi Redmi Note 12 (4G),Smartphone 4G,36,80548.86,Kagera,TZ-BUK-001,0,0,Low Churn Risk (<15%)
TGO-SUB-100037,+25577181247,640028359619163,864205043849135,Prepaid,Youth & Campus Streamer,Tecno Camon 20 Pro (4G),Smartphone 4G,20,16566.34,Dar es Salaam,TZ-DAR-015,0,0,Low Churn Risk (<15%)
TGO-SUB-100038,+25565167348,640027076811348,352044106689697,Hybrid,SME Trader & Merchant,Tecno Camon 20 Pro (4G),Smartphone 4G,90,57309.33,Pemba,TZ-PEM-001,0,0,Low Churn Risk (<15%)
TGO-SUB-100039,+25571998348,640027767538527,358721091061825,Hybrid,SME Trader & Merchant,Samsung Galaxy A54 (5G),Smartphone 5G,96,87956.7,Shinyanga,TZ-KAH-001,0,0,Low Churn Risk (<15%)
TGO-SUB-100040,+25565611945,640026237376063,358721096092320,Prepaid,Youth & Campus Streamer,Tecno Camon 20 Pro (4G),Smartphone 4G,60,38338.7,Zanzibar,TZ-ZNZ-002,0,0,Low Churn Risk (<15%)
TGO-SUB-100041,+25565752483,640023294043548,358721097206449,Prepaid,High-Value Data Pro,Infinix Hot 30 (4G),Smartphone 4G,34,111433.53,Geita,TZ-GEI-001,0,0,Low Churn Risk (<15%)
TGO-SUB-100042,+25577443254,640026204041308,352044104538946,Prepaid,Dormant / At-Risk,Samsung Galaxy A54 (5G),Smartphone 5G,11,1264.69,Shinyanga,TZ-KAH-001,0,0,High Churn Risk (85%+)
TGO-SUB-100043,+25577120324,640029383431259,864205047817251,Prepaid,Youth & Campus Streamer,Xiaomi Redmi Note 12 (4G),Smartphone 4G,3,36889.7,Pwani,TZ-PWA-001,0,0,Low Churn Risk (<15%)
TGO-SUB-100044,+25565350132,640025837082260,356891116913643,Hybrid,SME Trader & Merchant,Tecno Camon 20 Pro (4G),Smartphone 4G,96,53978.19,Tabora,TZ-TAB-001,0,0,Low Churn Risk (<15%)
TGO-SUB-100045,+25571915573,640024518871744,352044102133499,Hybrid,SME Trader & Merchant,Samsung Galaxy S24 Ultra (5G),Smartphone 5G,92,74027.57,Kilimanjaro,TZ-KIL-002,0,0,Low Churn Risk (<15%)
TGO-SUB-100046,+25565179688,640022043030161,352044109915979,Prepaid,Mass Market Voice/SMS,Xiaomi Redmi Note 12 (4G),Smartphone 4G,55,11488.99,Dar es Salaam,TZ-DAR-003,0,0,Low Churn Risk (<15%)
TGO-SUB-100047,+25567172306,640022465576748,358721099622767,Prepaid,Dormant / At-Risk,Apple iPhone 15 Pro Max (5G),Smartphone 5G,59,1906.76,Shinyanga,TZ-KAH-001,0,0,High Churn Risk (85%+)
TGO-SUB-100048,+25565556641,640028088660633,358721095874556,Prepaid,Youth & Campus Streamer,Xiaomi Redmi Note 12 (4G),Smartphone 4G,12,22636.05,Pwani,TZ-PWA-001,0,0,Low Churn Risk (<15%)
TGO-SUB-100049,+25567572700,640026922713963,356891116183175,Hybrid,SME Trader & Merchant,Samsung Galaxy A54 (5G),Smartphone 5G,77,81859.1,Arusha,TZ-ARU-002,0,0,Low Churn Risk (<15%)
TGO-SUB-100050,+25567682789,640029633533290,864205041897713,Prepaid,Youth & Campus Streamer,Xiaomi Redmi Note 12 (4G),Smartphone 4G,92,37019.43,Ruvuma,TZ-SON-001,0,0,Low Churn Risk (<15%)
TGO-SUB-100051,+25577569945,640024405620755,356891114085283,Hybrid,SME Trader & Merchant,Tecno Camon 20 Pro (4G),Smartphone 4G,68,73157.4,Kilimanjaro,TZ-KIL-001,0,0,Low Churn Risk (<15%)
TGO-SUB-100052,+25567546173,640027658867789,352044108369967,Hybrid,SME Trader & Merchant,Samsung Galaxy A54 (5G),Smartphone 5G,96,37842.63,Dar es Salaam,TZ-DAR-013,0,0,Low Churn Risk (<15%)
TGO-SUB-100053,+25565300845,640027374584386,352044102054093,Hybrid,SME Trader & Merchant,Samsung Galaxy A54 (5G),Smartphone 5G,36,49647.39,Zanzibar,TZ-ZNZ-001,0,0,Low Churn Risk (<15%)
TGO-SUB-100054,+25571157174,640027671625956,864205047688547,Postpaid,Corporate VIP,Apple iPhone 15 Pro Max (5G),Smartphone 5G,24,213831.98,Shinyanga,TZ-SHI-001,0,0,Low Churn Risk (<15%)
TGO-SUB-100055,+25571364742,640023051831252,356891115201727,Prepaid,Youth & Campus Streamer,Samsung Galaxy S24 Ultra (5G),Smartphone 5G,39,13769.1,Dar es Salaam,TZ-DAR-010,0,0,Low Churn Risk (<15%)
TGO-SUB-100056,+25571360247,640028578226896,864205049133738,Prepaid,Mass Market Voice/SMS,Tecno Camon 20 Pro (4G),Smartphone 4G,40,7460.3,Singida,TZ-SNG-001,0,0,Low Churn Risk (<15%)
TGO-SUB-100057,+25571739244,640024275930923,864205043775011,Prepaid,High-Value Data Pro,Samsung Galaxy A54 (5G),Smartphone 5G,89,69007.78,Dar es Salaam,TZ-DAR-001,0,0,Low Churn Risk (<15%)
TGO-SUB-100058,+25577405407,640021140187131,352044108412964,Prepaid,Youth & Campus Streamer,Infinix Hot 30 (4G),Smartphone 4G,81,34683.7,Pwani,TZ-PWA-002,0,0,Low Churn Risk (<15%)
TGO-SUB-100059,+25565545790,640021610900200,356891112739824,Prepaid,Mass Market Voice/SMS,Infinix Hot 30 (4G),Smartphone 4G,89,16817.89,Mwanza,TZ-MWA-003,0,0,Low Churn Risk (<15%)
TGO-SUB-100060,+25567833723,640027614170462,358721091843499,Hybrid,SME Trader & Merchant,Samsung Galaxy S24 Ultra (5G),Smartphone 5G,30,50950.9,Pwani,TZ-PWA-002,0,0,Medium Churn Risk (40-60%)
TGO-SUB-100061,+25571901909,640024248149900,358721096441737,Prepaid,High-Value Data Pro,Nokia 105 Dual SIM (2G Feature),Feature Phone 2G,12,130239.56,Mbeya,TZ-MBY-002,0,0,Low Churn Risk (<15%)
TGO-SUB-100062,+25577464863,640027048809022,352044108026851,Hybrid,SME Trader & Merchant,Nokia 105 Dual SIM (2G Feature),Feature Phone 2G,52,75088.79,Tanga,TZ-TAN-002,0,0,Low Churn Risk (<15%)
TGO-SUB-100063,+25571576919,640025673181221,352044104389771,Hybrid,SME Trader & Merchant,Itel Magic 2 (3G Feature),Feature Phone 3G,70,63448.76,Dar es Salaam,TZ-DAR-001,0,0,Low Churn Risk (<15%)
TGO-SUB-100064,+25577533321,640021232804774,352044107528787,Prepaid,Mass Market Voice/SMS,Infinix Hot 30 (4G),Smartphone 4G,37,6053.37,Dodoma,TZ-DOM-002,0,0,Low Churn Risk (<15%)
TGO-SUB-100065,+25577832168,640023081821325,356891117606269,Prepaid,Youth & Campus Streamer,Xiaomi Redmi Note 12 (4G),Smartphone 4G,12,22254.75,Dar es Salaam,TZ-DAR-001,0,0,Low Churn Risk (<15%)
TGO-SUB-100066,+25565982277,640024921003983,358721092231722,Prepaid,Youth & Campus Streamer,Tecno Camon 20 Pro (4G),Smartphone 4G,62,28792.78,Tanga,TZ-TAN-001,0,0,Low Churn Risk (<15%)
TGO-SUB-100067,+25577355570,640025916199809,864205047284928,Prepaid,High-Value Data Pro,Xiaomi Redmi Note 12 (4G),Smartphone 4G,54,68377.21,Pemba,TZ-PEM-001,0,0,Low Churn Risk (<15%)
TGO-SUB-100068,+25567925981,640027475684019,356891113965784,Prepaid,Youth & Campus Streamer,Xiaomi Redmi Note 12 (4G),Smartphone 4G,62,33778.04,Dar es Salaam,TZ-DAR-010,0,0,Low Churn Risk (<15%)
TGO-SUB-100069,+25567448588,640027628981661,358721094374083,Hybrid,SME Trader & Merchant,Itel Magic 2 (3G Feature),Feature Phone 3G,41,54893.11,Pemba,TZ-PEM-001,0,0,Low Churn Risk (<15%)
TGO-SUB-100070,+25577839485,640026932342612,864205046193890,Prepaid,Dormant / At-Risk,Apple iPhone 15 Pro Max (5G),Smartphone 5G,112,995.98,Dar es Salaam,TZ-DAR-007,0,0,High Churn Risk (85%+)
TGO-SUB-100071,+25577204555,640022962491159,864205045298932,Prepaid,Mass Market Voice/SMS,Samsung Galaxy S24 Ultra (5G),Smartphone 5G,84,6975.34,Mbeya,TZ-MBY-001,0,0,Low Churn Risk (<15%)
TGO-SUB-100072,+25571993140,640027586857685,352044107572467,Postpaid,Corporate VIP,Nokia 105 Dual SIM (2G Feature),Feature Phone 2G,37,142578.85,Mbeya,TZ-MBY-002,0,0,Low Churn Risk (<15%)
TGO-SUB-100073,+25565883041,640025683143581,356891118973051,Prepaid,Youth & Campus Streamer,Tecno Camon 20 Pro (4G),Smartphone 4G,8,41812.99,Dar es Salaam,TZ-DAR-003,0,0,Low Churn Risk (<15%)
TGO-SUB-100074,+25567475876,640026904897514,864205043560598,Prepaid,Youth & Campus Streamer,Tecno Camon 20 Pro (4G),Smartphone 4G,112,17941.88,Dar es Salaam,TZ-DAR-012,0,0,Medium Churn Risk (40-60%)
TGO-SUB-100075,+25577749813,640023934040683,358721097114842,Prepaid,Youth & Campus Streamer,Samsung Galaxy A54 (5G),Smartphone 5G,103,27165.83,Songwe,TZ-TND-001,0,0,Medium Churn Risk (40-60%)
TGO-SUB-100076,+25577401603,640021678500147,358721094623519,Prepaid,Dormant / At-Risk,Samsung Galaxy A54 (5G),Smartphone 5G,109,2070.94,Geita,TZ-GEI-001,0,0,High Churn Risk (85%+)
TGO-SUB-100077,+25567308894,640029587244082,358721092118343,Hybrid,SME Trader & Merchant,Tecno Camon 20 Pro (4G),Smartphone 4G,107,49231.71,Ruvuma,TZ-SON-001,0,0,Low Churn Risk (<15%)
TGO-SUB-100078,+25577387813,640029624715092,356891117358637,Prepaid,Mass Market Voice/SMS,Xiaomi Redmi Note 12 (4G),Smartphone 4G,46,14636.11,Dar es Salaam,TZ-DAR-015,0,0,Low Churn Risk (<15%)
TGO-SUB-100079,+25565767542,640025464285982,358721091349859,Prepaid,High-Value Data Pro,Tecno Camon 20 Pro (4G),Smartphone 4G,23,169155.34,Arusha,TZ-ARU-001,0,0,Low Churn Risk (<15%)
TGO-SUB-100080,+25565238579,640026001680218,358721099456644,Hybrid,SME Trader & Merchant,Xiaomi Redmi Note 12 (4G),Smartphone 4G,29,37486.03,Dar es Salaam,TZ-DAR-005,0,0,Low Churn Risk (<15%)
TGO-SUB-100081,+25577986827,640022570991899,358721091145944,Prepaid,Youth & Campus Streamer,Infinix Hot 30 (4G),Smartphone 4G,49,34203.34,Njombe,TZ-NJO-001,0,0,Low Churn Risk (<15%)
TGO-SUB-100082,+25567213609,640023898400928,358721091262409,Prepaid,Youth & Campus Streamer,Nokia 105 Dual SIM (2G Feature),Feature Phone 2G,82,42203.44,Dar es Salaam,TZ-DAR-015,0,0,Low Churn Risk (<15%)
TGO-SUB-100083,+25577835132,640022753617371,864205041475490,Prepaid,Youth & Campus Streamer,Tecno Camon 20 Pro (4G),Smartphone 4G,59,15207.34,Dodoma,TZ-DOM-001,0,0,Low Churn Risk (<15%)
TGO-SUB-100084,+25567803055,640027615076397,864205045350371,Prepaid,Youth & Campus Streamer,Xiaomi Redmi Note 12 (4G),Smartphone 4G,48,42988.75,Tanga,TZ-TAN-001,0,0,Medium Churn Risk (40-60%)
TGO-SUB-100085,+25565564920,640022557724698,352044106709135,Hybrid,SME Trader & Merchant,Samsung Galaxy S24 Ultra (5G),Smartphone 5G,85,92933.45,Kigoma,TZ-KIG-001,0,0,Low Churn Risk (<15%)
TGO-SUB-100086,+25565772875,640025170814022,356891119250135,Prepaid,High-Value Data Pro,Samsung Galaxy A54 (5G),Smartphone 5G,71,127749.36,Dar es Salaam,TZ-DAR-005,0,0,Low Churn Risk (<15%)
TGO-SUB-100087,+25565714867,640024735313433,352044109119842,Prepaid,Youth & Campus Streamer,Xiaomi Redmi Note 12 (4G),Smartphone 4G,70,21150.07,Dar es Salaam,TZ-DAR-010,0,0,Low Churn Risk (<15%)
TGO-SUB-100088,+25567937302,640021749459431,356891112382050,Prepaid,Mass Market Voice/SMS,Tecno Camon 20 Pro (4G),Smartphone 4G,7,11832.79,Dar es Salaam,TZ-DAR-002,0,0,Low Churn Risk (<15%)
TGO-SUB-100089,+25565877747,640025567946981,358721099158095,Prepaid,High-Value Data Pro,Tecno Camon 20 Pro (4G),Smartphone 4G,101,120460.64,Mbeya,TZ-MBY-001,0,0,Medium Churn Risk (40-60%)
TGO-SUB-100090,+25567580292,640021133790981,358721099884566,Prepaid,High-Value Data Pro,Tecno Camon 20 Pro (4G),Smartphone 4G,11,145488.16,Mwanza,TZ-MWA-003,0,0,Medium Churn Risk (40-60%)
TGO-SUB-100091,+25567737846,640021637088959,864205043883759,Prepaid,Youth & Campus Streamer,Infinix Hot 30 (4G),Smartphone 4G,59,22731.12,Tabora,TZ-TAB-001,0,0,Low Churn Risk (<15%)
TGO-SUB-100092,+25577203996,640024717261214,358721095734893,Prepaid,Mass Market Voice/SMS,Tecno Camon 20 Pro (4G),Smartphone 4G,55,8980.95,Zanzibar,TZ-ZNZ-002,0,0,Medium Churn Risk (40-60%)
TGO-SUB-100093,+25567797416,640026389710636,864205048201847,Prepaid,Mass Market Voice/SMS,Samsung Galaxy S24 Ultra (5G),Smartphone 5G,48,4398.45,Dar es Salaam,TZ-DAR-007,0,0,Low Churn Risk (<15%)
TGO-SUB-100094,+25565683397,640029847550931,352044108025591,Prepaid,Mass Market Voice/SMS,Tecno Camon 20 Pro (4G),Smartphone 4G,93,17116.95,Mwanza,TZ-MWA-002,0,0,Low Churn Risk (<15%)
TGO-SUB-100095,+25571401601,640027873709012,352044102086339,Prepaid,High-Value Data Pro,Tecno Camon 20 Pro (4G),Smartphone 4G,72,117862.73,Dar es Salaam,TZ-DAR-007,0,0,Low Churn Risk (<15%)
TGO-SUB-100096,+25567220465,640028570333548,864205049464326,Prepaid,Dormant / At-Risk,Nokia 105 Dual SIM (2G Feature),Feature Phone 2G,87,2455.28,Mbeya,TZ-MBY-001,0,0,High Churn Risk (85%+)
TGO-SUB-100097,+25571738577,640022148679234,864205043865444,Hybrid,SME Trader & Merchant,Nokia 105 Dual SIM (2G Feature),Feature Phone 2G,52,41791.36,Dar es Salaam,TZ-DAR-010,0,0,Low Churn Risk (<15%)
TGO-SUB-100098,+25571248766,640025173893550,356891118823548,Hybrid,SME Trader & Merchant,Samsung Galaxy A54 (5G),Smartphone 5G,42,52158.24,Kilimanjaro,TZ-KIL-001,0,0,Low Churn Risk (<15%)
TGO-SUB-100099,+25571155164,640021668210614,356891118067071,Prepaid,Youth & Campus Streamer,Samsung Galaxy A54 (5G),Smartphone 5G,28,28026.84,Mwanza,TZ-MWA-003,0,0,Low Churn Risk (<15%)
TGO-SUB-100100,+25571461939,640022846465000,352044108111639,Prepaid,Youth & Campus Streamer,Tecno Camon 20 Pro (4G),Smartphone 4G,8,13498.77,Kilimanjaro,TZ-KIL-003,0,0,Low Churn Risk (<15%)
TGO-SUB-100101,+25571314353,640026392415228,352044102258120,Hybrid,SME Trader & Merchant,Tecno Camon 20 Pro (4G),Smartphone 4G,65,38397.07,Dodoma,TZ-DOM-001,0,0,Low Churn Risk (<15%)
TGO-SUB-100102,+25567175576,640024187043237,358721091196517,Prepaid,Mass Market Voice/SMS,Nokia 105 Dual SIM (2G Feature),Feature Phone 2G,82,11636.39,Dodoma,TZ-DOM-003,0,0,Low Churn Risk (<15%)
TGO-SUB-100103,+25577403578,640025789633176,356891114405442,Prepaid,Youth & Campus Streamer,Xiaomi Redmi Note 12 (4G),Smartphone 4G,109,39456.86,Kilimanjaro,TZ-KIL-001,0,0,Medium Churn Risk (40-60%)
TGO-SUB-100104,+25571355135,640025632753983,352044108820335,Prepaid,Mass Market Voice/SMS,Samsung Galaxy A54 (5G),Smartphone 5G,66,4145.69,Mbeya,TZ-MBY-002,0,0,Medium Churn Risk (40-60%)
TGO-SUB-100105,+25565913934,640026795522649,864205043477451,Prepaid,High-Value Data Pro,Apple iPhone 15 Pro Max (5G),Smartphone 5G,10,132287.88,Zanzibar,TZ-ZNZ-004,0,0,Low Churn Risk (<15%)
TGO-SUB-100106,+25565910389,640027991986741,358721098910939,Hybrid,SME Trader & Merchant,Xiaomi Redmi Note 12 (4G),Smartphone 4G,80,90070.03,Dodoma,TZ-DOM-003,0,0,Low Churn Risk (<15%)
TGO-SUB-100107,+25567757685,640022357806226,358721091716037,Hybrid,SME Trader & Merchant,Tecno Camon 20 Pro (4G),Smartphone 4G,10,47853.79,Dar es Salaam,TZ-DAR-004,0,0,Low Churn Risk (<15%)
TGO-SUB-100108,+25567584172,640022940955281,356891114866494,Prepaid,Mass Market Voice/SMS,Samsung Galaxy S24 Ultra (5G),Smartphone 5G,50,15829.4,Mbeya,TZ-MBY-001,0,0,Low Churn Risk (<15%)
TGO-SUB-100109,+25577708519,640024847761430,358721099491539,Hybrid,SME Trader & Merchant,Infinix Hot 30 (4G),Smartphone 4G,58,60915.89,Dar es Salaam,TZ-DAR-010,0,0,Low Churn Risk (<15%)
TGO-SUB-100110,+25571950360,640024067961943,864205041410433,Prepaid,Dormant / At-Risk,Infinix Hot 30 (4G),Smartphone 4G,21,1572.21,Mbeya,TZ-MBY-001,0,0,High Churn Risk (85%+)
TGO-SUB-100111,+25567490963,640029237475801,358721095286255,Prepaid,High-Value Data Pro,Infinix Hot 30 (4G),Smartphone 4G,13,135706.39,Arusha,TZ-ARU-002,0,0,Medium Churn Risk (40-60%)
TGO-SUB-100112,+25577397949,640025940815822,356891117110462,Hybrid,SME Trader & Merchant,Nokia 105 Dual SIM (2G Feature),Feature Phone 2G,77,72643.56,Songwe,TZ-TND-001,0,0,Low Churn Risk (<15%)
TGO-SUB-100113,+25571424620,640027695519305,352044109526862,Prepaid,Mass Market Voice/SMS,Infinix Hot 30 (4G),Smartphone 4G,12,14081.62,Njombe,TZ-NJO-001,0,0,Low Churn Risk (<15%)
TGO-SUB-100114,+25577633188,640022554039848,352044104238692,Hybrid,SME Trader & Merchant,Itel Magic 2 (3G Feature),Feature Phone 3G,18,79800.15,Dar es Salaam,TZ-DAR-013,0,0,Low Churn Risk (<15%)
TGO-SUB-100115,+25565180913,640024384950377,356891117940835,Prepaid,Youth & Campus Streamer,Nokia 105 Dual SIM (2G Feature),Feature Phone 2G,107,31709.13,Dar es Salaam,TZ-DAR-010,0,0,Low Churn Risk (<15%)
TGO-SUB-100116,+25565856215,640022879792991,358721094819953,Prepaid,Youth & Campus Streamer,Itel Magic 2 (3G Feature),Feature Phone 3G,69,36828.91,Morogoro,TZ-MOR-001,0,0,Low Churn Risk (<15%)
TGO-SUB-100117,+25565424500,640028663811838,864205044857099,Prepaid,Youth & Campus Streamer,Itel Magic 2 (3G Feature),Feature Phone 3G,54,21298.47,Kilimanjaro,TZ-KIL-002,0,0,Low Churn Risk (<15%)
TGO-SUB-100118,+25565956572,640023597009738,352044101547147,Prepaid,Youth & Campus Streamer,Nokia 105 Dual SIM (2G Feature),Feature Phone 2G,37,15385.46,Mara,TZ-TAR-001,0,0,Low Churn Risk (<15%)
TGO-SUB-100119,+25571900185,640025983503547,358721096382892,Prepaid,High-Value Data Pro,Xiaomi Redmi Note 12 (4G),Smartphone 4G,45,169260.59,Kigoma,TZ-KIG-001,0,0,Low Churn Risk (<15%)
TGO-SUB-100120,+25571535050,640025523703900,352044103472316,Hybrid,SME Trader & Merchant,Itel Magic 2 (3G Feature),Feature Phone 3G,84,31832.19,Dar es Salaam,TZ-DAR-007,0,0,Low Churn Risk (<15%)
TGO-SUB-100121,+25567929822,640021627276995,356891114008147,Prepaid,High-Value Data Pro,Infinix Hot 30 (4G),Smartphone 4G,116,144664.34,Mwanza,TZ-MWA-003,0,0,Low Churn Risk (<15%)
TGO-SUB-100122,+25571119927,640022099184899,864205046754629,Prepaid,High-Value Data Pro,Infinix Hot 30 (4G),Smartphone 4G,31,94572.19,Tanga,TZ-TAN-003,0,0,Low Churn Risk (<15%)
TGO-SUB-100123,+25577769989,640022963288053,356891119773307,Postpaid,Corporate VIP,Infinix Hot 30 (4G),Smartphone 4G,38,290073.99,Pwani,TZ-PWA-001,0,0,Low Churn Risk (<15%)
TGO-SUB-100124,+25577101640,640027935554354,864205046983846,Prepaid,Youth & Campus Streamer,Samsung Galaxy A54 (5G),Smartphone 5G,68,29274.99,Kilimanjaro,TZ-KIL-001,0,0,Medium Churn Risk (40-60%)
TGO-SUB-100125,+25571509420,640029045897249,356891117665496,Hybrid,SME Trader & Merchant,Itel Magic 2 (3G Feature),Feature Phone 3G,31,31055.75,Morogoro,TZ-MOR-001,0,0,Medium Churn Risk (40-60%)
TGO-SUB-100126,+25571908977,640028544878538,864205041464895,Prepaid,Mass Market Voice/SMS,Infinix Hot 30 (4G),Smartphone 4G,90,5626.34,Pemba,TZ-PEM-001,0,0,Low Churn Risk (<15%)
TGO-SUB-100127,+25577762423,640021579187439,358721091387804,Prepaid,Mass Market Voice/SMS,Samsung Galaxy A54 (5G),Smartphone 5G,66,16286.86,Arusha,TZ-ARU-001,0,0,Low Churn Risk (<15%)
TGO-SUB-100128,+25577955015,640027627266377,352044101383993,Prepaid,Mass Market Voice/SMS,Samsung Galaxy A54 (5G),Smartphone 5G,16,3717.06,Iringa,TZ-IRI-001,0,0,Low Churn Risk (<15%)
TGO-SUB-100129,+25567558176,640029115282784,358721095054265,Prepaid,Youth & Campus Streamer,Itel Magic 2 (3G Feature),Feature Phone 3G,103,28418.27,Mtwara,TZ-MTW-001,0,0,Low Churn Risk (<15%)
TGO-SUB-100130,+25571862400,640022823212172,358721097317182,Hybrid,SME Trader & Merchant,Infinix Hot 30 (4G),Smartphone 4G,58,35204.48,Songwe,TZ-TND-001,0,0,Low Churn Risk (<15%)
TGO-SUB-100131,+25577274739,640028257484586,352044105688490,Prepaid,Mass Market Voice/SMS,Xiaomi Redmi Note 12 (4G),Smartphone 4G,102,12222.77,Mwanza,TZ-MWA-002,0,0,Low Churn Risk (<15%)
TGO-SUB-100132,+25571178686,640027039626948,864205041326532,Prepaid,Youth & Campus Streamer,Nokia 105 Dual SIM (2G Feature),Feature Phone 2G,100,26459.7,Dar es Salaam,TZ-DAR-009,0,0,Medium Churn Risk (40-60%)
TGO-SUB-100133,+25567479742,640023436297208,864205048120487,Hybrid,SME Trader & Merchant,Itel Magic 2 (3G Feature),Feature Phone 3G,47,79600.49,Dodoma,TZ-DOM-003,0,0,Low Churn Risk (<15%)
TGO-SUB-100134,+25577429657,640028084809436,864205042189590,Prepaid,Youth & Campus Streamer,Xiaomi Redmi Note 12 (4G),Smartphone 4G,100,24770.58,Dodoma,TZ-DOM-002,0,0,Medium Churn Risk (40-60%)
TGO-SUB-100135,+25567838237,640022916728422,352044108276917,Prepaid,High-Value Data Pro,Samsung Galaxy A54 (5G),Smartphone 5G,57,68886.24,Dar es Salaam,TZ-DAR-012,0,0,Low Churn Risk (<15%)
TGO-SUB-100136,+25571949884,640029868845806,352044104145272,Prepaid,Mass Market Voice/SMS,Infinix Hot 30 (4G),Smartphone 4G,29,12565.5,Morogoro,TZ-MOR-001,0,0,Low Churn Risk (<15%)
TGO-SUB-100137,+25571310743,640024401896171,864205049287667,Prepaid,Youth & Campus Streamer,Samsung Galaxy S24 Ultra (5G),Smartphone 5G,17,24174.07,Mtwara,TZ-MTW-001,0,0,Low Churn Risk (<15%)
TGO-SUB-100138,+25571168941,640026623360831,358721096512316,Prepaid,Mass Market Voice/SMS,Xiaomi Redmi Note 12 (4G),Smartphone 4G,58,4106.26,Arusha,TZ-ARU-001,0,0,Low Churn Risk (<15%)
TGO-SUB-100139,+25577813145,640027517011632,864205049693258,Prepaid,High-Value Data Pro,Infinix Hot 30 (4G),Smartphone 4G,112,175951.75,Mwanza,TZ-MWA-002,0,0,Low Churn Risk (<15%)
TGO-SUB-100140,+25571971776,640025952163720,864205042698345,Hybrid,SME Trader & Merchant,Nokia 105 Dual SIM (2G Feature),Feature Phone 2G,109,91586.4,Mara,TZ-TAR-001,0,0,Low Churn Risk (<15%)
TGO-SUB-100141,+25571362778,640022178758213,352044107442748,Prepaid,Youth & Campus Streamer,Apple iPhone 15 Pro Max (5G),Smartphone 5G,85,31529.68,Singida,TZ-SNG-001,0,0,Low Churn Risk (<15%)
TGO-SUB-100142,+25567983456,640024709911999,356891111476709,Hybrid,SME Trader & Merchant,Samsung Galaxy A54 (5G),Smartphone 5G,64,67188.92,Mbeya,TZ-MBY-001,0,0,Low Churn Risk (<15%)
TGO-SUB-100143,+25567773088,640029403748506,358721093567736,Prepaid,High-Value Data Pro,Samsung Galaxy A54 (5G),Smartphone 5G,60,67189.56,Mwanza,TZ-MWA-003,0,0,Low Churn Risk (<15%)
TGO-SUB-100144,+25565456717,640023605585995,352044108532585,Prepaid,Mass Market Voice/SMS,Xiaomi Redmi Note 12 (4G),Smartphone 4G,66,17630.61,Dar es Salaam,TZ-DAR-009,0,0,Low Churn Risk (<15%)
TGO-SUB-100145,+25571434617,640026333223513,356891113804647,Prepaid,High-Value Data Pro,Samsung Galaxy A54 (5G),Smartphone 5G,54,94825.44,Kilimanjaro,TZ-KIL-002,0,0,Low Churn Risk (<15%)
TGO-SUB-100146,+25565267457,640028788828039,352044102990552,Prepaid,Youth & Campus Streamer,Tecno Camon 20 Pro (4G),Smartphone 4G,12,28459.07,Tanga,TZ-TAN-003,0,0,Low Churn Risk (<15%)
TGO-SUB-100147,+25577629996,640022033921654,352044101510210,Prepaid,Youth & Campus Streamer,Samsung Galaxy A54 (5G),Smartphone 5G,69,39814.04,Njombe,TZ-NJO-001,0,0,Low Churn Risk (<15%)
TGO-SUB-100148,+25571988324,640025756663747,864205043773195,Hybrid,SME Trader & Merchant,Xiaomi Redmi Note 12 (4G),Smartphone 4G,47,56037.81,Dodoma,TZ-DOM-003,0,0,Low Churn Risk (<15%)
TGO-SUB-100149,+25567177103,640027656585531,356891112349131,Prepaid,Mass Market Voice/SMS,Tecno Camon 20 Pro (4G),Smartphone 4G,26,8086.28,Kilimanjaro,TZ-KIL-001,0,0,Low Churn Risk (<15%)
TGO-SUB-100150,+25577624369,640021172893522,356891112436935,Prepaid,Youth & Campus Streamer,Xiaomi Redmi Note 12 (4G),Smartphone 4G,120,16915.04,Mara,TZ-MAR-001,0,0,Low Churn Risk (<15%)
TGO-SUB-100151,+25567270395,640028913915028,352044106319588,Prepaid,Youth & Campus Streamer,Infinix Hot 30 (4G),Smartphone 4G,43,21893.09,Kigoma,TZ-KIG-001,0,0,Medium Churn Risk (40-60%)
TGO-SUB-100152,+25571536774,640027801948900,356891117259057,Prepaid,Youth & Campus Streamer,Samsung Galaxy A54 (5G),Smartphone 5G,93,44077.88,Singida,TZ-SNG-001,0,0,Low Churn Risk (<15%)
TGO-SUB-100153,+25571711868,640023063511828,358721092549543,Prepaid,Mass Market Voice/SMS,Samsung Galaxy S24 Ultra (5G),Smartphone 5G,54,4648.43,Dar es Salaam,TZ-DAR-002,0,0,Low Churn Risk (<15%)
TGO-SUB-100154,+25565533020,640023965676060,358721096261959,Prepaid,Mass Market Voice/SMS,Nokia 105 Dual SIM (2G Feature),Feature Phone 2G,67,14037.56,Dar es Salaam,TZ-DAR-004,0,0,Low Churn Risk (<15%)
TGO-SUB-100155,+25565688132,640028139209752,358721094289932,Prepaid,Youth & Campus Streamer,Tecno Camon 20 Pro (4G),Smartphone 4G,93,30027.02,Njombe,TZ-NJO-001,0,0,Low Churn Risk (<15%)
TGO-SUB-100156,+25567739711,640023079537716,864205043925598,Prepaid,Mass Market Voice/SMS,Samsung Galaxy A54 (5G),Smartphone 5G,27,17733.9,Pemba,TZ-PEM-001,0,0,Low Churn Risk (<15%)
TGO-SUB-100157,+25577432441,640027355707297,352044104017691,Prepaid,Youth & Campus Streamer,Infinix Hot 30 (4G),Smartphone 4G,99,41560.1,Kilimanjaro,TZ-KIL-003,0,0,Low Churn Risk (<15%)
TGO-SUB-100158,+25565404561,640025475641477,356891114631887,Prepaid,Youth & Campus Streamer,Infinix Hot 30 (4G),Smartphone 4G,120,19061.56,Kigoma,TZ-KIG-001,0,0,Low Churn Risk (<15%)
TGO-SUB-100159,+25567243941,640022027708670,356891118023718,Hybrid,SME Trader & Merchant,Samsung Galaxy A54 (5G),Smartphone 5G,13,36512.87,Arusha,TZ-ARU-002,0,0,Low Churn Risk (<15%)
TGO-SUB-100160,+25565105433,640025973319056,358721096006413,Hybrid,SME Trader & Merchant,Xiaomi Redmi Note 12 (4G),Smartphone 4G,12,48552.0,Dar es Salaam,TZ-DAR-004,0,0,Low Churn Risk (<15%)
TGO-SUB-100161,+25565661147,640024957687327,358721099782922,Postpaid,Corporate VIP,Nokia 105 Dual SIM (2G Feature),Feature Phone 2G,120,395947.06,Morogoro,TZ-MOR-001,0,0,Low Churn Risk (<15%)
TGO-SUB-100162,+25567139286,640025334769475,356891114513174,Prepaid,Youth & Campus Streamer,Tecno Camon 20 Pro (4G),Smartphone 4G,60,29302.51,Dar es Salaam,TZ-DAR-009,0,0,Low Churn Risk (<15%)
TGO-SUB-100163,+25567302177,640024473829163,352044102703877,Prepaid,Youth & Campus Streamer,Infinix Hot 30 (4G),Smartphone 4G,73,12464.78,Arusha,TZ-ARU-002,0,0,Low Churn Risk (<15%)
TGO-SUB-100164,+25565284019,640022408434291,358721098017651,Prepaid,High-Value Data Pro,Samsung Galaxy A54 (5G),Smartphone 5G,50,98832.2,Pwani,TZ-PWA-001,0,0,Medium Churn Risk (40-60%)
TGO-SUB-100165,+25565568436,640028532327465,352044104166139,Postpaid,Corporate VIP,Xiaomi Redmi Note 12 (4G),Smartphone 4G,86,335715.51,Ruvuma,TZ-SON-001,0,0,Low Churn Risk (<15%)
TGO-SUB-100166,+25571588002,640022317723211,358721098194008,Prepaid,Mass Market Voice/SMS,Nokia 105 Dual SIM (2G Feature),Feature Phone 2G,118,14547.62,Ruvuma,TZ-SON-001,0,0,Medium Churn Risk (40-60%)
TGO-SUB-100167,+25567485397,640023639796200,864205042400577,Prepaid,Youth & Campus Streamer,Samsung Galaxy A54 (5G),Smartphone 5G,117,31989.39,Mwanza,TZ-MWA-001,0,0,Low Churn Risk (<15%)
TGO-SUB-100168,+25577894139,640029941564880,358721096538295,Prepaid,Youth & Campus Streamer,Samsung Galaxy S24 Ultra (5G),Smartphone 5G,26,14038.02,Dodoma,TZ-DOM-002,0,0,Low Churn Risk (<15%)
TGO-SUB-100169,+25565272529,640027529817193,356891118133413,Prepaid,Youth & Campus Streamer,Infinix Hot 30 (4G),Smartphone 4G,59,41663.35,Mwanza,TZ-MWA-003,0,0,Low Churn Risk (<15%)
TGO-SUB-100170,+25565638179,640027079202254,356891116859417,Hybrid,SME Trader & Merchant,Infinix Hot 30 (4G),Smartphone 4G,96,31415.08,Pwani,TZ-PWA-002,0,0,Low Churn Risk (<15%)
TGO-SUB-100171,+25565706403,640021313659437,358721094612641,Prepaid,High-Value Data Pro,Infinix Hot 30 (4G),Smartphone 4G,53,167306.21,Shinyanga,TZ-SHI-001,0,0,Medium Churn Risk (40-60%)
TGO-SUB-100172,+25565906325,640029434381915,352044105010587,Prepaid,Mass Market Voice/SMS,Nokia 105 Dual SIM (2G Feature),Feature Phone 2G,112,8634.68,Njombe,TZ-NJO-001,0,0,Low Churn Risk (<15%)
TGO-SUB-100173,+25565785280,640028989870040,356891112871438,Prepaid,High-Value Data Pro,Tecno Camon 20 Pro (4G),Smartphone 4G,3,177446.93,Shinyanga,TZ-KAH-001,0,0,Medium Churn Risk (40-60%)
TGO-SUB-100174,+25567585494,640027633342225,358721099633553,Hybrid,SME Trader & Merchant,Samsung Galaxy A54 (5G),Smartphone 5G,5,47917.23,Zanzibar,TZ-ZNZ-002,0,0,Low Churn Risk (<15%)
TGO-SUB-100175,+25577744793,640021067198189,864205041705591,Hybrid,SME Trader & Merchant,Infinix Hot 30 (4G),Smartphone 4G,6,73681.54,Dar es Salaam,TZ-DAR-004,0,0,Low Churn Risk (<15%)
TGO-SUB-100176,+25577560285,640021242425303,352044103455369,Prepaid,Youth & Campus Streamer,Tecno Camon 20 Pro (4G),Smartphone 4G,113,34193.55,Arusha,TZ-ARU-001,0,0,Low Churn Risk (<15%)
TGO-SUB-100177,+25565792282,640023238756255,358721094150984,Prepaid,Mass Market Voice/SMS,Samsung Galaxy S24 Ultra (5G),Smartphone 5G,55,16195.71,Dar es Salaam,TZ-DAR-012,0,0,Low Churn Risk (<15%)
TGO-SUB-100178,+25577149161,640029470922075,358721099239758,Hybrid,SME Trader & Merchant,Tecno Camon 20 Pro (4G),Smartphone 4G,69,39699.14,Kilimanjaro,TZ-KIL-002,0,0,Low Churn Risk (<15%)
TGO-SUB-100179,+25577352673,640024647891535,352044109991972,Prepaid,Mass Market Voice/SMS,Xiaomi Redmi Note 12 (4G),Smartphone 4G,18,11435.79,Mwanza,TZ-MWA-001,0,0,Low Churn Risk (<15%)
TGO-SUB-100180,+25577354655,640022095197958,352044107781201,Prepaid,Mass Market Voice/SMS,Nokia 105 Dual SIM (2G Feature),Feature Phone 2G,7,4386.96,Zanzibar,TZ-ZNZ-002,0,0,Low Churn Risk (<15%)
TGO-SUB-100181,+25567495489,640023589530484,356891112973039,Prepaid,Youth & Campus Streamer,Xiaomi Redmi Note 12 (4G),Smartphone 4G,117,27820.01,Arusha,TZ-ARU-002,0,0,Low Churn Risk (<15%)
TGO-SUB-100182,+25571322096,640025025070544,356891118831597,Prepaid,Youth & Campus Streamer,Nokia 105 Dual SIM (2G Feature),Feature Phone 2G,71,35224.36,Kilimanjaro,TZ-KIL-003,0,0,Low Churn Risk (<15%)
TGO-SUB-100183,+25567913185,640026510697299,358721096595725,Hybrid,SME Trader & Merchant,Tecno Camon 20 Pro (4G),Smartphone 4G,93,87382.78,Geita,TZ-GEI-001,0,0,Medium Churn Risk (40-60%)
TGO-SUB-100184,+25577898625,640028901585274,864205044887125,Prepaid,Youth & Campus Streamer,Tecno Camon 20 Pro (4G),Smartphone 4G,71,19302.05,Dar es Salaam,TZ-DAR-010,0,0,Medium Churn Risk (40-60%)
TGO-SUB-100185,+25577409531,640021654602021,352044103411926,Hybrid,SME Trader & Merchant,Infinix Hot 30 (4G),Smartphone 4G,98,65791.76,Njombe,TZ-NJO-001,0,0,Low Churn Risk (<15%)
TGO-SUB-100186,+25577858705,640027402059279,864205048683675,Prepaid,Youth & Campus Streamer,Samsung Galaxy A54 (5G),Smartphone 5G,8,28114.44,Dodoma,TZ-DOM-001,0,0,Low Churn Risk (<15%)
TGO-SUB-100187,+25571979827,640024636537575,356891119014670,Prepaid,Mass Market Voice/SMS,Tecno Camon 20 Pro (4G),Smartphone 4G,28,6471.5,Zanzibar,TZ-ZNZ-001,0,0,Low Churn Risk (<15%)
TGO-SUB-100188,+25577491329,640029849565863,358721097913097,Prepaid,Youth & Campus Streamer,Samsung Galaxy S24 Ultra (5G),Smartphone 5G,36,25574.17,Dar es Salaam,TZ-DAR-002,0,0,Low Churn Risk (<15%)
TGO-SUB-100189,+25567117975,640021769945233,356891116498572,Prepaid,Youth & Campus Streamer,Samsung Galaxy A54 (5G),Smartphone 5G,51,20329.8,Arusha,TZ-ARU-003,0,0,Low Churn Risk (<15%)
TGO-SUB-100190,+25571491172,640029415119956,358721096924473,Hybrid,SME Trader & Merchant,Itel Magic 2 (3G Feature),Feature Phone 3G,110,74462.71,Dar es Salaam,TZ-DAR-006,0,0,Low Churn Risk (<15%)
TGO-SUB-100191,+25571198042,640027035624331,358721096795497,Postpaid,Corporate VIP,Samsung Galaxy S24 Ultra (5G),Smartphone 5G,83,176556.58,Kagera,TZ-BUK-001,0,0,Low Churn Risk (<15%)
TGO-SUB-100192,+25567693343,640025182609867,356891113409273,Prepaid,Youth & Campus Streamer,Nokia 105 Dual SIM (2G Feature),Feature Phone 2G,10,30703.88,Tanga,TZ-TAN-001,0,0,Medium Churn Risk (40-60%)
TGO-SUB-100193,+25567669408,640021141312095,352044101164183,Prepaid,Mass Market Voice/SMS,Infinix Hot 30 (4G),Smartphone 4G,39,13690.67,Kilimanjaro,TZ-KIL-003,0,0,Low Churn Risk (<15%)
TGO-SUB-100194,+25565691353,640026719736115,864205049288971,Prepaid,Dormant / At-Risk,Tecno Camon 20 Pro (4G),Smartphone 4G,30,161.09,Mwanza,TZ-MWA-002,0,0,High Churn Risk (85%+)
TGO-SUB-100195,+25571457137,640027853087029,352044101310644,Prepaid,Youth & Campus Streamer,Xiaomi Redmi Note 12 (4G),Smartphone 4G,56,19528.57,Dodoma,TZ-DOM-002,0,0,Low Churn Risk (<15%)
TGO-SUB-100196,+25565812711,640022632399901,352044109368213,Prepaid,High-Value Data Pro,Infinix Hot 30 (4G),Smartphone 4G,20,78506.52,Zanzibar,TZ-ZNZ-001,0,0,Low Churn Risk (<15%)
TGO-SUB-100197,+25577432061,640022549195708,356891111054474,Prepaid,Mass Market Voice/SMS,Tecno Camon 20 Pro (4G),Smartphone 4G,58,4533.47,Dar es Salaam,TZ-DAR-006,0,0,Low Churn Risk (<15%)
TGO-SUB-100198,+25577208310,640021112794026,352044106811411,Prepaid,Mass Market Voice/SMS,Infinix Hot 30 (4G),Smartphone 4G,50,15955.77,Dar es Salaam,TZ-DAR-001,0,0,Low Churn Risk (<15%)
TGO-SUB-100199,+25571860053,640025201221330,864205048186056,Hybrid,SME Trader & Merchant,Samsung Galaxy A54 (5G),Smartphone 5G,56,47446.44,Dar es Salaam,TZ-DAR-010,0,0,Medium Churn Risk (40-60%)
TGO-SUB-100200,+25567541557,640026582393412,356891114786664,Prepaid,Youth & Campus Streamer,Itel Magic 2 (3G Feature),Feature Phone 3G,14,28361.48,Mbeya,TZ-MBY-001,0,0,Low Churn Risk (<15%)
TGO-SUB-100201,+25565419457,640026994451417,358721099431355,Hybrid,SME Trader & Merchant,Tecno Camon 20 Pro (4G),Smartphone 4G,18,83529.79,Iringa,TZ-IRI-001,0,0,Low Churn Risk (<15%)
TGO-SUB-100202,+25567436241,640023986257683,358721094294452,Prepaid,Dormant / At-Risk,Itel Magic 2 (3G Feature),Feature Phone 3G,82,874.34,Ruvuma,TZ-SON-001,0,0,High Churn Risk (85%+)
TGO-SUB-100203,+25577703853,640024358554365,352044104943224,Hybrid,SME Trader & Merchant,Xiaomi Redmi Note 12 (4G),Smartphone 4G,70,37402.71,Dodoma,TZ-DOM-003,0,0,Low Churn Risk (<15%)
TGO-SUB-100204,+25565814827,640028418324922,864205045597534,Prepaid,High-Value Data Pro,Xiaomi Redmi Note 12 (4G),Smartphone 4G,64,161734.55,Morogoro,TZ-MOR-001,0,0,Low Churn Risk (<15%)
TGO-SUB-100205,+25565764100,640022300656317,352044107906582,Prepaid,Mass Market Voice/SMS,Infinix Hot 30 (4G),Smartphone 4G,52,4109.48,Tabora,TZ-TAB-001,0,0,Low Churn Risk (<15%)
TGO-SUB-100206,+25577670053,640029454334062,356891112146823,Hybrid,SME Trader & Merchant,Infinix Hot 30 (4G),Smartphone 4G,83,72054.99,Dar es Salaam,TZ-DAR-003,0,0,Low Churn Risk (<15%)
TGO-SUB-100207,+25577889245,640028714753670,356891111110601,Prepaid,Youth & Campus Streamer,Samsung Galaxy A54 (5G),Smartphone 5G,29,29120.33,Singida,TZ-SNG-001,0,0,Low Churn Risk (<15%)
TGO-SUB-100208,+25577492292,640026974875750,864205044617240,Hybrid,SME Trader & Merchant,Tecno Camon 20 Pro (4G),Smartphone 4G,94,89835.59,Dar es Salaam,TZ-DAR-006,0,0,Medium Churn Risk (40-60%)
TGO-SUB-100209,+25565465249,640026634526139,358721099223663,Hybrid,SME Trader & Merchant,Infinix Hot 30 (4G),Smartphone 4G,41,36345.5,Zanzibar,TZ-ZNZ-002,0,0,Low Churn Risk (<15%)
TGO-SUB-100210,+25571414849,640024052772528,356891119904295,Prepaid,Youth & Campus Streamer,Infinix Hot 30 (4G),Smartphone 4G,23,17423.69,Zanzibar,TZ-ZNZ-003,0,0,Low Churn Risk (<15%)
TGO-SUB-100211,+25565447067,640027699500243,358721093431186,Prepaid,High-Value Data Pro,Infinix Hot 30 (4G),Smartphone 4G,79,138876.95,Kilimanjaro,TZ-KIL-003,0,0,Medium Churn Risk (40-60%)
TGO-SUB-100212,+25565571413,640027838460497,358721091046663,Prepaid,Mass Market Voice/SMS,Samsung Galaxy A54 (5G),Smartphone 5G,103,15130.95,Dar es Salaam,TZ-DAR-005,0,0,Low Churn Risk (<15%)
TGO-SUB-100213,+25565483561,640022400094541,358721092194904,Prepaid,Youth & Campus Streamer,Infinix Hot 30 (4G),Smartphone 4G,79,43875.24,Arusha,TZ-ARU-001,0,0,Low Churn Risk (<15%)
TGO-SUB-100214,+25577715519,640025785590330,352044109865897,Prepaid,Mass Market Voice/SMS,Infinix Hot 30 (4G),Smartphone 4G,76,13589.83,Tanga,TZ-TAN-003,0,0,Low Churn Risk (<15%)
TGO-SUB-100215,+25571804758,640025870268582,356891113501614,Hybrid,SME Trader & Merchant,Apple iPhone 15 Pro Max (5G),Smartphone 5G,18,39188.31,Kilimanjaro,TZ-KIL-002,0,0,Low Churn Risk (<15%)
TGO-SUB-100216,+25577543588,640026092773357,864205046818682,Prepaid,High-Value Data Pro,Tecno Camon 20 Pro (4G),Smartphone 4G,111,97749.6,Mwanza,TZ-MWA-003,0,0,Low Churn Risk (<15%)
TGO-SUB-100217,+25567110048,640023081379485,864205049548156,Prepaid,Youth & Campus Streamer,Itel Magic 2 (3G Feature),Feature Phone 3G,91,28334.0,Njombe,TZ-NJO-001,0,0,Low Churn Risk (<15%)
TGO-SUB-100218,+25577612438,640021718348264,356891119345413,Hybrid,SME Trader & Merchant,Samsung Galaxy A54 (5G),Smartphone 5G,73,64944.56,Dar es Salaam,TZ-DAR-011,0,0,Low Churn Risk (<15%)
TGO-SUB-100219,+25577676429,640023193894984,356891113809018,Hybrid,SME Trader & Merchant,Xiaomi Redmi Note 12 (4G),Smartphone 4G,57,83469.71,Dar es Salaam,TZ-DAR-003,0,0,Low Churn Risk (<15%)
TGO-SUB-100220,+25565545807,640024227004325,352044101337967,Prepaid,Mass Market Voice/SMS,Samsung Galaxy A54 (5G),Smartphone 5G,31,4304.75,Dar es Salaam,TZ-DAR-008,0,0,Low Churn Risk (<15%)
TGO-SUB-100221,+25565950083,640028254773516,358721092740449,Hybrid,SME Trader & Merchant,Apple iPhone 15 Pro Max (5G),Smartphone 5G,69,43451.28,Dar es Salaam,TZ-DAR-004,0,0,Low Churn Risk (<15%)
TGO-SUB-100222,+25567725850,640023313993297,352044108382534,Hybrid,SME Trader & Merchant,Samsung Galaxy A54 (5G),Smartphone 5G,18,85771.09,Njombe,TZ-NJO-001,0,0,Low Churn Risk (<15%)
TGO-SUB-100223,+25577162165,640029557663181,864205048354992,Prepaid,Youth & Campus Streamer,Samsung Galaxy A54 (5G),Smartphone 5G,51,39339.9,Zanzibar,TZ-ZNZ-004,0,0,Low Churn Risk (<15%)
TGO-SUB-100224,+25577249077,640027074050517,358721091791841,Prepaid,Youth & Campus Streamer,Tecno Camon 20 Pro (4G),Smartphone 4G,63,34925.22,Kilimanjaro,TZ-KIL-001,0,0,Low Churn Risk (<15%)
TGO-SUB-100225,+25567710224,640024147025728,358721097656785,Prepaid,Mass Market Voice/SMS,Nokia 105 Dual SIM (2G Feature),Feature Phone 2G,64,8965.74,Mwanza,TZ-MWA-002,0,0,Low Churn Risk (<15%)
TGO-SUB-100226,+25567438548,640028852676046,352044106738969,Prepaid,Mass Market Voice/SMS,Apple iPhone 15 Pro Max (5G),Smartphone 5G,6,14824.55,Njombe,TZ-NJO-001,0,0,Low Churn Risk (<15%)
TGO-SUB-100227,+25571756596,640022973888646,356891119993122,Postpaid,Corporate VIP,Tecno Camon 20 Pro (4G),Smartphone 4G,117,436150.48,Dar es Salaam,TZ-DAR-013,0,0,Low Churn Risk (<15%)
TGO-SUB-100228,+25565781571,640022296502486,352044101978745,Hybrid,SME Trader & Merchant,Samsung Galaxy A54 (5G),Smartphone 5G,81,88747.02,Dar es Salaam,TZ-DAR-011,0,0,Medium Churn Risk (40-60%)
TGO-SUB-100229,+25567861253,640026300607425,356891118378801,Prepaid,Youth & Campus Streamer,Samsung Galaxy S24 Ultra (5G),Smartphone 5G,57,16379.09,Dar es Salaam,TZ-DAR-015,0,0,Low Churn Risk (<15%)
TGO-SUB-100230,+25571108454,640028282534126,356891115428282,Hybrid,SME Trader & Merchant,Tecno Camon 20 Pro (4G),Smartphone 4G,41,35806.52,Mtwara,TZ-MTW-001,0,0,Medium Churn Risk (40-60%)
TGO-SUB-100231,+25567413791,640025883933127,864205047727412,Prepaid,Youth & Campus Streamer,Samsung Galaxy S24 Ultra (5G),Smartphone 5G,93,32140.53,Dar es Salaam,TZ-DAR-011,0,0,Low Churn Risk (<15%)
TGO-SUB-100232,+25565758589,640024213790202,358721097460027,Prepaid,High-Value Data Pro,Nokia 105 Dual SIM (2G Feature),Feature Phone 2G,94,72055.81,Zanzibar,TZ-ZNZ-004,0,0,Low Churn Risk (<15%)
TGO-SUB-100233,+25577468611,640029432088993,352044109295042,Prepaid,Youth & Campus Streamer,Samsung Galaxy A54 (5G),Smartphone 5G,78,20189.51,Tabora,TZ-TAB-001,0,0,Low Churn Risk (<15%)
TGO-SUB-100234,+25567916808,640029056616444,864205046428999,Prepaid,Youth & Campus Streamer,Tecno Camon 20 Pro (4G),Smartphone 4G,102,21752.89,Dar es Salaam,TZ-DAR-004,0,0,Low Churn Risk (<15%)
TGO-SUB-100235,+25565618927,640022657365938,864205046238509,Prepaid,Mass Market Voice/SMS,Samsung Galaxy S24 Ultra (5G),Smartphone 5G,17,3181.01,Kilimanjaro,TZ-KIL-001,0,0,Low Churn Risk (<15%)
TGO-SUB-100236,+25577979727,640027736142481,352044106728962,Prepaid,Dormant / At-Risk,Xiaomi Redmi Note 12 (4G),Smartphone 4G,76,2311.1,Dar es Salaam,TZ-DAR-002,0,0,High Churn Risk (85%+)
TGO-SUB-100237,+25571114463,640022126077199,356891111634066,Prepaid,Youth & Campus Streamer,Tecno Camon 20 Pro (4G),Smartphone 4G,52,28534.62,Mwanza,TZ-MWA-001,0,0,Low Churn Risk (<15%)
TGO-SUB-100238,+25571771652,640023645901955,352044101876574,Prepaid,Mass Market Voice/SMS,Samsung Galaxy S24 Ultra (5G),Smartphone 5G,51,17614.7,Dar es Salaam,TZ-DAR-010,0,0,Low Churn Risk (<15%)
TGO-SUB-100239,+25571425236,640028295757364,864205041607183,Hybrid,SME Trader & Merchant,Apple iPhone 15 Pro Max (5G),Smartphone 5G,86,59469.17,Tabora,TZ-TAB-001,0,0,Medium Churn Risk (40-60%)
TGO-SUB-100240,+25565225245,640029644330231,864205048355750,Prepaid,Dormant / At-Risk,Samsung Galaxy A54 (5G),Smartphone 5G,106,1569.02,Morogoro,TZ-MOR-001,0,0,High Churn Risk (85%+)
TGO-SUB-100241,+25567275073,640022597167064,352044108685381,Postpaid,Corporate VIP,Xiaomi Redmi Note 12 (4G),Smartphone 4G,34,386345.59,Tanga,TZ-TAN-001,0,0,Low Churn Risk (<15%)
TGO-SUB-100242,+25571620248,640022546720356,358721096944232,Hybrid,SME Trader & Merchant,Tecno Camon 20 Pro (4G),Smartphone 4G,15,36688.82,Dodoma,TZ-DOM-003,0,0,Low Churn Risk (<15%)
TGO-SUB-100243,+25565876764,640023185386258,356891111128843,Hybrid,SME Trader & Merchant,Samsung Galaxy S24 Ultra (5G),Smartphone 5G,110,89814.73,Dar es Salaam,TZ-DAR-012,0,0,Low Churn Risk (<15%)
TGO-SUB-100244,+25571679720,640028111191488,864205044374333,Prepaid,Youth & Campus Streamer,Tecno Camon 20 Pro (4G),Smartphone 4G,16,20951.51,Dar es Salaam,TZ-DAR-005,0,0,Low Churn Risk (<15%)
TGO-SUB-100245,+25571288056,640022721959126,358721093960204,Prepaid,Youth & Campus Streamer,Tecno Camon 20 Pro (4G),Smartphone 4G,101,12262.98,Dar es Salaam,TZ-DAR-013,0,0,Low Churn Risk (<15%)
TGO-SUB-100246,+25567875501,640023674551397,358721094861629,Prepaid,Dormant / At-Risk,Itel Magic 2 (3G Feature),Feature Phone 3G,116,2327.66,Zanzibar,TZ-ZNZ-002,0,0,High Churn Risk (85%+)
TGO-SUB-100247,+25565257880,640022761091683,864205046678515,Prepaid,Youth & Campus Streamer,Infinix Hot 30 (4G),Smartphone 4G,85,12316.63,Arusha,TZ-ARU-002,0,0,Medium Churn Risk (40-60%)
TGO-SUB-100248,+25577990247,640022320748157,864205046555503,Prepaid,Dormant / At-Risk,Tecno Camon 20 Pro (4G),Smartphone 4G,92,2917.68,Dar es Salaam,TZ-DAR-010,0,0,High Churn Risk (85%+)
TGO-SUB-100249,+25567197545,640029141445255,358721098842291,Prepaid,Youth & Campus Streamer,Infinix Hot 30 (4G),Smartphone 4G,73,33028.12,Kilimanjaro,TZ-KIL-003,0,0,Medium Churn Risk (40-60%)
TGO-SUB-100250,+25571556112,640021561387824,352044103736685,Hybrid,SME Trader & Merchant,Nokia 105 Dual SIM (2G Feature),Feature Phone 2G,35,84073.49,Arusha,TZ-ARU-001,0,0,Low Churn Risk (<15%)
TGO-SUB-100251,+25565178315,640025052536540,864205049178239,Prepaid,High-Value Data Pro,Apple iPhone 15 Pro Max (5G),Smartphone 5G,69,113948.01,Arusha,TZ-ARU-001,0,0,Low Churn Risk (<15%)
TGO-SUB-100252,+25567907756,640026186758088,352044105858544,Prepaid,High-Value Data Pro,Nokia 105 Dual SIM (2G Feature),Feature Phone 2G,90,156911.63,Tanga,TZ-TAN-003,0,0,Low Churn Risk (<15%)
TGO-SUB-100253,+25571325465,640022407863065,356891118457023,Hybrid,SME Trader & Merchant,Itel Magic 2 (3G Feature),Feature Phone 3G,23,33181.79,Tanga,TZ-TAN-003,0,0,Low Churn Risk (<15%)
TGO-SUB-100254,+25571524035,640028965451958,864205041993267,Prepaid,Mass Market Voice/SMS,Apple iPhone 15 Pro Max (5G),Smartphone 5G,29,4821.8,Dar es Salaam,TZ-DAR-004,0,0,Low Churn Risk (<15%)
TGO-SUB-100255,+25565307757,640028832617672,352044108196221,Hybrid,SME Trader & Merchant,Infinix Hot 30 (4G),Smartphone 4G,26,82828.56,Dar es Salaam,TZ-DAR-002,0,0,Low Churn Risk (<15%)
TGO-SUB-100256,+25577948611,640021553155490,352044102284790,Prepaid,High-Value Data Pro,Itel Magic 2 (3G Feature),Feature Phone 3G,51,170895.81,Mwanza,TZ-MWA-002,0,0,Low Churn Risk (<15%)
TGO-SUB-100257,+25577130914,640022832508021,352044103251462,Hybrid,SME Trader & Merchant,Samsung Galaxy A54 (5G),Smartphone 5G,32,39661.04,Mbeya,TZ-MBY-001,0,0,Low Churn Risk (<15%)
TGO-SUB-100258,+25567623125,640027660157097,356891111919824,Hybrid,SME Trader & Merchant,Tecno Camon 20 Pro (4G),Smartphone 4G,81,71772.41,Mtwara,TZ-MTW-001,0,0,Low Churn Risk (<15%)
TGO-SUB-100259,+25571501078,640026837342064,358721094607459,Hybrid,SME Trader & Merchant,Tecno Camon 20 Pro (4G),Smartphone 4G,4,41688.03,Arusha,TZ-ARU-001,0,0,Low Churn Risk (<15%)
TGO-SUB-100260,+25567161437,640021685583357,864205047887723,Prepaid,Mass Market Voice/SMS,Samsung Galaxy A54 (5G),Smartphone 5G,29,16758.89,Dar es Salaam,TZ-DAR-004,0,0,Low Churn Risk (<15%)
TGO-SUB-100261,+25577472039,640021746087503,864205047213015,Prepaid,Youth & Campus Streamer,Xiaomi Redmi Note 12 (4G),Smartphone 4G,46,42161.34,Dar es Salaam,TZ-DAR-002,0,0,Low Churn Risk (<15%)
TGO-SUB-100262,+25565690462,640025073211715,358721096684584,Postpaid,Corporate VIP,Samsung Galaxy A54 (5G),Smartphone 5G,68,138535.43,Tabora,TZ-TAB-001,0,0,Low Churn Risk (<15%)
TGO-SUB-100263,+25577100716,640023637688758,864205044573112,Prepaid,Mass Market Voice/SMS,Nokia 105 Dual SIM (2G Feature),Feature Phone 2G,91,7853.83,Dar es Salaam,TZ-DAR-002,0,0,Low Churn Risk (<15%)
TGO-SUB-100264,+25565911982,640025606488160,358721097144831,Hybrid,SME Trader & Merchant,Tecno Camon 20 Pro (4G),Smartphone 4G,102,93430.94,Zanzibar,TZ-ZNZ-002,0,0,Low Churn Risk (<15%)
TGO-SUB-100265,+25577780714,640022362721798,352044103340819,Hybrid,SME Trader & Merchant,Xiaomi Redmi Note 12 (4G),Smartphone 4G,94,77709.67,Tanga,TZ-TAN-002,0,0,Low Churn Risk (<15%)
TGO-SUB-100266,+25571836109,640021139082827,352044109480959,Prepaid,Youth & Campus Streamer,Samsung Galaxy A54 (5G),Smartphone 5G,10,42910.7,Dar es Salaam,TZ-DAR-010,0,0,Low Churn Risk (<15%)
TGO-SUB-100267,+25565463656,640029514255777,864205047670901,Prepaid,Youth & Campus Streamer,Xiaomi Redmi Note 12 (4G),Smartphone 4G,34,36066.44,Arusha,TZ-ARU-002,0,0,Low Churn Risk (<15%)
TGO-SUB-100268,+25565361662,640023977168607,352044103691251,Postpaid,Corporate VIP,Xiaomi Redmi Note 12 (4G),Smartphone 4G,114,264612.65,Mwanza,TZ-MWA-001,0,0,Low Churn Risk (<15%)
TGO-SUB-100269,+25577617033,640029082143437,352044106725476,Prepaid,Youth & Campus Streamer,Apple iPhone 15 Pro Max (5G),Smartphone 5G,29,40513.67,Iringa,TZ-IRI-001,0,0,Low Churn Risk (<15%)
TGO-SUB-100270,+25565573209,640024632522232,352044101210535,Prepaid,High-Value Data Pro,Samsung Galaxy A54 (5G),Smartphone 5G,10,101016.98,Kilimanjaro,TZ-KIL-002,0,0,Low Churn Risk (<15%)
TGO-SUB-100271,+25571454366,640025428082088,864205047368186,Prepaid,High-Value Data Pro,Samsung Galaxy A54 (5G),Smartphone 5G,71,84666.06,Dar es Salaam,TZ-DAR-013,0,0,Low Churn Risk (<15%)
TGO-SUB-100272,+25567792687,640026504099682,864205042005750,Prepaid,Youth & Campus Streamer,Tecno Camon 20 Pro (4G),Smartphone 4G,55,28201.29,Dar es Salaam,TZ-DAR-004,0,0,Low Churn Risk (<15%)
TGO-SUB-100273,+25571408857,640023062994753,356891111269853,Hybrid,SME Trader & Merchant,Samsung Galaxy A54 (5G),Smartphone 5G,51,35325.85,Dar es Salaam,TZ-DAR-008,0,0,Low Churn Risk (<15%)
TGO-SUB-100274,+25577612855,640022138185235,358721092938625,Hybrid,SME Trader & Merchant,Nokia 105 Dual SIM (2G Feature),Feature Phone 2G,34,58975.39,Pwani,TZ-PWA-002,0,0,Low Churn Risk (<15%)
TGO-SUB-100275,+25565977740,640021264739091,356891111898705,Hybrid,SME Trader & Merchant,Xiaomi Redmi Note 12 (4G),Smartphone 4G,108,79169.7,Dar es Salaam,TZ-DAR-015,0,0,Low Churn Risk (<15%)
TGO-SUB-100276,+25577958160,640027539441086,358721097005343,Prepaid,High-Value Data Pro,Tecno Camon 20 Pro (4G),Smartphone 4G,74,168333.26,Zanzibar,TZ-ZNZ-001,0,0,Medium Churn Risk (40-60%)
TGO-SUB-100277,+25565226124,640022928610987,864205043221823,Hybrid,SME Trader & Merchant,Apple iPhone 15 Pro Max (5G),Smartphone 5G,106,94238.2,Mwanza,TZ-MWA-002,0,0,Low Churn Risk (<15%)
TGO-SUB-100278,+25565974625,640027850677534,352044108624221,Prepaid,Youth & Campus Streamer,Apple iPhone 15 Pro Max (5G),Smartphone 5G,118,30217.79,Tanga,TZ-TAN-001,0,0,Low Churn Risk (<15%)
TGO-SUB-100279,+25571924758,640028652281649,356891115345742,Prepaid,Youth & Campus Streamer,Apple iPhone 15 Pro Max (5G),Smartphone 5G,73,37026.45,Dar es Salaam,TZ-DAR-007,0,0,Low Churn Risk (<15%)
TGO-SUB-100280,+25571923914,640027059726570,358721097865947,Prepaid,Youth & Campus Streamer,Infinix Hot 30 (4G),Smartphone 4G,78,17682.59,Kilimanjaro,TZ-KIL-003,0,0,Low Churn Risk (<15%)
TGO-SUB-100281,+25577140666,640029070061596,864205041516857,Prepaid,Mass Market Voice/SMS,Nokia 105 Dual SIM (2G Feature),Feature Phone 2G,40,3303.49,Kigoma,TZ-KIG-001,0,0,Low Churn Risk (<15%)
TGO-SUB-100282,+25567983788,640024731897202,864205044150767,Hybrid,SME Trader & Merchant,Xiaomi Redmi Note 12 (4G),Smartphone 4G,25,77371.96,Tabora,TZ-TAB-001,0,0,Low Churn Risk (<15%)
TGO-SUB-100283,+25577321659,640029831336766,864205041688044,Hybrid,SME Trader & Merchant,Infinix Hot 30 (4G),Smartphone 4G,4,80733.57,Mara,TZ-TAR-001,0,0,Low Churn Risk (<15%)
TGO-SUB-100284,+25565302127,640021247508299,356891115786210,Prepaid,Youth & Campus Streamer,Nokia 105 Dual SIM (2G Feature),Feature Phone 2G,51,21041.26,Kigoma,TZ-KIG-001,0,0,Low Churn Risk (<15%)
TGO-SUB-100285,+25571814263,640021131267917,352044106125309,Prepaid,Dormant / At-Risk,Tecno Camon 20 Pro (4G),Smartphone 4G,45,1423.75,Dodoma,TZ-DOM-002,0,0,High Churn Risk (85%+)
TGO-SUB-100286,+25567271456,640025683197659,356891115053430,Prepaid,Youth & Campus Streamer,Samsung Galaxy A54 (5G),Smartphone 5G,87,43842.28,Dar es Salaam,TZ-DAR-015,0,0,Low Churn Risk (<15%)
TGO-SUB-100287,+25565382154,640028093513594,356891119182070,Prepaid,High-Value Data Pro,Tecno Camon 20 Pro (4G),Smartphone 4G,33,80784.08,Mtwara,TZ-MTW-001,0,0,Medium Churn Risk (40-60%)
TGO-SUB-100288,+25567847362,640028055515912,358721094947635,Hybrid,SME Trader & Merchant,Tecno Camon 20 Pro (4G),Smartphone 4G,51,49639.43,Mara,TZ-TAR-001,0,0,Low Churn Risk (<15%)
TGO-SUB-100289,+25571107704,640027910817577,352044108176591,Hybrid,SME Trader & Merchant,Tecno Camon 20 Pro (4G),Smartphone 4G,34,47971.41,Arusha,TZ-ARU-001,0,0,Low Churn Risk (<15%)
TGO-SUB-100290,+25567297509,640024287687478,356891119445549,Hybrid,SME Trader & Merchant,Tecno Camon 20 Pro (4G),Smartphone 4G,38,39095.42,Dar es Salaam,TZ-DAR-002,0,0,Low Churn Risk (<15%)
TGO-SUB-100291,+25567538897,640027032706313,356891117113449,Hybrid,SME Trader & Merchant,Xiaomi Redmi Note 12 (4G),Smartphone 4G,101,76369.0,Njombe,TZ-NJO-001,0,0,Low Churn Risk (<15%)
TGO-SUB-100292,+25577804505,640023397657114,352044102023447,Hybrid,SME Trader & Merchant,Apple iPhone 15 Pro Max (5G),Smartphone 5G,88,82542.35,Zanzibar,TZ-ZNZ-004,0,0,Low Churn Risk (<15%)
TGO-SUB-100293,+25567786224,640021383539822,352044103341764,Prepaid,Mass Market Voice/SMS,Tecno Camon 20 Pro (4G),Smartphone 4G,109,8575.24,Singida,TZ-SNG-001,0,0,Low Churn Risk (<15%)
TGO-SUB-100294,+25571593393,640023665691647,358721093039938,Prepaid,Youth & Campus Streamer,Apple iPhone 15 Pro Max (5G),Smartphone 5G,110,29484.67,Mwanza,TZ-MWA-001,0,0,Medium Churn Risk (40-60%)
TGO-SUB-100295,+25565244037,640025262101582,352044105290689,Prepaid,Dormant / At-Risk,Nokia 105 Dual SIM (2G Feature),Feature Phone 2G,24,429.67,Zanzibar,TZ-ZNZ-001,0,0,High Churn Risk (85%+)
TGO-SUB-100296,+25571611265,640025237588145,352044107653200,Hybrid,SME Trader & Merchant,Samsung Galaxy S24 Ultra (5G),Smartphone 5G,21,79477.56,Dar es Salaam,TZ-DAR-011,0,0,Low Churn Risk (<15%)
TGO-SUB-100297,+25577923353,640021378134712,358721097642596,Prepaid,Dormant / At-Risk,Tecno Camon 20 Pro (4G),Smartphone 4G,69,1149.95,Dar es Salaam,TZ-DAR-003,0,0,High Churn Risk (85%+)
TGO-SUB-100298,+25565866151,640021818520766,356891117571283,Prepaid,Mass Market Voice/SMS,Samsung Galaxy A54 (5G),Smartphone 5G,76,7681.38,Dar es Salaam,TZ-DAR-007,0,0,Low Churn Risk (<15%)
TGO-SUB-100299,+25567275133,640025491326131,352044105780738,Hybrid,SME Trader & Merchant,Infinix Hot 30 (4G),Smartphone 4G,116,87718.31,Dar es Salaam,TZ-DAR-009,0,0,Low Churn Risk (<15%)
TGO-SUB-100300,+25577476701,640024221721910,864205049514526,Hybrid,SME Trader & Merchant,Samsung Galaxy S24 Ultra (5G),Smartphone 5G,76,94017.17,Dar es Salaam,TZ-DAR-014,0,0,Low Churn Risk (<15%)
TGO-SUB-100301,+25565229144,640025455441991,352044109087138,Prepaid,Youth & Campus Streamer,Infinix Hot 30 (4G),Smartphone 4G,3,13582.69,Dar es Salaam,TZ-DAR-007,0,0,Low Churn Risk (<15%)
TGO-SUB-100302,+25571823255,640025792280830,358721094987241,Prepaid,Youth & Campus Streamer,Infinix Hot 30 (4G),Smartphone 4G,2,17053.19,Ruvuma,TZ-SON-001,0,0,Low Churn Risk (<15%)
TGO-SUB-100303,+25567541315,640023841827734,352044107530509,Hybrid,SME Trader & Merchant,Infinix Hot 30 (4G),Smartphone 4G,16,88410.43,Mara,TZ-MAR-001,0,0,Low Churn Risk (<15%)
TGO-SUB-100304,+25567219550,640024370518841,358721093082969,Hybrid,SME Trader & Merchant,Samsung Galaxy A54 (5G),Smartphone 5G,53,64004.5,Dar es Salaam,TZ-DAR-013,0,0,Low Churn Risk (<15%)
TGO-SUB-100305,+25567268163,640029759180824,358721093177827,Postpaid,Corporate VIP,Tecno Camon 20 Pro (4G),Smartphone 4G,86,341638.93,Dar es Salaam,TZ-DAR-008,0,0,Low Churn Risk (<15%)
TGO-SUB-100306,+25577256389,640025077839614,356891118587111,Prepaid,Youth & Campus Streamer,Nokia 105 Dual SIM (2G Feature),Feature Phone 2G,7,27072.79,Tanga,TZ-TAN-002,0,0,Low Churn Risk (<15%)
TGO-SUB-100307,+25571952679,640026542943838,352044105466881,Prepaid,Mass Market Voice/SMS,Apple iPhone 15 Pro Max (5G),Smartphone 5G,22,3688.34,Dar es Salaam,TZ-DAR-009,0,0,Low Churn Risk (<15%)
TGO-SUB-100308,+25567474894,640029136934170,352044108686771,Hybrid,SME Trader & Merchant,Tecno Camon 20 Pro (4G),Smartphone 4G,35,37399.08,Kilimanjaro,TZ-KIL-003,0,0,Low Churn Risk (<15%)
TGO-SUB-100309,+25577823415,640028948573913,358721097803642,Prepaid,Youth & Campus Streamer,Apple iPhone 15 Pro Max (5G),Smartphone 5G,117,13935.33,Dar es Salaam,TZ-DAR-011,0,0,Medium Churn Risk (40-60%)
TGO-SUB-100310,+25577941235,640022881894932,358721099170125,Prepaid,Mass Market Voice/SMS,Infinix Hot 30 (4G),Smartphone 4G,17,16199.25,Zanzibar,TZ-ZNZ-002,0,0,Low Churn Risk (<15%)
TGO-SUB-100311,+25577611833,640027061419749,356891111664124,Postpaid,Corporate VIP,Infinix Hot 30 (4G),Smartphone 4G,74,406549.65,Mara,TZ-TAR-001,0,0,Low Churn Risk (<15%)
TGO-SUB-100312,+25565802382,640029045090355,356891115538733,Prepaid,Youth & Campus Streamer,Tecno Camon 20 Pro (4G),Smartphone 4G,72,33166.35,Dar es Salaam,TZ-DAR-010,0,0,Low Churn Risk (<15%)
TGO-SUB-100313,+25571112210,640028940731272,358721092734381,Hybrid,SME Trader & Merchant,Xiaomi Redmi Note 12 (4G),Smartphone 4G,29,51508.16,Tanga,TZ-TAN-001,0,0,Medium Churn Risk (40-60%)
TGO-SUB-100314,+25577522866,640024509431976,356891115813957,Hybrid,SME Trader & Merchant,Xiaomi Redmi Note 12 (4G),Smartphone 4G,64,85678.3,Mwanza,TZ-MWA-003,0,0,Low Churn Risk (<15%)
TGO-SUB-100315,+25571207629,640027027727434,356891116841948,Prepaid,High-Value Data Pro,Samsung Galaxy S24 Ultra (5G),Smartphone 5G,114,132504.39,Mbeya,TZ-MBY-001,0,0,Low Churn Risk (<15%)
TGO-SUB-100316,+25565786393,640028178927766,352044104809920,Prepaid,Mass Market Voice/SMS,Xiaomi Redmi Note 12 (4G),Smartphone 4G,61,7979.59,Pemba,TZ-PEM-001,0,0,Low Churn Risk (<15%)
TGO-SUB-100317,+25567850689,640022943612110,356891118962043,Hybrid,SME Trader & Merchant,Samsung Galaxy S24 Ultra (5G),Smartphone 5G,67,71187.98,Mtwara,TZ-MTW-001,0,0,Low Churn Risk (<15%)
TGO-SUB-100318,+25567836201,640021456650521,864205046163422,Prepaid,Youth & Campus Streamer,Xiaomi Redmi Note 12 (4G),Smartphone 4G,25,25503.95,Pwani,TZ-PWA-002,0,0,Low Churn Risk (<15%)
TGO-SUB-100319,+25571993590,640022687477596,358721099646073,Prepaid,High-Value Data Pro,Infinix Hot 30 (4G),Smartphone 4G,76,109736.44,Mbeya,TZ-MBY-002,0,0,Low Churn Risk (<15%)
TGO-SUB-100320,+25571909652,640029125023089,358721097904419,Prepaid,High-Value Data Pro,Itel Magic 2 (3G Feature),Feature Phone 3G,71,119859.44,Mara,TZ-TAR-001,0,0,Low Churn Risk (<15%)
TGO-SUB-100321,+25577979562,640027808041613,864205048254239,Prepaid,Mass Market Voice/SMS,Samsung Galaxy A54 (5G),Smartphone 5G,113,4553.31,Songwe,TZ-TND-001,0,0,Low Churn Risk (<15%)
TGO-SUB-100322,+25567628597,640029080510951,358721097385763,Prepaid,Dormant / At-Risk,Samsung Galaxy A54 (5G),Smartphone 5G,104,2911.47,Mwanza,TZ-MWA-003,0,0,High Churn Risk (85%+)
TGO-SUB-100323,+25565244892,640028991678061,864205043106473,Hybrid,SME Trader & Merchant,Infinix Hot 30 (4G),Smartphone 4G,91,52444.08,Njombe,TZ-NJO-001,0,0,Low Churn Risk (<15%)
TGO-SUB-100324,+25565628370,640028030335064,356891118977305,Prepaid,Youth & Campus Streamer,Infinix Hot 30 (4G),Smartphone 4G,96,43108.23,Zanzibar,TZ-ZNZ-001,0,0,Low Churn Risk (<15%)
TGO-SUB-100325,+25567988459,640029644783539,356891111264996,Prepaid,Youth & Campus Streamer,Apple iPhone 15 Pro Max (5G),Smartphone 5G,37,18596.78,Zanzibar,TZ-ZNZ-004,0,0,Low Churn Risk (<15%)
TGO-SUB-100326,+25567253541,640024605117440,352044103139108,Prepaid,Mass Market Voice/SMS,Samsung Galaxy S24 Ultra (5G),Smartphone 5G,111,4537.2,Njombe,TZ-NJO-001,0,0,Low Churn Risk (<15%)
TGO-SUB-100327,+25565878476,640022670255496,352044108265960,Hybrid,SME Trader & Merchant,Nokia 105 Dual SIM (2G Feature),Feature Phone 2G,71,92185.63,Njombe,TZ-NJO-001,0,0,Low Churn Risk (<15%)
TGO-SUB-100328,+25571113595,640028489005480,864205047507067,Prepaid,Mass Market Voice/SMS,Xiaomi Redmi Note 12 (4G),Smartphone 4G,76,13569.44,Iringa,TZ-IRI-001,0,0,Low Churn Risk (<15%)
TGO-SUB-100329,+25565913848,640026126033644,358721092860441,Prepaid,High-Value Data Pro,Samsung Galaxy A54 (5G),Smartphone 5G,36,121661.62,Kilimanjaro,TZ-KIL-002,0,0,Medium Churn Risk (40-60%)
TGO-SUB-100330,+25567236384,640028928570600,356891114466207,Prepaid,High-Value Data Pro,Infinix Hot 30 (4G),Smartphone 4G,100,78444.41,Arusha,TZ-ARU-001,0,0,Low Churn Risk (<15%)
TGO-SUB-100331,+25567614379,640027657887271,356891119221165,Prepaid,Dormant / At-Risk,Infinix Hot 30 (4G),Smartphone 4G,65,1561.82,Morogoro,TZ-MOR-001,0,0,High Churn Risk (85%+)
TGO-SUB-100332,+25565536135,640022732663107,352044103319423,Hybrid,SME Trader & Merchant,Infinix Hot 30 (4G),Smartphone 4G,61,49082.33,Zanzibar,TZ-ZNZ-004,0,0,Low Churn Risk (<15%)
TGO-SUB-100333,+25571220294,640028168036130,358721093520239,Hybrid,SME Trader & Merchant,Nokia 105 Dual SIM (2G Feature),Feature Phone 2G,102,32592.02,Arusha,TZ-ARU-001,0,0,Low Churn Risk (<15%)
TGO-SUB-100334,+25571504620,640028404418865,356891116419755,Prepaid,Youth & Campus Streamer,Tecno Camon 20 Pro (4G),Smartphone 4G,25,28064.56,Tanga,TZ-TAN-002,0,0,Low Churn Risk (<15%)
TGO-SUB-100335,+25567638857,640021412129737,356891117573861,Prepaid,Youth & Campus Streamer,Samsung Galaxy A54 (5G),Smartphone 5G,14,19034.78,Njombe,TZ-NJO-001,0,0,Low Churn Risk (<15%)
TGO-SUB-100336,+25565663876,640029899689747,864205041249067,Postpaid,Corporate VIP,Infinix Hot 30 (4G),Smartphone 4G,72,144171.85,Dar es Salaam,TZ-DAR-012,0,0,Low Churn Risk (<15%)
TGO-SUB-100337,+25571702891,640024528828126,352044105274336,Hybrid,SME Trader & Merchant,Tecno Camon 20 Pro (4G),Smartphone 4G,69,50566.28,Kilimanjaro,TZ-KIL-002,0,0,Low Churn Risk (<15%)
TGO-SUB-100338,+25571772580,640029785427977,356891114750758,Prepaid,Mass Market Voice/SMS,Apple iPhone 15 Pro Max (5G),Smartphone 5G,119,7520.26,Dar es Salaam,TZ-DAR-006,0,0,Low Churn Risk (<15%)
TGO-SUB-100339,+25577499941,640023837784389,358721092639178,Prepaid,Youth & Campus Streamer,Samsung Galaxy A54 (5G),Smartphone 5G,82,38293.42,Dodoma,TZ-DOM-001,0,0,Low Churn Risk (<15%)
TGO-SUB-100340,+25565412534,640025077921573,864205042292210,Prepaid,Youth & Campus Streamer,Samsung Galaxy S24 Ultra (5G),Smartphone 5G,96,29726.02,Dar es Salaam,TZ-DAR-006,0,0,Low Churn Risk (<15%)
TGO-SUB-100341,+25567322022,640023201397080,864205042929303,Hybrid,SME Trader & Merchant,Infinix Hot 30 (4G),Smartphone 4G,110,37450.47,Songwe,TZ-TND-001,0,0,Low Churn Risk (<15%)
TGO-SUB-100342,+25571992744,640027652264884,356891114047711,Prepaid,High-Value Data Pro,Samsung Galaxy A54 (5G),Smartphone 5G,86,129671.48,Arusha,TZ-ARU-002,0,0,Low Churn Risk (<15%)
TGO-SUB-100343,+25565204904,640026126037320,358721095725365,Hybrid,SME Trader & Merchant,Infinix Hot 30 (4G),Smartphone 4G,104,67971.05,Dodoma,TZ-DOM-003,0,0,Low Churn Risk (<15%)
TGO-SUB-100344,+25567549112,640021724301196,352044103581333,Prepaid,Youth & Campus Streamer,Infinix Hot 30 (4G),Smartphone 4G,94,21130.43,Kilimanjaro,TZ-KIL-001,0,0,Low Churn Risk (<15%)
TGO-SUB-100345,+25567603268,640027282885927,352044109124024,Prepaid,High-Value Data Pro,Tecno Camon 20 Pro (4G),Smartphone 4G,110,137466.19,Dar es Salaam,TZ-DAR-006,0,0,Low Churn Risk (<15%)
TGO-SUB-100346,+25565664781,640026138636031,356891118627601,Prepaid,Mass Market Voice/SMS,Nokia 105 Dual SIM (2G Feature),Feature Phone 2G,52,12474.4,Kigoma,TZ-KIG-001,0,0,Low Churn Risk (<15%)
TGO-SUB-100347,+25565138436,640027664045502,358721097856722,Hybrid,SME Trader & Merchant,Tecno Camon 20 Pro (4G),Smartphone 4G,18,80189.41,Zanzibar,TZ-ZNZ-002,0,0,Low Churn Risk (<15%)
TGO-SUB-100348,+25577625465,640023192202822,358721094815408,Hybrid,SME Trader & Merchant,Samsung Galaxy S24 Ultra (5G),Smartphone 5G,97,92660.02,Mbeya,TZ-MBY-001,0,0,Low Churn Risk (<15%)
TGO-SUB-100349,+25565567896,640021683855081,864205048716677,Postpaid,Corporate VIP,Nokia 105 Dual SIM (2G Feature),Feature Phone 2G,48,371285.88,Dar es Salaam,TZ-DAR-015,0,0,Medium Churn Risk (40-60%)
TGO-SUB-100350,+25565144887,640023871553289,352044105069457,Prepaid,Mass Market Voice/SMS,Nokia 105 Dual SIM (2G Feature),Feature Phone 2G,91,3598.57,Iringa,TZ-IRI-001,0,0,Low Churn Risk (<15%)
TGO-SUB-100351,+25567975427,640028481445242,864205044949566,Prepaid,Youth & Campus Streamer,Tecno Camon 20 Pro (4G),Smartphone 4G,117,39570.48,Mara,TZ-TAR-001,0,0,Low Churn Risk (<15%)
TGO-SUB-100352,+25565641455,640027038046278,352044106105117,Postpaid,Corporate VIP,Nokia 105 Dual SIM (2G Feature),Feature Phone 2G,10,411071.3,Mwanza,TZ-MWA-003,0,0,Low Churn Risk (<15%)
TGO-SUB-100353,+25567321791,640021645277642,864205044798189,Prepaid,High-Value Data Pro,Infinix Hot 30 (4G),Smartphone 4G,15,87641.56,Mtwara,TZ-MTW-001,0,0,Low Churn Risk (<15%)
TGO-SUB-100354,+25577808029,640027351460539,864205047194892,Hybrid,SME Trader & Merchant,Infinix Hot 30 (4G),Smartphone 4G,21,45838.57,Dar es Salaam,TZ-DAR-009,0,0,Low Churn Risk (<15%)
TGO-SUB-100355,+25565760120,640023201784149,864205041586272,Prepaid,High-Value Data Pro,Samsung Galaxy A54 (5G),Smartphone 5G,82,174988.6,Tabora,TZ-TAB-001,0,0,Low Churn Risk (<15%)
TGO-SUB-100356,+25571854500,640028822438146,356891113271147,Prepaid,Youth & Campus Streamer,Infinix Hot 30 (4G),Smartphone 4G,77,27895.06,Dar es Salaam,TZ-DAR-015,0,0,Low Churn Risk (<15%)
TGO-SUB-100357,+25565933215,640024296344958,352044102758685,Prepaid,Youth & Campus Streamer,Nokia 105 Dual SIM (2G Feature),Feature Phone 2G,14,14271.82,Kilimanjaro,TZ-KIL-002,0,0,Low Churn Risk (<15%)
TGO-SUB-100358,+25571312177,640028234304760,864205047349241,Prepaid,Mass Market Voice/SMS,Samsung Galaxy A54 (5G),Smartphone 5G,97,11997.21,Morogoro,TZ-MOR-001,0,0,Low Churn Risk (<15%)
TGO-SUB-100359,+25571197716,640024554178984,358721096474036,Postpaid,Corporate VIP,Tecno Camon 20 Pro (4G),Smartphone 4G,62,294839.45,Dar es Salaam,TZ-DAR-015,0,0,Low Churn Risk (<15%)
TGO-SUB-100360,+25577467544,640025714658227,864205043668817,Prepaid,Mass Market Voice/SMS,Xiaomi Redmi Note 12 (4G),Smartphone 4G,53,4257.26,Tabora,TZ-TAB-001,0,0,Low Churn Risk (<15%)
TGO-SUB-100361,+25567298202,640029613425697,356891117060638,Postpaid,Corporate VIP,Apple iPhone 15 Pro Max (5G),Smartphone 5G,53,336000.22,Ruvuma,TZ-SON-001,0,0,Low Churn Risk (<15%)
TGO-SUB-100362,+25567211760,640025959736235,352044103739958,Hybrid,SME Trader & Merchant,Tecno Camon 20 Pro (4G),Smartphone 4G,27,47911.44,Njombe,TZ-NJO-001,0,0,Low Churn Risk (<15%)
TGO-SUB-100363,+25577678923,640023072183247,352044106862528,Prepaid,Dormant / At-Risk,Tecno Camon 20 Pro (4G),Smartphone 4G,91,1732.95,Pemba,TZ-PEM-001,0,0,High Churn Risk (85%+)
TGO-SUB-100364,+25577871523,640026281827528,864205042051493,Prepaid,Mass Market Voice/SMS,Tecno Camon 20 Pro (4G),Smartphone 4G,91,15012.81,Mbeya,TZ-MBY-001,0,0,Low Churn Risk (<15%)
TGO-SUB-100365,+25571268546,640023731069282,356891119632452,Prepaid,Youth & Campus Streamer,Tecno Camon 20 Pro (4G),Smartphone 4G,11,14908.64,Pwani,TZ-PWA-002,0,0,Low Churn Risk (<15%)
TGO-SUB-100366,+25571859687,640029523139706,352044108461729,Prepaid,Mass Market Voice/SMS,Samsung Galaxy S24 Ultra (5G),Smartphone 5G,26,5629.07,Kagera,TZ-BUK-001,0,0,Low Churn Risk (<15%)
TGO-SUB-100367,+25567304206,640025449848690,864205047868370,Prepaid,High-Value Data Pro,Itel Magic 2 (3G Feature),Feature Phone 3G,51,93112.42,Kilimanjaro,TZ-KIL-003,0,0,Low Churn Risk (<15%)
TGO-SUB-100368,+25577714549,640029655933303,356891111945458,Prepaid,Mass Market Voice/SMS,Samsung Galaxy A54 (5G),Smartphone 5G,105,16725.13,Arusha,TZ-ARU-003,0,0,Low Churn Risk (<15%)
TGO-SUB-100369,+25567337288,640026130446648,358721097028330,Hybrid,SME Trader & Merchant,Samsung Galaxy A54 (5G),Smartphone 5G,44,36920.22,Dar es Salaam,TZ-DAR-005,0,0,Low Churn Risk (<15%)
TGO-SUB-100370,+25571941945,640028626138802,358721097153320,Hybrid,SME Trader & Merchant,Tecno Camon 20 Pro (4G),Smartphone 4G,87,54873.76,Morogoro,TZ-MOR-001,0,0,Low Churn Risk (<15%)
TGO-SUB-100371,+25565939030,640026651020291,352044106415938,Prepaid,Mass Market Voice/SMS,Samsung Galaxy S24 Ultra (5G),Smartphone 5G,96,6723.86,Dar es Salaam,TZ-DAR-006,0,0,Low Churn Risk (<15%)
TGO-SUB-100372,+25567179721,640026061557739,352044104707113,Hybrid,SME Trader & Merchant,Nokia 105 Dual SIM (2G Feature),Feature Phone 2G,25,91562.68,Njombe,TZ-NJO-001,0,0,Low Churn Risk (<15%)
TGO-SUB-100373,+25577872918,640021857561275,864205043782973,Prepaid,Mass Market Voice/SMS,Samsung Galaxy A54 (5G),Smartphone 5G,14,15545.02,Arusha,TZ-ARU-003,0,0,Low Churn Risk (<15%)
TGO-SUB-100374,+25571182300,640028144352013,356891119013688,Prepaid,Mass Market Voice/SMS,Itel Magic 2 (3G Feature),Feature Phone 3G,113,8567.95,Arusha,TZ-ARU-001,0,0,Low Churn Risk (<15%)
TGO-SUB-100375,+25567614646,640027490269556,358721093328819,Prepaid,Youth & Campus Streamer,Apple iPhone 15 Pro Max (5G),Smartphone 5G,45,25964.8,Dodoma,TZ-DOM-001,0,0,Medium Churn Risk (40-60%)
TGO-SUB-100376,+25577819678,640024332482152,358721092262158,Prepaid,Youth & Campus Streamer,Tecno Camon 20 Pro (4G),Smartphone 4G,13,12390.06,Dar es Salaam,TZ-DAR-014,0,0,Low Churn Risk (<15%)
TGO-SUB-100377,+25567479167,640022115406331,352044103486584,Prepaid,Youth & Campus Streamer,Tecno Camon 20 Pro (4G),Smartphone 4G,54,24075.5,Kagera,TZ-BUK-001,0,0,Low Churn Risk (<15%)
TGO-SUB-100378,+25567482812,640028964269909,352044105726232,Prepaid,Dormant / At-Risk,Infinix Hot 30 (4G),Smartphone 4G,13,2058.04,Kigoma,TZ-KIG-001,0,0,High Churn Risk (85%+)
TGO-SUB-100379,+25567943146,640022635881694,864205049389002,Postpaid,Corporate VIP,Tecno Camon 20 Pro (4G),Smartphone 4G,109,259101.82,Dar es Salaam,TZ-DAR-009,0,0,Low Churn Risk (<15%)
TGO-SUB-100380,+25567923481,640027384985150,352044106894449,Prepaid,High-Value Data Pro,Samsung Galaxy S24 Ultra (5G),Smartphone 5G,61,79601.03,Dar es Salaam,TZ-DAR-014,0,0,Low Churn Risk (<15%)
TGO-SUB-100381,+25571571706,640028492970833,352044104784965,Prepaid,Mass Market Voice/SMS,Infinix Hot 30 (4G),Smartphone 4G,45,6865.72,Dar es Salaam,TZ-DAR-002,0,0,Low Churn Risk (<15%)
TGO-SUB-100382,+25565704875,640028646369354,352044104408818,Prepaid,Youth & Campus Streamer,Tecno Camon 20 Pro (4G),Smartphone 4G,60,41357.87,Kilimanjaro,TZ-KIL-002,0,0,Low Churn Risk (<15%)
TGO-SUB-100383,+25565275715,640029283130753,358721097619389,Prepaid,Mass Market Voice/SMS,Infinix Hot 30 (4G),Smartphone 4G,41,4070.16,Dar es Salaam,TZ-DAR-011,0,0,Low Churn Risk (<15%)
TGO-SUB-100384,+25567784733,640028063693463,352044105665095,Prepaid,Youth & Campus Streamer,Xiaomi Redmi Note 12 (4G),Smartphone 4G,3,26859.53,Dar es Salaam,TZ-DAR-011,0,0,Low Churn Risk (<15%)
TGO-SUB-100385,+25565863124,640024220107677,864205042750186,Prepaid,High-Value Data Pro,Apple iPhone 15 Pro Max (5G),Smartphone 5G,99,165442.92,Dodoma,TZ-DOM-002,0,0,Medium Churn Risk (40-60%)
TGO-SUB-100386,+25577649435,640021357561213,352044107481272,Prepaid,Mass Market Voice/SMS,Apple iPhone 15 Pro Max (5G),Smartphone 5G,37,8847.69,Dar es Salaam,TZ-DAR-015,0,0,Low Churn Risk (<15%)
TGO-SUB-100387,+25577756912,640021542934161,864205041299590,Prepaid,Mass Market Voice/SMS,Infinix Hot 30 (4G),Smartphone 4G,112,7878.02,Shinyanga,TZ-SHI-001,0,0,Low Churn Risk (<15%)
TGO-SUB-100388,+25567675191,640022910594463,864205047195319,Prepaid,Youth & Campus Streamer,Tecno Camon 20 Pro (4G),Smartphone 4G,82,40950.69,Mwanza,TZ-MWA-002,0,0,Low Churn Risk (<15%)
TGO-SUB-100389,+25567464032,640025679598896,352044104835516,Hybrid,SME Trader & Merchant,Samsung Galaxy A54 (5G),Smartphone 5G,18,30006.0,Kigoma,TZ-KIG-001,0,0,Low Churn Risk (<15%)
TGO-SUB-100390,+25567400692,640029625656293,358721098921707,Prepaid,Mass Market Voice/SMS,Samsung Galaxy A54 (5G),Smartphone 5G,1,14969.47,Tabora,TZ-TAB-001,0,0,Low Churn Risk (<15%)
TGO-SUB-100391,+25567297731,640027702529931,358721093620352,Prepaid,Youth & Campus Streamer,Infinix Hot 30 (4G),Smartphone 4G,55,39338.09,Dar es Salaam,TZ-DAR-015,0,0,Low Churn Risk (<15%)
TGO-SUB-100392,+25565641704,640028235474949,352044107799568,Hybrid,SME Trader & Merchant,Xiaomi Redmi Note 12 (4G),Smartphone 4G,15,85476.33,Dar es Salaam,TZ-DAR-012,0,0,Low Churn Risk (<15%)
TGO-SUB-100393,+25577747736,640027239587766,358721092969115,Postpaid,Corporate VIP,Samsung Galaxy S24 Ultra (5G),Smartphone 5G,37,296540.35,Dar es Salaam,TZ-DAR-012,0,0,Low Churn Risk (<15%)
TGO-SUB-100394,+25567231113,640028366710477,356891113441191,Prepaid,Youth & Campus Streamer,Samsung Galaxy A54 (5G),Smartphone 5G,64,23283.12,Tanga,TZ-TAN-003,0,0,Low Churn Risk (<15%)
TGO-SUB-100395,+25567586208,640025431277186,356891119845222,Prepaid,Mass Market Voice/SMS,Samsung Galaxy S24 Ultra (5G),Smartphone 5G,115,4070.77,Shinyanga,TZ-SHI-001,0,0,Low Churn Risk (<15%)
TGO-SUB-100396,+25567956949,640021054183126,864205045034897,Prepaid,Dormant / At-Risk,Samsung Galaxy A54 (5G),Smartphone 5G,99,597.54,Zanzibar,TZ-ZNZ-003,0,0,High Churn Risk (85%+)
TGO-SUB-100397,+25571646453,640026190240924,358721098145444,Prepaid,High-Value Data Pro,Nokia 105 Dual SIM (2G Feature),Feature Phone 2G,67,147388.45,Zanzibar,TZ-ZNZ-003,0,0,Low Churn Risk (<15%)
TGO-SUB-100398,+25571365617,640022283392443,352044101546173,Hybrid,SME Trader & Merchant,Itel Magic 2 (3G Feature),Feature Phone 3G,36,58220.51,Dar es Salaam,TZ-DAR-001,0,0,Low Churn Risk (<15%)
TGO-SUB-100399,+25571515035,640024389346722,356891111440339,Prepaid,Youth & Campus Streamer,Xiaomi Redmi Note 12 (4G),Smartphone 4G,32,31675.01,Kilimanjaro,TZ-KIL-001,0,0,Low Churn Risk (<15%)
TGO-SUB-100400,+25565624203,640029982501269,352044108964560,Prepaid,Youth & Campus Streamer,Samsung Galaxy S24 Ultra (5G),Smartphone 5G,63,35143.83,Morogoro,TZ-MOR-001,0,0,Medium Churn Risk (40-60%)
TGO-SUB-100401,+25565432125,640028544958420,358721098688043,Hybrid,SME Trader & Merchant,Samsung Galaxy S24 Ultra (5G),Smartphone 5G,63,77085.95,Pwani,TZ-PWA-002,0,0,Low Churn Risk (<15%)
TGO-SUB-100402,+25577686179,640028288721755,864205046942292,Hybrid,SME Trader & Merchant,Infinix Hot 30 (4G),Smartphone 4G,111,60445.66,Shinyanga,TZ-KAH-001,0,0,Low Churn Risk (<15%)
TGO-SUB-100403,+25565172222,640023281217890,358721094100354,Prepaid,Youth & Campus Streamer,Infinix Hot 30 (4G),Smartphone 4G,24,37605.29,Mara,TZ-MAR-001,0,0,Low Churn Risk (<15%)
TGO-SUB-100404,+25571749838,640028975021081,864205044362721,Prepaid,Youth & Campus Streamer,Infinix Hot 30 (4G),Smartphone 4G,99,24787.2,Mara,TZ-TAR-001,0,0,Low Churn Risk (<15%)
TGO-SUB-100405,+25565742818,640026510997463,358721097720365,Prepaid,Youth & Campus Streamer,Apple iPhone 15 Pro Max (5G),Smartphone 5G,23,14200.43,Shinyanga,TZ-KAH-001,0,0,Low Churn Risk (<15%)
TGO-SUB-100406,+25571311895,640025754765755,864205042035500,Prepaid,Mass Market Voice/SMS,Infinix Hot 30 (4G),Smartphone 4G,76,12868.82,Mara,TZ-TAR-001,0,0,Low Churn Risk (<15%)
TGO-SUB-100407,+25567151470,640022573478551,356891111137213,Prepaid,Mass Market Voice/SMS,Infinix Hot 30 (4G),Smartphone 4G,8,15481.17,Geita,TZ-GEI-001,0,0,Low Churn Risk (<15%)
TGO-SUB-100408,+25567685126,640029119337640,352044109328310,Hybrid,SME Trader & Merchant,Xiaomi Redmi Note 12 (4G),Smartphone 4G,10,32642.45,Dar es Salaam,TZ-DAR-005,0,0,Low Churn Risk (<15%)
TGO-SUB-100409,+25565644719,640021417124022,864205046574876,Prepaid,Youth & Campus Streamer,Samsung Galaxy A54 (5G),Smartphone 5G,72,20209.18,Mbeya,TZ-MBY-002,0,0,Low Churn Risk (<15%)
TGO-SUB-100410,+25577882351,640028152161448,356891112749122,Prepaid,Youth & Campus Streamer,Infinix Hot 30 (4G),Smartphone 4G,57,33698.55,Dodoma,TZ-DOM-001,0,0,Low Churn Risk (<15%)
TGO-SUB-100411,+25567430463,640029576406794,352044105323736,Hybrid,SME Trader & Merchant,Xiaomi Redmi Note 12 (4G),Smartphone 4G,99,45646.97,Dodoma,TZ-DOM-001,0,0,Low Churn Risk (<15%)
TGO-SUB-100412,+25567477496,640029425230216,358721095163790,Prepaid,Dormant / At-Risk,Xiaomi Redmi Note 12 (4G),Smartphone 4G,18,1787.29,Mara,TZ-TAR-001,0,0,High Churn Risk (85%+)
TGO-SUB-100413,+25567106887,640021952996130,352044101227554,Prepaid,Youth & Campus Streamer,Nokia 105 Dual SIM (2G Feature),Feature Phone 2G,5,30832.05,Dodoma,TZ-DOM-003,0,0,Low Churn Risk (<15%)
TGO-SUB-100414,+25577472932,640021670474924,352044104849149,Hybrid,SME Trader & Merchant,Samsung Galaxy A54 (5G),Smartphone 5G,118,49519.66,Dodoma,TZ-DOM-003,0,0,Low Churn Risk (<15%)
TGO-SUB-100415,+25565869933,640029921512797,352044109314207,Prepaid,Mass Market Voice/SMS,Samsung Galaxy A54 (5G),Smartphone 5G,13,13343.93,Dodoma,TZ-DOM-003,0,0,Low Churn Risk (<15%)
TGO-SUB-100416,+25567139186,640027770086931,356891119180170,Hybrid,SME Trader & Merchant,Nokia 105 Dual SIM (2G Feature),Feature Phone 2G,112,87186.51,Mwanza,TZ-MWA-002,0,0,Low Churn Risk (<15%)
TGO-SUB-100417,+25571907812,640029639044885,358721091567574,Hybrid,SME Trader & Merchant,Infinix Hot 30 (4G),Smartphone 4G,29,66719.34,Arusha,TZ-ARU-001,0,0,Low Churn Risk (<15%)
TGO-SUB-100418,+25565152973,640029578627236,358721098894109,Prepaid,High-Value Data Pro,Infinix Hot 30 (4G),Smartphone 4G,17,111832.28,Morogoro,TZ-MOR-001,0,0,Low Churn Risk (<15%)
TGO-SUB-100419,+25567186554,640024201103712,358721093753111,Hybrid,SME Trader & Merchant,Tecno Camon 20 Pro (4G),Smartphone 4G,72,75361.58,Zanzibar,TZ-ZNZ-004,0,0,Low Churn Risk (<15%)
TGO-SUB-100420,+25565611559,640023453846612,864205043540851,Hybrid,SME Trader & Merchant,Samsung Galaxy A54 (5G),Smartphone 5G,86,74507.97,Dodoma,TZ-DOM-003,0,0,Medium Churn Risk (40-60%)
TGO-SUB-100421,+25577544114,640026863779898,864205044363185,Postpaid,Corporate VIP,Infinix Hot 30 (4G),Smartphone 4G,103,220590.22,Arusha,TZ-ARU-003,0,0,Low Churn Risk (<15%)
TGO-SUB-100422,+25577753453,640025921252890,356891119579153,Hybrid,SME Trader & Merchant,Samsung Galaxy A54 (5G),Smartphone 5G,7,79252.7,Dar es Salaam,TZ-DAR-006,0,0,Medium Churn Risk (40-60%)
TGO-SUB-100423,+25565751168,640024980273734,352044101144005,Prepaid,High-Value Data Pro,Infinix Hot 30 (4G),Smartphone 4G,95,114007.39,Dar es Salaam,TZ-DAR-002,0,0,Low Churn Risk (<15%)
TGO-SUB-100424,+25565313701,640028517718126,358721097533062,Prepaid,Youth & Campus Streamer,Infinix Hot 30 (4G),Smartphone 4G,33,24428.02,Songwe,TZ-TND-001,0,0,Low Churn Risk (<15%)
TGO-SUB-100425,+25565163029,640022219828872,352044101556637,Postpaid,Corporate VIP,Infinix Hot 30 (4G),Smartphone 4G,117,248252.9,Tanga,TZ-TAN-001,0,0,Low Churn Risk (<15%)
TGO-SUB-100426,+25567213132,640025376908082,358721093423976,Prepaid,Youth & Campus Streamer,Tecno Camon 20 Pro (4G),Smartphone 4G,69,41827.78,Kagera,TZ-BUK-001,0,0,Low Churn Risk (<15%)
TGO-SUB-100427,+25571295472,640029447304615,356891111416833,Hybrid,SME Trader & Merchant,Nokia 105 Dual SIM (2G Feature),Feature Phone 2G,45,61845.63,Zanzibar,TZ-ZNZ-003,0,0,Low Churn Risk (<15%)
TGO-SUB-100428,+25567472640,640027980313867,864205046256004,Prepaid,Youth & Campus Streamer,Xiaomi Redmi Note 12 (4G),Smartphone 4G,72,40996.35,Kigoma,TZ-KIG-001,0,0,Low Churn Risk (<15%)
TGO-SUB-100429,+25567336540,640025946548987,358721097888422,Hybrid,SME Trader & Merchant,Apple iPhone 15 Pro Max (5G),Smartphone 5G,88,92439.37,Mbeya,TZ-MBY-001,0,0,Low Churn Risk (<15%)
TGO-SUB-100430,+25565537605,640025951019935,352044107347755,Prepaid,High-Value Data Pro,Tecno Camon 20 Pro (4G),Smartphone 4G,103,138296.72,Singida,TZ-SNG-001,0,0,Low Churn Risk (<15%)
TGO-SUB-100431,+25565244818,640025875872347,864205047881089,Hybrid,SME Trader & Merchant,Nokia 105 Dual SIM (2G Feature),Feature Phone 2G,41,66227.12,Zanzibar,TZ-ZNZ-002,0,0,Medium Churn Risk (40-60%)
TGO-SUB-100432,+25565862398,640029473523940,358721094180837,Prepaid,Mass Market Voice/SMS,Xiaomi Redmi Note 12 (4G),Smartphone 4G,100,12552.71,Zanzibar,TZ-ZNZ-003,0,0,Low Churn Risk (<15%)
TGO-SUB-100433,+25565211957,640021564985269,356891118994849,Prepaid,Youth & Campus Streamer,Infinix Hot 30 (4G),Smartphone 4G,88,32207.95,Tabora,TZ-TAB-001,0,0,Low Churn Risk (<15%)
TGO-SUB-100434,+25571476712,640029931278947,358721092406008,Prepaid,Youth & Campus Streamer,Nokia 105 Dual SIM (2G Feature),Feature Phone 2G,63,33435.76,Dar es Salaam,TZ-DAR-012,0,0,Low Churn Risk (<15%)
TGO-SUB-100435,+25577244192,640021703457120,864205041337956,Postpaid,Corporate VIP,Xiaomi Redmi Note 12 (4G),Smartphone 4G,86,209053.37,Mwanza,TZ-MWA-001,0,0,Low Churn Risk (<15%)
TGO-SUB-100436,+25565894586,640021878587567,864205045606239,Hybrid,SME Trader & Merchant,Tecno Camon 20 Pro (4G),Smartphone 4G,100,59740.42,Pwani,TZ-PWA-001,0,0,Low Churn Risk (<15%)
TGO-SUB-100437,+25571737460,640026638851791,356891116459401,Prepaid,Mass Market Voice/SMS,Tecno Camon 20 Pro (4G),Smartphone 4G,51,3636.24,Pwani,TZ-PWA-001,0,0,Low Churn Risk (<15%)
TGO-SUB-100438,+25571684791,640025134302513,864205044053237,Hybrid,SME Trader & Merchant,Tecno Camon 20 Pro (4G),Smartphone 4G,38,83795.37,Geita,TZ-GEI-001,0,0,Low Churn Risk (<15%)
TGO-SUB-100439,+25571823468,640025905881794,358721091948348,Prepaid,Mass Market Voice/SMS,Apple iPhone 15 Pro Max (5G),Smartphone 5G,51,17067.64,Ruvuma,TZ-SON-001,0,0,Low Churn Risk (<15%)
TGO-SUB-100440,+25577439173,640022936540028,864205045757189,Prepaid,Mass Market Voice/SMS,Nokia 105 Dual SIM (2G Feature),Feature Phone 2G,89,16238.23,Dar es Salaam,TZ-DAR-006,0,0,Low Churn Risk (<15%)
TGO-SUB-100441,+25565853270,640024149337748,356891112197107,Prepaid,High-Value Data Pro,Infinix Hot 30 (4G),Smartphone 4G,66,144873.49,Zanzibar,TZ-ZNZ-002,0,0,Low Churn Risk (<15%)
TGO-SUB-100442,+25565497073,640027658684887,356891119055792,Prepaid,Youth & Campus Streamer,Nokia 105 Dual SIM (2G Feature),Feature Phone 2G,19,33764.5,Dar es Salaam,TZ-DAR-010,0,0,Low Churn Risk (<15%)
TGO-SUB-100443,+25565906519,640024058220682,358721094230264,Prepaid,Dormant / At-Risk,Xiaomi Redmi Note 12 (4G),Smartphone 4G,16,866.34,Dar es Salaam,TZ-DAR-012,0,0,High Churn Risk (85%+)
TGO-SUB-100444,+25565312705,640029605108260,352044101128007,Prepaid,Youth & Campus Streamer,Tecno Camon 20 Pro (4G),Smartphone 4G,31,38646.0,Tabora,TZ-TAB-001,0,0,Low Churn Risk (<15%)
TGO-SUB-100445,+25565717466,640028127372046,358721095300747,Prepaid,Youth & Campus Streamer,Samsung Galaxy S24 Ultra (5G),Smartphone 5G,81,20075.53,Dodoma,TZ-DOM-002,0,0,Low Churn Risk (<15%)
TGO-SUB-100446,+25565151295,640021793881710,356891117850105,Prepaid,Mass Market Voice/SMS,Samsung Galaxy S24 Ultra (5G),Smartphone 5G,43,13004.95,Shinyanga,TZ-KAH-001,0,0,Low Churn Risk (<15%)
TGO-SUB-100447,+25571151413,640025762636174,864205042691724,Prepaid,Youth & Campus Streamer,Infinix Hot 30 (4G),Smartphone 4G,59,31633.98,Morogoro,TZ-MOR-001,0,0,Low Churn Risk (<15%)
TGO-SUB-100448,+25567137581,640026580427322,352044104973461,Prepaid,Mass Market Voice/SMS,Xiaomi Redmi Note 12 (4G),Smartphone 4G,89,3973.89,Shinyanga,TZ-SHI-001,0,0,Low Churn Risk (<15%)
TGO-SUB-100449,+25567445200,640027558641561,864205048296303,Prepaid,High-Value Data Pro,Infinix Hot 30 (4G),Smartphone 4G,12,147567.42,Mbeya,TZ-MBY-002,0,0,Low Churn Risk (<15%)
TGO-SUB-100450,+25577859246,640026528427385,352044103722738,Prepaid,Youth & Campus Streamer,Infinix Hot 30 (4G),Smartphone 4G,67,42594.48,Mbeya,TZ-MBY-001,0,0,Low Churn Risk (<15%)
TGO-SUB-100451,+25577616428,640024470249239,864205048430074,Postpaid,Corporate VIP,Itel Magic 2 (3G Feature),Feature Phone 3G,95,127915.64,Mbeya,TZ-MBY-002,0,0,Low Churn Risk (<15%)
TGO-SUB-100452,+25565938403,640027075798574,356891114500065,Prepaid,Youth & Campus Streamer,Infinix Hot 30 (4G),Smartphone 4G,33,12372.81,Dar es Salaam,TZ-DAR-013,0,0,Low Churn Risk (<15%)
TGO-SUB-100453,+25571422722,640027657171838,356891112193665,Prepaid,Youth & Campus Streamer,Tecno Camon 20 Pro (4G),Smartphone 4G,25,32327.78,Dar es Salaam,TZ-DAR-002,0,0,Low Churn Risk (<15%)
TGO-SUB-100454,+25567974329,640028183216649,358721099359810,Prepaid,Youth & Campus Streamer,Infinix Hot 30 (4G),Smartphone 4G,60,32697.62,Dodoma,TZ-DOM-001,0,0,Low Churn Risk (<15%)
TGO-SUB-100455,+25577878656,640027532959755,352044106821458,Prepaid,Youth & Campus Streamer,Samsung Galaxy S24 Ultra (5G),Smartphone 5G,20,22946.74,Morogoro,TZ-MOR-001,0,0,Low Churn Risk (<15%)
TGO-SUB-100456,+25567981578,640025428855031,358721097569448,Prepaid,Youth & Campus Streamer,Nokia 105 Dual SIM (2G Feature),Feature Phone 2G,101,24855.69,Tabora,TZ-TAB-001,0,0,Medium Churn Risk (40-60%)
TGO-SUB-100457,+25567839525,640028979273911,356891113846856,Prepaid,Mass Market Voice/SMS,Apple iPhone 15 Pro Max (5G),Smartphone 5G,28,8573.75,Shinyanga,TZ-KAH-001,0,0,Low Churn Risk (<15%)
TGO-SUB-100458,+25567283514,640025776996939,356891119155723,Hybrid,SME Trader & Merchant,Nokia 105 Dual SIM (2G Feature),Feature Phone 2G,20,31620.76,Shinyanga,TZ-SHI-001,0,0,Low Churn Risk (<15%)
TGO-SUB-100459,+25565456637,640029261957016,352044109132055,Prepaid,Mass Market Voice/SMS,Apple iPhone 15 Pro Max (5G),Smartphone 5G,17,15332.08,Mara,TZ-TAR-001,0,0,Low Churn Risk (<15%)
TGO-SUB-100460,+25565859767,640025451959254,358721098483448,Hybrid,SME Trader & Merchant,Apple iPhone 15 Pro Max (5G),Smartphone 5G,43,32861.95,Tabora,TZ-TAB-001,0,0,Low Churn Risk (<15%)
TGO-SUB-100461,+25577148381,640028497100471,356891117056154,Hybrid,SME Trader & Merchant,Infinix Hot 30 (4G),Smartphone 4G,41,43036.11,Tanga,TZ-TAN-002,0,0,Low Churn Risk (<15%)
TGO-SUB-100462,+25577803724,640025800273809,864205042651464,Prepaid,Dormant / At-Risk,Apple iPhone 15 Pro Max (5G),Smartphone 5G,27,1678.88,Dar es Salaam,TZ-DAR-007,0,0,High Churn Risk (85%+)
TGO-SUB-100463,+25567676051,640026662849574,864205048385684,Prepaid,High-Value Data Pro,Infinix Hot 30 (4G),Smartphone 4G,7,97365.31,Arusha,TZ-ARU-002,0,0,Low Churn Risk (<15%)
TGO-SUB-100464,+25565130401,640023901232981,356891115022330,Hybrid,SME Trader & Merchant,Apple iPhone 15 Pro Max (5G),Smartphone 5G,89,75804.04,Singida,TZ-SNG-001,0,0,Low Churn Risk (<15%)
TGO-SUB-100465,+25577746253,640026822362090,352044109571503,Prepaid,Youth & Campus Streamer,Infinix Hot 30 (4G),Smartphone 4G,73,29605.0,Zanzibar,TZ-ZNZ-004,0,0,Low Churn Risk (<15%)
TGO-SUB-100466,+25565197429,640023011229698,358721094254697,Prepaid,Mass Market Voice/SMS,Tecno Camon 20 Pro (4G),Smartphone 4G,47,5155.83,Mbeya,TZ-MBY-001,0,0,Low Churn Risk (<15%)
TGO-SUB-100467,+25577292259,640028151896308,352044105753017,Prepaid,Youth & Campus Streamer,Samsung Galaxy S24 Ultra (5G),Smartphone 5G,37,23597.55,Geita,TZ-GEI-001,0,0,Low Churn Risk (<15%)
TGO-SUB-100468,+25567733801,640023468224333,356891115253921,Prepaid,Youth & Campus Streamer,Tecno Camon 20 Pro (4G),Smartphone 4G,76,38150.22,Dodoma,TZ-DOM-001,0,0,Low Churn Risk (<15%)
TGO-SUB-100469,+25577350164,640023666637135,864205046058066,Hybrid,SME Trader & Merchant,Samsung Galaxy S24 Ultra (5G),Smartphone 5G,56,75113.89,Mwanza,TZ-MWA-002,0,0,Low Churn Risk (<15%)
TGO-SUB-100470,+25567670977,640023981279224,864205047947991,Prepaid,Youth & Campus Streamer,Xiaomi Redmi Note 12 (4G),Smartphone 4G,60,39612.69,Dar es Salaam,TZ-DAR-008,0,0,Low Churn Risk (<15%)
TGO-SUB-100471,+25567682051,640022912189154,352044105255051,Prepaid,Youth & Campus Streamer,Infinix Hot 30 (4G),Smartphone 4G,64,31681.38,Kigoma,TZ-KIG-001,0,0,Low Churn Risk (<15%)
TGO-SUB-100472,+25571194930,640024478233603,864205047929842,Hybrid,SME Trader & Merchant,Tecno Camon 20 Pro (4G),Smartphone 4G,88,70012.19,Mwanza,TZ-MWA-003,0,0,Low Churn Risk (<15%)
TGO-SUB-100473,+25567414295,640029973421080,356891117411948,Prepaid,High-Value Data Pro,Tecno Camon 20 Pro (4G),Smartphone 4G,7,95302.16,Kilimanjaro,TZ-KIL-001,0,0,Low Churn Risk (<15%)
TGO-SUB-100474,+25571837520,640029498435585,356891113959170,Prepaid,Youth & Campus Streamer,Samsung Galaxy A54 (5G),Smartphone 5G,52,25010.85,Arusha,TZ-ARU-001,0,0,Low Churn Risk (<15%)
TGO-SUB-100475,+25577556329,640023341267390,864205045979382,Hybrid,SME Trader & Merchant,Samsung Galaxy A54 (5G),Smartphone 5G,37,90091.33,Shinyanga,TZ-KAH-001,0,0,Low Churn Risk (<15%)
TGO-SUB-100476,+25565240800,640021049833464,356891112509907,Prepaid,Dormant / At-Risk,Infinix Hot 30 (4G),Smartphone 4G,83,407.33,Dar es Salaam,TZ-DAR-009,0,0,High Churn Risk (85%+)
TGO-SUB-100477,+25577578180,640029290622669,864205045764678,Prepaid,Mass Market Voice/SMS,Tecno Camon 20 Pro (4G),Smartphone 4G,78,8770.72,Dar es Salaam,TZ-DAR-015,0,0,Low Churn Risk (<15%)
TGO-SUB-100478,+25571706012,640024139249064,352044105307948,Postpaid,Corporate VIP,Infinix Hot 30 (4G),Smartphone 4G,15,132495.46,Shinyanga,TZ-SHI-001,0,0,Low Churn Risk (<15%)
TGO-SUB-100479,+25577824038,640021343868435,352044105875218,Prepaid,Mass Market Voice/SMS,Samsung Galaxy S24 Ultra (5G),Smartphone 5G,85,4326.7,Shinyanga,TZ-SHI-001,0,0,Low Churn Risk (<15%)
TGO-SUB-100480,+25571817303,640024343748592,358721095760898,Prepaid,Youth & Campus Streamer,Nokia 105 Dual SIM (2G Feature),Feature Phone 2G,103,22939.96,Arusha,TZ-ARU-003,0,0,Low Churn Risk (<15%)
TGO-SUB-100481,+25567403257,640021719442108,352044108622859,Prepaid,Youth & Campus Streamer,Samsung Galaxy A54 (5G),Smartphone 5G,38,31078.66,Dodoma,TZ-DOM-003,0,0,Medium Churn Risk (40-60%)
TGO-SUB-100482,+25571400748,640023082029167,864205046301551,Hybrid,SME Trader & Merchant,Nokia 105 Dual SIM (2G Feature),Feature Phone 2G,33,38615.02,Tanga,TZ-TAN-001,0,0,Low Churn Risk (<15%)
TGO-SUB-100483,+25571877444,640027213328054,864205043739433,Prepaid,Mass Market Voice/SMS,Tecno Camon 20 Pro (4G),Smartphone 4G,19,15930.22,Arusha,TZ-ARU-002,0,0,Low Churn Risk (<15%)
TGO-SUB-100484,+25565978302,640029562384841,358721093495057,Prepaid,High-Value Data Pro,Xiaomi Redmi Note 12 (4G),Smartphone 4G,83,129330.89,Shinyanga,TZ-KAH-001,0,0,Low Churn Risk (<15%)
TGO-SUB-100485,+25567892182,640024519858899,356891112757417,Hybrid,SME Trader & Merchant,Tecno Camon 20 Pro (4G),Smartphone 4G,30,78499.79,Zanzibar,TZ-ZNZ-004,0,0,Low Churn Risk (<15%)
TGO-SUB-100486,+25577816712,640028325529753,358721093753822,Hybrid,SME Trader & Merchant,Infinix Hot 30 (4G),Smartphone 4G,87,48771.49,Mtwara,TZ-MTW-001,0,0,Low Churn Risk (<15%)
TGO-SUB-100487,+25567656011,640021176169319,352044109852496,Prepaid,Youth & Campus Streamer,Infinix Hot 30 (4G),Smartphone 4G,13,20995.49,Tanga,TZ-TAN-001,0,0,Low Churn Risk (<15%)
TGO-SUB-100488,+25567786128,640027803987709,358721099107073,Prepaid,Youth & Campus Streamer,Xiaomi Redmi Note 12 (4G),Smartphone 4G,24,18432.55,Arusha,TZ-ARU-002,0,0,Low Churn Risk (<15%)
TGO-SUB-100489,+25567674213,640029635366717,356891119720891,Prepaid,High-Value Data Pro,Samsung Galaxy S24 Ultra (5G),Smartphone 5G,93,72468.87,Mwanza,TZ-MWA-003,0,0,Low Churn Risk (<15%)
TGO-SUB-100490,+25567364132,640021829270292,356891117494851,Prepaid,Youth & Campus Streamer,Samsung Galaxy S24 Ultra (5G),Smartphone 5G,82,41500.91,Dar es Salaam,TZ-DAR-014,0,0,Low Churn Risk (<15%)
TGO-SUB-100491,+25571842470,640025113699666,356891119980439,Prepaid,Youth & Campus Streamer,Apple iPhone 15 Pro Max (5G),Smartphone 5G,24,41696.61,Dodoma,TZ-DOM-003,0,0,Low Churn Risk (<15%)
TGO-SUB-100492,+25571829445,640026086370835,352044105896381,Prepaid,Mass Market Voice/SMS,Infinix Hot 30 (4G),Smartphone 4G,86,7145.75,Mwanza,TZ-MWA-002,0,0,Low Churn Risk (<15%)
TGO-SUB-100493,+25567369836,640025612782269,356891115013936,Prepaid,High-Value Data Pro,Tecno Camon 20 Pro (4G),Smartphone 4G,9,174672.68,Pwani,TZ-PWA-002,0,0,Low Churn Risk (<15%)
TGO-SUB-100494,+25577310416,640027916193949,864205047768387,Prepaid,Youth & Campus Streamer,Apple iPhone 15 Pro Max (5G),Smartphone 5G,117,26231.37,Mbeya,TZ-MBY-001,0,0,Low Churn Risk (<15%)
TGO-SUB-100495,+25577850151,640022112380464,356891111764611,Hybrid,SME Trader & Merchant,Infinix Hot 30 (4G),Smartphone 4G,82,58982.33,Kagera,TZ-BUK-001,0,0,Low Churn Risk (<15%)
TGO-SUB-100496,+25571139673,640028149427618,352044102589715,Prepaid,Youth & Campus Streamer,Nokia 105 Dual SIM (2G Feature),Feature Phone 2G,56,29007.64,Pemba,TZ-PEM-001,0,0,Low Churn Risk (<15%)
TGO-SUB-100497,+25577985049,640029891010459,864205041034686,Prepaid,Mass Market Voice/SMS,Itel Magic 2 (3G Feature),Feature Phone 3G,46,10231.0,Dodoma,TZ-DOM-003,0,0,Low Churn Risk (<15%)
TGO-SUB-100498,+25567814956,640026595603986,356891117629851,Prepaid,Mass Market Voice/SMS,Tecno Camon 20 Pro (4G),Smartphone 4G,99,8100.94,Shinyanga,TZ-KAH-001,0,0,Low Churn Risk (<15%)
TGO-SUB-100499,+25567779259,640021872395778,356891115028243,Hybrid,SME Trader & Merchant,Samsung Galaxy A54 (5G),Smartphone 5G,11,36939.92,Ruvuma,TZ-SON-001,0,0,Low Churn Risk (<15%)
TGO-SUB-100500,+25577871043,640021813743830,356891113024720,Prepaid,Youth & Campus Streamer,Infinix Hot 30 (4G),Smartphone 4G,83,28144.67,Dar es Salaam,TZ-DAR-005,0,0,Low Churn Risk (<15%)
TGO-SUB-100501,+25567623956,640025277072865,356891114557660,Prepaid,Youth & Campus Streamer,Tecno Camon 20 Pro (4G),Smartphone 4G,86,25381.76,Dar es Salaam,TZ-DAR-014,0,0,Low Churn Risk (<15%)
TGO-SUB-100502,+25577811016,640023304513663,864205041755320,Prepaid,Youth & Campus Streamer,Xiaomi Redmi Note 12 (4G),Smartphone 4G,90,12629.08,Mbeya,TZ-MBY-001,0,0,Medium Churn Risk (40-60%)
TGO-SUB-100503,+25565115063,640024408903107,358721097409162,Prepaid,High-Value Data Pro,Xiaomi Redmi Note 12 (4G),Smartphone 4G,103,158096.45,Dar es Salaam,TZ-DAR-008,0,0,Low Churn Risk (<15%)
TGO-SUB-100504,+25565166175,640024455101626,358721094537296,Prepaid,Dormant / At-Risk,Tecno Camon 20 Pro (4G),Smartphone 4G,42,1727.9,Dar es Salaam,TZ-DAR-009,0,0,High Churn Risk (85%+)
TGO-SUB-100505,+25565901351,640029785727315,864205044518011,Prepaid,High-Value Data Pro,Apple iPhone 15 Pro Max (5G),Smartphone 5G,22,109818.52,Ruvuma,TZ-SON-001,0,0,Low Churn Risk (<15%)
TGO-SUB-100506,+25577355479,640021174800445,356891119294789,Prepaid,High-Value Data Pro,Tecno Camon 20 Pro (4G),Smartphone 4G,23,165555.23,Dar es Salaam,TZ-DAR-006,0,0,Medium Churn Risk (40-60%)
TGO-SUB-100507,+25571841071,640029104238818,358721098271917,Hybrid,SME Trader & Merchant,Infinix Hot 30 (4G),Smartphone 4G,31,71588.67,Mara,TZ-TAR-001,0,0,Low Churn Risk (<15%)
TGO-SUB-100508,+25565740195,640023970715367,864205048520377,Prepaid,High-Value Data Pro,Infinix Hot 30 (4G),Smartphone 4G,1,159178.03,Tanga,TZ-TAN-003,0,0,Low Churn Risk (<15%)
TGO-SUB-100509,+25565301224,640026236751117,864205043898540,Prepaid,Mass Market Voice/SMS,Samsung Galaxy A54 (5G),Smartphone 5G,21,13278.66,Shinyanga,TZ-SHI-001,0,0,Low Churn Risk (<15%)
TGO-SUB-100510,+25571156652,640028064623490,352044103197706,Prepaid,Youth & Campus Streamer,Samsung Galaxy A54 (5G),Smartphone 5G,95,41372.63,Geita,TZ-GEI-001,0,0,Medium Churn Risk (40-60%)
TGO-SUB-100511,+25571663463,640021755431522,356891116086238,Prepaid,Mass Market Voice/SMS,Apple iPhone 15 Pro Max (5G),Smartphone 5G,54,13821.05,Singida,TZ-SNG-001,0,0,Low Churn Risk (<15%)
TGO-SUB-100512,+25565883377,640022398806247,356891114419743,Prepaid,Youth & Campus Streamer,Apple iPhone 15 Pro Max (5G),Smartphone 5G,10,40706.25,Kilimanjaro,TZ-KIL-002,0,0,Low Churn Risk (<15%)
TGO-SUB-100513,+25577713513,640023080515301,358721092519813,Prepaid,Youth & Campus Streamer,Nokia 105 Dual SIM (2G Feature),Feature Phone 2G,25,24781.9,Dar es Salaam,TZ-DAR-009,0,0,Low Churn Risk (<15%)
TGO-SUB-100514,+25567382795,640026163456469,864205041336539,Prepaid,High-Value Data Pro,Samsung Galaxy S24 Ultra (5G),Smartphone 5G,98,162198.16,Geita,TZ-GEI-001,0,0,Low Churn Risk (<15%)
TGO-SUB-100515,+25567330533,640029102064850,864205049278999,Prepaid,Youth & Campus Streamer,Nokia 105 Dual SIM (2G Feature),Feature Phone 2G,110,30240.94,Dar es Salaam,TZ-DAR-015,0,0,Medium Churn Risk (40-60%)
TGO-SUB-100516,+25577326956,640027835787787,358721093927310,Prepaid,Youth & Campus Streamer,Xiaomi Redmi Note 12 (4G),Smartphone 4G,29,20139.59,Arusha,TZ-ARU-001,0,0,Low Churn Risk (<15%)
TGO-SUB-100517,+25565701568,640024857962086,358721091463720,Prepaid,Youth & Campus Streamer,Itel Magic 2 (3G Feature),Feature Phone 3G,62,28639.14,Mwanza,TZ-MWA-002,0,0,Low Churn Risk (<15%)
TGO-SUB-100518,+25571574419,640023127233070,356891116856160,Hybrid,SME Trader & Merchant,Infinix Hot 30 (4G),Smartphone 4G,83,44170.42,Arusha,TZ-ARU-003,0,0,Low Churn Risk (<15%)
TGO-SUB-100519,+25571116703,640022309263254,358721099995969,Postpaid,Corporate VIP,Xiaomi Redmi Note 12 (4G),Smartphone 4G,91,270097.46,Pemba,TZ-PEM-001,0,0,Low Churn Risk (<15%)
TGO-SUB-100520,+25577293929,640023720442203,356891115035755,Hybrid,SME Trader & Merchant,Infinix Hot 30 (4G),Smartphone 4G,70,78937.72,Ruvuma,TZ-SON-001,0,0,Low Churn Risk (<15%)
TGO-SUB-100521,+25565925954,640023940614579,352044108715010,Prepaid,Mass Market Voice/SMS,Tecno Camon 20 Pro (4G),Smartphone 4G,47,8459.86,Dar es Salaam,TZ-DAR-004,0,0,Medium Churn Risk (40-60%)
TGO-SUB-100522,+25577749208,640025470521233,352044102837818,Prepaid,Youth & Campus Streamer,Infinix Hot 30 (4G),Smartphone 4G,31,37527.99,Dar es Salaam,TZ-DAR-009,0,0,Low Churn Risk (<15%)
TGO-SUB-100523,+25571780566,640026263212814,352044103803458,Hybrid,SME Trader & Merchant,Infinix Hot 30 (4G),Smartphone 4G,65,34119.0,Arusha,TZ-ARU-003,0,0,Low Churn Risk (<15%)
TGO-SUB-100524,+25571593002,640026550233140,352044109387591,Prepaid,Mass Market Voice/SMS,Samsung Galaxy A54 (5G),Smartphone 5G,37,4309.63,Kilimanjaro,TZ-KIL-003,0,0,Low Churn Risk (<15%)
TGO-SUB-100525,+25571214677,640026002632810,356891118309432,Prepaid,Mass Market Voice/SMS,Tecno Camon 20 Pro (4G),Smartphone 4G,54,10810.31,Mbeya,TZ-MBY-002,0,0,Medium Churn Risk (40-60%)
TGO-SUB-100526,+25565596925,640026784033506,358721098735440,Prepaid,High-Value Data Pro,Samsung Galaxy A54 (5G),Smartphone 5G,67,164615.24,Dar es Salaam,TZ-DAR-015,0,0,Low Churn Risk (<15%)
TGO-SUB-100527,+25567531690,640027780484666,352044106097639,Prepaid,Youth & Campus Streamer,Infinix Hot 30 (4G),Smartphone 4G,17,30099.47,Geita,TZ-GEI-001,0,0,Low Churn Risk (<15%)
TGO-SUB-100528,+25567280079,640028684846286,864205046077655,Prepaid,Mass Market Voice/SMS,Itel Magic 2 (3G Feature),Feature Phone 3G,22,3709.78,Arusha,TZ-ARU-003,0,0,Low Churn Risk (<15%)
TGO-SUB-100529,+25565846389,640027594134964,864205042838772,Prepaid,High-Value Data Pro,Samsung Galaxy A54 (5G),Smartphone 5G,34,179252.76,Dodoma,TZ-DOM-003,0,0,Low Churn Risk (<15%)
TGO-SUB-100530,+25567293458,640024037119053,352044104605492,Prepaid,Youth & Campus Streamer,Tecno Camon 20 Pro (4G),Smartphone 4G,4,17365.72,Tanga,TZ-TAN-003,0,0,Low Churn Risk (<15%)
TGO-SUB-100531,+25577623676,640024300760409,358721094357722,Prepaid,Youth & Campus Streamer,Samsung Galaxy S24 Ultra (5G),Smartphone 5G,38,44194.83,Arusha,TZ-ARU-002,0,0,Low Churn Risk (<15%)
TGO-SUB-100532,+25577403905,640023864261005,358721094551361,Prepaid,Mass Market Voice/SMS,Xiaomi Redmi Note 12 (4G),Smartphone 4G,4,5091.35,Dodoma,TZ-DOM-002,0,0,Medium Churn Risk (40-60%)
TGO-SUB-100533,+25577747518,640024611538856,358721094747541,Prepaid,Youth & Campus Streamer,Tecno Camon 20 Pro (4G),Smartphone 4G,120,18439.94,Mara,TZ-TAR-001,0,0,Low Churn Risk (<15%)
TGO-SUB-100534,+25567305222,640021096845709,358721098099521,Hybrid,SME Trader & Merchant,Itel Magic 2 (3G Feature),Feature Phone 3G,8,61880.25,Tabora,TZ-TAB-001,0,0,Low Churn Risk (<15%)
TGO-SUB-100535,+25567516869,640028962027840,352044105048685,Hybrid,SME Trader & Merchant,Samsung Galaxy S24 Ultra (5G),Smartphone 5G,12,50025.55,Mwanza,TZ-MWA-003,0,0,Low Churn Risk (<15%)
TGO-SUB-100536,+25565863209,640029108060197,358721099427257,Prepaid,Mass Market Voice/SMS,Samsung Galaxy A54 (5G),Smartphone 5G,54,17555.41,Mwanza,TZ-MWA-002,0,0,Low Churn Risk (<15%)
TGO-SUB-100537,+25565976097,640021369702097,864205044179607,Prepaid,Youth & Campus Streamer,Itel Magic 2 (3G Feature),Feature Phone 3G,12,23068.75,Singida,TZ-SNG-001,0,0,Low Churn Risk (<15%)
TGO-SUB-100538,+25571529350,640026468905805,864205046828137,Prepaid,Mass Market Voice/SMS,Infinix Hot 30 (4G),Smartphone 4G,38,5053.91,Dar es Salaam,TZ-DAR-012,0,0,Low Churn Risk (<15%)
TGO-SUB-100539,+25577144284,640027808417605,358721096864487,Prepaid,Mass Market Voice/SMS,Samsung Galaxy A54 (5G),Smartphone 5G,107,5310.36,Tanga,TZ-TAN-003,0,0,Low Churn Risk (<15%)
TGO-SUB-100540,+25577230208,640029129026739,358721092880857,Prepaid,Youth & Campus Streamer,Nokia 105 Dual SIM (2G Feature),Feature Phone 2G,9,12938.61,Zanzibar,TZ-ZNZ-004,0,0,Low Churn Risk (<15%)
TGO-SUB-100541,+25567709291,640028240940498,356891114913308,Postpaid,Corporate VIP,Xiaomi Redmi Note 12 (4G),Smartphone 4G,41,205647.27,Singida,TZ-SNG-001,0,0,Medium Churn Risk (40-60%)
TGO-SUB-100542,+25577826959,640025876924163,864205041554574,Prepaid,Youth & Campus Streamer,Tecno Camon 20 Pro (4G),Smartphone 4G,68,43520.16,Dar es Salaam,TZ-DAR-004,0,0,Low Churn Risk (<15%)
TGO-SUB-100543,+25571638828,640023697368099,356891117278472,Prepaid,Mass Market Voice/SMS,Infinix Hot 30 (4G),Smartphone 4G,35,15402.33,Njombe,TZ-NJO-001,0,0,Low Churn Risk (<15%)
TGO-SUB-100544,+25567200488,640021617262027,864205046433414,Prepaid,Youth & Campus Streamer,Tecno Camon 20 Pro (4G),Smartphone 4G,20,23230.33,Dar es Salaam,TZ-DAR-011,0,0,Medium Churn Risk (40-60%)
TGO-SUB-100545,+25565971968,640025784450697,358721091801111,Prepaid,Mass Market Voice/SMS,Xiaomi Redmi Note 12 (4G),Smartphone 4G,18,10192.77,Tanga,TZ-TAN-003,0,0,Low Churn Risk (<15%)
TGO-SUB-100546,+25577726680,640029461564269,864205048443784,Prepaid,Mass Market Voice/SMS,Samsung Galaxy S24 Ultra (5G),Smartphone 5G,30,6335.37,Ruvuma,TZ-SON-001,0,0,Low Churn Risk (<15%)
TGO-SUB-100547,+25567231432,640021901260260,356891115454401,Prepaid,Mass Market Voice/SMS,Samsung Galaxy S24 Ultra (5G),Smartphone 5G,5,14360.01,Dar es Salaam,TZ-DAR-003,0,0,Low Churn Risk (<15%)
TGO-SUB-100548,+25571591868,640022086680310,356891114162980,Prepaid,Mass Market Voice/SMS,Xiaomi Redmi Note 12 (4G),Smartphone 4G,26,16801.47,Dar es Salaam,TZ-DAR-014,0,0,Low Churn Risk (<15%)
TGO-SUB-100549,+25565803175,640022509825605,356891112526274,Hybrid,SME Trader & Merchant,Itel Magic 2 (3G Feature),Feature Phone 3G,79,40436.23,Mara,TZ-MAR-001,0,0,Low Churn Risk (<15%)
TGO-SUB-100550,+25565629435,640023449142215,356891119593989,Prepaid,Youth & Campus Streamer,Xiaomi Redmi Note 12 (4G),Smartphone 4G,97,35621.78,Tanga,TZ-TAN-002,0,0,Low Churn Risk (<15%)
TGO-SUB-100551,+25571860583,640028334756553,352044108320459,Prepaid,Youth & Campus Streamer,Samsung Galaxy A54 (5G),Smartphone 5G,49,15541.71,Shinyanga,TZ-KAH-001,0,0,Low Churn Risk (<15%)
TGO-SUB-100552,+25577324682,640023208691233,358721092183275,Prepaid,High-Value Data Pro,Apple iPhone 15 Pro Max (5G),Smartphone 5G,37,76309.48,Zanzibar,TZ-ZNZ-004,0,0,Low Churn Risk (<15%)
TGO-SUB-100553,+25571186243,640026704212255,356891115034724,Prepaid,Youth & Campus Streamer,Tecno Camon 20 Pro (4G),Smartphone 4G,71,34672.54,Shinyanga,TZ-KAH-001,0,0,Low Churn Risk (<15%)
TGO-SUB-100554,+25577404704,640022838081369,356891119819137,Hybrid,SME Trader & Merchant,Nokia 105 Dual SIM (2G Feature),Feature Phone 2G,14,30831.08,Njombe,TZ-NJO-001,0,0,Low Churn Risk (<15%)
TGO-SUB-100555,+25577559337,640023905625550,356891112503316,Prepaid,Youth & Campus Streamer,Tecno Camon 20 Pro (4G),Smartphone 4G,26,15356.83,Dar es Salaam,TZ-DAR-011,0,0,Medium Churn Risk (40-60%)
TGO-SUB-100556,+25567309991,640029549825267,356891113441816,Hybrid,SME Trader & Merchant,Xiaomi Redmi Note 12 (4G),Smartphone 4G,97,76377.1,Singida,TZ-SNG-001,0,0,Low Churn Risk (<15%)
TGO-SUB-100557,+25577473395,640022197826153,358721092132841,Prepaid,Youth & Campus Streamer,Samsung Galaxy A54 (5G),Smartphone 5G,95,32736.24,Dar es Salaam,TZ-DAR-009,0,0,Medium Churn Risk (40-60%)
TGO-SUB-100558,+25571970645,640025588007201,356891112877956,Hybrid,SME Trader & Merchant,Infinix Hot 30 (4G),Smartphone 4G,10,49678.92,Mbeya,TZ-MBY-001,0,0,Medium Churn Risk (40-60%)
TGO-SUB-100559,+25577931239,640023001548533,352044107942557,Hybrid,SME Trader & Merchant,Tecno Camon 20 Pro (4G),Smartphone 4G,98,52335.02,Dodoma,TZ-DOM-001,0,0,Low Churn Risk (<15%)
TGO-SUB-100560,+25571551313,640025806644397,358721094298396,Postpaid,Corporate VIP,Tecno Camon 20 Pro (4G),Smartphone 4G,39,178366.83,Songwe,TZ-TND-001,0,0,Low Churn Risk (<15%)
TGO-SUB-100561,+25565615353,640022849761315,352044108504906,Prepaid,High-Value Data Pro,Tecno Camon 20 Pro (4G),Smartphone 4G,70,141002.95,Songwe,TZ-TND-001,0,0,Low Churn Risk (<15%)
TGO-SUB-100562,+25577599028,640025534356444,352044106187219,Prepaid,Youth & Campus Streamer,Itel Magic 2 (3G Feature),Feature Phone 3G,4,23641.2,Tanga,TZ-TAN-002,0,0,Low Churn Risk (<15%)
TGO-SUB-100563,+25571234425,640028889572098,352044109488789,Prepaid,Mass Market Voice/SMS,Samsung Galaxy S24 Ultra (5G),Smartphone 5G,46,8118.85,Dar es Salaam,TZ-DAR-007,0,0,Low Churn Risk (<15%)
TGO-SUB-100564,+25577468332,640029832382243,864205043596423,Prepaid,Youth & Campus Streamer,Infinix Hot 30 (4G),Smartphone 4G,15,42042.84,Dar es Salaam,TZ-DAR-005,0,0,Low Churn Risk (<15%)
TGO-SUB-100565,+25567278026,640029674596936,352044101391937,Hybrid,SME Trader & Merchant,Infinix Hot 30 (4G),Smartphone 4G,90,63459.39,Mwanza,TZ-MWA-001,0,0,Low Churn Risk (<15%)
TGO-SUB-100566,+25577716551,640026654385989,358721094380839,Prepaid,Youth & Campus Streamer,Apple iPhone 15 Pro Max (5G),Smartphone 5G,65,34798.51,Dar es Salaam,TZ-DAR-014,0,0,Low Churn Risk (<15%)
TGO-SUB-100567,+25567274721,640027935632899,352044105571693,Prepaid,Mass Market Voice/SMS,Tecno Camon 20 Pro (4G),Smartphone 4G,28,14807.24,Shinyanga,TZ-KAH-001,0,0,Low Churn Risk (<15%)
TGO-SUB-100568,+25567378035,640025499112932,358721099436873,Prepaid,Dormant / At-Risk,Infinix Hot 30 (4G),Smartphone 4G,13,2153.12,Singida,TZ-SNG-001,0,0,High Churn Risk (85%+)
TGO-SUB-100569,+25567386643,640029878856075,358721095478523,Prepaid,High-Value Data Pro,Tecno Camon 20 Pro (4G),Smartphone 4G,56,158848.67,Mara,TZ-MAR-001,0,0,Low Churn Risk (<15%)
TGO-SUB-100570,+25567309795,640027074433463,352044107553228,Prepaid,Mass Market Voice/SMS,Tecno Camon 20 Pro (4G),Smartphone 4G,67,5709.01,Dar es Salaam,TZ-DAR-002,0,0,Low Churn Risk (<15%)
TGO-SUB-100571,+25565704864,640023144063281,358721093809518,Prepaid,Mass Market Voice/SMS,Xiaomi Redmi Note 12 (4G),Smartphone 4G,8,16602.54,Dodoma,TZ-DOM-003,0,0,Low Churn Risk (<15%)
TGO-SUB-100572,+25565481969,640022986365191,864205042577824,Hybrid,SME Trader & Merchant,Nokia 105 Dual SIM (2G Feature),Feature Phone 2G,109,85912.09,Dar es Salaam,TZ-DAR-005,0,0,Low Churn Risk (<15%)
TGO-SUB-100573,+25577379901,640028832777853,864205043689039,Hybrid,SME Trader & Merchant,Samsung Galaxy A54 (5G),Smartphone 5G,106,39747.55,Dar es Salaam,TZ-DAR-002,0,0,Low Churn Risk (<15%)
TGO-SUB-100574,+25567586706,640029552538757,358721097783460,Hybrid,SME Trader & Merchant,Samsung Galaxy A54 (5G),Smartphone 5G,85,31894.22,Morogoro,TZ-MOR-001,0,0,Low Churn Risk (<15%)
TGO-SUB-100575,+25565775591,640024661549914,358721099202310,Prepaid,Mass Market Voice/SMS,Samsung Galaxy S24 Ultra (5G),Smartphone 5G,116,7708.57,Tanga,TZ-TAN-003,0,0,Low Churn Risk (<15%)
TGO-SUB-100576,+25577481088,640024804135649,358721099806052,Prepaid,Youth & Campus Streamer,Samsung Galaxy A54 (5G),Smartphone 5G,107,28508.2,Dar es Salaam,TZ-DAR-008,0,0,Low Churn Risk (<15%)
TGO-SUB-100577,+25567620566,640024799177162,864205047289581,Hybrid,SME Trader & Merchant,Xiaomi Redmi Note 12 (4G),Smartphone 4G,96,84101.72,Zanzibar,TZ-ZNZ-003,0,0,Low Churn Risk (<15%)
TGO-SUB-100578,+25565543410,640021936338890,356891112836623,Hybrid,SME Trader & Merchant,Itel Magic 2 (3G Feature),Feature Phone 3G,69,46529.88,Singida,TZ-SNG-001,0,0,Medium Churn Risk (40-60%)
TGO-SUB-100579,+25567833602,640025074682264,352044106722556,Hybrid,SME Trader & Merchant,Tecno Camon 20 Pro (4G),Smartphone 4G,47,48052.69,Morogoro,TZ-MOR-001,0,0,Low Churn Risk (<15%)
TGO-SUB-100580,+25577850435,640022323586087,356891119823480,Prepaid,Mass Market Voice/SMS,Infinix Hot 30 (4G),Smartphone 4G,82,6595.14,Dodoma,TZ-DOM-002,0,0,Low Churn Risk (<15%)
TGO-SUB-100581,+25567951706,640023943119201,864205049993087,Prepaid,Mass Market Voice/SMS,Tecno Camon 20 Pro (4G),Smartphone 4G,120,8894.63,Pwani,TZ-PWA-002,0,0,Low Churn Risk (<15%)
TGO-SUB-100582,+25565411870,640024823580587,358721097620215,Prepaid,Mass Market Voice/SMS,Nokia 105 Dual SIM (2G Feature),Feature Phone 2G,11,9094.33,Dar es Salaam,TZ-DAR-003,0,0,Low Churn Risk (<15%)
TGO-SUB-100583,+25577593975,640028460108930,352044108522336,Prepaid,Mass Market Voice/SMS,Nokia 105 Dual SIM (2G Feature),Feature Phone 2G,9,15366.01,Ruvuma,TZ-SON-001,0,0,Low Churn Risk (<15%)
TGO-SUB-100584,+25567541314,640028463731970,358721098289800,Prepaid,Youth & Campus Streamer,Xiaomi Redmi Note 12 (4G),Smartphone 4G,18,18063.41,Mwanza,TZ-MWA-003,0,0,Low Churn Risk (<15%)
TGO-SUB-100585,+25571520124,640026607283971,356891112162112,Prepaid,Youth & Campus Streamer,Samsung Galaxy A54 (5G),Smartphone 5G,109,37331.04,Iringa,TZ-IRI-001,0,0,Low Churn Risk (<15%)
TGO-SUB-100586,+25577931145,640029329737841,358721096016022,Prepaid,Youth & Campus Streamer,Samsung Galaxy A54 (5G),Smartphone 5G,11,39283.36,Mtwara,TZ-MTW-001,0,0,Low Churn Risk (<15%)
TGO-SUB-100587,+25577485456,640026076175708,358721099752249,Prepaid,Mass Market Voice/SMS,Samsung Galaxy A54 (5G),Smartphone 5G,30,16846.69,Iringa,TZ-IRI-001,0,0,Low Churn Risk (<15%)
TGO-SUB-100588,+25571584887,640026146514161,864205041522016,Prepaid,Youth & Campus Streamer,Infinix Hot 30 (4G),Smartphone 4G,73,16925.29,Kilimanjaro,TZ-KIL-001,0,0,Low Churn Risk (<15%)
TGO-SUB-100589,+25571114800,640028188100401,356891113353883,Prepaid,Mass Market Voice/SMS,Samsung Galaxy A54 (5G),Smartphone 5G,49,14731.83,Tanga,TZ-TAN-002,0,0,Low Churn Risk (<15%)
TGO-SUB-100590,+25565552259,640024677942534,864205049641194,Prepaid,High-Value Data Pro,Xiaomi Redmi Note 12 (4G),Smartphone 4G,38,81644.38,Morogoro,TZ-MOR-001,0,0,Low Churn Risk (<15%)
TGO-SUB-100591,+25567346924,640027947883719,864205044875939,Prepaid,Youth & Campus Streamer,Infinix Hot 30 (4G),Smartphone 4G,89,12340.57,Dar es Salaam,TZ-DAR-009,0,0,Low Churn Risk (<15%)
TGO-SUB-100592,+25577820216,640027859904332,356891111999078,Hybrid,SME Trader & Merchant,Samsung Galaxy S24 Ultra (5G),Smartphone 5G,86,45264.69,Arusha,TZ-ARU-003,0,0,Low Churn Risk (<15%)
TGO-SUB-100593,+25571105621,640027956377623,352044105138695,Prepaid,Mass Market Voice/SMS,Apple iPhone 15 Pro Max (5G),Smartphone 5G,65,3616.87,Dar es Salaam,TZ-DAR-012,0,0,Low Churn Risk (<15%)
TGO-SUB-100594,+25577455652,640029065505125,864205041940025,Hybrid,SME Trader & Merchant,Infinix Hot 30 (4G),Smartphone 4G,17,46926.39,Arusha,TZ-ARU-001,0,0,Medium Churn Risk (40-60%)
TGO-SUB-100595,+25577975355,640027142172699,352044107427054,Hybrid,SME Trader & Merchant,Tecno Camon 20 Pro (4G),Smartphone 4G,98,40723.95,Zanzibar,TZ-ZNZ-003,0,0,Low Churn Risk (<15%)
TGO-SUB-100596,+25565682667,640028723296882,356891112980962,Prepaid,High-Value Data Pro,Samsung Galaxy S24 Ultra (5G),Smartphone 5G,56,116429.7,Dar es Salaam,TZ-DAR-011,0,0,Low Churn Risk (<15%)
TGO-SUB-100597,+25571618951,640025470166352,352044108434708,Prepaid,Youth & Campus Streamer,Tecno Camon 20 Pro (4G),Smartphone 4G,12,39912.67,Dar es Salaam,TZ-DAR-010,0,0,Low Churn Risk (<15%)
TGO-SUB-100598,+25565397917,640023515465308,356891116515679,Prepaid,Mass Market Voice/SMS,Samsung Galaxy A54 (5G),Smartphone 5G,114,6692.36,Kagera,TZ-BUK-001,0,0,Low Churn Risk (<15%)
TGO-SUB-100599,+25567127223,640025818914408,352044107190141,Prepaid,High-Value Data Pro,Xiaomi Redmi Note 12 (4G),Smartphone 4G,62,69727.59,Shinyanga,TZ-KAH-001,0,0,Low Churn Risk (<15%)
TGO-SUB-100600,+25577758879,640029397526641,356891114454290,Prepaid,Dormant / At-Risk,Infinix Hot 30 (4G),Smartphone 4G,94,974.75,Zanzibar,TZ-ZNZ-002,0,0,High Churn Risk (85%+)
TGO-SUB-100601,+25565321634,640024707754422,352044104388690,Prepaid,Youth & Campus Streamer,Xiaomi Redmi Note 12 (4G),Smartphone 4G,23,31875.62,Dar es Salaam,TZ-DAR-006,0,0,Low Churn Risk (<15%)
TGO-SUB-100602,+25565908323,640029012328127,356891111215083,Prepaid,Mass Market Voice/SMS,Samsung Galaxy A54 (5G),Smartphone 5G,20,7274.04,Zanzibar,TZ-ZNZ-004,0,0,Low Churn Risk (<15%)
TGO-SUB-100603,+25571413048,640025858839243,356891119724705,Prepaid,Youth & Campus Streamer,Tecno Camon 20 Pro (4G),Smartphone 4G,77,41218.63,Shinyanga,TZ-SHI-001,0,0,Low Churn Risk (<15%)
TGO-SUB-100604,+25577194604,640028544069858,352044107436872,Hybrid,SME Trader & Merchant,Tecno Camon 20 Pro (4G),Smartphone 4G,87,32628.48,Arusha,TZ-ARU-002,0,0,Low Churn Risk (<15%)
TGO-SUB-100605,+25565779068,640023253473926,352044105909636,Prepaid,Mass Market Voice/SMS,Samsung Galaxy S24 Ultra (5G),Smartphone 5G,39,7505.9,Dar es Salaam,TZ-DAR-009,0,0,Low Churn Risk (<15%)
TGO-SUB-100606,+25565648501,640027132061410,356891116777591,Prepaid,Youth & Campus Streamer,Nokia 105 Dual SIM (2G Feature),Feature Phone 2G,85,28851.5,Mwanza,TZ-MWA-001,0,0,Medium Churn Risk (40-60%)
TGO-SUB-100607,+25567472724,640023162277965,356891118764877,Prepaid,High-Value Data Pro,Samsung Galaxy A54 (5G),Smartphone 5G,91,107154.88,Dar es Salaam,TZ-DAR-006,0,0,Low Churn Risk (<15%)
TGO-SUB-100608,+25567429196,640028173711511,352044104579152,Prepaid,High-Value Data Pro,Samsung Galaxy A54 (5G),Smartphone 5G,14,177862.34,Pwani,TZ-PWA-002,0,0,Low Churn Risk (<15%)
TGO-SUB-100609,+25577660333,640021076945301,358721092223460,Prepaid,Youth & Campus Streamer,Samsung Galaxy A54 (5G),Smartphone 5G,78,34829.61,Songwe,TZ-TND-001,0,0,Low Churn Risk (<15%)
TGO-SUB-100610,+25577417508,640022299900457,864205042416770,Prepaid,Mass Market Voice/SMS,Samsung Galaxy A54 (5G),Smartphone 5G,27,13440.49,Dar es Salaam,TZ-DAR-013,0,0,Low Churn Risk (<15%)
TGO-SUB-100611,+25577780130,640026333405410,864205041902754,Prepaid,High-Value Data Pro,Xiaomi Redmi Note 12 (4G),Smartphone 4G,20,110625.51,Dar es Salaam,TZ-DAR-008,0,0,Low Churn Risk (<15%)
TGO-SUB-100612,+25577608608,640023025030698,358721097136543,Prepaid,Youth & Campus Streamer,Samsung Galaxy A54 (5G),Smartphone 5G,14,39516.67,Dar es Salaam,TZ-DAR-004,0,0,Low Churn Risk (<15%)
TGO-SUB-100613,+25577535878,640028939746381,352044101388157,Prepaid,Youth & Campus Streamer,Tecno Camon 20 Pro (4G),Smartphone 4G,112,35912.27,Njombe,TZ-NJO-001,0,0,Low Churn Risk (<15%)
TGO-SUB-100614,+25577343170,640024067853612,356891115425039,Prepaid,High-Value Data Pro,Tecno Camon 20 Pro (4G),Smartphone 4G,15,167145.26,Mwanza,TZ-MWA-001,0,0,Low Churn Risk (<15%)
TGO-SUB-100615,+25577752944,640026784307829,358721091218172,Prepaid,High-Value Data Pro,Samsung Galaxy A54 (5G),Smartphone 5G,76,101261.69,Dar es Salaam,TZ-DAR-015,0,0,Low Churn Risk (<15%)
TGO-SUB-100616,+25567731347,640023012051673,352044108581156,Prepaid,Mass Market Voice/SMS,Itel Magic 2 (3G Feature),Feature Phone 3G,61,13096.61,Zanzibar,TZ-ZNZ-003,0,0,Low Churn Risk (<15%)
TGO-SUB-100617,+25565752048,640026184921425,356891117994597,Prepaid,High-Value Data Pro,Apple iPhone 15 Pro Max (5G),Smartphone 5G,64,132689.88,Dar es Salaam,TZ-DAR-007,0,0,Low Churn Risk (<15%)
TGO-SUB-100618,+25567346120,640025372837607,352044104743872,Prepaid,Mass Market Voice/SMS,Samsung Galaxy A54 (5G),Smartphone 5G,56,10552.18,Mtwara,TZ-MTW-001,0,0,Medium Churn Risk (40-60%)
TGO-SUB-100619,+25571747561,640021973627242,864205046099904,Prepaid,Mass Market Voice/SMS,Itel Magic 2 (3G Feature),Feature Phone 3G,35,14540.61,Pemba,TZ-PEM-001,0,0,Low Churn Risk (<15%)
TGO-SUB-100620,+25565994863,640023875420006,356891115590947,Prepaid,Mass Market Voice/SMS,Itel Magic 2 (3G Feature),Feature Phone 3G,101,17619.9,Morogoro,TZ-MOR-001,0,0,Low Churn Risk (<15%)
TGO-SUB-100621,+25571963617,640023415802569,356891112751601,Prepaid,Mass Market Voice/SMS,Nokia 105 Dual SIM (2G Feature),Feature Phone 2G,98,5355.49,Tanga,TZ-TAN-002,0,0,Low Churn Risk (<15%)
TGO-SUB-100622,+25577868136,640024738737735,864205047785265,Prepaid,High-Value Data Pro,Tecno Camon 20 Pro (4G),Smartphone 4G,99,161831.41,Mwanza,TZ-MWA-003,0,0,Low Churn Risk (<15%)
TGO-SUB-100623,+25571357232,640027329335818,352044106295542,Hybrid,SME Trader & Merchant,Apple iPhone 15 Pro Max (5G),Smartphone 5G,32,79064.94,Kilimanjaro,TZ-KIL-001,0,0,Low Churn Risk (<15%)
TGO-SUB-100624,+25565889794,640021980034265,358721095334916,Prepaid,Dormant / At-Risk,Nokia 105 Dual SIM (2G Feature),Feature Phone 2G,47,1548.47,Njombe,TZ-NJO-001,0,0,High Churn Risk (85%+)
TGO-SUB-100625,+25571564077,640029632663990,356891111888965,Prepaid,Dormant / At-Risk,Tecno Camon 20 Pro (4G),Smartphone 4G,51,492.97,Dar es Salaam,TZ-DAR-004,0,0,High Churn Risk (85%+)
TGO-SUB-100626,+25571792244,640023467704659,352044105396736,Prepaid,Youth & Campus Streamer,Nokia 105 Dual SIM (2G Feature),Feature Phone 2G,117,40827.03,Zanzibar,TZ-ZNZ-002,0,0,Low Churn Risk (<15%)
TGO-SUB-100627,+25567108286,640028846920528,864205048343126,Hybrid,SME Trader & Merchant,Tecno Camon 20 Pro (4G),Smartphone 4G,57,65387.64,Morogoro,TZ-MOR-001,0,0,Low Churn Risk (<15%)
TGO-SUB-100628,+25567951266,640022295067571,356891116635395,Prepaid,Youth & Campus Streamer,Tecno Camon 20 Pro (4G),Smartphone 4G,37,41035.9,Mara,TZ-TAR-001,0,0,Low Churn Risk (<15%)
TGO-SUB-100629,+25565197328,640023730248478,356891111292468,Hybrid,SME Trader & Merchant,Infinix Hot 30 (4G),Smartphone 4G,65,80320.26,Zanzibar,TZ-ZNZ-002,0,0,Low Churn Risk (<15%)
TGO-SUB-100630,+25571867543,640026896899328,352044102298270,Prepaid,Mass Market Voice/SMS,Xiaomi Redmi Note 12 (4G),Smartphone 4G,59,9731.05,Dodoma,TZ-DOM-003,0,0,Low Churn Risk (<15%)
TGO-SUB-100631,+25567347565,640023557863130,352044104137354,Prepaid,Mass Market Voice/SMS,Infinix Hot 30 (4G),Smartphone 4G,67,11591.49,Dar es Salaam,TZ-DAR-009,0,0,Low Churn Risk (<15%)
TGO-SUB-100632,+25565210338,640023501256025,352044105763781,Hybrid,SME Trader & Merchant,Apple iPhone 15 Pro Max (5G),Smartphone 5G,114,56783.44,Dar es Salaam,TZ-DAR-006,0,0,Medium Churn Risk (40-60%)
TGO-SUB-100633,+25565599387,640026217459270,356891114872338,Prepaid,Youth & Campus Streamer,Tecno Camon 20 Pro (4G),Smartphone 4G,82,37701.22,Pwani,TZ-PWA-002,0,0,Low Churn Risk (<15%)
TGO-SUB-100634,+25577561457,640029365823349,358721099638292,Prepaid,High-Value Data Pro,Apple iPhone 15 Pro Max (5G),Smartphone 5G,66,145338.07,Dar es Salaam,TZ-DAR-009,0,0,Low Churn Risk (<15%)
TGO-SUB-100635,+25571828205,640026208260061,358721091341912,Hybrid,SME Trader & Merchant,Itel Magic 2 (3G Feature),Feature Phone 3G,15,91868.41,Tabora,TZ-TAB-001,0,0,Low Churn Risk (<15%)
TGO-SUB-100636,+25571487538,640027750678214,356891116481712,Hybrid,SME Trader & Merchant,Apple iPhone 15 Pro Max (5G),Smartphone 5G,102,54339.88,Tanga,TZ-TAN-002,0,0,Low Churn Risk (<15%)
TGO-SUB-100637,+25565249044,640022811432415,352044103972523,Prepaid,Youth & Campus Streamer,Samsung Galaxy A54 (5G),Smartphone 5G,112,12068.83,Dodoma,TZ-DOM-002,0,0,Low Churn Risk (<15%)
TGO-SUB-100638,+25571537859,640026915482645,864205048989632,Prepaid,Youth & Campus Streamer,Tecno Camon 20 Pro (4G),Smartphone 4G,94,26847.67,Mwanza,TZ-MWA-003,0,0,Low Churn Risk (<15%)
TGO-SUB-100639,+25567193653,640027054307581,864205045146035,Prepaid,Dormant / At-Risk,Infinix Hot 30 (4G),Smartphone 4G,36,2670.13,Zanzibar,TZ-ZNZ-003,0,0,High Churn Risk (85%+)
TGO-SUB-100640,+25571273659,640024037437944,352044106882971,Prepaid,High-Value Data Pro,Infinix Hot 30 (4G),Smartphone 4G,7,174620.2,Dodoma,TZ-DOM-001,0,0,Low Churn Risk (<15%)
TGO-SUB-100641,+25565887017,640024852002754,356891117902298,Postpaid,Corporate VIP,Samsung Galaxy A54 (5G),Smartphone 5G,108,379629.83,Pwani,TZ-PWA-001,0,0,Low Churn Risk (<15%)
TGO-SUB-100642,+25577188759,640027901388916,358721097174990,Prepaid,Mass Market Voice/SMS,Tecno Camon 20 Pro (4G),Smartphone 4G,111,8099.35,Dar es Salaam,TZ-DAR-012,0,0,Low Churn Risk (<15%)
TGO-SUB-100643,+25567500567,640022104570218,356891112041588,Prepaid,High-Value Data Pro,Samsung Galaxy A54 (5G),Smartphone 5G,53,90666.54,Dar es Salaam,TZ-DAR-006,0,0,Low Churn Risk (<15%)
TGO-SUB-100644,+25565161775,640022397112924,356891118479490,Prepaid,High-Value Data Pro,Samsung Galaxy A54 (5G),Smartphone 5G,106,77095.27,Arusha,TZ-ARU-001,0,0,Low Churn Risk (<15%)
TGO-SUB-100645,+25571154398,640021869986241,864205046169268,Hybrid,SME Trader & Merchant,Xiaomi Redmi Note 12 (4G),Smartphone 4G,71,37480.29,Dar es Salaam,TZ-DAR-004,0,0,Low Churn Risk (<15%)
TGO-SUB-100646,+25577168637,640023079500806,358721097643163,Postpaid,Corporate VIP,Nokia 105 Dual SIM (2G Feature),Feature Phone 2G,32,302844.84,Singida,TZ-SNG-001,0,0,Low Churn Risk (<15%)
TGO-SUB-100647,+25565419409,640027735563741,358721091879848,Prepaid,Dormant / At-Risk,Samsung Galaxy A54 (5G),Smartphone 5G,101,1119.92,Dar es Salaam,TZ-DAR-011,0,0,High Churn Risk (85%+)
TGO-SUB-100648,+25565663646,640029386407362,358721091438220,Prepaid,Dormant / At-Risk,Xiaomi Redmi Note 12 (4G),Smartphone 4G,22,1862.19,Iringa,TZ-IRI-001,0,0,High Churn Risk (85%+)
TGO-SUB-100649,+25571163098,640027365941525,352044109802666,Prepaid,Mass Market Voice/SMS,Itel Magic 2 (3G Feature),Feature Phone 3G,6,6191.31,Shinyanga,TZ-KAH-001,0,0,Low Churn Risk (<15%)
TGO-SUB-100650,+25565875089,640025595336790,356891115145071,Prepaid,Youth & Campus Streamer,Xiaomi Redmi Note 12 (4G),Smartphone 4G,65,44961.1,Mwanza,TZ-MWA-002,0,0,Low Churn Risk (<15%)
TGO-SUB-100651,+25567815234,640029355465756,352044108892567,Prepaid,Youth & Campus Streamer,Samsung Galaxy A54 (5G),Smartphone 5G,77,22614.06,Dar es Salaam,TZ-DAR-014,0,0,Low Churn Risk (<15%)
TGO-SUB-100652,+25567116645,640024961067014,358721091044870,Hybrid,SME Trader & Merchant,Infinix Hot 30 (4G),Smartphone 4G,51,88192.43,Zanzibar,TZ-ZNZ-001,0,0,Low Churn Risk (<15%)
TGO-SUB-100653,+25571925549,640023797168211,356891119725037,Hybrid,SME Trader & Merchant,Infinix Hot 30 (4G),Smartphone 4G,50,82830.78,Kigoma,TZ-KIG-001,0,0,Low Churn Risk (<15%)
TGO-SUB-100654,+25565979908,640021036212487,358721094884773,Hybrid,SME Trader & Merchant,Tecno Camon 20 Pro (4G),Smartphone 4G,91,31285.81,Tanga,TZ-TAN-001,0,0,Low Churn Risk (<15%)
TGO-SUB-100655,+25567300814,640024082968468,864205046177955,Prepaid,Youth & Campus Streamer,Samsung Galaxy S24 Ultra (5G),Smartphone 5G,26,35233.57,Tabora,TZ-TAB-001,0,0,Low Churn Risk (<15%)
TGO-SUB-100656,+25577216335,640029031229072,358721092787588,Prepaid,Youth & Campus Streamer,Samsung Galaxy A54 (5G),Smartphone 5G,9,34181.79,Tabora,TZ-TAB-001,0,0,Low Churn Risk (<15%)
TGO-SUB-100657,+25565882209,640021279384728,352044106975863,Prepaid,Youth & Campus Streamer,Nokia 105 Dual SIM (2G Feature),Feature Phone 2G,89,21052.82,Njombe,TZ-NJO-001,0,0,Medium Churn Risk (40-60%)
TGO-SUB-100658,+25567813745,640022949597857,358721097721010,Hybrid,SME Trader & Merchant,Nokia 105 Dual SIM (2G Feature),Feature Phone 2G,88,84882.2,Mwanza,TZ-MWA-001,0,0,Low Churn Risk (<15%)
TGO-SUB-100659,+25577619647,640024259973452,864205041492464,Prepaid,Youth & Campus Streamer,Nokia 105 Dual SIM (2G Feature),Feature Phone 2G,11,22435.98,Kilimanjaro,TZ-KIL-003,0,0,Low Churn Risk (<15%)
TGO-SUB-100660,+25571873266,640028256557537,356891113621273,Hybrid,SME Trader & Merchant,Samsung Galaxy A54 (5G),Smartphone 5G,56,70689.65,Dar es Salaam,TZ-DAR-007,0,0,Medium Churn Risk (40-60%)
TGO-SUB-100661,+25571721313,640029311022862,352044103591591,Prepaid,Dormant / At-Risk,Tecno Camon 20 Pro (4G),Smartphone 4G,43,2497.55,Kigoma,TZ-KIG-001,0,0,High Churn Risk (85%+)
TGO-SUB-100662,+25565176452,640027955985378,356891117557257,Prepaid,High-Value Data Pro,Infinix Hot 30 (4G),Smartphone 4G,114,67282.43,Dar es Salaam,TZ-DAR-003,0,0,Low Churn Risk (<15%)
TGO-SUB-100663,+25571920664,640021547762075,358721091574504,Hybrid,SME Trader & Merchant,Infinix Hot 30 (4G),Smartphone 4G,38,36618.79,Dar es Salaam,TZ-DAR-004,0,0,Low Churn Risk (<15%)
TGO-SUB-100664,+25577521195,640028524625316,864205047287009,Hybrid,SME Trader & Merchant,Samsung Galaxy S24 Ultra (5G),Smartphone 5G,44,81685.7,Mbeya,TZ-MBY-001,0,0,Low Churn Risk (<15%)
TGO-SUB-100665,+25571576133,640027516379744,864205042132531,Prepaid,Youth & Campus Streamer,Samsung Galaxy S24 Ultra (5G),Smartphone 5G,74,31565.25,Shinyanga,TZ-KAH-001,0,0,Low Churn Risk (<15%)
TGO-SUB-100666,+25565768324,640027480667587,352044105414577,Hybrid,SME Trader & Merchant,Xiaomi Redmi Note 12 (4G),Smartphone 4G,17,45804.91,Mtwara,TZ-MTW-001,0,0,Medium Churn Risk (40-60%)
TGO-SUB-100667,+25567712916,640028534977387,352044107120188,Prepaid,High-Value Data Pro,Xiaomi Redmi Note 12 (4G),Smartphone 4G,2,97040.93,Arusha,TZ-ARU-002,0,0,Low Churn Risk (<15%)
TGO-SUB-100668,+25565160101,640025529503814,352044103048993,Hybrid,SME Trader & Merchant,Infinix Hot 30 (4G),Smartphone 4G,89,34446.25,Dar es Salaam,TZ-DAR-013,0,0,Low Churn Risk (<15%)
TGO-SUB-100669,+25577728896,640028268862104,352044107460304,Prepaid,High-Value Data Pro,Tecno Camon 20 Pro (4G),Smartphone 4G,64,114516.25,Morogoro,TZ-MOR-001,0,0,Low Churn Risk (<15%)
TGO-SUB-100670,+25565103876,640023743483601,864205045891999,Prepaid,Youth & Campus Streamer,Samsung Galaxy A54 (5G),Smartphone 5G,95,37355.5,Kigoma,TZ-KIG-001,0,0,Low Churn Risk (<15%)
TGO-SUB-100671,+25577315289,640022719329399,356891114804410,Postpaid,Corporate VIP,Samsung Galaxy S24 Ultra (5G),Smartphone 5G,81,158012.47,Tanga,TZ-TAN-002,0,0,Low Churn Risk (<15%)
TGO-SUB-100672,+25567146037,640025188921469,864205043074344,Prepaid,Mass Market Voice/SMS,Samsung Galaxy A54 (5G),Smartphone 5G,32,13782.55,Arusha,TZ-ARU-002,0,0,Low Churn Risk (<15%)
TGO-SUB-100673,+25565305507,640021092307558,352044102061050,Prepaid,High-Value Data Pro,Xiaomi Redmi Note 12 (4G),Smartphone 4G,27,138584.3,Dar es Salaam,TZ-DAR-008,0,0,Low Churn Risk (<15%)
TGO-SUB-100674,+25567578364,640026326403406,352044107930132,Prepaid,Dormant / At-Risk,Itel Magic 2 (3G Feature),Feature Phone 3G,113,2993.08,Mwanza,TZ-MWA-002,0,0,High Churn Risk (85%+)
TGO-SUB-100675,+25571224249,640024969217513,864205043009928,Hybrid,SME Trader & Merchant,Tecno Camon 20 Pro (4G),Smartphone 4G,6,68970.7,Mbeya,TZ-MBY-002,0,0,Low Churn Risk (<15%)
TGO-SUB-100676,+25565995940,640027594786332,864205044435983,Prepaid,Mass Market Voice/SMS,Samsung Galaxy S24 Ultra (5G),Smartphone 5G,114,16092.77,Mara,TZ-MAR-001,0,0,Low Churn Risk (<15%)
TGO-SUB-100677,+25577319401,640024123723470,358721099294209,Prepaid,Youth & Campus Streamer,Samsung Galaxy S24 Ultra (5G),Smartphone 5G,48,36793.17,Iringa,TZ-IRI-001,0,0,Low Churn Risk (<15%)
TGO-SUB-100678,+25577644098,640022994012789,352044108470965,Prepaid,Youth & Campus Streamer,Infinix Hot 30 (4G),Smartphone 4G,52,43539.81,Shinyanga,TZ-SHI-001,0,0,Low Churn Risk (<15%)
TGO-SUB-100679,+25571317264,640026166847778,864205045151313,Prepaid,Mass Market Voice/SMS,Tecno Camon 20 Pro (4G),Smartphone 4G,71,11570.56,Shinyanga,TZ-KAH-001,0,0,Low Churn Risk (<15%)
TGO-SUB-100680,+25571240855,640024228195145,352044105660978,Prepaid,Youth & Campus Streamer,Tecno Camon 20 Pro (4G),Smartphone 4G,58,27353.35,Mbeya,TZ-MBY-001,0,0,Low Churn Risk (<15%)
TGO-SUB-100681,+25577553515,640027051406106,358721094324204,Prepaid,High-Value Data Pro,Tecno Camon 20 Pro (4G),Smartphone 4G,116,88054.85,Iringa,TZ-IRI-001,0,0,Medium Churn Risk (40-60%)
TGO-SUB-100682,+25571408824,640023764474604,352044103388041,Hybrid,SME Trader & Merchant,Apple iPhone 15 Pro Max (5G),Smartphone 5G,43,65491.69,Arusha,TZ-ARU-002,0,0,Low Churn Risk (<15%)
TGO-SUB-100683,+25567417420,640028926139828,864205048399199,Prepaid,Dormant / At-Risk,Itel Magic 2 (3G Feature),Feature Phone 3G,70,2257.15,Zanzibar,TZ-ZNZ-003,0,0,High Churn Risk (85%+)
TGO-SUB-100684,+25567108948,640028602418921,352044109622535,Hybrid,SME Trader & Merchant,Xiaomi Redmi Note 12 (4G),Smartphone 4G,2,56374.3,Singida,TZ-SNG-001,0,0,Low Churn Risk (<15%)
TGO-SUB-100685,+25577785864,640022707272205,864205048584723,Prepaid,Youth & Campus Streamer,Tecno Camon 20 Pro (4G),Smartphone 4G,105,37937.16,Zanzibar,TZ-ZNZ-004,0,0,Low Churn Risk (<15%)
TGO-SUB-100686,+25577457207,640024401248572,352044109868873,Prepaid,Mass Market Voice/SMS,Tecno Camon 20 Pro (4G),Smartphone 4G,72,9265.32,Mwanza,TZ-MWA-003,0,0,Low Churn Risk (<15%)
TGO-SUB-100687,+25571492901,640024752728579,352044108736440,Prepaid,Youth & Campus Streamer,Tecno Camon 20 Pro (4G),Smartphone 4G,88,23703.86,Dar es Salaam,TZ-DAR-015,0,0,Low Churn Risk (<15%)
TGO-SUB-100688,+25577899897,640027603958937,352044107154670,Postpaid,Corporate VIP,Infinix Hot 30 (4G),Smartphone 4G,103,165914.46,Arusha,TZ-ARU-002,0,0,Low Churn Risk (<15%)
TGO-SUB-100689,+25577499841,640022677769486,358721092974877,Prepaid,Youth & Campus Streamer,Apple iPhone 15 Pro Max (5G),Smartphone 5G,14,26900.67,Tanga,TZ-TAN-003,0,0,Medium Churn Risk (40-60%)
TGO-SUB-100690,+25565133616,640027886395561,356891112957603,Prepaid,Dormant / At-Risk,Samsung Galaxy S24 Ultra (5G),Smartphone 5G,38,851.45,Dar es Salaam,TZ-DAR-015,0,0,High Churn Risk (85%+)
TGO-SUB-100691,+25571576749,640025541726840,356891112801725,Hybrid,SME Trader & Merchant,Nokia 105 Dual SIM (2G Feature),Feature Phone 2G,54,40207.3,Dar es Salaam,TZ-DAR-008,0,0,Low Churn Risk (<15%)
TGO-SUB-100692,+25577879241,640025590302102,864205042362433,Prepaid,Mass Market Voice/SMS,Tecno Camon 20 Pro (4G),Smartphone 4G,40,12971.89,Dar es Salaam,TZ-DAR-011,0,0,Low Churn Risk (<15%)
TGO-SUB-100693,+25565626883,640027266170179,864205041078042,Prepaid,Mass Market Voice/SMS,Tecno Camon 20 Pro (4G),Smartphone 4G,117,12072.73,Pwani,TZ-PWA-001,0,0,Low Churn Risk (<15%)
TGO-SUB-100694,+25577582559,640029757802469,356891114018977,Prepaid,Mass Market Voice/SMS,Tecno Camon 20 Pro (4G),Smartphone 4G,104,14885.2,Kilimanjaro,TZ-KIL-003,0,0,Low Churn Risk (<15%)
TGO-SUB-100695,+25565535214,640022070025912,358721095800676,Prepaid,High-Value Data Pro,Nokia 105 Dual SIM (2G Feature),Feature Phone 2G,6,128233.83,Kilimanjaro,TZ-KIL-003,0,0,Low Churn Risk (<15%)
TGO-SUB-100696,+25565265603,640024935462811,864205046174596,Prepaid,Youth & Campus Streamer,Itel Magic 2 (3G Feature),Feature Phone 3G,65,44845.44,Dar es Salaam,TZ-DAR-005,0,0,Low Churn Risk (<15%)
TGO-SUB-100697,+25567530016,640022936755326,352044103174458,Postpaid,Corporate VIP,Samsung Galaxy S24 Ultra (5G),Smartphone 5G,49,330825.99,Njombe,TZ-NJO-001,0,0,Low Churn Risk (<15%)
TGO-SUB-100698,+25567882193,640026129924345,356891111112584,Prepaid,Mass Market Voice/SMS,Apple iPhone 15 Pro Max (5G),Smartphone 5G,60,7906.66,Zanzibar,TZ-ZNZ-003,0,0,Low Churn Risk (<15%)
TGO-SUB-100699,+25571186558,640029375265373,864205045936564,Prepaid,High-Value Data Pro,Nokia 105 Dual SIM (2G Feature),Feature Phone 2G,16,62167.94,Dar es Salaam,TZ-DAR-007,0,0,Low Churn Risk (<15%)
TGO-SUB-100700,+25577276636,640029923160916,356891118102874,Hybrid,SME Trader & Merchant,Samsung Galaxy A54 (5G),Smartphone 5G,69,44083.71,Dar es Salaam,TZ-DAR-003,0,0,Low Churn Risk (<15%)
TGO-SUB-100701,+25565563531,640023992485680,356891115095934,Prepaid,Youth & Campus Streamer,Tecno Camon 20 Pro (4G),Smartphone 4G,119,13605.93,Kilimanjaro,TZ-KIL-002,0,0,Low Churn Risk (<15%)
TGO-SUB-100702,+25565492843,640024903078968,864205041958250,Prepaid,Dormant / At-Risk,Tecno Camon 20 Pro (4G),Smartphone 4G,88,1011.35,Dar es Salaam,TZ-DAR-013,0,0,High Churn Risk (85%+)
TGO-SUB-100703,+25571331282,640023852325403,864205041461506,Prepaid,Mass Market Voice/SMS,Tecno Camon 20 Pro (4G),Smartphone 4G,27,7840.19,Mbeya,TZ-MBY-002,0,0,Low Churn Risk (<15%)
TGO-SUB-100704,+25577548665,640021518849078,864205042110285,Postpaid,Corporate VIP,Tecno Camon 20 Pro (4G),Smartphone 4G,59,335817.61,Dar es Salaam,TZ-DAR-001,0,0,Low Churn Risk (<15%)
TGO-SUB-100705,+25565169223,640027974637746,356891111706013,Prepaid,Mass Market Voice/SMS,Tecno Camon 20 Pro (4G),Smartphone 4G,102,10493.64,Dar es Salaam,TZ-DAR-007,0,0,Low Churn Risk (<15%)
TGO-SUB-100706,+25565364178,640025119022697,352044107615196,Prepaid,Dormant / At-Risk,Infinix Hot 30 (4G),Smartphone 4G,23,2081.16,Arusha,TZ-ARU-002,0,0,High Churn Risk (85%+)
TGO-SUB-100707,+25567992919,640028157007197,356891114513830,Prepaid,Youth & Campus Streamer,Infinix Hot 30 (4G),Smartphone 4G,65,24618.26,Mbeya,TZ-MBY-002,0,0,Low Churn Risk (<15%)
TGO-SUB-100708,+25571343904,640029681045368,356891114238513,Prepaid,Mass Market Voice/SMS,Xiaomi Redmi Note 12 (4G),Smartphone 4G,64,12296.49,Dar es Salaam,TZ-DAR-004,0,0,Low Churn Risk (<15%)
TGO-SUB-100709,+25567311824,640025946387490,864205047732260,Prepaid,Youth & Campus Streamer,Samsung Galaxy A54 (5G),Smartphone 5G,43,44622.2,Mwanza,TZ-MWA-003,0,0,Low Churn Risk (<15%)
TGO-SUB-100710,+25565391636,640029760047394,358721097795254,Hybrid,SME Trader & Merchant,Xiaomi Redmi Note 12 (4G),Smartphone 4G,70,77636.75,Arusha,TZ-ARU-002,0,0,Low Churn Risk (<15%)
TGO-SUB-100711,+25571797309,640025245043800,864205047376006,Prepaid,High-Value Data Pro,Infinix Hot 30 (4G),Smartphone 4G,9,135573.9,Dar es Salaam,TZ-DAR-005,0,0,Low Churn Risk (<15%)
TGO-SUB-100712,+25565154638,640021877118282,356891112821129,Prepaid,Mass Market Voice/SMS,Infinix Hot 30 (4G),Smartphone 4G,93,6065.6,Mara,TZ-MAR-001,0,0,Medium Churn Risk (40-60%)
TGO-SUB-100713,+25577426592,640021848411797,358721092850069,Hybrid,SME Trader & Merchant,Samsung Galaxy A54 (5G),Smartphone 5G,111,59137.63,Mbeya,TZ-MBY-002,0,0,Low Churn Risk (<15%)
TGO-SUB-100714,+25577183902,640026839359948,358721092759157,Prepaid,Youth & Campus Streamer,Tecno Camon 20 Pro (4G),Smartphone 4G,102,36252.63,Zanzibar,TZ-ZNZ-004,0,0,Low Churn Risk (<15%)
TGO-SUB-100715,+25577120773,640028567428724,358721099955281,Prepaid,Mass Market Voice/SMS,Xiaomi Redmi Note 12 (4G),Smartphone 4G,23,11927.75,Dar es Salaam,TZ-DAR-010,0,0,Low Churn Risk (<15%)
TGO-SUB-100716,+25567498930,640027286334202,358721093969836,Prepaid,Youth & Campus Streamer,Infinix Hot 30 (4G),Smartphone 4G,20,22996.73,Zanzibar,TZ-ZNZ-001,0,0,Low Churn Risk (<15%)
TGO-SUB-100717,+25565104383,640028410301978,358721095242066,Prepaid,Dormant / At-Risk,Itel Magic 2 (3G Feature),Feature Phone 3G,40,1119.43,Kagera,TZ-BUK-001,0,0,High Churn Risk (85%+)
TGO-SUB-100718,+25571528644,640024801044279,356891115035199,Prepaid,Mass Market Voice/SMS,Samsung Galaxy A54 (5G),Smartphone 5G,93,17356.45,Pemba,TZ-PEM-001,0,0,Low Churn Risk (<15%)
TGO-SUB-100719,+25567634363,640028340650878,352044108302860,Prepaid,Mass Market Voice/SMS,Infinix Hot 30 (4G),Smartphone 4G,118,14034.96,Pwani,TZ-PWA-001,0,0,Low Churn Risk (<15%)
TGO-SUB-100720,+25567761601,640029711293507,864205043740259,Prepaid,Youth & Campus Streamer,Tecno Camon 20 Pro (4G),Smartphone 4G,85,20391.51,Tabora,TZ-TAB-001,0,0,Low Churn Risk (<15%)
TGO-SUB-100721,+25565112936,640029986384992,358721095169839,Prepaid,High-Value Data Pro,Itel Magic 2 (3G Feature),Feature Phone 3G,55,169193.9,Mwanza,TZ-MWA-002,0,0,Low Churn Risk (<15%)
TGO-SUB-100722,+25567825443,640021381708520,352044109537792,Hybrid,SME Trader & Merchant,Samsung Galaxy A54 (5G),Smartphone 5G,22,78638.87,Ruvuma,TZ-SON-001,0,0,Low Churn Risk (<15%)
TGO-SUB-100723,+25577101655,640021416056343,358721096504626,Prepaid,Youth & Campus Streamer,Infinix Hot 30 (4G),Smartphone 4G,18,17630.93,Kilimanjaro,TZ-KIL-001,0,0,Low Churn Risk (<15%)
TGO-SUB-100724,+25565610102,640025073704803,358721096946393,Prepaid,High-Value Data Pro,Samsung Galaxy A54 (5G),Smartphone 5G,116,81927.53,Zanzibar,TZ-ZNZ-004,0,0,Low Churn Risk (<15%)
TGO-SUB-100725,+25577562139,640023681869740,864205041836864,Prepaid,High-Value Data Pro,Apple iPhone 15 Pro Max (5G),Smartphone 5G,62,67711.49,Dar es Salaam,TZ-DAR-002,0,0,Low Churn Risk (<15%)
TGO-SUB-100726,+25577805486,640024266466941,356891111640224,Postpaid,Corporate VIP,Xiaomi Redmi Note 12 (4G),Smartphone 4G,67,312207.0,Dar es Salaam,TZ-DAR-003,0,0,Medium Churn Risk (40-60%)
TGO-SUB-100727,+25571493914,640028565000642,358721095962195,Hybrid,SME Trader & Merchant,Infinix Hot 30 (4G),Smartphone 4G,105,74320.9,Arusha,TZ-ARU-002,0,0,Low Churn Risk (<15%)
TGO-SUB-100728,+25565478756,640028151456771,358721097404790,Prepaid,Mass Market Voice/SMS,Itel Magic 2 (3G Feature),Feature Phone 3G,90,15094.05,Dar es Salaam,TZ-DAR-001,0,0,Low Churn Risk (<15%)
TGO-SUB-100729,+25577860448,640024973004177,356891117311471,Hybrid,SME Trader & Merchant,Nokia 105 Dual SIM (2G Feature),Feature Phone 2G,58,75452.2,Kigoma,TZ-KIG-001,0,0,Low Churn Risk (<15%)
TGO-SUB-100730,+25577639926,640021807174408,352044101174385,Prepaid,Dormant / At-Risk,Nokia 105 Dual SIM (2G Feature),Feature Phone 2G,57,2207.44,Njombe,TZ-NJO-001,0,0,High Churn Risk (85%+)
TGO-SUB-100731,+25565736237,640027376034192,356891114652546,Prepaid,Mass Market Voice/SMS,Nokia 105 Dual SIM (2G Feature),Feature Phone 2G,116,10141.83,Songwe,TZ-TND-001,0,0,Low Churn Risk (<15%)
TGO-SUB-100732,+25571869946,640026947922164,864205048465252,Prepaid,Mass Market Voice/SMS,Nokia 105 Dual SIM (2G Feature),Feature Phone 2G,17,14772.93,Zanzibar,TZ-ZNZ-001,0,0,Low Churn Risk (<15%)
TGO-SUB-100733,+25577935527,640025669015536,358721092762167,Prepaid,Youth & Campus Streamer,Itel Magic 2 (3G Feature),Feature Phone 3G,97,29842.04,Pwani,TZ-PWA-001,0,0,Low Churn Risk (<15%)
TGO-SUB-100734,+25571210592,640024074187947,864205044423606,Hybrid,SME Trader & Merchant,Xiaomi Redmi Note 12 (4G),Smartphone 4G,86,46745.86,Shinyanga,TZ-SHI-001,0,0,Low Churn Risk (<15%)
TGO-SUB-100735,+25571797802,640028410598437,356891119341845,Prepaid,Mass Market Voice/SMS,Nokia 105 Dual SIM (2G Feature),Feature Phone 2G,44,14495.06,Tabora,TZ-TAB-001,0,0,Medium Churn Risk (40-60%)
TGO-SUB-100736,+25577852293,640028408939222,358721099477183,Prepaid,High-Value Data Pro,Samsung Galaxy A54 (5G),Smartphone 5G,76,70521.64,Dar es Salaam,TZ-DAR-006,0,0,Low Churn Risk (<15%)
TGO-SUB-100737,+25565880788,640025045892188,352044102336065,Prepaid,Youth & Campus Streamer,Itel Magic 2 (3G Feature),Feature Phone 3G,25,12055.39,Dar es Salaam,TZ-DAR-004,0,0,Low Churn Risk (<15%)
TGO-SUB-100738,+25577544280,640024421221951,864205042117636,Prepaid,Mass Market Voice/SMS,Samsung Galaxy S24 Ultra (5G),Smartphone 5G,108,7738.89,Kigoma,TZ-KIG-001,0,0,Low Churn Risk (<15%)
TGO-SUB-100739,+25565624112,640028215463132,864205047306824,Prepaid,Youth & Campus Streamer,Apple iPhone 15 Pro Max (5G),Smartphone 5G,41,38442.63,Ruvuma,TZ-SON-001,0,0,Medium Churn Risk (40-60%)
TGO-SUB-100740,+25567626781,640025825241186,358721097617323,Prepaid,Youth & Campus Streamer,Tecno Camon 20 Pro (4G),Smartphone 4G,106,24431.38,Mtwara,TZ-MTW-001,0,0,Low Churn Risk (<15%)
TGO-SUB-100741,+25565989265,640024480721612,356891119137352,Prepaid,Youth & Campus Streamer,Nokia 105 Dual SIM (2G Feature),Feature Phone 2G,109,21870.36,Kigoma,TZ-KIG-001,0,0,Low Churn Risk (<15%)
TGO-SUB-100742,+25565122613,640027648364190,352044105429577,Prepaid,Mass Market Voice/SMS,Itel Magic 2 (3G Feature),Feature Phone 3G,37,8865.95,Mara,TZ-TAR-001,0,0,Low Churn Risk (<15%)
TGO-SUB-100743,+25565835165,640022691239817,864205044391289,Prepaid,High-Value Data Pro,Nokia 105 Dual SIM (2G Feature),Feature Phone 2G,21,172149.05,Tanga,TZ-TAN-003,0,0,Low Churn Risk (<15%)
TGO-SUB-100744,+25565563348,640028284073512,352044102518573,Prepaid,Youth & Campus Streamer,Samsung Galaxy A54 (5G),Smartphone 5G,110,36265.52,Dar es Salaam,TZ-DAR-001,0,0,Low Churn Risk (<15%)
TGO-SUB-100745,+25571811267,640024686932034,358721095478582,Prepaid,High-Value Data Pro,Nokia 105 Dual SIM (2G Feature),Feature Phone 2G,16,176899.05,Dar es Salaam,TZ-DAR-012,0,0,Low Churn Risk (<15%)
TGO-SUB-100746,+25567722217,640028398297717,864205041356441,Prepaid,Youth & Campus Streamer,Samsung Galaxy A54 (5G),Smartphone 5G,49,34703.48,Dar es Salaam,TZ-DAR-012,0,0,Low Churn Risk (<15%)
TGO-SUB-100747,+25571915509,640026936078258,358721094851660,Prepaid,High-Value Data Pro,Apple iPhone 15 Pro Max (5G),Smartphone 5G,29,118706.21,Songwe,TZ-TND-001,0,0,Low Churn Risk (<15%)
TGO-SUB-100748,+25571715357,640027754396844,352044108274241,Prepaid,High-Value Data Pro,Xiaomi Redmi Note 12 (4G),Smartphone 4G,39,118102.98,Iringa,TZ-IRI-001,0,0,Low Churn Risk (<15%)
TGO-SUB-100749,+25565204271,640022396847823,864205045250190,Prepaid,Mass Market Voice/SMS,Tecno Camon 20 Pro (4G),Smartphone 4G,67,14752.12,Mara,TZ-TAR-001,0,0,Low Churn Risk (<15%)
TGO-SUB-100750,+25571890110,640024234059678,356891112894409,Postpaid,Corporate VIP,Infinix Hot 30 (4G),Smartphone 4G,17,267586.85,Arusha,TZ-ARU-001,0,0,Low Churn Risk (<15%)
TGO-SUB-100751,+25565784343,640021692392816,352044109928100,Prepaid,High-Value Data Pro,Apple iPhone 15 Pro Max (5G),Smartphone 5G,85,95829.35,Dodoma,TZ-DOM-001,0,0,Low Churn Risk (<15%)
TGO-SUB-100752,+25571360400,640022291067101,352044107911768,Prepaid,Youth & Campus Streamer,Tecno Camon 20 Pro (4G),Smartphone 4G,46,34938.35,Mara,TZ-TAR-001,0,0,Low Churn Risk (<15%)
TGO-SUB-100753,+25565821347,640024520856549,864205041385183,Prepaid,Mass Market Voice/SMS,Apple iPhone 15 Pro Max (5G),Smartphone 5G,28,6228.19,Dar es Salaam,TZ-DAR-009,0,0,Low Churn Risk (<15%)
TGO-SUB-100754,+25567390870,640027967780181,356891116765584,Prepaid,Youth & Campus Streamer,Samsung Galaxy A54 (5G),Smartphone 5G,33,17389.54,Geita,TZ-GEI-001,0,0,Medium Churn Risk (40-60%)
TGO-SUB-100755,+25577828252,640021875155003,352044107638743,Prepaid,Youth & Campus Streamer,Infinix Hot 30 (4G),Smartphone 4G,54,33376.45,Mara,TZ-MAR-001,0,0,Low Churn Risk (<15%)
TGO-SUB-100756,+25565431727,640027157381638,356891117329283,Prepaid,High-Value Data Pro,Samsung Galaxy S24 Ultra (5G),Smartphone 5G,43,73198.82,Dodoma,TZ-DOM-002,0,0,Low Churn Risk (<15%)
TGO-SUB-100757,+25571480443,640029200146508,352044102534373,Prepaid,High-Value Data Pro,Samsung Galaxy A54 (5G),Smartphone 5G,14,177538.23,Dar es Salaam,TZ-DAR-015,0,0,Low Churn Risk (<15%)
TGO-SUB-100758,+25571284267,640029055262383,358721092001818,Prepaid,Youth & Campus Streamer,Tecno Camon 20 Pro (4G),Smartphone 4G,115,21305.89,Tanga,TZ-TAN-001,0,0,Low Churn Risk (<15%)
TGO-SUB-100759,+25571279041,640028524236872,864205044619408,Prepaid,Mass Market Voice/SMS,Infinix Hot 30 (4G),Smartphone 4G,2,9039.77,Singida,TZ-SNG-001,0,0,Low Churn Risk (<15%)
TGO-SUB-100760,+25565789504,640021542747974,358721096951304,Prepaid,Youth & Campus Streamer,Samsung Galaxy S24 Ultra (5G),Smartphone 5G,87,44158.49,Zanzibar,TZ-ZNZ-001,0,0,Low Churn Risk (<15%)
TGO-SUB-100761,+25577841119,640022966178433,358721094711977,Hybrid,SME Trader & Merchant,Tecno Camon 20 Pro (4G),Smartphone 4G,105,57804.73,Zanzibar,TZ-ZNZ-001,0,0,Low Churn Risk (<15%)
TGO-SUB-100762,+25565420012,640026607773451,352044109863041,Prepaid,High-Value Data Pro,Infinix Hot 30 (4G),Smartphone 4G,8,88804.41,Dar es Salaam,TZ-DAR-006,0,0,Low Churn Risk (<15%)
TGO-SUB-100763,+25571879521,640029287521677,356891115445798,Prepaid,High-Value Data Pro,Nokia 105 Dual SIM (2G Feature),Feature Phone 2G,114,119736.62,Njombe,TZ-NJO-001,0,0,Low Churn Risk (<15%)
TGO-SUB-100764,+25571525167,640029649635759,864205049717830,Prepaid,Youth & Campus Streamer,Infinix Hot 30 (4G),Smartphone 4G,85,36739.04,Pwani,TZ-PWA-001,0,0,Low Churn Risk (<15%)
TGO-SUB-100765,+25571736877,640024881785530,864205041787715,Prepaid,Youth & Campus Streamer,Xiaomi Redmi Note 12 (4G),Smartphone 4G,22,43431.96,Mwanza,TZ-MWA-002,0,0,Low Churn Risk (<15%)
TGO-SUB-100766,+25567218733,640023916554137,356891114041544,Hybrid,SME Trader & Merchant,Tecno Camon 20 Pro (4G),Smartphone 4G,28,30145.23,Mbeya,TZ-MBY-002,0,0,Low Churn Risk (<15%)
TGO-SUB-100767,+25567774206,640024837200484,358721097477567,Postpaid,Corporate VIP,Samsung Galaxy S24 Ultra (5G),Smartphone 5G,1,271916.78,Tanga,TZ-TAN-003,0,0,Low Churn Risk (<15%)
TGO-SUB-100768,+25567857526,640026094508552,352044101092941,Prepaid,High-Value Data Pro,Tecno Camon 20 Pro (4G),Smartphone 4G,117,123491.59,Dar es Salaam,TZ-DAR-010,0,0,Low Churn Risk (<15%)
TGO-SUB-100769,+25577107246,640028115186493,864205045935636,Hybrid,SME Trader & Merchant,Tecno Camon 20 Pro (4G),Smartphone 4G,14,87992.57,Dodoma,TZ-DOM-001,0,0,Low Churn Risk (<15%)
TGO-SUB-100770,+25577788159,640028899980156,864205042466685,Postpaid,Corporate VIP,Xiaomi Redmi Note 12 (4G),Smartphone 4G,25,411580.17,Zanzibar,TZ-ZNZ-001,0,0,Low Churn Risk (<15%)
TGO-SUB-100771,+25567142211,640025869119942,358721098800605,Prepaid,High-Value Data Pro,Nokia 105 Dual SIM (2G Feature),Feature Phone 2G,35,83879.03,Shinyanga,TZ-SHI-001,0,0,Low Churn Risk (<15%)
TGO-SUB-100772,+25571541550,640025842292127,358721096262366,Prepaid,Dormant / At-Risk,Apple iPhone 15 Pro Max (5G),Smartphone 5G,20,2378.14,Dar es Salaam,TZ-DAR-009,0,0,High Churn Risk (85%+)
TGO-SUB-100773,+25567624288,640023939637388,356891118112595,Prepaid,Youth & Campus Streamer,Tecno Camon 20 Pro (4G),Smartphone 4G,63,12264.95,Shinyanga,TZ-SHI-001,0,0,Low Churn Risk (<15%)
TGO-SUB-100774,+25571897861,640022842334552,864205048646728,Hybrid,SME Trader & Merchant,Samsung Galaxy A54 (5G),Smartphone 5G,32,37476.3,Pwani,TZ-PWA-002,0,0,Low Churn Risk (<15%)
TGO-SUB-100775,+25577308050,640023624656441,864205049963989,Prepaid,High-Value Data Pro,Infinix Hot 30 (4G),Smartphone 4G,25,74455.34,Kilimanjaro,TZ-KIL-003,0,0,Medium Churn Risk (40-60%)
TGO-SUB-100776,+25565547011,640029665789482,864205041953520,Prepaid,Youth & Campus Streamer,Tecno Camon 20 Pro (4G),Smartphone 4G,55,35105.24,Dar es Salaam,TZ-DAR-015,0,0,Low Churn Risk (<15%)
TGO-SUB-100777,+25577164329,640027484815168,356891114190711,Hybrid,SME Trader & Merchant,Samsung Galaxy A54 (5G),Smartphone 5G,115,52816.59,Mwanza,TZ-MWA-001,0,0,Low Churn Risk (<15%)
TGO-SUB-100778,+25571290580,640021175617484,356891117925115,Prepaid,Youth & Campus Streamer,Samsung Galaxy A54 (5G),Smartphone 5G,33,41979.91,Dar es Salaam,TZ-DAR-007,0,0,Low Churn Risk (<15%)
TGO-SUB-100779,+25577481242,640026730698191,356891112015930,Prepaid,Mass Market Voice/SMS,Infinix Hot 30 (4G),Smartphone 4G,47,4954.62,Kilimanjaro,TZ-KIL-001,0,0,Low Churn Risk (<15%)
TGO-SUB-100780,+25567349825,640028087762657,864205047127116,Prepaid,High-Value Data Pro,Apple iPhone 15 Pro Max (5G),Smartphone 5G,76,135547.04,Tabora,TZ-TAB-001,0,0,Low Churn Risk (<15%)
TGO-SUB-100781,+25565302299,640028321459188,356891111785168,Hybrid,SME Trader & Merchant,Infinix Hot 30 (4G),Smartphone 4G,93,60822.9,Zanzibar,TZ-ZNZ-004,0,0,Low Churn Risk (<15%)
TGO-SUB-100782,+25565145939,640021549034032,358721096772364,Prepaid,Mass Market Voice/SMS,Nokia 105 Dual SIM (2G Feature),Feature Phone 2G,115,15691.32,Dodoma,TZ-DOM-002,0,0,Low Churn Risk (<15%)
TGO-SUB-100783,+25567570267,640022873145919,358721095393578,Prepaid,Youth & Campus Streamer,Nokia 105 Dual SIM (2G Feature),Feature Phone 2G,17,12721.87,Tabora,TZ-TAB-001,0,0,Low Churn Risk (<15%)
TGO-SUB-100784,+25567147652,640028793362077,358721098179538,Prepaid,Dormant / At-Risk,Nokia 105 Dual SIM (2G Feature),Feature Phone 2G,66,496.55,Zanzibar,TZ-ZNZ-004,0,0,High Churn Risk (85%+)
TGO-SUB-100785,+25577689822,640028642345291,358721097367144,Postpaid,Corporate VIP,Samsung Galaxy A54 (5G),Smartphone 5G,113,308726.33,Singida,TZ-SNG-001,0,0,Low Churn Risk (<15%)
TGO-SUB-100786,+25577628291,640027550139546,352044109938843,Hybrid,SME Trader & Merchant,Samsung Galaxy A54 (5G),Smartphone 5G,31,37741.72,Dar es Salaam,TZ-DAR-015,0,0,Medium Churn Risk (40-60%)
TGO-SUB-100787,+25567140989,640023747126998,352044102394304,Prepaid,High-Value Data Pro,Nokia 105 Dual SIM (2G Feature),Feature Phone 2G,15,177602.84,Kigoma,TZ-KIG-001,0,0,Low Churn Risk (<15%)
TGO-SUB-100788,+25571780154,640026880283365,356891118397308,Prepaid,High-Value Data Pro,Samsung Galaxy A54 (5G),Smartphone 5G,8,167800.29,Tanga,TZ-TAN-002,0,0,Low Churn Risk (<15%)
TGO-SUB-100789,+25571963955,640022526788512,352044102853204,Prepaid,Youth & Campus Streamer,Itel Magic 2 (3G Feature),Feature Phone 3G,75,44299.16,Pemba,TZ-PEM-001,0,0,Low Churn Risk (<15%)
TGO-SUB-100790,+25571857703,640028103123072,864205049565267,Hybrid,SME Trader & Merchant,Samsung Galaxy A54 (5G),Smartphone 5G,51,67808.15,Mtwara,TZ-MTW-001,0,0,Low Churn Risk (<15%)
TGO-SUB-100791,+25565567723,640028414342463,352044102555397,Prepaid,High-Value Data Pro,Apple iPhone 15 Pro Max (5G),Smartphone 5G,63,82203.36,Dar es Salaam,TZ-DAR-012,0,0,Low Churn Risk (<15%)
TGO-SUB-100792,+25565779020,640022211370833,352044102708322,Prepaid,Youth & Campus Streamer,Xiaomi Redmi Note 12 (4G),Smartphone 4G,32,18198.98,Dar es Salaam,TZ-DAR-010,0,0,Medium Churn Risk (40-60%)
TGO-SUB-100793,+25577776456,640029462741141,356891118594908,Prepaid,Mass Market Voice/SMS,Apple iPhone 15 Pro Max (5G),Smartphone 5G,3,3176.83,Dar es Salaam,TZ-DAR-007,0,0,Low Churn Risk (<15%)
TGO-SUB-100794,+25571966713,640025014410308,864205043604061,Prepaid,Mass Market Voice/SMS,Samsung Galaxy A54 (5G),Smartphone 5G,102,11994.56,Morogoro,TZ-MOR-001,0,0,Low Churn Risk (<15%)
TGO-SUB-100795,+25571668716,640024038499343,864205042459937,Prepaid,Mass Market Voice/SMS,Xiaomi Redmi Note 12 (4G),Smartphone 4G,20,15231.97,Tanga,TZ-TAN-003,0,0,Low Churn Risk (<15%)
TGO-SUB-100796,+25565158589,640023334799664,356891119649960,Hybrid,SME Trader & Merchant,Apple iPhone 15 Pro Max (5G),Smartphone 5G,1,63250.26,Shinyanga,TZ-KAH-001,0,0,Low Churn Risk (<15%)
TGO-SUB-100797,+25565125166,640026268529625,358721092545355,Hybrid,SME Trader & Merchant,Infinix Hot 30 (4G),Smartphone 4G,92,87134.36,Kilimanjaro,TZ-KIL-002,0,0,Low Churn Risk (<15%)
TGO-SUB-100798,+25571615711,640021473029049,356891113955035,Hybrid,SME Trader & Merchant,Samsung Galaxy S24 Ultra (5G),Smartphone 5G,78,53432.08,Dar es Salaam,TZ-DAR-006,0,0,Low Churn Risk (<15%)
TGO-SUB-100799,+25565286717,640022826411454,352044107551064,Prepaid,High-Value Data Pro,Tecno Camon 20 Pro (4G),Smartphone 4G,34,169948.12,Songwe,TZ-TND-001,0,0,Low Churn Risk (<15%)
TGO-SUB-100800,+25571927175,640023816872014,352044102549586,Prepaid,Mass Market Voice/SMS,Tecno Camon 20 Pro (4G),Smartphone 4G,74,17645.09,Kigoma,TZ-KIG-001,0,0,Medium Churn Risk (40-60%)
TGO-SUB-100801,+25577862008,640022196045940,356891114387462,Hybrid,SME Trader & Merchant,Samsung Galaxy A54 (5G),Smartphone 5G,53,50755.53,Mwanza,TZ-MWA-002,0,0,Low Churn Risk (<15%)
TGO-SUB-100802,+25567244935,640026351134654,358721096760237,Prepaid,Youth & Campus Streamer,Infinix Hot 30 (4G),Smartphone 4G,75,29695.01,Dar es Salaam,TZ-DAR-015,0,0,Low Churn Risk (<15%)
TGO-SUB-100803,+25577652542,640024213853162,356891113466175,Prepaid,Dormant / At-Risk,Samsung Galaxy S24 Ultra (5G),Smartphone 5G,61,51.46,Dodoma,TZ-DOM-002,0,0,High Churn Risk (85%+)
TGO-SUB-100804,+25565215507,640026795403548,864205044090127,Prepaid,Mass Market Voice/SMS,Apple iPhone 15 Pro Max (5G),Smartphone 5G,106,17577.29,Mwanza,TZ-MWA-001,0,0,Low Churn Risk (<15%)
TGO-SUB-100805,+25565158579,640024208320641,356891118295782,Postpaid,Corporate VIP,Tecno Camon 20 Pro (4G),Smartphone 4G,14,438421.35,Kilimanjaro,TZ-KIL-001,0,0,Medium Churn Risk (40-60%)
TGO-SUB-100806,+25571599988,640024738670174,356891112540215,Hybrid,SME Trader & Merchant,Apple iPhone 15 Pro Max (5G),Smartphone 5G,20,30811.05,Shinyanga,TZ-KAH-001,0,0,Low Churn Risk (<15%)
TGO-SUB-100807,+25565592584,640024193557045,352044105930246,Hybrid,SME Trader & Merchant,Xiaomi Redmi Note 12 (4G),Smartphone 4G,20,71915.06,Dar es Salaam,TZ-DAR-001,0,0,Low Churn Risk (<15%)
TGO-SUB-100808,+25571773662,640029727885096,864205046277432,Prepaid,Mass Market Voice/SMS,Samsung Galaxy S24 Ultra (5G),Smartphone 5G,107,13198.55,Geita,TZ-GEI-001,0,0,Low Churn Risk (<15%)
TGO-SUB-100809,+25567699853,640027450493016,864205045442502,Prepaid,High-Value Data Pro,Samsung Galaxy A54 (5G),Smartphone 5G,52,105307.23,Dar es Salaam,TZ-DAR-009,0,0,Low Churn Risk (<15%)
TGO-SUB-100810,+25571329540,640022684876851,356891119562237,Prepaid,Youth & Campus Streamer,Tecno Camon 20 Pro (4G),Smartphone 4G,103,25368.3,Kilimanjaro,TZ-KIL-002,0,0,Low Churn Risk (<15%)
TGO-SUB-100811,+25567778058,640022822019158,352044102136661,Prepaid,Youth & Campus Streamer,Samsung Galaxy S24 Ultra (5G),Smartphone 5G,21,39938.11,Dar es Salaam,TZ-DAR-002,0,0,Low Churn Risk (<15%)
TGO-SUB-100812,+25571168492,640029202043288,864205046784903,Postpaid,Corporate VIP,Infinix Hot 30 (4G),Smartphone 4G,73,208825.44,Dodoma,TZ-DOM-003,0,0,Low Churn Risk (<15%)
TGO-SUB-100813,+25577147899,640025501335775,356891114235950,Prepaid,Mass Market Voice/SMS,Itel Magic 2 (3G Feature),Feature Phone 3G,97,17381.09,Mara,TZ-MAR-001,0,0,Low Churn Risk (<15%)
TGO-SUB-100814,+25577860939,640023897756110,352044105270708,Prepaid,Mass Market Voice/SMS,Apple iPhone 15 Pro Max (5G),Smartphone 5G,62,5252.8,Singida,TZ-SNG-001,0,0,Low Churn Risk (<15%)
TGO-SUB-100815,+25571404212,640021692447546,358721091825781,Hybrid,SME Trader & Merchant,Itel Magic 2 (3G Feature),Feature Phone 3G,99,44017.07,Njombe,TZ-NJO-001,0,0,Low Churn Risk (<15%)
TGO-SUB-100816,+25565625986,640026761334796,864205044554884,Prepaid,Mass Market Voice/SMS,Tecno Camon 20 Pro (4G),Smartphone 4G,50,9463.52,Zanzibar,TZ-ZNZ-001,0,0,Low Churn Risk (<15%)
TGO-SUB-100817,+25565318964,640023606517080,864205046944387,Postpaid,Corporate VIP,Apple iPhone 15 Pro Max (5G),Smartphone 5G,103,372884.71,Tanga,TZ-TAN-003,0,0,Low Churn Risk (<15%)
TGO-SUB-100818,+25571623147,640025699183813,352044102779614,Hybrid,SME Trader & Merchant,Samsung Galaxy A54 (5G),Smartphone 5G,91,53616.34,Dar es Salaam,TZ-DAR-006,0,0,Medium Churn Risk (40-60%)
TGO-SUB-100819,+25577370473,640029530420568,352044109002167,Prepaid,High-Value Data Pro,Infinix Hot 30 (4G),Smartphone 4G,47,74875.95,Dodoma,TZ-DOM-003,0,0,Low Churn Risk (<15%)
TGO-SUB-100820,+25567520415,640023923089394,358721094845468,Prepaid,Dormant / At-Risk,Nokia 105 Dual SIM (2G Feature),Feature Phone 2G,53,1121.05,Njombe,TZ-NJO-001,0,0,High Churn Risk (85%+)
TGO-SUB-100821,+25577375594,640029773224781,356891118770393,Prepaid,Youth & Campus Streamer,Infinix Hot 30 (4G),Smartphone 4G,21,17100.55,Dar es Salaam,TZ-DAR-007,0,0,Low Churn Risk (<15%)
TGO-SUB-100822,+25577995304,640021313441038,358721095847341,Prepaid,Youth & Campus Streamer,Tecno Camon 20 Pro (4G),Smartphone 4G,11,29658.82,Kigoma,TZ-KIG-001,0,0,Low Churn Risk (<15%)
TGO-SUB-100823,+25565867324,640022860212181,358721094446881,Prepaid,Dormant / At-Risk,Tecno Camon 20 Pro (4G),Smartphone 4G,95,1458.89,Ruvuma,TZ-SON-001,0,0,High Churn Risk (85%+)
TGO-SUB-100824,+25577219879,640026490579087,356891116715592,Prepaid,High-Value Data Pro,Itel Magic 2 (3G Feature),Feature Phone 3G,77,85616.42,Dodoma,TZ-DOM-003,0,0,Medium Churn Risk (40-60%)
TGO-SUB-100825,+25577165431,640023033278918,356891113217660,Prepaid,Youth & Campus Streamer,Itel Magic 2 (3G Feature),Feature Phone 3G,19,20904.99,Mbeya,TZ-MBY-002,0,0,Low Churn Risk (<15%)
TGO-SUB-100826,+25571387210,640022739755884,352044108468027,Prepaid,Youth & Campus Streamer,Nokia 105 Dual SIM (2G Feature),Feature Phone 2G,7,34098.27,Pwani,TZ-PWA-002,0,0,Low Churn Risk (<15%)
TGO-SUB-100827,+25571549350,640028529833811,864205043082525,Prepaid,Youth & Campus Streamer,Itel Magic 2 (3G Feature),Feature Phone 3G,90,29671.71,Morogoro,TZ-MOR-001,0,0,Low Churn Risk (<15%)
TGO-SUB-100828,+25577471921,640027744459607,356891116881559,Prepaid,Youth & Campus Streamer,Samsung Galaxy A54 (5G),Smartphone 5G,106,31090.15,Dar es Salaam,TZ-DAR-010,0,0,Low Churn Risk (<15%)
TGO-SUB-100829,+25567114875,640025928417345,352044102191256,Prepaid,Youth & Campus Streamer,Samsung Galaxy A54 (5G),Smartphone 5G,82,44611.87,Shinyanga,TZ-KAH-001,0,0,Low Churn Risk (<15%)
TGO-SUB-100830,+25577769952,640021418527641,864205048819313,Prepaid,Youth & Campus Streamer,Tecno Camon 20 Pro (4G),Smartphone 4G,27,17481.33,Kilimanjaro,TZ-KIL-002,0,0,Low Churn Risk (<15%)
TGO-SUB-100831,+25565812641,640025356690340,352044101169774,Prepaid,Youth & Campus Streamer,Nokia 105 Dual SIM (2G Feature),Feature Phone 2G,59,40636.02,Ruvuma,TZ-SON-001,0,0,Low Churn Risk (<15%)
TGO-SUB-100832,+25577530321,640026805631767,358721096485835,Prepaid,High-Value Data Pro,Apple iPhone 15 Pro Max (5G),Smartphone 5G,21,111406.03,Dar es Salaam,TZ-DAR-012,0,0,Low Churn Risk (<15%)
TGO-SUB-100833,+25577500098,640028216755528,352044108361979,Prepaid,Mass Market Voice/SMS,Nokia 105 Dual SIM (2G Feature),Feature Phone 2G,14,4488.38,Dar es Salaam,TZ-DAR-006,0,0,Low Churn Risk (<15%)
TGO-SUB-100834,+25571781180,640029660485827,358721092087117,Prepaid,Youth & Campus Streamer,Xiaomi Redmi Note 12 (4G),Smartphone 4G,75,29976.21,Mbeya,TZ-MBY-002,0,0,Low Churn Risk (<15%)
TGO-SUB-100835,+25571800144,640022806638735,864205049146177,Prepaid,High-Value Data Pro,Infinix Hot 30 (4G),Smartphone 4G,102,162761.12,Dar es Salaam,TZ-DAR-008,0,0,Low Churn Risk (<15%)
TGO-SUB-100836,+25577532993,640022699984810,352044109201923,Hybrid,SME Trader & Merchant,Tecno Camon 20 Pro (4G),Smartphone 4G,102,72814.32,Tanga,TZ-TAN-003,0,0,Low Churn Risk (<15%)
TGO-SUB-100837,+25577806007,640022037468443,358721091342610,Prepaid,Mass Market Voice/SMS,Samsung Galaxy S24 Ultra (5G),Smartphone 5G,77,15611.54,Mara,TZ-TAR-001,0,0,Low Churn Risk (<15%)
TGO-SUB-100838,+25567451367,640022846920487,358721093020199,Prepaid,Mass Market Voice/SMS,Infinix Hot 30 (4G),Smartphone 4G,82,15019.97,Dodoma,TZ-DOM-003,0,0,Low Churn Risk (<15%)
TGO-SUB-100839,+25577863481,640026041077282,352044106424042,Prepaid,High-Value Data Pro,Tecno Camon 20 Pro (4G),Smartphone 4G,74,156140.64,Mara,TZ-MAR-001,0,0,Medium Churn Risk (40-60%)
TGO-SUB-100840,+25577983981,640029232015048,864205044380653,Postpaid,Corporate VIP,Apple iPhone 15 Pro Max (5G),Smartphone 5G,4,123807.58,Pemba,TZ-PEM-001,0,0,Low Churn Risk (<15%)
TGO-SUB-100841,+25571699569,640022642416330,864205045757455,Prepaid,Youth & Campus Streamer,Samsung Galaxy A54 (5G),Smartphone 5G,32,19317.92,Dar es Salaam,TZ-DAR-013,0,0,Low Churn Risk (<15%)
TGO-SUB-100842,+25577907814,640025517226989,356891112507530,Prepaid,Youth & Campus Streamer,Infinix Hot 30 (4G),Smartphone 4G,16,15412.83,Geita,TZ-GEI-001,0,0,Low Churn Risk (<15%)
TGO-SUB-100843,+25571248725,640026508136828,864205041972831,Hybrid,SME Trader & Merchant,Tecno Camon 20 Pro (4G),Smartphone 4G,102,84490.53,Kilimanjaro,TZ-KIL-003,0,0,Medium Churn Risk (40-60%)
TGO-SUB-100844,+25571533843,640025610973669,356891113205116,Hybrid,SME Trader & Merchant,Tecno Camon 20 Pro (4G),Smartphone 4G,39,89039.66,Mtwara,TZ-MTW-001,0,0,Low Churn Risk (<15%)
TGO-SUB-100845,+25571287356,640024671376399,356891114594625,Prepaid,Youth & Campus Streamer,Tecno Camon 20 Pro (4G),Smartphone 4G,33,30033.93,Dar es Salaam,TZ-DAR-011,0,0,Low Churn Risk (<15%)
TGO-SUB-100846,+25571302212,640023603225974,356891116431578,Hybrid,SME Trader & Merchant,Xiaomi Redmi Note 12 (4G),Smartphone 4G,18,53717.89,Dar es Salaam,TZ-DAR-014,0,0,Medium Churn Risk (40-60%)
TGO-SUB-100847,+25565187496,640025036616886,352044103869607,Prepaid,High-Value Data Pro,Samsung Galaxy A54 (5G),Smartphone 5G,96,144970.03,Iringa,TZ-IRI-001,0,0,Low Churn Risk (<15%)
TGO-SUB-100848,+25577557244,640026124128956,864205043074884,Prepaid,High-Value Data Pro,Itel Magic 2 (3G Feature),Feature Phone 3G,102,155178.39,Singida,TZ-SNG-001,0,0,Low Churn Risk (<15%)
TGO-SUB-100849,+25565857135,640027390188891,358721095443209,Prepaid,Mass Market Voice/SMS,Xiaomi Redmi Note 12 (4G),Smartphone 4G,26,12343.66,Tabora,TZ-TAB-001,0,0,Low Churn Risk (<15%)
TGO-SUB-100850,+25567492125,640024519045785,358721092753730,Hybrid,SME Trader & Merchant,Itel Magic 2 (3G Feature),Feature Phone 3G,83,56637.54,Tabora,TZ-TAB-001,0,0,Low Churn Risk (<15%)
TGO-SUB-100851,+25567517654,640021128591125,864205049483405,Prepaid,High-Value Data Pro,Tecno Camon 20 Pro (4G),Smartphone 4G,48,89438.18,Dar es Salaam,TZ-DAR-014,0,0,Low Churn Risk (<15%)
TGO-SUB-100852,+25565917380,640022350564914,356891114340640,Hybrid,SME Trader & Merchant,Infinix Hot 30 (4G),Smartphone 4G,72,66885.5,Arusha,TZ-ARU-001,0,0,Low Churn Risk (<15%)
TGO-SUB-100853,+25571504321,640021933998295,352044108510589,Prepaid,Mass Market Voice/SMS,Itel Magic 2 (3G Feature),Feature Phone 3G,54,13070.17,Dodoma,TZ-DOM-003,0,0,Low Churn Risk (<15%)
TGO-SUB-100854,+25577433219,640028788469970,864205043066980,Prepaid,Youth & Campus Streamer,Xiaomi Redmi Note 12 (4G),Smartphone 4G,58,44678.57,Mwanza,TZ-MWA-001,0,0,Medium Churn Risk (40-60%)
TGO-SUB-100855,+25565730645,640022644360541,356891113988820,Prepaid,Mass Market Voice/SMS,Infinix Hot 30 (4G),Smartphone 4G,108,17819.32,Geita,TZ-GEI-001,0,0,Low Churn Risk (<15%)
TGO-SUB-100856,+25577138805,640025462987469,356891111728277,Prepaid,Mass Market Voice/SMS,Apple iPhone 15 Pro Max (5G),Smartphone 5G,45,13848.81,Tanga,TZ-TAN-001,0,0,Low Churn Risk (<15%)
TGO-SUB-100857,+25577183641,640026640042225,356891115124334,Prepaid,Youth & Campus Streamer,Infinix Hot 30 (4G),Smartphone 4G,80,40006.19,Dar es Salaam,TZ-DAR-008,0,0,Low Churn Risk (<15%)
TGO-SUB-100858,+25571130710,640021962134345,356891112454731,Prepaid,Mass Market Voice/SMS,Itel Magic 2 (3G Feature),Feature Phone 3G,25,13863.8,Dar es Salaam,TZ-DAR-015,0,0,Low Churn Risk (<15%)
TGO-SUB-100859,+25567955792,640025250149467,356891113723020,Prepaid,Mass Market Voice/SMS,Apple iPhone 15 Pro Max (5G),Smartphone 5G,102,4125.63,Arusha,TZ-ARU-002,0,0,Low Churn Risk (<15%)
TGO-SUB-100860,+25577383023,640024000742597,864205047117957,Hybrid,SME Trader & Merchant,Apple iPhone 15 Pro Max (5G),Smartphone 5G,115,39620.1,Singida,TZ-SNG-001,0,0,Low Churn Risk (<15%)
TGO-SUB-100861,+25577767841,640023265977202,358721097933907,Hybrid,SME Trader & Merchant,Itel Magic 2 (3G Feature),Feature Phone 3G,99,77506.2,Dar es Salaam,TZ-DAR-015,0,0,Medium Churn Risk (40-60%)
TGO-SUB-100862,+25567845937,640025650566007,864205047915153,Prepaid,High-Value Data Pro,Infinix Hot 30 (4G),Smartphone 4G,28,119352.69,Dar es Salaam,TZ-DAR-014,0,0,Medium Churn Risk (40-60%)
TGO-SUB-100863,+25577958271,640022653821070,358721092096125,Prepaid,Youth & Campus Streamer,Samsung Galaxy A54 (5G),Smartphone 5G,40,29412.27,Arusha,TZ-ARU-001,0,0,Low Churn Risk (<15%)
TGO-SUB-100864,+25577787120,640023166860023,864205043294125,Prepaid,Youth & Campus Streamer,Tecno Camon 20 Pro (4G),Smartphone 4G,25,32475.78,Dar es Salaam,TZ-DAR-013,0,0,Low Churn Risk (<15%)
TGO-SUB-100865,+25571391334,640022817174845,352044107052821,Prepaid,Mass Market Voice/SMS,Apple iPhone 15 Pro Max (5G),Smartphone 5G,59,14175.39,Pwani,TZ-PWA-001,0,0,Medium Churn Risk (40-60%)
TGO-SUB-100866,+25565379714,640025417744298,358721094690534,Prepaid,Youth & Campus Streamer,Apple iPhone 15 Pro Max (5G),Smartphone 5G,65,23696.09,Dar es Salaam,TZ-DAR-014,0,0,Low Churn Risk (<15%)
TGO-SUB-100867,+25577632599,640022433400257,358721093858305,Prepaid,Youth & Campus Streamer,Apple iPhone 15 Pro Max (5G),Smartphone 5G,25,36156.05,Mwanza,TZ-MWA-002,0,0,Low Churn Risk (<15%)
TGO-SUB-100868,+25577285225,640027846389041,358721096438106,Postpaid,Corporate VIP,Apple iPhone 15 Pro Max (5G),Smartphone 5G,7,202151.6,Dar es Salaam,TZ-DAR-008,0,0,Low Churn Risk (<15%)
TGO-SUB-100869,+25571703172,640022143226860,356891116579801,Prepaid,Mass Market Voice/SMS,Samsung Galaxy A54 (5G),Smartphone 5G,13,13492.68,Kilimanjaro,TZ-KIL-003,0,0,Low Churn Risk (<15%)
TGO-SUB-100870,+25565869575,640028265726536,358721093156972,Hybrid,SME Trader & Merchant,Xiaomi Redmi Note 12 (4G),Smartphone 4G,1,48719.52,Tabora,TZ-TAB-001,0,0,Low Churn Risk (<15%)
TGO-SUB-100871,+25571294069,640022024862905,352044108145441,Hybrid,SME Trader & Merchant,Samsung Galaxy A54 (5G),Smartphone 5G,55,59589.06,Dar es Salaam,TZ-DAR-001,0,0,Low Churn Risk (<15%)
TGO-SUB-100872,+25567121838,640021330614006,356891117228595,Prepaid,Youth & Campus Streamer,Itel Magic 2 (3G Feature),Feature Phone 3G,6,28114.14,Pwani,TZ-PWA-001,0,0,Low Churn Risk (<15%)
TGO-SUB-100873,+25571694822,640023160997637,864205049129151,Prepaid,Mass Market Voice/SMS,Apple iPhone 15 Pro Max (5G),Smartphone 5G,70,8035.16,Kagera,TZ-BUK-001,0,0,Low Churn Risk (<15%)
TGO-SUB-100874,+25567795634,640027384440186,352044105810350,Hybrid,SME Trader & Merchant,Xiaomi Redmi Note 12 (4G),Smartphone 4G,110,51693.03,Mara,TZ-TAR-001,0,0,Low Churn Risk (<15%)
TGO-SUB-100875,+25577218238,640023747921408,864205045302503,Prepaid,High-Value Data Pro,Infinix Hot 30 (4G),Smartphone 4G,90,119739.87,Pwani,TZ-PWA-001,0,0,Low Churn Risk (<15%)
TGO-SUB-100876,+25577476879,640021383428853,358721097697601,Prepaid,Mass Market Voice/SMS,Itel Magic 2 (3G Feature),Feature Phone 3G,113,13182.02,Mwanza,TZ-MWA-003,0,0,Low Churn Risk (<15%)
TGO-SUB-100877,+25565378196,640026717441860,358721093896664,Prepaid,Youth & Campus Streamer,Samsung Galaxy A54 (5G),Smartphone 5G,56,35160.58,Shinyanga,TZ-KAH-001,0,0,Low Churn Risk (<15%)
TGO-SUB-100878,+25577694188,640028698043887,352044102155430,Prepaid,Youth & Campus Streamer,Tecno Camon 20 Pro (4G),Smartphone 4G,38,27388.48,Dar es Salaam,TZ-DAR-010,0,0,Low Churn Risk (<15%)
TGO-SUB-100879,+25565418395,640027385863902,356891119386354,Postpaid,Corporate VIP,Samsung Galaxy S24 Ultra (5G),Smartphone 5G,63,213395.71,Singida,TZ-SNG-001,0,0,Low Churn Risk (<15%)
TGO-SUB-100880,+25567105337,640027143189785,356891111523264,Prepaid,Mass Market Voice/SMS,Apple iPhone 15 Pro Max (5G),Smartphone 5G,99,14778.95,Mara,TZ-MAR-001,0,0,Low Churn Risk (<15%)
TGO-SUB-100881,+25565190181,640028358125511,864205048686613,Prepaid,Mass Market Voice/SMS,Tecno Camon 20 Pro (4G),Smartphone 4G,46,7362.03,Dar es Salaam,TZ-DAR-003,0,0,Low Churn Risk (<15%)
TGO-SUB-100882,+25565951138,640026953859063,358721092029054,Prepaid,Youth & Campus Streamer,Nokia 105 Dual SIM (2G Feature),Feature Phone 2G,42,17718.96,Mwanza,TZ-MWA-002,0,0,Low Churn Risk (<15%)
TGO-SUB-100883,+25565816514,640024297076131,352044102422826,Hybrid,SME Trader & Merchant,Infinix Hot 30 (4G),Smartphone 4G,60,35563.87,Dodoma,TZ-DOM-003,0,0,Low Churn Risk (<15%)
TGO-SUB-100884,+25565494228,640028876335861,356891112453428,Hybrid,SME Trader & Merchant,Tecno Camon 20 Pro (4G),Smartphone 4G,46,90767.19,Zanzibar,TZ-ZNZ-001,0,0,Low Churn Risk (<15%)
TGO-SUB-100885,+25577589215,640027057014664,356891116860580,Hybrid,SME Trader & Merchant,Itel Magic 2 (3G Feature),Feature Phone 3G,101,79130.67,Mbeya,TZ-MBY-001,0,0,Low Churn Risk (<15%)
TGO-SUB-100886,+25565708512,640027494878720,864205047510508,Prepaid,Mass Market Voice/SMS,Nokia 105 Dual SIM (2G Feature),Feature Phone 2G,86,3803.04,Kilimanjaro,TZ-KIL-003,0,0,Low Churn Risk (<15%)
TGO-SUB-100887,+25571585289,640021233415299,356891113832981,Prepaid,High-Value Data Pro,Tecno Camon 20 Pro (4G),Smartphone 4G,111,94869.23,Shinyanga,TZ-SHI-001,0,0,Low Churn Risk (<15%)
TGO-SUB-100888,+25571227341,640029817654910,864205046413422,Prepaid,Dormant / At-Risk,Infinix Hot 30 (4G),Smartphone 4G,82,409.21,Njombe,TZ-NJO-001,0,0,High Churn Risk (85%+)
TGO-SUB-100889,+25565415508,640027993235236,356891119447507,Hybrid,SME Trader & Merchant,Infinix Hot 30 (4G),Smartphone 4G,16,34364.23,Dar es Salaam,TZ-DAR-010,0,0,Low Churn Risk (<15%)
TGO-SUB-100890,+25571359214,640021877434572,358721091258548,Prepaid,High-Value Data Pro,Tecno Camon 20 Pro (4G),Smartphone 4G,24,74617.37,Kilimanjaro,TZ-KIL-003,0,0,Low Churn Risk (<15%)
TGO-SUB-100891,+25565982608,640025824092354,864205047671010,Prepaid,Mass Market Voice/SMS,Samsung Galaxy A54 (5G),Smartphone 5G,90,12861.98,Dar es Salaam,TZ-DAR-011,0,0,Low Churn Risk (<15%)
TGO-SUB-100892,+25565599288,640027358555069,352044107999611,Prepaid,Youth & Campus Streamer,Itel Magic 2 (3G Feature),Feature Phone 3G,103,34034.09,Kilimanjaro,TZ-KIL-003,0,0,Low Churn Risk (<15%)
TGO-SUB-100893,+25571586501,640022824643661,356891113971897,Hybrid,SME Trader & Merchant,Apple iPhone 15 Pro Max (5G),Smartphone 5G,115,67734.97,Dar es Salaam,TZ-DAR-003,0,0,Low Churn Risk (<15%)
TGO-SUB-100894,+25577144702,640025893271373,358721093903540,Hybrid,SME Trader & Merchant,Itel Magic 2 (3G Feature),Feature Phone 3G,116,85629.57,Mara,TZ-MAR-001,0,0,Low Churn Risk (<15%)
TGO-SUB-100895,+25577637966,640021269576948,864205044689599,Prepaid,Youth & Campus Streamer,Tecno Camon 20 Pro (4G),Smartphone 4G,85,37961.0,Tanga,TZ-TAN-001,0,0,Low Churn Risk (<15%)
TGO-SUB-100896,+25567513064,640027372634805,358721097352712,Prepaid,Mass Market Voice/SMS,Infinix Hot 30 (4G),Smartphone 4G,90,14630.97,Mara,TZ-TAR-001,0,0,Low Churn Risk (<15%)
TGO-SUB-100897,+25567717456,640022734195515,356891111309552,Prepaid,Youth & Campus Streamer,Samsung Galaxy A54 (5G),Smartphone 5G,98,28481.32,Njombe,TZ-NJO-001,0,0,Low Churn Risk (<15%)
TGO-SUB-100898,+25565909231,640022016263083,864205048635346,Hybrid,SME Trader & Merchant,Xiaomi Redmi Note 12 (4G),Smartphone 4G,5,34184.04,Mbeya,TZ-MBY-001,0,0,Low Churn Risk (<15%)
TGO-SUB-100899,+25571562976,640028573538960,356891112825225,Hybrid,SME Trader & Merchant,Apple iPhone 15 Pro Max (5G),Smartphone 5G,26,38659.08,Mbeya,TZ-MBY-002,0,0,Low Churn Risk (<15%)
TGO-SUB-100900,+25565364760,640027404238705,352044103364503,Hybrid,SME Trader & Merchant,Xiaomi Redmi Note 12 (4G),Smartphone 4G,75,64354.41,Morogoro,TZ-MOR-001,0,0,Low Churn Risk (<15%)
TGO-SUB-100901,+25571759675,640021413202112,356891119493552,Hybrid,SME Trader & Merchant,Nokia 105 Dual SIM (2G Feature),Feature Phone 2G,44,56521.78,Dodoma,TZ-DOM-001,0,0,Low Churn Risk (<15%)
TGO-SUB-100902,+25565815507,640023131057424,864205046980767,Hybrid,SME Trader & Merchant,Tecno Camon 20 Pro (4G),Smartphone 4G,57,88484.12,Dar es Salaam,TZ-DAR-009,0,0,Low Churn Risk (<15%)
TGO-SUB-100903,+25577755853,640029894308703,356891112333708,Prepaid,High-Value Data Pro,Samsung Galaxy A54 (5G),Smartphone 5G,3,87668.82,Tabora,TZ-TAB-001,0,0,Low Churn Risk (<15%)
TGO-SUB-100904,+25565961224,640029334888790,352044105093915,Prepaid,Mass Market Voice/SMS,Samsung Galaxy S24 Ultra (5G),Smartphone 5G,31,17521.72,Dar es Salaam,TZ-DAR-005,0,0,Low Churn Risk (<15%)
TGO-SUB-100905,+25567518612,640023657059704,356891117110817,Prepaid,Dormant / At-Risk,Nokia 105 Dual SIM (2G Feature),Feature Phone 2G,44,1959.7,Dar es Salaam,TZ-DAR-003,0,0,High Churn Risk (85%+)
TGO-SUB-100906,+25577373553,640026156156606,356891112460543,Prepaid,Youth & Campus Streamer,Infinix Hot 30 (4G),Smartphone 4G,8,42497.75,Songwe,TZ-TND-001,0,0,Low Churn Risk (<15%)
TGO-SUB-100907,+25565617530,640025446846255,356891115364599,Prepaid,Mass Market Voice/SMS,Xiaomi Redmi Note 12 (4G),Smartphone 4G,35,16312.78,Shinyanga,TZ-SHI-001,0,0,Low Churn Risk (<15%)
TGO-SUB-100908,+25571209116,640025447868483,864205047819275,Hybrid,SME Trader & Merchant,Tecno Camon 20 Pro (4G),Smartphone 4G,8,85239.18,Dar es Salaam,TZ-DAR-015,0,0,Medium Churn Risk (40-60%)
TGO-SUB-100909,+25571911192,640029667651430,358721091546736,Prepaid,Youth & Campus Streamer,Xiaomi Redmi Note 12 (4G),Smartphone 4G,15,26180.72,Mwanza,TZ-MWA-002,0,0,Low Churn Risk (<15%)
TGO-SUB-100910,+25577223724,640026874264020,864205044597936,Hybrid,SME Trader & Merchant,Nokia 105 Dual SIM (2G Feature),Feature Phone 2G,96,35979.4,Dar es Salaam,TZ-DAR-001,0,0,Low Churn Risk (<15%)
TGO-SUB-100911,+25571940713,640024091632789,356891111803330,Prepaid,High-Value Data Pro,Apple iPhone 15 Pro Max (5G),Smartphone 5G,114,65246.33,Arusha,TZ-ARU-003,0,0,Low Churn Risk (<15%)
TGO-SUB-100912,+25565406616,640027003585379,356891117884841,Prepaid,Mass Market Voice/SMS,Samsung Galaxy S24 Ultra (5G),Smartphone 5G,46,6087.91,Zanzibar,TZ-ZNZ-001,0,0,Low Churn Risk (<15%)
TGO-SUB-100913,+25565565087,640028357853916,352044109181078,Prepaid,Youth & Campus Streamer,Samsung Galaxy A54 (5G),Smartphone 5G,70,29385.86,Tanga,TZ-TAN-001,0,0,Low Churn Risk (<15%)
TGO-SUB-100914,+25571156620,640027383213464,356891113134422,Prepaid,Youth & Campus Streamer,Nokia 105 Dual SIM (2G Feature),Feature Phone 2G,48,22062.99,Dodoma,TZ-DOM-002,0,0,Low Churn Risk (<15%)
TGO-SUB-100915,+25565137609,640025200090187,358721097814787,Postpaid,Corporate VIP,Itel Magic 2 (3G Feature),Feature Phone 3G,50,395987.32,Tanga,TZ-TAN-001,0,0,Low Churn Risk (<15%)
TGO-SUB-100916,+25567967359,640025145057803,356891113926499,Postpaid,Corporate VIP,Tecno Camon 20 Pro (4G),Smartphone 4G,27,246254.1,Mwanza,TZ-MWA-003,0,0,Medium Churn Risk (40-60%)
TGO-SUB-100917,+25577293385,640028129326560,356891117924824,Prepaid,Mass Market Voice/SMS,Samsung Galaxy S24 Ultra (5G),Smartphone 5G,44,17058.36,Tabora,TZ-TAB-001,0,0,Low Churn Risk (<15%)
TGO-SUB-100918,+25567949602,640025412413776,358721095483170,Prepaid,Youth & Campus Streamer,Xiaomi Redmi Note 12 (4G),Smartphone 4G,69,43431.63,Njombe,TZ-NJO-001,0,0,Low Churn Risk (<15%)
TGO-SUB-100919,+25577544423,640027523681065,864205044998127,Prepaid,Mass Market Voice/SMS,Xiaomi Redmi Note 12 (4G),Smartphone 4G,88,4978.09,Dar es Salaam,TZ-DAR-001,0,0,Low Churn Risk (<15%)
TGO-SUB-100920,+25567189691,640025289839506,352044104539289,Prepaid,Youth & Campus Streamer,Tecno Camon 20 Pro (4G),Smartphone 4G,84,23935.93,Songwe,TZ-TND-001,0,0,Low Churn Risk (<15%)
TGO-SUB-100921,+25571230344,640028132980658,352044109887652,Postpaid,Corporate VIP,Tecno Camon 20 Pro (4G),Smartphone 4G,62,122927.33,Dar es Salaam,TZ-DAR-003,0,0,Low Churn Risk (<15%)
TGO-SUB-100922,+25565528459,640029841554539,356891113898749,Prepaid,Dormant / At-Risk,Infinix Hot 30 (4G),Smartphone 4G,99,1321.32,Pwani,TZ-PWA-002,0,0,High Churn Risk (85%+)
TGO-SUB-100923,+25567372148,640029027531700,864205043384662,Prepaid,Youth & Campus Streamer,Apple iPhone 15 Pro Max (5G),Smartphone 5G,24,13636.13,Dar es Salaam,TZ-DAR-008,0,0,Low Churn Risk (<15%)
TGO-SUB-100924,+25577708059,640022362941028,864205041637664,Postpaid,Corporate VIP,Itel Magic 2 (3G Feature),Feature Phone 3G,6,398827.2,Arusha,TZ-ARU-003,0,0,Low Churn Risk (<15%)
TGO-SUB-100925,+25565466718,640021468853596,358721092186808,Hybrid,SME Trader & Merchant,Samsung Galaxy S24 Ultra (5G),Smartphone 5G,54,67073.78,Shinyanga,TZ-KAH-001,0,0,Low Churn Risk (<15%)
TGO-SUB-100926,+25571773067,640022215838266,356891114424029,Hybrid,SME Trader & Merchant,Xiaomi Redmi Note 12 (4G),Smartphone 4G,38,56528.94,Iringa,TZ-IRI-001,0,0,Low Churn Risk (<15%)
TGO-SUB-100927,+25571268100,640022581844680,352044102573529,Prepaid,Youth & Campus Streamer,Samsung Galaxy S24 Ultra (5G),Smartphone 5G,95,38665.13,Mara,TZ-MAR-001,0,0,Low Churn Risk (<15%)
TGO-SUB-100928,+25567325306,640023502618368,864205044996011,Prepaid,Dormant / At-Risk,Itel Magic 2 (3G Feature),Feature Phone 3G,65,2976.96,Dodoma,TZ-DOM-003,0,0,High Churn Risk (85%+)
TGO-SUB-100929,+25577665148,640024148407142,356891117365927,Prepaid,Youth & Campus Streamer,Infinix Hot 30 (4G),Smartphone 4G,38,22459.0,Dar es Salaam,TZ-DAR-013,0,0,Low Churn Risk (<15%)
TGO-SUB-100930,+25565444650,640022554627667,358721094301081,Hybrid,SME Trader & Merchant,Infinix Hot 30 (4G),Smartphone 4G,46,92244.56,Mwanza,TZ-MWA-001,0,0,Low Churn Risk (<15%)
TGO-SUB-100931,+25571479895,640028100997954,864205045707776,Prepaid,Mass Market Voice/SMS,Samsung Galaxy A54 (5G),Smartphone 5G,117,17801.17,Dodoma,TZ-DOM-001,0,0,Low Churn Risk (<15%)
TGO-SUB-100932,+25577806850,640026527129795,352044102236941,Prepaid,Youth & Campus Streamer,Tecno Camon 20 Pro (4G),Smartphone 4G,99,16897.15,Kagera,TZ-BUK-001,0,0,Low Churn Risk (<15%)
TGO-SUB-100933,+25565288655,640029059101113,356891112748721,Prepaid,Mass Market Voice/SMS,Tecno Camon 20 Pro (4G),Smartphone 4G,17,13670.73,Shinyanga,TZ-SHI-001,0,0,Low Churn Risk (<15%)
TGO-SUB-100934,+25571974364,640022852934216,864205041765612,Prepaid,Youth & Campus Streamer,Tecno Camon 20 Pro (4G),Smartphone 4G,52,24807.77,Mwanza,TZ-MWA-002,0,0,Low Churn Risk (<15%)
TGO-SUB-100935,+25565846568,640022260108602,352044109647765,Prepaid,Youth & Campus Streamer,Infinix Hot 30 (4G),Smartphone 4G,118,44806.43,Dar es Salaam,TZ-DAR-003,0,0,Medium Churn Risk (40-60%)
TGO-SUB-100936,+25567570700,640029206283313,358721098766776,Prepaid,Youth & Campus Streamer,Samsung Galaxy A54 (5G),Smartphone 5G,76,16441.98,Dar es Salaam,TZ-DAR-012,0,0,Low Churn Risk (<15%)
TGO-SUB-100937,+25571259652,640024846569158,352044108066427,Hybrid,SME Trader & Merchant,Tecno Camon 20 Pro (4G),Smartphone 4G,99,63063.37,Singida,TZ-SNG-001,0,0,Low Churn Risk (<15%)
TGO-SUB-100938,+25571343545,640026572069519,352044101506339,Prepaid,Youth & Campus Streamer,Tecno Camon 20 Pro (4G),Smartphone 4G,50,28771.52,Mwanza,TZ-MWA-002,0,0,Low Churn Risk (<15%)
TGO-SUB-100939,+25567894086,640021615024545,864205045514518,Prepaid,Mass Market Voice/SMS,Samsung Galaxy A54 (5G),Smartphone 5G,16,7715.51,Arusha,TZ-ARU-003,0,0,Low Churn Risk (<15%)
TGO-SUB-100940,+25567387150,640027385051823,864205042775454,Hybrid,SME Trader & Merchant,Nokia 105 Dual SIM (2G Feature),Feature Phone 2G,86,69401.06,Dar es Salaam,TZ-DAR-007,0,0,Low Churn Risk (<15%)
TGO-SUB-100941,+25567247852,640021412213852,864205041286789,Prepaid,Dormant / At-Risk,Nokia 105 Dual SIM (2G Feature),Feature Phone 2G,25,1619.49,Mtwara,TZ-MTW-001,0,0,High Churn Risk (85%+)
TGO-SUB-100942,+25571612088,640025405679981,864205043955289,Hybrid,SME Trader & Merchant,Tecno Camon 20 Pro (4G),Smartphone 4G,15,38201.62,Geita,TZ-GEI-001,0,0,Low Churn Risk (<15%)
TGO-SUB-100943,+25571565992,640029112676784,358721093758341,Prepaid,Dormant / At-Risk,Nokia 105 Dual SIM (2G Feature),Feature Phone 2G,46,2194.9,Dar es Salaam,TZ-DAR-008,0,0,High Churn Risk (85%+)
TGO-SUB-100944,+25571880431,640024407284549,356891114430052,Hybrid,SME Trader & Merchant,Tecno Camon 20 Pro (4G),Smartphone 4G,10,70990.56,Mara,TZ-MAR-001,0,0,Low Churn Risk (<15%)
TGO-SUB-100945,+25567140220,640022861342732,352044102996478,Prepaid,Mass Market Voice/SMS,Infinix Hot 30 (4G),Smartphone 4G,32,3534.54,Mbeya,TZ-MBY-002,0,0,Low Churn Risk (<15%)
TGO-SUB-100946,+25565714825,640025050851541,864205043781727,Prepaid,Mass Market Voice/SMS,Samsung Galaxy A54 (5G),Smartphone 5G,82,14003.41,Tanga,TZ-TAN-002,0,0,Low Churn Risk (<15%)
TGO-SUB-100947,+25571641386,640024218845963,356891115554161,Prepaid,Youth & Campus Streamer,Tecno Camon 20 Pro (4G),Smartphone 4G,34,35429.69,Dar es Salaam,TZ-DAR-003,0,0,Low Churn Risk (<15%)
TGO-SUB-100948,+25577761679,640023507826917,352044106077558,Prepaid,High-Value Data Pro,Infinix Hot 30 (4G),Smartphone 4G,86,96012.07,Dar es Salaam,TZ-DAR-015,0,0,Low Churn Risk (<15%)
TGO-SUB-100949,+25577614034,640027360670711,356891113295651,Prepaid,Mass Market Voice/SMS,Itel Magic 2 (3G Feature),Feature Phone 3G,42,14459.05,Mwanza,TZ-MWA-001,0,0,Low Churn Risk (<15%)
TGO-SUB-100950,+25565794595,640022824782506,864205045873105,Hybrid,SME Trader & Merchant,Infinix Hot 30 (4G),Smartphone 4G,62,55875.81,Dar es Salaam,TZ-DAR-009,0,0,Low Churn Risk (<15%)
TGO-SUB-100951,+25577730255,640022008716202,352044103809388,Prepaid,Mass Market Voice/SMS,Samsung Galaxy A54 (5G),Smartphone 5G,34,9135.09,Dodoma,TZ-DOM-002,0,0,Low Churn Risk (<15%)
TGO-SUB-100952,+25567531204,640027193134742,358721093733630,Prepaid,Youth & Campus Streamer,Samsung Galaxy A54 (5G),Smartphone 5G,58,23214.77,Kigoma,TZ-KIG-001,0,0,Medium Churn Risk (40-60%)
TGO-SUB-100953,+25577332060,640023685585090,352044102354929,Prepaid,Dormant / At-Risk,Infinix Hot 30 (4G),Smartphone 4G,12,63.35,Kilimanjaro,TZ-KIL-002,0,0,High Churn Risk (85%+)
TGO-SUB-100954,+25567469833,640023374662487,356891116438423,Prepaid,High-Value Data Pro,Tecno Camon 20 Pro (4G),Smartphone 4G,92,78839.15,Dodoma,TZ-DOM-001,0,0,Low Churn Risk (<15%)
TGO-SUB-100955,+25565404283,640024441494580,352044104476056,Prepaid,Youth & Campus Streamer,Samsung Galaxy A54 (5G),Smartphone 5G,97,43020.46,Dar es Salaam,TZ-DAR-003,0,0,Low Churn Risk (<15%)
TGO-SUB-100956,+25571625860,640023082629429,864205043968414,Prepaid,Youth & Campus Streamer,Samsung Galaxy S24 Ultra (5G),Smartphone 5G,16,34706.31,Dar es Salaam,TZ-DAR-003,0,0,Low Churn Risk (<15%)
TGO-SUB-100957,+25577787106,640022721212175,352044101890411,Prepaid,Youth & Campus Streamer,Samsung Galaxy S24 Ultra (5G),Smartphone 5G,96,37158.74,Mwanza,TZ-MWA-001,0,0,Medium Churn Risk (40-60%)
TGO-SUB-100958,+25565200198,640028699244299,864205049718619,Prepaid,Mass Market Voice/SMS,Nokia 105 Dual SIM (2G Feature),Feature Phone 2G,36,9377.29,Zanzibar,TZ-ZNZ-003,0,0,Medium Churn Risk (40-60%)
TGO-SUB-100959,+25577312511,640025723086286,358721094948734,Hybrid,SME Trader & Merchant,Tecno Camon 20 Pro (4G),Smartphone 4G,117,56411.5,Tanga,TZ-TAN-001,0,0,Low Churn Risk (<15%)
TGO-SUB-100960,+25565500984,640025760130713,864205047059500,Hybrid,SME Trader & Merchant,Tecno Camon 20 Pro (4G),Smartphone 4G,40,54038.41,Dodoma,TZ-DOM-003,0,0,Medium Churn Risk (40-60%)
TGO-SUB-100961,+25567250755,640025191103954,356891116881302,Prepaid,Mass Market Voice/SMS,Samsung Galaxy A54 (5G),Smartphone 5G,79,11901.14,Dar es Salaam,TZ-DAR-006,0,0,Low Churn Risk (<15%)
TGO-SUB-100962,+25577648830,640021998278217,358721093642666,Hybrid,SME Trader & Merchant,Tecno Camon 20 Pro (4G),Smartphone 4G,77,39789.78,Arusha,TZ-ARU-001,0,0,Low Churn Risk (<15%)
TGO-SUB-100963,+25577105842,640027441658392,864205044374717,Prepaid,Youth & Campus Streamer,Infinix Hot 30 (4G),Smartphone 4G,14,40335.55,Zanzibar,TZ-ZNZ-002,0,0,Medium Churn Risk (40-60%)
TGO-SUB-100964,+25577833222,640025627846358,864205048936530,Prepaid,Youth & Campus Streamer,Samsung Galaxy A54 (5G),Smartphone 5G,15,17484.5,Mwanza,TZ-MWA-003,0,0,Low Churn Risk (<15%)
TGO-SUB-100965,+25571544787,640023126801368,358721092466598,Postpaid,Corporate VIP,Tecno Camon 20 Pro (4G),Smartphone 4G,113,158802.48,Tanga,TZ-TAN-002,0,0,Low Churn Risk (<15%)
TGO-SUB-100966,+25567647860,640029115534388,864205042483914,Hybrid,SME Trader & Merchant,Infinix Hot 30 (4G),Smartphone 4G,78,69909.99,Zanzibar,TZ-ZNZ-001,0,0,Low Churn Risk (<15%)
TGO-SUB-100967,+25567595043,640022988055189,352044108830392,Prepaid,Youth & Campus Streamer,Samsung Galaxy A54 (5G),Smartphone 5G,20,27637.72,Arusha,TZ-ARU-001,0,0,Low Churn Risk (<15%)
TGO-SUB-100968,+25577170304,640025319029553,864205043089471,Hybrid,SME Trader & Merchant,Infinix Hot 30 (4G),Smartphone 4G,9,33972.01,Geita,TZ-GEI-001,0,0,Low Churn Risk (<15%)
TGO-SUB-100969,+25567767254,640026265756641,356891113019984,Prepaid,Mass Market Voice/SMS,Samsung Galaxy A54 (5G),Smartphone 5G,80,9392.48,Zanzibar,TZ-ZNZ-002,0,0,Low Churn Risk (<15%)
TGO-SUB-100970,+25577367124,640021870109340,864205042079783,Hybrid,SME Trader & Merchant,Samsung Galaxy A54 (5G),Smartphone 5G,83,36650.94,Mtwara,TZ-MTW-001,0,0,Low Churn Risk (<15%)
TGO-SUB-100971,+25577446198,640027892457034,358721093194732,Hybrid,SME Trader & Merchant,Samsung Galaxy S24 Ultra (5G),Smartphone 5G,19,44068.82,Mtwara,TZ-MTW-001,0,0,Low Churn Risk (<15%)
TGO-SUB-100972,+25565598560,640024756438921,352044101815660,Prepaid,Mass Market Voice/SMS,Apple iPhone 15 Pro Max (5G),Smartphone 5G,65,9381.09,Shinyanga,TZ-SHI-001,0,0,Low Churn Risk (<15%)
TGO-SUB-100973,+25571352468,640027700772345,358721099115136,Hybrid,SME Trader & Merchant,Infinix Hot 30 (4G),Smartphone 4G,114,84512.21,Arusha,TZ-ARU-001,0,0,Low Churn Risk (<15%)
TGO-SUB-100974,+25565274185,640028875273236,864205049806736,Prepaid,Youth & Campus Streamer,Infinix Hot 30 (4G),Smartphone 4G,116,38035.85,Njombe,TZ-NJO-001,0,0,Low Churn Risk (<15%)
TGO-SUB-100975,+25577783768,640022495423827,356891114834507,Hybrid,SME Trader & Merchant,Xiaomi Redmi Note 12 (4G),Smartphone 4G,118,57565.07,Mbeya,TZ-MBY-001,0,0,Low Churn Risk (<15%)
TGO-SUB-100976,+25565501035,640022607201922,356891113053497,Prepaid,High-Value Data Pro,Tecno Camon 20 Pro (4G),Smartphone 4G,48,130342.61,Arusha,TZ-ARU-002,0,0,Medium Churn Risk (40-60%)
TGO-SUB-100977,+25567627217,640024958087064,352044101351564,Hybrid,SME Trader & Merchant,Infinix Hot 30 (4G),Smartphone 4G,81,94722.96,Zanzibar,TZ-ZNZ-001,0,0,Low Churn Risk (<15%)
TGO-SUB-100978,+25571699975,640024536156992,358721097370587,Prepaid,Youth & Campus Streamer,Tecno Camon 20 Pro (4G),Smartphone 4G,14,40872.92,Zanzibar,TZ-ZNZ-004,0,0,Low Churn Risk (<15%)
TGO-SUB-100979,+25571487484,640029713788428,864205048399162,Prepaid,High-Value Data Pro,Nokia 105 Dual SIM (2G Feature),Feature Phone 2G,82,110348.71,Dar es Salaam,TZ-DAR-008,0,0,Medium Churn Risk (40-60%)
TGO-SUB-100980,+25571429500,640027631788070,864205047869279,Hybrid,SME Trader & Merchant,Xiaomi Redmi Note 12 (4G),Smartphone 4G,22,73679.41,Arusha,TZ-ARU-001,0,0,Low Churn Risk (<15%)
TGO-SUB-100981,+25567641422,640028148953034,358721099784090,Prepaid,Mass Market Voice/SMS,Samsung Galaxy S24 Ultra (5G),Smartphone 5G,23,10522.89,Zanzibar,TZ-ZNZ-002,0,0,Low Churn Risk (<15%)
TGO-SUB-100982,+25577146670,640027465926508,864205047661600,Prepaid,Youth & Campus Streamer,Tecno Camon 20 Pro (4G),Smartphone 4G,90,15884.58,Geita,TZ-GEI-001,0,0,Low Churn Risk (<15%)
TGO-SUB-100983,+25571693692,640029290458773,356891112219091,Prepaid,High-Value Data Pro,Samsung Galaxy A54 (5G),Smartphone 5G,99,98100.15,Mbeya,TZ-MBY-002,0,0,Low Churn Risk (<15%)
TGO-SUB-100984,+25565927050,640021044833889,352044105827111,Prepaid,Mass Market Voice/SMS,Nokia 105 Dual SIM (2G Feature),Feature Phone 2G,116,7616.73,Njombe,TZ-NJO-001,0,0,Low Churn Risk (<15%)
TGO-SUB-100985,+25565883714,640025865058976,356891114977354,Prepaid,High-Value Data Pro,Samsung Galaxy A54 (5G),Smartphone 5G,35,97864.92,Dar es Salaam,TZ-DAR-015,0,0,Low Churn Risk (<15%)
TGO-SUB-100986,+25565285715,640029500935186,352044108314427,Prepaid,Youth & Campus Streamer,Samsung Galaxy A54 (5G),Smartphone 5G,67,31096.97,Arusha,TZ-ARU-003,0,0,Low Churn Risk (<15%)
TGO-SUB-100987,+25577969793,640024572255055,356891119752719,Prepaid,Youth & Campus Streamer,Tecno Camon 20 Pro (4G),Smartphone 4G,83,18951.87,Ruvuma,TZ-SON-001,0,0,Low Churn Risk (<15%)
TGO-SUB-100988,+25567317523,640022155131949,864205043707563,Postpaid,Corporate VIP,Tecno Camon 20 Pro (4G),Smartphone 4G,61,158048.4,Songwe,TZ-TND-001,0,0,Low Churn Risk (<15%)
TGO-SUB-100989,+25565589943,640027815343287,352044106911556,Prepaid,Mass Market Voice/SMS,Infinix Hot 30 (4G),Smartphone 4G,112,7835.58,Dar es Salaam,TZ-DAR-007,0,0,Low Churn Risk (<15%)
TGO-SUB-100990,+25571266461,640027104899851,352044104530261,Hybrid,SME Trader & Merchant,Samsung Galaxy A54 (5G),Smartphone 5G,3,40578.47,Dodoma,TZ-DOM-001,0,0,Low Churn Risk (<15%)
TGO-SUB-100991,+25577948530,640027943297078,358721098664616,Hybrid,SME Trader & Merchant,Tecno Camon 20 Pro (4G),Smartphone 4G,87,77019.21,Tabora,TZ-TAB-001,0,0,Low Churn Risk (<15%)
TGO-SUB-100992,+25577414754,640025758202336,358721099116734,Hybrid,SME Trader & Merchant,Itel Magic 2 (3G Feature),Feature Phone 3G,39,31856.09,Mara,TZ-MAR-001,0,0,Low Churn Risk (<15%)
TGO-SUB-100993,+25565695578,640024229171556,864205047956325,Prepaid,High-Value Data Pro,Xiaomi Redmi Note 12 (4G),Smartphone 4G,103,70847.84,Morogoro,TZ-MOR-001,0,0,Low Churn Risk (<15%)
TGO-SUB-100994,+25567580995,640022700780709,358721091008842,Prepaid,High-Value Data Pro,Samsung Galaxy A54 (5G),Smartphone 5G,27,96903.21,Dar es Salaam,TZ-DAR-012,0,0,Low Churn Risk (<15%)
TGO-SUB-100995,+25577194546,640024110133535,864205048179748,Hybrid,SME Trader & Merchant,Nokia 105 Dual SIM (2G Feature),Feature Phone 2G,71,61027.37,Arusha,TZ-ARU-003,0,0,Medium Churn Risk (40-60%)
TGO-SUB-100996,+25577832723,640024938269146,358721092347445,Prepaid,High-Value Data Pro,Xiaomi Redmi Note 12 (4G),Smartphone 4G,94,152791.25,Tanga,TZ-TAN-002,0,0,Low Churn Risk (<15%)
TGO-SUB-100997,+25577725935,640025602730904,358721098024169,Prepaid,Mass Market Voice/SMS,Samsung Galaxy S24 Ultra (5G),Smartphone 5G,44,5672.4,Pwani,TZ-PWA-001,0,0,Low Churn Risk (<15%)
TGO-SUB-100998,+25571740225,640029921805120,864205042447877,Hybrid,SME Trader & Merchant,Samsung Galaxy A54 (5G),Smartphone 5G,24,58301.04,Arusha,TZ-ARU-002,0,0,Low Churn Risk (<15%)
TGO-SUB-100999,+25577258070,640026518878906,358721098080747,Prepaid,Dormant / At-Risk,Samsung Galaxy S24 Ultra (5G),Smartphone 5G,51,1265.21,Dar es Salaam,TZ-DAR-011,0,0,High Churn Risk (85%+)
TGO-SUB-101000,+25571587506,640024462726923,352044108193911,Hybrid,SME Trader & Merchant,Infinix Hot 30 (4G),Smartphone 4G,74,82449.52,Dar es Salaam,TZ-DAR-011,0,0,Low Churn Risk (<15%)
TGO-SUB-101001,+25577819636,640022952887577,358721097855776,Prepaid,High-Value Data Pro,Tecno Camon 20 Pro (4G),Smartphone 4G,78,110997.74,Zanzibar,TZ-ZNZ-003,0,0,Low Churn Risk (<15%)
TGO-SUB-101002,+25577626449,640022567069461,864205045446648,Prepaid,Mass Market Voice/SMS,Xiaomi Redmi Note 12 (4G),Smartphone 4G,120,4200.14,Dar es Salaam,TZ-DAR-001,0,0,Low Churn Risk (<15%)
TGO-SUB-101003,+25567307212,640029041060090,358721091509017,Prepaid,High-Value Data Pro,Samsung Galaxy A54 (5G),Smartphone 5G,77,118754.57,Kilimanjaro,TZ-KIL-001,0,0,Medium Churn Risk (40-60%)
TGO-SUB-101004,+25567364583,640027123345775,352044109040830,Prepaid,High-Value Data Pro,Infinix Hot 30 (4G),Smartphone 4G,39,102826.24,Dar es Salaam,TZ-DAR-002,0,0,Low Churn Risk (<15%)
TGO-SUB-101005,+25571724719,640025774643348,356891116570756,Prepaid,High-Value Data Pro,Samsung Galaxy A54 (5G),Smartphone 5G,64,71348.71,Zanzibar,TZ-ZNZ-002,0,0,Low Churn Risk (<15%)
TGO-SUB-101006,+25577388039,640023651030484,358721091426151,Postpaid,Corporate VIP,Tecno Camon 20 Pro (4G),Smartphone 4G,113,321086.65,Zanzibar,TZ-ZNZ-002,0,0,Low Churn Risk (<15%)
TGO-SUB-101007,+25571500464,640024115565294,352044107676714,Postpaid,Corporate VIP,Tecno Camon 20 Pro (4G),Smartphone 4G,96,433618.43,Pwani,TZ-PWA-002,0,0,Low Churn Risk (<15%)
TGO-SUB-101008,+25571977504,640029213466250,356891119321963,Prepaid,Dormant / At-Risk,Infinix Hot 30 (4G),Smartphone 4G,110,1846.74,Dodoma,TZ-DOM-001,0,0,High Churn Risk (85%+)
TGO-SUB-101009,+25565827981,640024431481733,352044107011867,Prepaid,Mass Market Voice/SMS,Samsung Galaxy A54 (5G),Smartphone 5G,36,7121.8,Ruvuma,TZ-SON-001,0,0,Low Churn Risk (<15%)
TGO-SUB-101010,+25571733992,640026518657187,356891115269623,Hybrid,SME Trader & Merchant,Samsung Galaxy S24 Ultra (5G),Smartphone 5G,102,38434.85,Tanga,TZ-TAN-001,0,0,Low Churn Risk (<15%)
TGO-SUB-101011,+25567201866,640021950578005,356891118434495,Prepaid,Youth & Campus Streamer,Samsung Galaxy A54 (5G),Smartphone 5G,76,36029.41,Tabora,TZ-TAB-001,0,0,Low Churn Risk (<15%)
TGO-SUB-101012,+25577765607,640027851463947,358721095987058,Hybrid,SME Trader & Merchant,Samsung Galaxy S24 Ultra (5G),Smartphone 5G,110,52513.81,Mwanza,TZ-MWA-003,0,0,Low Churn Risk (<15%)
TGO-SUB-101013,+25577320869,640026970267626,358721091338339,Prepaid,Youth & Campus Streamer,Itel Magic 2 (3G Feature),Feature Phone 3G,96,30523.75,Arusha,TZ-ARU-003,0,0,Medium Churn Risk (40-60%)
TGO-SUB-101014,+25567418801,640026649334064,358721091310002,Prepaid,High-Value Data Pro,Infinix Hot 30 (4G),Smartphone 4G,98,102195.17,Mwanza,TZ-MWA-002,0,0,Low Churn Risk (<15%)
TGO-SUB-101015,+25571887887,640029475504077,358721093461206,Prepaid,High-Value Data Pro,Nokia 105 Dual SIM (2G Feature),Feature Phone 2G,28,132854.61,Dar es Salaam,TZ-DAR-008,0,0,Medium Churn Risk (40-60%)
TGO-SUB-101016,+25565216006,640027746298485,864205042668466,Hybrid,SME Trader & Merchant,Infinix Hot 30 (4G),Smartphone 4G,99,44153.92,Tabora,TZ-TAB-001,0,0,Low Churn Risk (<15%)
TGO-SUB-101017,+25567760891,640022684371781,358721096188707,Prepaid,Mass Market Voice/SMS,Samsung Galaxy A54 (5G),Smartphone 5G,1,5354.52,Dar es Salaam,TZ-DAR-012,0,0,Low Churn Risk (<15%)
TGO-SUB-101018,+25567899995,640024896741733,358721097083396,Hybrid,SME Trader & Merchant,Itel Magic 2 (3G Feature),Feature Phone 3G,79,71367.1,Mbeya,TZ-MBY-001,0,0,Low Churn Risk (<15%)
TGO-SUB-101019,+25571728692,640025393036949,864205042745449,Prepaid,Youth & Campus Streamer,Infinix Hot 30 (4G),Smartphone 4G,114,43410.92,Dar es Salaam,TZ-DAR-002,0,0,Low Churn Risk (<15%)
TGO-SUB-101020,+25577678874,640024922193193,358721094869913,Prepaid,Mass Market Voice/SMS,Samsung Galaxy A54 (5G),Smartphone 5G,9,16820.79,Arusha,TZ-ARU-001,0,0,Low Churn Risk (<15%)
TGO-SUB-101021,+25571317062,640027775750049,358721093569509,Hybrid,SME Trader & Merchant,Tecno Camon 20 Pro (4G),Smartphone 4G,15,41497.06,Geita,TZ-GEI-001,0,0,Low Churn Risk (<15%)
TGO-SUB-101022,+25567267003,640026346647816,356891111072170,Hybrid,SME Trader & Merchant,Infinix Hot 30 (4G),Smartphone 4G,10,63784.89,Shinyanga,TZ-SHI-001,0,0,Low Churn Risk (<15%)
TGO-SUB-101023,+25577372660,640023307863942,356891115598227,Prepaid,High-Value Data Pro,Xiaomi Redmi Note 12 (4G),Smartphone 4G,99,157399.49,Shinyanga,TZ-KAH-001,0,0,Low Churn Risk (<15%)
TGO-SUB-101024,+25571481024,640027184949643,356891112086562,Prepaid,Mass Market Voice/SMS,Nokia 105 Dual SIM (2G Feature),Feature Phone 2G,22,11697.18,Morogoro,TZ-MOR-001,0,0,Medium Churn Risk (40-60%)
TGO-SUB-101025,+25567532949,640028114772251,864205043548757,Prepaid,High-Value Data Pro,Samsung Galaxy A54 (5G),Smartphone 5G,91,137044.27,Dar es Salaam,TZ-DAR-005,0,0,Low Churn Risk (<15%)
TGO-SUB-101026,+25577889056,640026411656874,352044108226727,Prepaid,Youth & Campus Streamer,Tecno Camon 20 Pro (4G),Smartphone 4G,98,20511.42,Tanga,TZ-TAN-001,0,0,Low Churn Risk (<15%)
TGO-SUB-101027,+25565255214,640027535992314,356891113317575,Prepaid,Youth & Campus Streamer,Infinix Hot 30 (4G),Smartphone 4G,82,22119.87,Zanzibar,TZ-ZNZ-001,0,0,Low Churn Risk (<15%)
TGO-SUB-101028,+25567598372,640028357617586,352044102619432,Hybrid,SME Trader & Merchant,Apple iPhone 15 Pro Max (5G),Smartphone 5G,109,54974.73,Mbeya,TZ-MBY-002,0,0,Low Churn Risk (<15%)
TGO-SUB-101029,+25565711561,640022301188571,356891113720225,Prepaid,Youth & Campus Streamer,Xiaomi Redmi Note 12 (4G),Smartphone 4G,116,44871.88,Kilimanjaro,TZ-KIL-003,0,0,Low Churn Risk (<15%)
TGO-SUB-101030,+25565460934,640023765321240,352044106487595,Prepaid,Mass Market Voice/SMS,Tecno Camon 20 Pro (4G),Smartphone 4G,62,12725.65,Mara,TZ-TAR-001,0,0,Low Churn Risk (<15%)
TGO-SUB-101031,+25577114923,640025573077595,864205044243333,Hybrid,SME Trader & Merchant,Samsung Galaxy A54 (5G),Smartphone 5G,26,80570.93,Morogoro,TZ-MOR-001,0,0,Medium Churn Risk (40-60%)
TGO-SUB-101032,+25567623019,640024892537570,864205048773913,Postpaid,Corporate VIP,Tecno Camon 20 Pro (4G),Smartphone 4G,35,326712.67,Arusha,TZ-ARU-002,0,0,Low Churn Risk (<15%)
TGO-SUB-101033,+25571936677,640025535377233,864205043565784,Prepaid,High-Value Data Pro,Xiaomi Redmi Note 12 (4G),Smartphone 4G,92,172360.01,Pwani,TZ-PWA-001,0,0,Low Churn Risk (<15%)
TGO-SUB-101034,+25577286049,640027911193831,352044101957973,Prepaid,Mass Market Voice/SMS,Xiaomi Redmi Note 12 (4G),Smartphone 4G,8,16592.11,Dar es Salaam,TZ-DAR-009,0,0,Low Churn Risk (<15%)
TGO-SUB-101035,+25565338641,640027344879191,356891116630150,Prepaid,Youth & Campus Streamer,Tecno Camon 20 Pro (4G),Smartphone 4G,61,18482.05,Dar es Salaam,TZ-DAR-008,0,0,Low Churn Risk (<15%)
TGO-SUB-101036,+25565204727,640027387607079,356891117099706,Prepaid,High-Value Data Pro,Nokia 105 Dual SIM (2G Feature),Feature Phone 2G,76,166382.1,Pemba,TZ-PEM-001,0,0,Low Churn Risk (<15%)
TGO-SUB-101037,+25577100519,640026457800493,864205044446038,Hybrid,SME Trader & Merchant,Tecno Camon 20 Pro (4G),Smartphone 4G,32,71943.18,Pwani,TZ-PWA-002,0,0,Low Churn Risk (<15%)
TGO-SUB-101038,+25567388660,640027455603331,358721092168842,Hybrid,SME Trader & Merchant,Tecno Camon 20 Pro (4G),Smartphone 4G,23,93333.04,Shinyanga,TZ-SHI-001,0,0,Low Churn Risk (<15%)
TGO-SUB-101039,+25571897376,640022308423044,358721094590658,Prepaid,High-Value Data Pro,Xiaomi Redmi Note 12 (4G),Smartphone 4G,65,73045.4,Dar es Salaam,TZ-DAR-015,0,0,Low Churn Risk (<15%)
TGO-SUB-101040,+25567435560,640023026690440,352044107391353,Prepaid,High-Value Data Pro,Infinix Hot 30 (4G),Smartphone 4G,22,78766.53,Pemba,TZ-PEM-001,0,0,Low Churn Risk (<15%)
TGO-SUB-101041,+25565739760,640023845805571,352044106415547,Prepaid,Mass Market Voice/SMS,Infinix Hot 30 (4G),Smartphone 4G,34,14696.32,Tanga,TZ-TAN-001,0,0,Low Churn Risk (<15%)
TGO-SUB-101042,+25577997830,640028878855674,352044102520294,Hybrid,SME Trader & Merchant,Tecno Camon 20 Pro (4G),Smartphone 4G,73,78438.91,Mwanza,TZ-MWA-003,0,0,Low Churn Risk (<15%)
TGO-SUB-101043,+25577899743,640022791532400,358721091579946,Prepaid,Mass Market Voice/SMS,Tecno Camon 20 Pro (4G),Smartphone 4G,105,17624.79,Pemba,TZ-PEM-001,0,0,Low Churn Risk (<15%)
TGO-SUB-101044,+25565318742,640026394175396,352044101248295,Hybrid,SME Trader & Merchant,Tecno Camon 20 Pro (4G),Smartphone 4G,28,66274.43,Zanzibar,TZ-ZNZ-003,0,0,Low Churn Risk (<15%)
TGO-SUB-101045,+25577998004,640022176662219,356891113549482,Prepaid,Youth & Campus Streamer,Tecno Camon 20 Pro (4G),Smartphone 4G,6,35801.71,Shinyanga,TZ-SHI-001,0,0,Low Churn Risk (<15%)
TGO-SUB-101046,+25577821211,640028329312966,864205043937509,Prepaid,High-Value Data Pro,Infinix Hot 30 (4G),Smartphone 4G,48,66733.75,Arusha,TZ-ARU-002,0,0,Low Churn Risk (<15%)
TGO-SUB-101047,+25577398042,640025771840898,864205048862491,Prepaid,Mass Market Voice/SMS,Tecno Camon 20 Pro (4G),Smartphone 4G,76,9206.66,Dar es Salaam,TZ-DAR-010,0,0,Low Churn Risk (<15%)
TGO-SUB-101048,+25567701975,640025672946587,864205044437679,Prepaid,Youth & Campus Streamer,Infinix Hot 30 (4G),Smartphone 4G,3,30370.26,Kigoma,TZ-KIG-001,0,0,Low Churn Risk (<15%)
TGO-SUB-101049,+25565909606,640024306720589,352044109948895,Hybrid,SME Trader & Merchant,Nokia 105 Dual SIM (2G Feature),Feature Phone 2G,30,87498.04,Dar es Salaam,TZ-DAR-012,0,0,Low Churn Risk (<15%)
TGO-SUB-101050,+25577479798,640022430276094,352044103677629,Postpaid,Corporate VIP,Xiaomi Redmi Note 12 (4G),Smartphone 4G,104,159332.84,Mwanza,TZ-MWA-001,0,0,Low Churn Risk (<15%)
TGO-SUB-101051,+25577936865,640023269449477,352044101169889,Postpaid,Corporate VIP,Tecno Camon 20 Pro (4G),Smartphone 4G,69,286389.81,Mtwara,TZ-MTW-001,0,0,Low Churn Risk (<15%)
TGO-SUB-101052,+25577396376,640027763780950,356891118701091,Prepaid,Dormant / At-Risk,Infinix Hot 30 (4G),Smartphone 4G,21,2341.76,Dodoma,TZ-DOM-001,0,0,High Churn Risk (85%+)
TGO-SUB-101053,+25571701804,640029257061242,864205048884321,Hybrid,SME Trader & Merchant,Xiaomi Redmi Note 12 (4G),Smartphone 4G,95,47996.22,Mwanza,TZ-MWA-003,0,0,Low Churn Risk (<15%)
TGO-SUB-101054,+25565782039,640022419183659,864205047793099,Prepaid,Youth & Campus Streamer,Tecno Camon 20 Pro (4G),Smartphone 4G,114,34855.34,Kigoma,TZ-KIG-001,0,0,Low Churn Risk (<15%)
TGO-SUB-101055,+25571520967,640027763447547,356891117539866,Hybrid,SME Trader & Merchant,Samsung Galaxy S24 Ultra (5G),Smartphone 5G,75,57764.73,Pwani,TZ-PWA-002,0,0,Low Churn Risk (<15%)
TGO-SUB-101056,+25567658224,640023857879268,352044108496319,Prepaid,Mass Market Voice/SMS,Samsung Galaxy A54 (5G),Smartphone 5G,69,6092.16,Dar es Salaam,TZ-DAR-012,0,0,Medium Churn Risk (40-60%)
TGO-SUB-101057,+25571917326,640025592466298,352044103412813,Prepaid,High-Value Data Pro,Samsung Galaxy A54 (5G),Smartphone 5G,28,178920.44,Dar es Salaam,TZ-DAR-015,0,0,Low Churn Risk (<15%)
TGO-SUB-101058,+25567128622,640022888243482,358721091266587,Prepaid,Mass Market Voice/SMS,Nokia 105 Dual SIM (2G Feature),Feature Phone 2G,52,6128.77,Dar es Salaam,TZ-DAR-004,0,0,Low Churn Risk (<15%)
TGO-SUB-101059,+25565315621,640028606317217,356891111973622,Prepaid,Youth & Campus Streamer,Tecno Camon 20 Pro (4G),Smartphone 4G,16,29044.37,Dar es Salaam,TZ-DAR-011,0,0,Low Churn Risk (<15%)
TGO-SUB-101060,+25577876619,640027892771428,352044105352933,Prepaid,High-Value Data Pro,Samsung Galaxy A54 (5G),Smartphone 5G,15,120829.22,Shinyanga,TZ-SHI-001,0,0,Low Churn Risk (<15%)
TGO-SUB-101061,+25577116929,640025326129844,358721095197531,Prepaid,Mass Market Voice/SMS,Tecno Camon 20 Pro (4G),Smartphone 4G,84,15548.02,Mwanza,TZ-MWA-002,0,0,Low Churn Risk (<15%)
TGO-SUB-101062,+25567340500,640029952650911,358721095942580,Hybrid,SME Trader & Merchant,Itel Magic 2 (3G Feature),Feature Phone 3G,109,72078.38,Arusha,TZ-ARU-001,0,0,Medium Churn Risk (40-60%)
TGO-SUB-101063,+25565285973,640023424849408,864205046438142,Prepaid,Youth & Campus Streamer,Apple iPhone 15 Pro Max (5G),Smartphone 5G,111,13286.7,Tabora,TZ-TAB-001,0,0,Low Churn Risk (<15%)
TGO-SUB-101064,+25567489759,640027947345952,864205045396042,Prepaid,Youth & Campus Streamer,Samsung Galaxy A54 (5G),Smartphone 5G,24,16995.56,Mtwara,TZ-MTW-001,0,0,Low Churn Risk (<15%)
TGO-SUB-101065,+25567214705,640024378235671,356891116217243,Prepaid,Youth & Campus Streamer,Tecno Camon 20 Pro (4G),Smartphone 4G,4,41996.37,Pwani,TZ-PWA-002,0,0,Low Churn Risk (<15%)
TGO-SUB-101066,+25571447688,640023020792127,864205045274560,Prepaid,Mass Market Voice/SMS,Infinix Hot 30 (4G),Smartphone 4G,2,13837.84,Dar es Salaam,TZ-DAR-011,0,0,Low Churn Risk (<15%)
TGO-SUB-101067,+25567333517,640025690636423,356891112178717,Hybrid,SME Trader & Merchant,Tecno Camon 20 Pro (4G),Smartphone 4G,78,88379.32,Mwanza,TZ-MWA-003,0,0,Low Churn Risk (<15%)
TGO-SUB-101068,+25571426558,640027340417431,352044102344255,Hybrid,SME Trader & Merchant,Infinix Hot 30 (4G),Smartphone 4G,64,69884.62,Zanzibar,TZ-ZNZ-001,0,0,Medium Churn Risk (40-60%)
TGO-SUB-101069,+25565231945,640025047101003,864205047912311,Prepaid,Youth & Campus Streamer,Xiaomi Redmi Note 12 (4G),Smartphone 4G,29,21315.89,Mbeya,TZ-MBY-001,0,0,Medium Churn Risk (40-60%)
TGO-SUB-101070,+25567293595,640026588216930,358721098008229,Prepaid,Youth & Campus Streamer,Tecno Camon 20 Pro (4G),Smartphone 4G,42,41158.23,Zanzibar,TZ-ZNZ-004,0,0,Low Churn Risk (<15%)
TGO-SUB-101071,+25577492975,640023839840224,356891118842676,Prepaid,Mass Market Voice/SMS,Infinix Hot 30 (4G),Smartphone 4G,5,17692.96,Dar es Salaam,TZ-DAR-001,0,0,Low Churn Risk (<15%)
TGO-SUB-101072,+25565269748,640026999053983,356891116998767,Hybrid,SME Trader & Merchant,Tecno Camon 20 Pro (4G),Smartphone 4G,52,70866.34,Kigoma,TZ-KIG-001,0,0,Low Churn Risk (<15%)
TGO-SUB-101073,+25577325272,640022889197205,352044107873008,Hybrid,SME Trader & Merchant,Nokia 105 Dual SIM (2G Feature),Feature Phone 2G,112,88014.24,Pwani,TZ-PWA-002,0,0,Low Churn Risk (<15%)
TGO-SUB-101074,+25577909508,640027652478210,356891118004625,Hybrid,SME Trader & Merchant,Xiaomi Redmi Note 12 (4G),Smartphone 4G,70,80827.03,Mwanza,TZ-MWA-002,0,0,Low Churn Risk (<15%)
TGO-SUB-101075,+25565199178,640021477329638,352044102324345,Hybrid,SME Trader & Merchant,Tecno Camon 20 Pro (4G),Smartphone 4G,65,93980.26,Dar es Salaam,TZ-DAR-006,0,0,Low Churn Risk (<15%)
TGO-SUB-101076,+25565516869,640023194318630,864205049808173,Prepaid,High-Value Data Pro,Xiaomi Redmi Note 12 (4G),Smartphone 4G,20,149351.5,Mara,TZ-TAR-001,0,0,Low Churn Risk (<15%)
TGO-SUB-101077,+25571939133,640027584855993,864205048273918,Prepaid,High-Value Data Pro,Samsung Galaxy A54 (5G),Smartphone 5G,80,141647.63,Mbeya,TZ-MBY-002,0,0,Low Churn Risk (<15%)
TGO-SUB-101078,+25565984199,640024075565814,358721099999873,Prepaid,Dormant / At-Risk,Samsung Galaxy A54 (5G),Smartphone 5G,50,2846.7,Tanga,TZ-TAN-002,0,0,High Churn Risk (85%+)
TGO-SUB-101079,+25577599694,640027305029814,864205048565974,Hybrid,SME Trader & Merchant,Samsung Galaxy S24 Ultra (5G),Smartphone 5G,94,66124.23,Tanga,TZ-TAN-003,0,0,Low Churn Risk (<15%)
TGO-SUB-101080,+25571162099,640028538395894,864205042507767,Prepaid,Mass Market Voice/SMS,Xiaomi Redmi Note 12 (4G),Smartphone 4G,21,15104.82,Pwani,TZ-PWA-001,0,0,Low Churn Risk (<15%)
TGO-SUB-101081,+25577509992,640023540114135,864205049748575,Prepaid,Dormant / At-Risk,Samsung Galaxy S24 Ultra (5G),Smartphone 5G,16,828.65,Kilimanjaro,TZ-KIL-003,0,0,High Churn Risk (85%+)
TGO-SUB-101082,+25565315829,640022904308418,352044108975305,Prepaid,High-Value Data Pro,Samsung Galaxy S24 Ultra (5G),Smartphone 5G,77,97339.27,Dar es Salaam,TZ-DAR-007,0,0,Low Churn Risk (<15%)
TGO-SUB-101083,+25577343459,640028131455756,352044109621811,Prepaid,Youth & Campus Streamer,Infinix Hot 30 (4G),Smartphone 4G,44,17071.33,Zanzibar,TZ-ZNZ-004,0,0,Low Churn Risk (<15%)
TGO-SUB-101084,+25567142961,640029122284596,356891117573507,Prepaid,High-Value Data Pro,Tecno Camon 20 Pro (4G),Smartphone 4G,38,145171.28,Morogoro,TZ-MOR-001,0,0,Low Churn Risk (<15%)
TGO-SUB-101085,+25565648236,640021442597118,352044103530137,Prepaid,Dormant / At-Risk,Xiaomi Redmi Note 12 (4G),Smartphone 4G,14,1265.02,Mbeya,TZ-MBY-002,0,0,High Churn Risk (85%+)
TGO-SUB-101086,+25567983241,640027476052850,358721097993774,Prepaid,High-Value Data Pro,Itel Magic 2 (3G Feature),Feature Phone 3G,75,72135.72,Mtwara,TZ-MTW-001,0,0,Low Churn Risk (<15%)
TGO-SUB-101087,+25577332142,640027833655625,352044102090157,Prepaid,Mass Market Voice/SMS,Infinix Hot 30 (4G),Smartphone 4G,86,8637.34,Mara,TZ-TAR-001,0,0,Low Churn Risk (<15%)
TGO-SUB-101088,+25577144146,640023584119955,356891117035871,Prepaid,Mass Market Voice/SMS,Apple iPhone 15 Pro Max (5G),Smartphone 5G,78,8410.51,Njombe,TZ-NJO-001,0,0,Low Churn Risk (<15%)
TGO-SUB-101089,+25577954886,640024196786163,352044107785217,Prepaid,Youth & Campus Streamer,Nokia 105 Dual SIM (2G Feature),Feature Phone 2G,81,29251.26,Kilimanjaro,TZ-KIL-003,0,0,Low Churn Risk (<15%)
TGO-SUB-101090,+25577801569,640024900179544,864205046944692,Prepaid,Mass Market Voice/SMS,Samsung Galaxy S24 Ultra (5G),Smartphone 5G,94,4482.06,Mwanza,TZ-MWA-001,0,0,Low Churn Risk (<15%)
TGO-SUB-101091,+25577990691,640029121545413,352044109581215,Prepaid,Dormant / At-Risk,Tecno Camon 20 Pro (4G),Smartphone 4G,7,829.9,Morogoro,TZ-MOR-001,0,0,High Churn Risk (85%+)
TGO-SUB-101092,+25567580462,640028021444011,864205043195518,Prepaid,Youth & Campus Streamer,Xiaomi Redmi Note 12 (4G),Smartphone 4G,100,22622.08,Kilimanjaro,TZ-KIL-003,0,0,Low Churn Risk (<15%)
TGO-SUB-101093,+25565985752,640025676658689,352044107463458,Prepaid,Mass Market Voice/SMS,Xiaomi Redmi Note 12 (4G),Smartphone 4G,118,6413.56,Shinyanga,TZ-KAH-001,0,0,Low Churn Risk (<15%)
TGO-SUB-101094,+25571770513,640027039004351,358721097705382,Hybrid,SME Trader & Merchant,Xiaomi Redmi Note 12 (4G),Smartphone 4G,104,85638.44,Kagera,TZ-BUK-001,0,0,Low Churn Risk (<15%)
TGO-SUB-101095,+25577479021,640024241716107,864205044384380,Prepaid,Youth & Campus Streamer,Apple iPhone 15 Pro Max (5G),Smartphone 5G,38,41991.4,Ruvuma,TZ-SON-001,0,0,Low Churn Risk (<15%)
TGO-SUB-101096,+25565517303,640021326139851,356891111949409,Prepaid,Youth & Campus Streamer,Nokia 105 Dual SIM (2G Feature),Feature Phone 2G,69,40122.89,Dar es Salaam,TZ-DAR-010,0,0,Low Churn Risk (<15%)
TGO-SUB-101097,+25567516029,640022654593890,352044107432179,Hybrid,SME Trader & Merchant,Itel Magic 2 (3G Feature),Feature Phone 3G,71,44613.62,Kigoma,TZ-KIG-001,0,0,Medium Churn Risk (40-60%)
TGO-SUB-101098,+25565799946,640029558483771,356891116185133,Prepaid,Dormant / At-Risk,Xiaomi Redmi Note 12 (4G),Smartphone 4G,57,736.06,Dar es Salaam,TZ-DAR-015,0,0,High Churn Risk (85%+)
TGO-SUB-101099,+25565252438,640025348303725,864205041217839,Hybrid,SME Trader & Merchant,Tecno Camon 20 Pro (4G),Smartphone 4G,24,66160.95,Dodoma,TZ-DOM-003,0,0,Low Churn Risk (<15%)
TGO-SUB-101100,+25577757724,640028738351331,358721094882125,Prepaid,Mass Market Voice/SMS,Nokia 105 Dual SIM (2G Feature),Feature Phone 2G,89,7802.32,Arusha,TZ-ARU-003,0,0,Medium Churn Risk (40-60%)
TGO-SUB-101101,+25565437287,640021553040088,358721096613655,Prepaid,Mass Market Voice/SMS,Apple iPhone 15 Pro Max (5G),Smartphone 5G,83,6417.37,Arusha,TZ-ARU-003,0,0,Low Churn Risk (<15%)
TGO-SUB-101102,+25565587888,640024593227236,358721097488657,Hybrid,SME Trader & Merchant,Tecno Camon 20 Pro (4G),Smartphone 4G,58,91955.66,Dar es Salaam,TZ-DAR-011,0,0,Medium Churn Risk (40-60%)
TGO-SUB-101103,+25571464488,640024033574122,356891118151365,Prepaid,Youth & Campus Streamer,Samsung Galaxy S24 Ultra (5G),Smartphone 5G,77,30801.87,Zanzibar,TZ-ZNZ-002,0,0,Medium Churn Risk (40-60%)
TGO-SUB-101104,+25577551758,640025049072489,358721093256577,Prepaid,Youth & Campus Streamer,Tecno Camon 20 Pro (4G),Smartphone 4G,113,22053.82,Dar es Salaam,TZ-DAR-015,0,0,Low Churn Risk (<15%)
TGO-SUB-101105,+25577251239,640027815565318,356891117392060,Hybrid,SME Trader & Merchant,Infinix Hot 30 (4G),Smartphone 4G,68,37779.42,Dar es Salaam,TZ-DAR-005,0,0,Low Churn Risk (<15%)
TGO-SUB-101106,+25577865859,640021835882089,864205049763362,Prepaid,Mass Market Voice/SMS,Samsung Galaxy S24 Ultra (5G),Smartphone 5G,52,13930.01,Arusha,TZ-ARU-002,0,0,Medium Churn Risk (40-60%)
TGO-SUB-101107,+25577944013,640027045485090,358721092452375,Hybrid,SME Trader & Merchant,Samsung Galaxy A54 (5G),Smartphone 5G,64,41531.71,Mwanza,TZ-MWA-002,0,0,Low Churn Risk (<15%)
TGO-SUB-101108,+25571293531,640026413830193,864205043376495,Prepaid,Youth & Campus Streamer,Itel Magic 2 (3G Feature),Feature Phone 3G,33,23210.77,Zanzibar,TZ-ZNZ-004,0,0,Medium Churn Risk (40-60%)
TGO-SUB-101109,+25571735604,640023392848202,352044102001282,Prepaid,Dormant / At-Risk,Samsung Galaxy S24 Ultra (5G),Smartphone 5G,50,37.74,Arusha,TZ-ARU-001,0,0,High Churn Risk (85%+)
TGO-SUB-101110,+25567128996,640021740422125,358721092906178,Hybrid,SME Trader & Merchant,Samsung Galaxy A54 (5G),Smartphone 5G,74,86686.31,Dar es Salaam,TZ-DAR-010,0,0,Low Churn Risk (<15%)
TGO-SUB-101111,+25565562104,640028812525969,356891117523000,Prepaid,Mass Market Voice/SMS,Nokia 105 Dual SIM (2G Feature),Feature Phone 2G,40,14904.71,Dar es Salaam,TZ-DAR-008,0,0,Low Churn Risk (<15%)
TGO-SUB-101112,+25567213010,640023226892666,356891116218243,Prepaid,Dormant / At-Risk,Infinix Hot 30 (4G),Smartphone 4G,119,2760.0,Geita,TZ-GEI-001,0,0,High Churn Risk (85%+)
TGO-SUB-101113,+25577922149,640023381395514,352044103581825,Prepaid,Dormant / At-Risk,Apple iPhone 15 Pro Max (5G),Smartphone 5G,52,1472.3,Morogoro,TZ-MOR-001,0,0,High Churn Risk (85%+)
TGO-SUB-101114,+25571475727,640023538897827,356891117957435,Prepaid,Youth & Campus Streamer,Nokia 105 Dual SIM (2G Feature),Feature Phone 2G,70,35172.79,Mara,TZ-TAR-001,0,0,Low Churn Risk (<15%)
TGO-SUB-101115,+25565396287,640022375748554,358721099006113,Prepaid,Youth & Campus Streamer,Samsung Galaxy A54 (5G),Smartphone 5G,4,25339.86,Kilimanjaro,TZ-KIL-002,0,0,Medium Churn Risk (40-60%)
TGO-SUB-101116,+25577209385,640026964887772,358721099245584,Prepaid,Youth & Campus Streamer,Xiaomi Redmi Note 12 (4G),Smartphone 4G,12,29409.15,Dar es Salaam,TZ-DAR-003,0,0,Low Churn Risk (<15%)
TGO-SUB-101117,+25567716006,640029795904190,356891111495004,Hybrid,SME Trader & Merchant,Tecno Camon 20 Pro (4G),Smartphone 4G,112,64954.64,Kigoma,TZ-KIG-001,0,0,Low Churn Risk (<15%)
TGO-SUB-101118,+25577874415,640024647375561,352044108142200,Prepaid,High-Value Data Pro,Nokia 105 Dual SIM (2G Feature),Feature Phone 2G,10,173995.72,Dar es Salaam,TZ-DAR-015,0,0,Low Churn Risk (<15%)
TGO-SUB-101119,+25565619333,640021066970190,358721093160371,Postpaid,Corporate VIP,Nokia 105 Dual SIM (2G Feature),Feature Phone 2G,43,199327.84,Kigoma,TZ-KIG-001,0,0,Low Churn Risk (<15%)
TGO-SUB-101120,+25565508856,640024550100615,352044109784836,Prepaid,High-Value Data Pro,Samsung Galaxy S24 Ultra (5G),Smartphone 5G,119,89540.78,Songwe,TZ-TND-001,0,0,Low Churn Risk (<15%)
TGO-SUB-101121,+25577813446,640027984434647,864205047850724,Postpaid,Corporate VIP,Tecno Camon 20 Pro (4G),Smartphone 4G,116,391773.12,Kilimanjaro,TZ-KIL-002,0,0,Low Churn Risk (<15%)
TGO-SUB-101122,+25565956397,640028641714687,352044107292810,Hybrid,SME Trader & Merchant,Infinix Hot 30 (4G),Smartphone 4G,89,75240.11,Mwanza,TZ-MWA-003,0,0,Low Churn Risk (<15%)
TGO-SUB-101123,+25565173950,640023738458510,356891112666437,Prepaid,Youth & Campus Streamer,Samsung Galaxy S24 Ultra (5G),Smartphone 5G,88,17523.1,Zanzibar,TZ-ZNZ-003,0,0,Low Churn Risk (<15%)
TGO-SUB-101124,+25577398641,640027598186836,352044109970659,Prepaid,Mass Market Voice/SMS,Samsung Galaxy A54 (5G),Smartphone 5G,72,8923.59,Dar es Salaam,TZ-DAR-013,0,0,Low Churn Risk (<15%)
TGO-SUB-101125,+25577310541,640025275891045,358721096020781,Postpaid,Corporate VIP,Apple iPhone 15 Pro Max (5G),Smartphone 5G,104,248061.07,Dar es Salaam,TZ-DAR-006,0,0,Low Churn Risk (<15%)
TGO-SUB-101126,+25571353495,640026887978829,864205045634959,Prepaid,Youth & Campus Streamer,Xiaomi Redmi Note 12 (4G),Smartphone 4G,93,28619.44,Dar es Salaam,TZ-DAR-013,0,0,Low Churn Risk (<15%)
TGO-SUB-101127,+25567145883,640023442983221,864205044579284,Hybrid,SME Trader & Merchant,Nokia 105 Dual SIM (2G Feature),Feature Phone 2G,49,43042.2,Iringa,TZ-IRI-001,0,0,Medium Churn Risk (40-60%)
TGO-SUB-101128,+25565405980,640023171512258,864205042928993,Prepaid,Youth & Campus Streamer,Tecno Camon 20 Pro (4G),Smartphone 4G,32,12835.22,Mwanza,TZ-MWA-003,0,0,Medium Churn Risk (40-60%)
TGO-SUB-101129,+25567683902,640021691910650,352044101594681,Hybrid,SME Trader & Merchant,Infinix Hot 30 (4G),Smartphone 4G,93,64727.79,Mbeya,TZ-MBY-001,0,0,Low Churn Risk (<15%)
TGO-SUB-101130,+25567488363,640021165055708,356891118175573,Postpaid,Corporate VIP,Samsung Galaxy S24 Ultra (5G),Smartphone 5G,16,139277.79,Kilimanjaro,TZ-KIL-002,0,0,Low Churn Risk (<15%)
TGO-SUB-101131,+25565899199,640023698470384,356891111207547,Prepaid,Youth & Campus Streamer,Nokia 105 Dual SIM (2G Feature),Feature Phone 2G,117,21321.46,Mbeya,TZ-MBY-001,0,0,Low Churn Risk (<15%)
TGO-SUB-101132,+25565816052,640026368890859,358721096024032,Prepaid,Mass Market Voice/SMS,Tecno Camon 20 Pro (4G),Smartphone 4G,23,6357.6,Tanga,TZ-TAN-002,0,0,Low Churn Risk (<15%)
TGO-SUB-101133,+25577369705,640024787892674,352044108759520,Hybrid,SME Trader & Merchant,Tecno Camon 20 Pro (4G),Smartphone 4G,70,32766.07,Mwanza,TZ-MWA-001,0,0,Low Churn Risk (<15%)
TGO-SUB-101134,+25565521769,640027985763912,864205045255046,Prepaid,Youth & Campus Streamer,Nokia 105 Dual SIM (2G Feature),Feature Phone 2G,44,26926.29,Kilimanjaro,TZ-KIL-002,0,0,Low Churn Risk (<15%)
TGO-SUB-101135,+25567797694,640022713189716,864205043579573,Prepaid,Youth & Campus Streamer,Infinix Hot 30 (4G),Smartphone 4G,80,43284.17,Zanzibar,TZ-ZNZ-002,0,0,Low Churn Risk (<15%)
TGO-SUB-101136,+25567585884,640027048207695,352044103238856,Prepaid,High-Value Data Pro,Apple iPhone 15 Pro Max (5G),Smartphone 5G,100,138268.49,Tanga,TZ-TAN-003,0,0,Low Churn Risk (<15%)
TGO-SUB-101137,+25577153357,640021856458337,352044106784922,Prepaid,Mass Market Voice/SMS,Infinix Hot 30 (4G),Smartphone 4G,27,9476.76,Mwanza,TZ-MWA-003,0,0,Medium Churn Risk (40-60%)
TGO-SUB-101138,+25577694954,640023864715453,352044108822089,Prepaid,Youth & Campus Streamer,Xiaomi Redmi Note 12 (4G),Smartphone 4G,53,30977.28,Mtwara,TZ-MTW-001,0,0,Low Churn Risk (<15%)
TGO-SUB-101139,+25567591341,640024171685974,358721094315759,Prepaid,Youth & Campus Streamer,Nokia 105 Dual SIM (2G Feature),Feature Phone 2G,101,36265.48,Dar es Salaam,TZ-DAR-003,0,0,Low Churn Risk (<15%)
TGO-SUB-101140,+25571189915,640021092196090,356891114476111,Prepaid,Mass Market Voice/SMS,Tecno Camon 20 Pro (4G),Smartphone 4G,40,6045.11,Dar es Salaam,TZ-DAR-010,0,0,Low Churn Risk (<15%)
TGO-SUB-101141,+25571480570,640027213172814,352044108377812,Prepaid,High-Value Data Pro,Samsung Galaxy A54 (5G),Smartphone 5G,16,127426.51,Dar es Salaam,TZ-DAR-010,0,0,Low Churn Risk (<15%)
TGO-SUB-101142,+25577265969,640027995138043,352044108234793,Prepaid,Youth & Campus Streamer,Itel Magic 2 (3G Feature),Feature Phone 3G,6,16839.33,Mwanza,TZ-MWA-003,0,0,Medium Churn Risk (40-60%)
TGO-SUB-101143,+25565499454,640027325684046,358721092787380,Prepaid,Dormant / At-Risk,Infinix Hot 30 (4G),Smartphone 4G,75,1087.15,Mwanza,TZ-MWA-003,0,0,High Churn Risk (85%+)
TGO-SUB-101144,+25565569063,640024839649408,358721098043939,Hybrid,SME Trader & Merchant,Tecno Camon 20 Pro (4G),Smartphone 4G,18,35525.68,Kilimanjaro,TZ-KIL-001,0,0,Medium Churn Risk (40-60%)
TGO-SUB-101145,+25567810277,640021642037497,864205047650305,Prepaid,Mass Market Voice/SMS,Samsung Galaxy A54 (5G),Smartphone 5G,103,14798.66,Arusha,TZ-ARU-003,0,0,Low Churn Risk (<15%)
TGO-SUB-101146,+25577116730,640027830384141,864205044829564,Hybrid,SME Trader & Merchant,Samsung Galaxy A54 (5G),Smartphone 5G,116,63828.05,Dar es Salaam,TZ-DAR-002,0,0,Low Churn Risk (<15%)
TGO-SUB-101147,+25565154537,640023789173738,352044103758947,Hybrid,SME Trader & Merchant,Itel Magic 2 (3G Feature),Feature Phone 3G,85,47734.38,Zanzibar,TZ-ZNZ-004,0,0,Low Churn Risk (<15%)
TGO-SUB-101148,+25571449090,640023367704310,864205047544890,Postpaid,Corporate VIP,Xiaomi Redmi Note 12 (4G),Smartphone 4G,5,245621.47,Shinyanga,TZ-SHI-001,0,0,Low Churn Risk (<15%)
TGO-SUB-101149,+25567830706,640026906189747,352044109421598,Prepaid,Mass Market Voice/SMS,Nokia 105 Dual SIM (2G Feature),Feature Phone 2G,45,9107.93,Arusha,TZ-ARU-002,0,0,Low Churn Risk (<15%)
TGO-SUB-101150,+25567679215,640026123481237,352044103796261,Prepaid,Mass Market Voice/SMS,Nokia 105 Dual SIM (2G Feature),Feature Phone 2G,111,4271.93,Songwe,TZ-TND-001,0,0,Low Churn Risk (<15%)
TGO-SUB-101151,+25571124125,640024482166571,356891113547631,Prepaid,High-Value Data Pro,Samsung Galaxy A54 (5G),Smartphone 5G,111,128629.06,Pwani,TZ-PWA-001,0,0,Low Churn Risk (<15%)
TGO-SUB-101152,+25571110113,640024105721420,352044107474541,Prepaid,Youth & Campus Streamer,Samsung Galaxy A54 (5G),Smartphone 5G,43,40754.53,Geita,TZ-GEI-001,0,0,Low Churn Risk (<15%)
TGO-SUB-101153,+25571742321,640021523893241,864205043092131,Prepaid,Youth & Campus Streamer,Samsung Galaxy A54 (5G),Smartphone 5G,30,15022.34,Mwanza,TZ-MWA-002,0,0,Low Churn Risk (<15%)
TGO-SUB-101154,+25565152427,640024079402141,358721094359688,Prepaid,Mass Market Voice/SMS,Samsung Galaxy A54 (5G),Smartphone 5G,24,13623.56,Kagera,TZ-BUK-001,0,0,Low Churn Risk (<15%)
TGO-SUB-101155,+25577402056,640024697532766,358721092939108,Prepaid,High-Value Data Pro,Samsung Galaxy S24 Ultra (5G),Smartphone 5G,74,83726.46,Dar es Salaam,TZ-DAR-010,0,0,Low Churn Risk (<15%)
TGO-SUB-101156,+25565833968,640024271332825,864205042961345,Hybrid,SME Trader & Merchant,Xiaomi Redmi Note 12 (4G),Smartphone 4G,77,55653.42,Shinyanga,TZ-KAH-001,0,0,Low Churn Risk (<15%)
TGO-SUB-101157,+25577631265,640028046301787,864205045472424,Prepaid,Youth & Campus Streamer,Xiaomi Redmi Note 12 (4G),Smartphone 4G,88,29508.18,Iringa,TZ-IRI-001,0,0,Low Churn Risk (<15%)
TGO-SUB-101158,+25567395120,640024239681347,356891111646121,Prepaid,Mass Market Voice/SMS,Tecno Camon 20 Pro (4G),Smartphone 4G,11,3906.06,Zanzibar,TZ-ZNZ-004,0,0,Low Churn Risk (<15%)
TGO-SUB-101159,+25577112581,640023896960280,352044107167085,Prepaid,Youth & Campus Streamer,Infinix Hot 30 (4G),Smartphone 4G,108,43656.77,Dodoma,TZ-DOM-003,0,0,Low Churn Risk (<15%)
TGO-SUB-101160,+25567572684,640028778037043,352044106239684,Hybrid,SME Trader & Merchant,Xiaomi Redmi Note 12 (4G),Smartphone 4G,22,94941.33,Dar es Salaam,TZ-DAR-013,0,0,Low Churn Risk (<15%)
TGO-SUB-101161,+25571824424,640026810639622,358721095840645,Prepaid,Mass Market Voice/SMS,Nokia 105 Dual SIM (2G Feature),Feature Phone 2G,60,17584.14,Geita,TZ-GEI-001,0,0,Low Churn Risk (<15%)
TGO-SUB-101162,+25577260101,640028518563937,358721091256682,Hybrid,SME Trader & Merchant,Xiaomi Redmi Note 12 (4G),Smartphone 4G,2,86566.28,Dar es Salaam,TZ-DAR-010,0,0,Low Churn Risk (<15%)
TGO-SUB-101163,+25577929816,640024888501524,864205047217392,Postpaid,Corporate VIP,Samsung Galaxy A54 (5G),Smartphone 5G,3,275855.11,Tanga,TZ-TAN-001,0,0,Low Churn Risk (<15%)
TGO-SUB-101164,+25577511284,640025974930815,352044103388013,Prepaid,Youth & Campus Streamer,Tecno Camon 20 Pro (4G),Smartphone 4G,86,26284.26,Dar es Salaam,TZ-DAR-011,0,0,Low Churn Risk (<15%)
TGO-SUB-101165,+25571470534,640025129350848,356891114389867,Prepaid,High-Value Data Pro,Infinix Hot 30 (4G),Smartphone 4G,54,122251.52,Kagera,TZ-BUK-001,0,0,Low Churn Risk (<15%)
TGO-SUB-101166,+25577113597,640029404635612,864205044550274,Hybrid,SME Trader & Merchant,Infinix Hot 30 (4G),Smartphone 4G,44,37920.08,Dar es Salaam,TZ-DAR-009,0,0,Low Churn Risk (<15%)
TGO-SUB-101167,+25567946331,640025845296568,358721091661910,Hybrid,SME Trader & Merchant,Tecno Camon 20 Pro (4G),Smartphone 4G,117,43614.64,Arusha,TZ-ARU-001,0,0,Low Churn Risk (<15%)
TGO-SUB-101168,+25567764662,640029471942713,352044106819555,Hybrid,SME Trader & Merchant,Infinix Hot 30 (4G),Smartphone 4G,101,42634.56,Dar es Salaam,TZ-DAR-009,0,0,Low Churn Risk (<15%)
TGO-SUB-101169,+25565842501,640024520399955,358721096906607,Hybrid,SME Trader & Merchant,Nokia 105 Dual SIM (2G Feature),Feature Phone 2G,80,87247.33,Kilimanjaro,TZ-KIL-002,0,0,Low Churn Risk (<15%)
TGO-SUB-101170,+25567185257,640027568016720,358721097318714,Hybrid,SME Trader & Merchant,Samsung Galaxy S24 Ultra (5G),Smartphone 5G,19,42556.81,Pemba,TZ-PEM-001,0,0,Low Churn Risk (<15%)
TGO-SUB-101171,+25567988954,640024340450663,358721093585633,Hybrid,SME Trader & Merchant,Infinix Hot 30 (4G),Smartphone 4G,101,83614.39,Shinyanga,TZ-SHI-001,0,0,Low Churn Risk (<15%)
TGO-SUB-101172,+25567435581,640023598804887,352044108690460,Prepaid,High-Value Data Pro,Xiaomi Redmi Note 12 (4G),Smartphone 4G,49,155861.82,Tanga,TZ-TAN-002,0,0,Low Churn Risk (<15%)
TGO-SUB-101173,+25577834680,640025341842641,352044103141612,Postpaid,Corporate VIP,Samsung Galaxy A54 (5G),Smartphone 5G,60,332516.13,Mwanza,TZ-MWA-001,0,0,Medium Churn Risk (40-60%)
TGO-SUB-101174,+25565568383,640027983143830,864205047226917,Prepaid,High-Value Data Pro,Xiaomi Redmi Note 12 (4G),Smartphone 4G,78,92826.25,Tanga,TZ-TAN-001,0,0,Low Churn Risk (<15%)
TGO-SUB-101175,+25577398595,640025847023855,356891112299340,Prepaid,Youth & Campus Streamer,Nokia 105 Dual SIM (2G Feature),Feature Phone 2G,49,24171.13,Arusha,TZ-ARU-001,0,0,Low Churn Risk (<15%)
TGO-SUB-101176,+25571759439,640026686039480,864205044424759,Postpaid,Corporate VIP,Xiaomi Redmi Note 12 (4G),Smartphone 4G,6,213359.94,Dodoma,TZ-DOM-003,0,0,Low Churn Risk (<15%)
TGO-SUB-101177,+25571857886,640025861330704,356891111711922,Prepaid,Youth & Campus Streamer,Samsung Galaxy A54 (5G),Smartphone 5G,47,43024.05,Pwani,TZ-PWA-001,0,0,Medium Churn Risk (40-60%)
TGO-SUB-101178,+25567454584,640025643541357,352044108873241,Prepaid,Youth & Campus Streamer,Tecno Camon 20 Pro (4G),Smartphone 4G,89,29314.42,Iringa,TZ-IRI-001,0,0,Low Churn Risk (<15%)
TGO-SUB-101179,+25565674721,640024534096467,864205045702842,Prepaid,Mass Market Voice/SMS,Apple iPhone 15 Pro Max (5G),Smartphone 5G,88,6911.32,Pwani,TZ-PWA-001,0,0,Medium Churn Risk (40-60%)
TGO-SUB-101180,+25571155032,640023994828174,358721091444540,Hybrid,SME Trader & Merchant,Samsung Galaxy A54 (5G),Smartphone 5G,42,39921.0,Dar es Salaam,TZ-DAR-009,0,0,Low Churn Risk (<15%)
TGO-SUB-101181,+25577892684,640022699985771,352044106161370,Prepaid,Youth & Campus Streamer,Infinix Hot 30 (4G),Smartphone 4G,5,30151.03,Dar es Salaam,TZ-DAR-003,0,0,Low Churn Risk (<15%)
TGO-SUB-101182,+25565340654,640027797813054,356891114663531,Hybrid,SME Trader & Merchant,Infinix Hot 30 (4G),Smartphone 4G,20,88407.63,Dar es Salaam,TZ-DAR-011,0,0,Low Churn Risk (<15%)
TGO-SUB-101183,+25571758169,640026503644761,352044106356966,Hybrid,SME Trader & Merchant,Samsung Galaxy A54 (5G),Smartphone 5G,115,69495.2,Arusha,TZ-ARU-002,0,0,Low Churn Risk (<15%)
TGO-SUB-101184,+25567511704,640026520672499,356891115671869,Prepaid,Youth & Campus Streamer,Itel Magic 2 (3G Feature),Feature Phone 3G,6,37410.55,Dar es Salaam,TZ-DAR-014,0,0,Low Churn Risk (<15%)
TGO-SUB-101185,+25577943721,640021882973081,352044109733903,Prepaid,Mass Market Voice/SMS,Nokia 105 Dual SIM (2G Feature),Feature Phone 2G,30,8414.07,Dar es Salaam,TZ-DAR-004,0,0,Low Churn Risk (<15%)
TGO-SUB-101186,+25567327337,640023195155142,352044101129603,Prepaid,Mass Market Voice/SMS,Xiaomi Redmi Note 12 (4G),Smartphone 4G,42,6095.29,Zanzibar,TZ-ZNZ-002,0,0,Low Churn Risk (<15%)
TGO-SUB-101187,+25577509735,640027406726525,352044109336213,Prepaid,High-Value Data Pro,Samsung Galaxy S24 Ultra (5G),Smartphone 5G,110,60032.49,Dar es Salaam,TZ-DAR-002,0,0,Low Churn Risk (<15%)
TGO-SUB-101188,+25571387552,640024995004351,352044105666796,Prepaid,Dormant / At-Risk,Xiaomi Redmi Note 12 (4G),Smartphone 4G,28,291.7,Kilimanjaro,TZ-KIL-001,0,0,High Churn Risk (85%+)
TGO-SUB-101189,+25565543721,640022601253857,352044105377660,Postpaid,Corporate VIP,Samsung Galaxy A54 (5G),Smartphone 5G,120,159625.25,Dar es Salaam,TZ-DAR-010,0,0,Low Churn Risk (<15%)
TGO-SUB-101190,+25565226169,640023046572593,356891112180551,Prepaid,Youth & Campus Streamer,Xiaomi Redmi Note 12 (4G),Smartphone 4G,35,41252.52,Ruvuma,TZ-SON-001,0,0,Low Churn Risk (<15%)
TGO-SUB-101191,+25571837019,640027714024515,356891118669642,Hybrid,SME Trader & Merchant,Samsung Galaxy A54 (5G),Smartphone 5G,107,54532.63,Dar es Salaam,TZ-DAR-003,0,0,Low Churn Risk (<15%)
TGO-SUB-101192,+25577532458,640029646924796,356891117885051,Prepaid,Mass Market Voice/SMS,Itel Magic 2 (3G Feature),Feature Phone 3G,103,13648.53,Zanzibar,TZ-ZNZ-002,0,0,Low Churn Risk (<15%)
TGO-SUB-101193,+25567125598,640028177932148,864205043462257,Prepaid,Dormant / At-Risk,Xiaomi Redmi Note 12 (4G),Smartphone 4G,107,132.37,Dodoma,TZ-DOM-003,0,0,High Churn Risk (85%+)
TGO-SUB-101194,+25577686095,640025498095763,352044101927109,Prepaid,Mass Market Voice/SMS,Tecno Camon 20 Pro (4G),Smartphone 4G,48,11168.86,Kilimanjaro,TZ-KIL-001,0,0,Low Churn Risk (<15%)
TGO-SUB-101195,+25565436290,640026784409330,864205047083966,Prepaid,Dormant / At-Risk,Tecno Camon 20 Pro (4G),Smartphone 4G,105,2301.94,Dar es Salaam,TZ-DAR-010,0,0,High Churn Risk (85%+)
TGO-SUB-101196,+25577808534,640027623993181,352044105526821,Prepaid,Mass Market Voice/SMS,Infinix Hot 30 (4G),Smartphone 4G,58,7992.06,Arusha,TZ-ARU-003,0,0,Low Churn Risk (<15%)
TGO-SUB-101197,+25565144832,640024198865421,864205049559083,Hybrid,SME Trader & Merchant,Xiaomi Redmi Note 12 (4G),Smartphone 4G,70,83523.82,Dar es Salaam,TZ-DAR-008,0,0,Low Churn Risk (<15%)
TGO-SUB-101198,+25571644807,640025312321117,864205048756433,Prepaid,Mass Market Voice/SMS,Infinix Hot 30 (4G),Smartphone 4G,103,10337.7,Arusha,TZ-ARU-001,0,0,Low Churn Risk (<15%)
TGO-SUB-101199,+25567675092,640029319042718,358721093297139,Hybrid,SME Trader & Merchant,Tecno Camon 20 Pro (4G),Smartphone 4G,83,78851.76,Dar es Salaam,TZ-DAR-007,0,0,Low Churn Risk (<15%)
TGO-SUB-101200,+25577263264,640025757968510,864205041757144,Hybrid,SME Trader & Merchant,Samsung Galaxy A54 (5G),Smartphone 5G,105,83640.08,Dodoma,TZ-DOM-001,0,0,Low Churn Risk (<15%)
TGO-SUB-101201,+25565124647,640021069664379,352044102269563,Prepaid,Mass Market Voice/SMS,Samsung Galaxy A54 (5G),Smartphone 5G,16,4070.04,Pwani,TZ-PWA-002,0,0,Low Churn Risk (<15%)
TGO-SUB-101202,+25577474880,640028136453451,356891118317159,Hybrid,SME Trader & Merchant,Tecno Camon 20 Pro (4G),Smartphone 4G,118,43549.15,Mwanza,TZ-MWA-002,0,0,Low Churn Risk (<15%)
TGO-SUB-101203,+25577766076,640029769785826,358721091330497,Postpaid,Corporate VIP,Tecno Camon 20 Pro (4G),Smartphone 4G,69,351208.4,Mtwara,TZ-MTW-001,0,0,Low Churn Risk (<15%)
TGO-SUB-101204,+25571543234,640025412340714,356891116111261,Prepaid,Youth & Campus Streamer,Tecno Camon 20 Pro (4G),Smartphone 4G,81,14737.83,Zanzibar,TZ-ZNZ-002,0,0,Low Churn Risk (<15%)
TGO-SUB-101205,+25571576773,640022449047673,358721091360105,Prepaid,Mass Market Voice/SMS,Tecno Camon 20 Pro (4G),Smartphone 4G,13,15819.63,Dar es Salaam,TZ-DAR-014,0,0,Low Churn Risk (<15%)
TGO-SUB-101206,+25571817041,640024353660389,358721091724568,Hybrid,SME Trader & Merchant,Samsung Galaxy A54 (5G),Smartphone 5G,84,66728.25,Mtwara,TZ-MTW-001,0,0,Low Churn Risk (<15%)
TGO-SUB-101207,+25571365503,640023515395117,358721092823667,Prepaid,High-Value Data Pro,Samsung Galaxy A54 (5G),Smartphone 5G,88,94834.4,Arusha,TZ-ARU-002,0,0,Low Churn Risk (<15%)
TGO-SUB-101208,+25565978050,640021329942192,358721096098673,Prepaid,Mass Market Voice/SMS,Samsung Galaxy S24 Ultra (5G),Smartphone 5G,6,15102.04,Dar es Salaam,TZ-DAR-012,0,0,Low Churn Risk (<15%)
TGO-SUB-101209,+25567291551,640026254560263,358721093398437,Prepaid,Mass Market Voice/SMS,Xiaomi Redmi Note 12 (4G),Smartphone 4G,95,4741.34,Dar es Salaam,TZ-DAR-011,0,0,Low Churn Risk (<15%)
TGO-SUB-101210,+25571559378,640027425896687,358721091215358,Hybrid,SME Trader & Merchant,Nokia 105 Dual SIM (2G Feature),Feature Phone 2G,36,65326.5,Mwanza,TZ-MWA-001,0,0,Low Churn Risk (<15%)
TGO-SUB-101211,+25577684352,640028310239458,356891111683411,Prepaid,Mass Market Voice/SMS,Samsung Galaxy A54 (5G),Smartphone 5G,32,8364.64,Kilimanjaro,TZ-KIL-003,0,0,Low Churn Risk (<15%)
TGO-SUB-101212,+25565226889,640021103548562,356891116981292,Hybrid,SME Trader & Merchant,Infinix Hot 30 (4G),Smartphone 4G,62,94773.83,Kilimanjaro,TZ-KIL-001,0,0,Low Churn Risk (<15%)
TGO-SUB-101213,+25571928373,640023818626841,358721092214778,Hybrid,SME Trader & Merchant,Samsung Galaxy S24 Ultra (5G),Smartphone 5G,2,49522.3,Zanzibar,TZ-ZNZ-003,0,0,Low Churn Risk (<15%)
TGO-SUB-101214,+25567162908,640021052250108,352044107140178,Prepaid,Mass Market Voice/SMS,Samsung Galaxy S24 Ultra (5G),Smartphone 5G,103,5055.93,Pwani,TZ-PWA-001,0,0,Low Churn Risk (<15%)
TGO-SUB-101215,+25565297831,640028146981710,358721096019893,Hybrid,SME Trader & Merchant,Apple iPhone 15 Pro Max (5G),Smartphone 5G,10,71170.78,Dodoma,TZ-DOM-001,0,0,Low Churn Risk (<15%)
TGO-SUB-101216,+25565799486,640023189865928,356891116008928,Prepaid,High-Value Data Pro,Itel Magic 2 (3G Feature),Feature Phone 3G,108,79767.93,Mbeya,TZ-MBY-002,0,0,Low Churn Risk (<15%)
TGO-SUB-101217,+25567336288,640028851095587,358721091625716,Hybrid,SME Trader & Merchant,Samsung Galaxy S24 Ultra (5G),Smartphone 5G,120,55650.87,Dar es Salaam,TZ-DAR-013,0,0,Low Churn Risk (<15%)
TGO-SUB-101218,+25567509758,640024897716760,358721097447648,Prepaid,Youth & Campus Streamer,Nokia 105 Dual SIM (2G Feature),Feature Phone 2G,67,36929.2,Dar es Salaam,TZ-DAR-011,0,0,Low Churn Risk (<15%)
TGO-SUB-101219,+25567621282,640024320435651,358721097289580,Prepaid,Youth & Campus Streamer,Tecno Camon 20 Pro (4G),Smartphone 4G,83,35247.65,Pemba,TZ-PEM-001,0,0,Low Churn Risk (<15%)
TGO-SUB-101220,+25571487470,640026486345845,352044105870705,Prepaid,Youth & Campus Streamer,Tecno Camon 20 Pro (4G),Smartphone 4G,61,22793.9,Tanga,TZ-TAN-003,0,0,Low Churn Risk (<15%)
TGO-SUB-101221,+25577504848,640025884526046,352044101954077,Prepaid,Youth & Campus Streamer,Itel Magic 2 (3G Feature),Feature Phone 3G,35,32340.1,Dar es Salaam,TZ-DAR-005,0,0,Low Churn Risk (<15%)
TGO-SUB-101222,+25567402982,640026273542227,352044103510449,Prepaid,Dormant / At-Risk,Samsung Galaxy A54 (5G),Smartphone 5G,67,575.54,Arusha,TZ-ARU-002,0,0,High Churn Risk (85%+)
TGO-SUB-101223,+25577392051,640023830860764,864205049412144,Prepaid,Youth & Campus Streamer,Samsung Galaxy A54 (5G),Smartphone 5G,103,35516.49,Dodoma,TZ-DOM-002,0,0,Low Churn Risk (<15%)
TGO-SUB-101224,+25577710008,640023233866964,356891118597904,Hybrid,SME Trader & Merchant,Infinix Hot 30 (4G),Smartphone 4G,114,81346.43,Shinyanga,TZ-KAH-001,0,0,Low Churn Risk (<15%)
TGO-SUB-101225,+25577493214,640026349956494,358721098518724,Prepaid,Youth & Campus Streamer,Nokia 105 Dual SIM (2G Feature),Feature Phone 2G,33,23266.18,Pwani,TZ-PWA-002,0,0,Low Churn Risk (<15%)
TGO-SUB-101226,+25571494853,640029520646325,356891111697783,Hybrid,SME Trader & Merchant,Xiaomi Redmi Note 12 (4G),Smartphone 4G,36,62178.61,Dodoma,TZ-DOM-002,0,0,Low Churn Risk (<15%)
TGO-SUB-101227,+25577308865,640022141178010,358721097586237,Prepaid,Youth & Campus Streamer,Infinix Hot 30 (4G),Smartphone 4G,16,24767.19,Dar es Salaam,TZ-DAR-008,0,0,Low Churn Risk (<15%)
TGO-SUB-101228,+25567897048,640021234084952,356891113908281,Hybrid,SME Trader & Merchant,Infinix Hot 30 (4G),Smartphone 4G,27,80951.59,Zanzibar,TZ-ZNZ-003,0,0,Low Churn Risk (<15%)
TGO-SUB-101229,+25571792371,640023433388223,356891112168445,Prepaid,Youth & Campus Streamer,Itel Magic 2 (3G Feature),Feature Phone 3G,80,21378.21,Pwani,TZ-PWA-001,0,0,Low Churn Risk (<15%)
TGO-SUB-101230,+25567679459,640022015168489,356891116806079,Hybrid,SME Trader & Merchant,Tecno Camon 20 Pro (4G),Smartphone 4G,70,82371.17,Kigoma,TZ-KIG-001,0,0,Low Churn Risk (<15%)
TGO-SUB-101231,+25571268187,640029981540040,352044109488757,Hybrid,SME Trader & Merchant,Apple iPhone 15 Pro Max (5G),Smartphone 5G,22,56416.14,Pwani,TZ-PWA-001,0,0,Low Churn Risk (<15%)
TGO-SUB-101232,+25565331044,640022200317451,356891113503694,Prepaid,Mass Market Voice/SMS,Tecno Camon 20 Pro (4G),Smartphone 4G,13,15743.84,Mwanza,TZ-MWA-003,0,0,Low Churn Risk (<15%)
TGO-SUB-101233,+25571528379,640028354809424,358721092576906,Prepaid,Mass Market Voice/SMS,Nokia 105 Dual SIM (2G Feature),Feature Phone 2G,113,3345.4,Zanzibar,TZ-ZNZ-004,0,0,Low Churn Risk (<15%)
TGO-SUB-101234,+25577557861,640027545252618,352044101217227,Hybrid,SME Trader & Merchant,Tecno Camon 20 Pro (4G),Smartphone 4G,91,58742.32,Dar es Salaam,TZ-DAR-014,0,0,Low Churn Risk (<15%)
TGO-SUB-101235,+25571730145,640028229625864,864205049263516,Hybrid,SME Trader & Merchant,Samsung Galaxy A54 (5G),Smartphone 5G,116,56331.65,Pwani,TZ-PWA-001,0,0,Low Churn Risk (<15%)
TGO-SUB-101236,+25565497875,640029694199134,864205047768311,Prepaid,Mass Market Voice/SMS,Tecno Camon 20 Pro (4G),Smartphone 4G,3,8833.05,Arusha,TZ-ARU-003,0,0,Low Churn Risk (<15%)
TGO-SUB-101237,+25577557485,640028405290236,358721091938066,Hybrid,SME Trader & Merchant,Samsung Galaxy A54 (5G),Smartphone 5G,22,53828.66,Pwani,TZ-PWA-002,0,0,Low Churn Risk (<15%)
TGO-SUB-101238,+25565995113,640026933257157,356891118976623,Prepaid,Mass Market Voice/SMS,Apple iPhone 15 Pro Max (5G),Smartphone 5G,33,4385.65,Ruvuma,TZ-SON-001,0,0,Low Churn Risk (<15%)
TGO-SUB-101239,+25571650768,640029297920183,358721092562684,Hybrid,SME Trader & Merchant,Apple iPhone 15 Pro Max (5G),Smartphone 5G,40,86615.57,Dar es Salaam,TZ-DAR-012,0,0,Low Churn Risk (<15%)
TGO-SUB-101240,+25565645792,640021286813210,356891117511070,Prepaid,Mass Market Voice/SMS,Infinix Hot 30 (4G),Smartphone 4G,71,16077.42,Zanzibar,TZ-ZNZ-003,0,0,Low Churn Risk (<15%)
TGO-SUB-101241,+25577543824,640024843660761,864205041180163,Prepaid,High-Value Data Pro,Infinix Hot 30 (4G),Smartphone 4G,23,152740.36,Tanga,TZ-TAN-001,0,0,Low Churn Risk (<15%)
TGO-SUB-101242,+25571916902,640028562837321,864205042601378,Hybrid,SME Trader & Merchant,Nokia 105 Dual SIM (2G Feature),Feature Phone 2G,66,30568.52,Dar es Salaam,TZ-DAR-011,0,0,Low Churn Risk (<15%)
TGO-SUB-101243,+25571625245,640025539136501,864205042751130,Prepaid,Mass Market Voice/SMS,Tecno Camon 20 Pro (4G),Smartphone 4G,74,6628.88,Tabora,TZ-TAB-001,0,0,Low Churn Risk (<15%)
TGO-SUB-101244,+25567584867,640026350622684,864205048447081,Prepaid,High-Value Data Pro,Infinix Hot 30 (4G),Smartphone 4G,49,132721.29,Dar es Salaam,TZ-DAR-003,0,0,Medium Churn Risk (40-60%)
TGO-SUB-101245,+25565100601,640026528492618,358721098104366,Prepaid,Youth & Campus Streamer,Infinix Hot 30 (4G),Smartphone 4G,67,41330.16,Geita,TZ-GEI-001,0,0,Low Churn Risk (<15%)
TGO-SUB-101246,+25567924584,640028513372284,352044106488986,Prepaid,Mass Market Voice/SMS,Samsung Galaxy A54 (5G),Smartphone 5G,77,4893.6,Dar es Salaam,TZ-DAR-003,0,0,Low Churn Risk (<15%)
TGO-SUB-101247,+25567982844,640022281799405,358721095011566,Postpaid,Corporate VIP,Samsung Galaxy A54 (5G),Smartphone 5G,56,280783.13,Zanzibar,TZ-ZNZ-004,0,0,Medium Churn Risk (40-60%)
TGO-SUB-101248,+25565571796,640024217898231,352044105156143,Prepaid,Mass Market Voice/SMS,Apple iPhone 15 Pro Max (5G),Smartphone 5G,60,16554.96,Pwani,TZ-PWA-002,0,0,Low Churn Risk (<15%)
TGO-SUB-101249,+25577489616,640024789808025,358721092367496,Hybrid,SME Trader & Merchant,Itel Magic 2 (3G Feature),Feature Phone 3G,38,39459.94,Mbeya,TZ-MBY-002,0,0,Low Churn Risk (<15%)
TGO-SUB-101250,+25567155699,640026800590025,358721097851736,Hybrid,SME Trader & Merchant,Samsung Galaxy S24 Ultra (5G),Smartphone 5G,120,83371.12,Dodoma,TZ-DOM-002,0,0,Low Churn Risk (<15%)
TGO-SUB-101251,+25577171046,640026808867808,864205044254168,Prepaid,Dormant / At-Risk,Samsung Galaxy A54 (5G),Smartphone 5G,72,437.82,Zanzibar,TZ-ZNZ-001,0,0,High Churn Risk (85%+)
TGO-SUB-101252,+25567162796,640029695949463,864205047613108,Hybrid,SME Trader & Merchant,Tecno Camon 20 Pro (4G),Smartphone 4G,80,51712.66,Mbeya,TZ-MBY-001,0,0,Low Churn Risk (<15%)
TGO-SUB-101253,+25567398767,640022580408536,356891115596937,Prepaid,Youth & Campus Streamer,Tecno Camon 20 Pro (4G),Smartphone 4G,73,33988.56,Dodoma,TZ-DOM-002,0,0,Low Churn Risk (<15%)
TGO-SUB-101254,+25571260778,640026918142780,358721098669804,Prepaid,Mass Market Voice/SMS,Apple iPhone 15 Pro Max (5G),Smartphone 5G,51,5945.01,Mbeya,TZ-MBY-001,0,0,Low Churn Risk (<15%)
TGO-SUB-101255,+25565143926,640025484003506,356891112393993,Prepaid,High-Value Data Pro,Tecno Camon 20 Pro (4G),Smartphone 4G,73,155936.6,Dar es Salaam,TZ-DAR-010,0,0,Low Churn Risk (<15%)
TGO-SUB-101256,+25567320846,640021284448229,356891113784047,Hybrid,SME Trader & Merchant,Xiaomi Redmi Note 12 (4G),Smartphone 4G,64,89483.71,Dar es Salaam,TZ-DAR-011,0,0,Low Churn Risk (<15%)
TGO-SUB-101257,+25571183854,640028170092009,352044107467595,Prepaid,Dormant / At-Risk,Nokia 105 Dual SIM (2G Feature),Feature Phone 2G,71,774.25,Dodoma,TZ-DOM-002,0,0,High Churn Risk (85%+)
TGO-SUB-101258,+25567762201,640028150869292,864205048001889,Hybrid,SME Trader & Merchant,Infinix Hot 30 (4G),Smartphone 4G,3,68600.27,Pwani,TZ-PWA-001,0,0,Low Churn Risk (<15%)
TGO-SUB-101259,+25577606877,640026464008146,352044106231076,Prepaid,Youth & Campus Streamer,Samsung Galaxy S24 Ultra (5G),Smartphone 5G,19,38455.24,Pwani,TZ-PWA-002,0,0,Medium Churn Risk (40-60%)
TGO-SUB-101260,+25565985510,640024365005756,864205045869032,Prepaid,Youth & Campus Streamer,Nokia 105 Dual SIM (2G Feature),Feature Phone 2G,54,28692.84,Mwanza,TZ-MWA-001,0,0,Low Churn Risk (<15%)
TGO-SUB-101261,+25567413612,640021348447276,864205047533237,Prepaid,Youth & Campus Streamer,Itel Magic 2 (3G Feature),Feature Phone 3G,105,37573.88,Dar es Salaam,TZ-DAR-004,0,0,Low Churn Risk (<15%)
TGO-SUB-101262,+25577261528,640027074041090,356891114499995,Hybrid,SME Trader & Merchant,Apple iPhone 15 Pro Max (5G),Smartphone 5G,51,87141.88,Kagera,TZ-BUK-001,0,0,Low Churn Risk (<15%)
TGO-SUB-101263,+25565525006,640026304762771,864205047402312,Prepaid,Youth & Campus Streamer,Tecno Camon 20 Pro (4G),Smartphone 4G,11,31583.72,Dar es Salaam,TZ-DAR-006,0,0,Medium Churn Risk (40-60%)
TGO-SUB-101264,+25571257334,640027615840708,358721091967992,Postpaid,Corporate VIP,Itel Magic 2 (3G Feature),Feature Phone 3G,108,178599.11,Dar es Salaam,TZ-DAR-009,0,0,Low Churn Risk (<15%)
TGO-SUB-101265,+25567811710,640023456709521,356891112732474,Postpaid,Corporate VIP,Tecno Camon 20 Pro (4G),Smartphone 4G,106,312344.96,Dar es Salaam,TZ-DAR-003,0,0,Low Churn Risk (<15%)
TGO-SUB-101266,+25565927895,640029561936242,356891113803169,Prepaid,Mass Market Voice/SMS,Samsung Galaxy A54 (5G),Smartphone 5G,9,4075.25,Mbeya,TZ-MBY-001,0,0,Low Churn Risk (<15%)
TGO-SUB-101267,+25577735612,640028955977853,864205047747208,Prepaid,Youth & Campus Streamer,Apple iPhone 15 Pro Max (5G),Smartphone 5G,44,34738.06,Dar es Salaam,TZ-DAR-003,0,0,Low Churn Risk (<15%)
TGO-SUB-101268,+25565828664,640027238476297,352044104079176,Prepaid,Mass Market Voice/SMS,Tecno Camon 20 Pro (4G),Smartphone 4G,27,14913.86,Tanga,TZ-TAN-003,0,0,Low Churn Risk (<15%)
TGO-SUB-101269,+25565583694,640021666660868,356891111616019,Prepaid,High-Value Data Pro,Nokia 105 Dual SIM (2G Feature),Feature Phone 2G,10,179787.09,Dar es Salaam,TZ-DAR-009,0,0,Low Churn Risk (<15%)
TGO-SUB-101270,+25567907788,640027363409651,358721092285748,Hybrid,SME Trader & Merchant,Xiaomi Redmi Note 12 (4G),Smartphone 4G,47,76092.2,Shinyanga,TZ-SHI-001,0,0,Low Churn Risk (<15%)
TGO-SUB-101271,+25565509777,640026117404598,356891111512880,Prepaid,Mass Market Voice/SMS,Nokia 105 Dual SIM (2G Feature),Feature Phone 2G,85,8843.39,Kigoma,TZ-KIG-001,0,0,Low Churn Risk (<15%)
TGO-SUB-101272,+25577921794,640026684731034,864205049554085,Prepaid,Youth & Campus Streamer,Xiaomi Redmi Note 12 (4G),Smartphone 4G,90,33727.36,Zanzibar,TZ-ZNZ-004,0,0,Low Churn Risk (<15%)
TGO-SUB-101273,+25565107800,640026371287730,356891116105455,Prepaid,Mass Market Voice/SMS,Apple iPhone 15 Pro Max (5G),Smartphone 5G,36,6600.35,Tabora,TZ-TAB-001,0,0,Low Churn Risk (<15%)
TGO-SUB-101274,+25565855797,640026070264390,356891119083050,Prepaid,Youth & Campus Streamer,Infinix Hot 30 (4G),Smartphone 4G,14,38406.88,Kilimanjaro,TZ-KIL-001,0,0,Low Churn Risk (<15%)
TGO-SUB-101275,+25577909047,640023152108884,864205042549855,Prepaid,Mass Market Voice/SMS,Infinix Hot 30 (4G),Smartphone 4G,114,14160.79,Tanga,TZ-TAN-001,0,0,Low Churn Risk (<15%)
TGO-SUB-101276,+25565556065,640025464297388,352044106649647,Hybrid,SME Trader & Merchant,Samsung Galaxy S24 Ultra (5G),Smartphone 5G,9,56476.86,Mbeya,TZ-MBY-002,0,0,Low Churn Risk (<15%)
TGO-SUB-101277,+25577969849,640029066955201,358721097383319,Hybrid,SME Trader & Merchant,Samsung Galaxy A54 (5G),Smartphone 5G,115,68408.09,Mwanza,TZ-MWA-003,0,0,Low Churn Risk (<15%)
TGO-SUB-101278,+25571956410,640026386498527,352044101044938,Hybrid,SME Trader & Merchant,Samsung Galaxy A54 (5G),Smartphone 5G,56,83397.96,Pwani,TZ-PWA-001,0,0,Low Churn Risk (<15%)
TGO-SUB-101279,+25571179802,640022789949373,352044109062509,Prepaid,Youth & Campus Streamer,Infinix Hot 30 (4G),Smartphone 4G,37,31145.82,Dodoma,TZ-DOM-001,0,0,Low Churn Risk (<15%)
TGO-SUB-101280,+25571996777,640029543880001,352044102858468,Postpaid,Corporate VIP,Infinix Hot 30 (4G),Smartphone 4G,62,261735.16,Arusha,TZ-ARU-002,0,0,Low Churn Risk (<15%)
TGO-SUB-101281,+25571204291,640022108931441,352044108044444,Prepaid,Mass Market Voice/SMS,Tecno Camon 20 Pro (4G),Smartphone 4G,98,6061.4,Dar es Salaam,TZ-DAR-011,0,0,Low Churn Risk (<15%)
TGO-SUB-101282,+25567424526,640023744581207,356891112631251,Postpaid,Corporate VIP,Nokia 105 Dual SIM (2G Feature),Feature Phone 2G,98,199051.97,Pemba,TZ-PEM-001,0,0,Low Churn Risk (<15%)
TGO-SUB-101283,+25567287664,640027233249942,356891116247738,Prepaid,High-Value Data Pro,Tecno Camon 20 Pro (4G),Smartphone 4G,46,140159.81,Tanga,TZ-TAN-001,0,0,Low Churn Risk (<15%)
TGO-SUB-101284,+25571470399,640026052593258,864205046717934,Prepaid,Mass Market Voice/SMS,Xiaomi Redmi Note 12 (4G),Smartphone 4G,9,12305.13,Morogoro,TZ-MOR-001,0,0,Low Churn Risk (<15%)
TGO-SUB-101285,+25565252895,640022469313429,864205046019435,Prepaid,Mass Market Voice/SMS,Samsung Galaxy S24 Ultra (5G),Smartphone 5G,66,14889.98,Mwanza,TZ-MWA-002,0,0,Medium Churn Risk (40-60%)
TGO-SUB-101286,+25577322675,640021719505873,358721099110359,Prepaid,High-Value Data Pro,Xiaomi Redmi Note 12 (4G),Smartphone 4G,120,179162.67,Dar es Salaam,TZ-DAR-015,0,0,Low Churn Risk (<15%)
TGO-SUB-101287,+25577684536,640028605695669,358721094378655,Postpaid,Corporate VIP,Samsung Galaxy A54 (5G),Smartphone 5G,3,269460.11,Dar es Salaam,TZ-DAR-001,0,0,Low Churn Risk (<15%)
TGO-SUB-101288,+25567780228,640026749782732,356891114304797,Prepaid,Mass Market Voice/SMS,Apple iPhone 15 Pro Max (5G),Smartphone 5G,76,11919.73,Dodoma,TZ-DOM-002,0,0,Low Churn Risk (<15%)
TGO-SUB-101289,+25565596427,640022463309671,356891119243345,Prepaid,Youth & Campus Streamer,Samsung Galaxy A54 (5G),Smartphone 5G,8,26046.14,Dar es Salaam,TZ-DAR-003,0,0,Low Churn Risk (<15%)
TGO-SUB-101290,+25567797118,640025952255182,352044109910136,Prepaid,Dormant / At-Risk,Itel Magic 2 (3G Feature),Feature Phone 3G,40,1091.36,Kagera,TZ-BUK-001,0,0,High Churn Risk (85%+)
TGO-SUB-101291,+25567526635,640021097634221,352044104436742,Prepaid,Mass Market Voice/SMS,Infinix Hot 30 (4G),Smartphone 4G,13,16971.15,Tabora,TZ-TAB-001,0,0,Low Churn Risk (<15%)
TGO-SUB-101292,+25567218881,640026728563635,356891112914899,Prepaid,Mass Market Voice/SMS,Samsung Galaxy A54 (5G),Smartphone 5G,98,6472.79,Tanga,TZ-TAN-001,0,0,Low Churn Risk (<15%)
TGO-SUB-101293,+25571951000,640027640296994,352044102053146,Postpaid,Corporate VIP,Xiaomi Redmi Note 12 (4G),Smartphone 4G,43,423216.64,Mwanza,TZ-MWA-001,0,0,Medium Churn Risk (40-60%)
TGO-SUB-101294,+25567877093,640021223567941,356891111988969,Prepaid,Mass Market Voice/SMS,Samsung Galaxy S24 Ultra (5G),Smartphone 5G,70,3637.87,Mtwara,TZ-MTW-001,0,0,Low Churn Risk (<15%)
TGO-SUB-101295,+25571377120,640022063329832,352044102765592,Prepaid,Youth & Campus Streamer,Infinix Hot 30 (4G),Smartphone 4G,61,40600.84,Mbeya,TZ-MBY-002,0,0,Low Churn Risk (<15%)
TGO-SUB-101296,+25565864148,640024041530477,864205048737048,Hybrid,SME Trader & Merchant,Samsung Galaxy A54 (5G),Smartphone 5G,94,74291.73,Tanga,TZ-TAN-001,0,0,Low Churn Risk (<15%)
TGO-SUB-101297,+25565616583,640023351768489,356891115505973,Hybrid,SME Trader & Merchant,Infinix Hot 30 (4G),Smartphone 4G,52,83626.65,Tanga,TZ-TAN-002,0,0,Low Churn Risk (<15%)
TGO-SUB-101298,+25577706424,640026530469438,864205047463261,Hybrid,SME Trader & Merchant,Infinix Hot 30 (4G),Smartphone 4G,52,69341.63,Dar es Salaam,TZ-DAR-001,0,0,Low Churn Risk (<15%)
TGO-SUB-101299,+25565883061,640023882025167,864205048456090,Hybrid,SME Trader & Merchant,Samsung Galaxy A54 (5G),Smartphone 5G,18,33026.67,Dar es Salaam,TZ-DAR-005,0,0,Low Churn Risk (<15%)
TGO-SUB-101300,+25565389982,640025120590842,356891117835173,Prepaid,Mass Market Voice/SMS,Infinix Hot 30 (4G),Smartphone 4G,58,3206.4,Dar es Salaam,TZ-DAR-007,0,0,Low Churn Risk (<15%)
TGO-SUB-101301,+25565254127,640024374115502,352044104409046,Prepaid,Youth & Campus Streamer,Tecno Camon 20 Pro (4G),Smartphone 4G,82,21077.13,Songwe,TZ-TND-001,0,0,Low Churn Risk (<15%)
TGO-SUB-101302,+25565316826,640026966615954,864205047982013,Prepaid,Mass Market Voice/SMS,Tecno Camon 20 Pro (4G),Smartphone 4G,60,9561.76,Pwani,TZ-PWA-002,0,0,Medium Churn Risk (40-60%)
TGO-SUB-101303,+25565164387,640024580671460,358721096497494,Prepaid,High-Value Data Pro,Samsung Galaxy A54 (5G),Smartphone 5G,55,94465.19,Tanga,TZ-TAN-002,0,0,Low Churn Risk (<15%)
TGO-SUB-101304,+25571596221,640023274581865,358721094647394,Hybrid,SME Trader & Merchant,Infinix Hot 30 (4G),Smartphone 4G,50,74748.01,Tanga,TZ-TAN-001,0,0,Low Churn Risk (<15%)
TGO-SUB-101305,+25567268252,640023063088799,358721092399700,Prepaid,Youth & Campus Streamer,Xiaomi Redmi Note 12 (4G),Smartphone 4G,120,24691.19,Dodoma,TZ-DOM-002,0,0,Low Churn Risk (<15%)
TGO-SUB-101306,+25565215159,640025719458685,352044108826606,Prepaid,Youth & Campus Streamer,Samsung Galaxy S24 Ultra (5G),Smartphone 5G,33,41198.68,Pwani,TZ-PWA-001,0,0,Low Churn Risk (<15%)
TGO-SUB-101307,+25565894544,640024959218902,358721096539910,Postpaid,Corporate VIP,Apple iPhone 15 Pro Max (5G),Smartphone 5G,73,373602.73,Pemba,TZ-PEM-001,0,0,Low Churn Risk (<15%)
TGO-SUB-101308,+25567101531,640023065961960,864205042137354,Hybrid,SME Trader & Merchant,Xiaomi Redmi Note 12 (4G),Smartphone 4G,81,75241.75,Tanga,TZ-TAN-001,0,0,Low Churn Risk (<15%)
TGO-SUB-101309,+25577802374,640027717423384,356891114983767,Prepaid,Mass Market Voice/SMS,Infinix Hot 30 (4G),Smartphone 4G,98,7870.73,Arusha,TZ-ARU-002,0,0,Low Churn Risk (<15%)
TGO-SUB-101310,+25565658352,640026727034720,864205045517508,Prepaid,High-Value Data Pro,Samsung Galaxy S24 Ultra (5G),Smartphone 5G,111,127819.08,Dar es Salaam,TZ-DAR-009,0,0,Low Churn Risk (<15%)
TGO-SUB-101311,+25571314915,640027301072967,356891112075998,Prepaid,High-Value Data Pro,Tecno Camon 20 Pro (4G),Smartphone 4G,5,148562.94,Dar es Salaam,TZ-DAR-014,0,0,Low Churn Risk (<15%)
TGO-SUB-101312,+25567112266,640022757235114,352044107742549,Prepaid,Mass Market Voice/SMS,Nokia 105 Dual SIM (2G Feature),Feature Phone 2G,12,4402.24,Pwani,TZ-PWA-001,0,0,Low Churn Risk (<15%)
TGO-SUB-101313,+25567929527,640022035989065,358721098224654,Prepaid,Youth & Campus Streamer,Infinix Hot 30 (4G),Smartphone 4G,63,34963.67,Dar es Salaam,TZ-DAR-001,0,0,Low Churn Risk (<15%)
TGO-SUB-101314,+25565934375,640022420535159,356891116281689,Prepaid,Youth & Campus Streamer,Samsung Galaxy A54 (5G),Smartphone 5G,46,12003.07,Ruvuma,TZ-SON-001,0,0,Low Churn Risk (<15%)
TGO-SUB-101315,+25577683309,640023989035292,356891118747931,Prepaid,Youth & Campus Streamer,Itel Magic 2 (3G Feature),Feature Phone 3G,21,34020.85,Dar es Salaam,TZ-DAR-013,0,0,Low Churn Risk (<15%)
TGO-SUB-101316,+25565873298,640029784084995,864205043053693,Hybrid,SME Trader & Merchant,Samsung Galaxy A54 (5G),Smartphone 5G,18,33982.89,Mwanza,TZ-MWA-003,0,0,Low Churn Risk (<15%)
TGO-SUB-101317,+25571223602,640024109822170,352044107575944,Hybrid,SME Trader & Merchant,Xiaomi Redmi Note 12 (4G),Smartphone 4G,61,74714.61,Shinyanga,TZ-KAH-001,0,0,Low Churn Risk (<15%)
TGO-SUB-101318,+25577107993,640026031017972,356891116589222,Prepaid,Mass Market Voice/SMS,Infinix Hot 30 (4G),Smartphone 4G,10,4627.87,Zanzibar,TZ-ZNZ-004,0,0,Low Churn Risk (<15%)
TGO-SUB-101319,+25565535214,640025760712372,864205048336752,Prepaid,Youth & Campus Streamer,Samsung Galaxy A54 (5G),Smartphone 5G,116,30314.91,Njombe,TZ-NJO-001,0,0,Low Churn Risk (<15%)
TGO-SUB-101320,+25567575062,640023436507567,358721095455252,Prepaid,Mass Market Voice/SMS,Infinix Hot 30 (4G),Smartphone 4G,119,7187.63,Pwani,TZ-PWA-002,0,0,Low Churn Risk (<15%)
TGO-SUB-101321,+25571305803,640027037934438,358721099100858,Prepaid,High-Value Data Pro,Tecno Camon 20 Pro (4G),Smartphone 4G,116,129768.3,Morogoro,TZ-MOR-001,0,0,Low Churn Risk (<15%)
TGO-SUB-101322,+25571340897,640024681542027,358721095137759,Prepaid,Mass Market Voice/SMS,Infinix Hot 30 (4G),Smartphone 4G,30,3792.48,Dar es Salaam,TZ-DAR-012,0,0,Low Churn Risk (<15%)
TGO-SUB-101323,+25565352164,640024899835735,356891113532258,Hybrid,SME Trader & Merchant,Infinix Hot 30 (4G),Smartphone 4G,71,64941.82,Pwani,TZ-PWA-002,0,0,Low Churn Risk (<15%)
TGO-SUB-101324,+25565968336,640021765835875,358721096143353,Prepaid,Mass Market Voice/SMS,Apple iPhone 15 Pro Max (5G),Smartphone 5G,80,13481.63,Dar es Salaam,TZ-DAR-006,0,0,Low Churn Risk (<15%)
TGO-SUB-101325,+25577174905,640029934205769,352044105832872,Prepaid,Dormant / At-Risk,Infinix Hot 30 (4G),Smartphone 4G,98,1013.04,Dar es Salaam,TZ-DAR-003,0,0,High Churn Risk (85%+)
TGO-SUB-101326,+25571917939,640021130341144,352044102729359,Prepaid,Youth & Campus Streamer,Apple iPhone 15 Pro Max (5G),Smartphone 5G,101,27865.74,Mtwara,TZ-MTW-001,0,0,Medium Churn Risk (40-60%)
TGO-SUB-101327,+25567160028,640023597900199,864205044705005,Prepaid,High-Value Data Pro,Tecno Camon 20 Pro (4G),Smartphone 4G,38,169711.08,Iringa,TZ-IRI-001,0,0,Low Churn Risk (<15%)
TGO-SUB-101328,+25567267011,640029955180489,864205047295109,Hybrid,SME Trader & Merchant,Infinix Hot 30 (4G),Smartphone 4G,23,63944.44,Pemba,TZ-PEM-001,0,0,Medium Churn Risk (40-60%)
TGO-SUB-101329,+25567625772,640025477330907,358721095916500,Prepaid,Youth & Campus Streamer,Tecno Camon 20 Pro (4G),Smartphone 4G,34,13456.83,Dar es Salaam,TZ-DAR-004,0,0,Medium Churn Risk (40-60%)
TGO-SUB-101330,+25565496252,640022466684707,352044108590638,Prepaid,High-Value Data Pro,Samsung Galaxy A54 (5G),Smartphone 5G,20,105326.54,Dar es Salaam,TZ-DAR-008,0,0,Low Churn Risk (<15%)
TGO-SUB-101331,+25567636538,640026676402384,356891114839994,Prepaid,Mass Market Voice/SMS,Xiaomi Redmi Note 12 (4G),Smartphone 4G,6,8629.88,Dar es Salaam,TZ-DAR-003,0,0,Low Churn Risk (<15%)
TGO-SUB-101332,+25577155613,640022746900245,864205045301089,Prepaid,Youth & Campus Streamer,Nokia 105 Dual SIM (2G Feature),Feature Phone 2G,99,32397.01,Morogoro,TZ-MOR-001,0,0,Low Churn Risk (<15%)
TGO-SUB-101333,+25565231875,640021277087771,352044109409510,Prepaid,Mass Market Voice/SMS,Nokia 105 Dual SIM (2G Feature),Feature Phone 2G,72,6792.23,Mara,TZ-TAR-001,0,0,Low Churn Risk (<15%)
TGO-SUB-101334,+25571374315,640029368508491,358721093611118,Prepaid,Youth & Campus Streamer,Samsung Galaxy A54 (5G),Smartphone 5G,35,18193.57,Iringa,TZ-IRI-001,0,0,Medium Churn Risk (40-60%)
TGO-SUB-101335,+25565262383,640023890512098,864205048304846,Hybrid,SME Trader & Merchant,Infinix Hot 30 (4G),Smartphone 4G,86,41106.62,Dodoma,TZ-DOM-003,0,0,Low Churn Risk (<15%)
TGO-SUB-101336,+25567527442,640022278125276,356891113545066,Prepaid,High-Value Data Pro,Xiaomi Redmi Note 12 (4G),Smartphone 4G,14,146669.94,Mara,TZ-TAR-001,0,0,Low Churn Risk (<15%)
TGO-SUB-101337,+25567916101,640022081687203,358721091427596,Prepaid,Dormant / At-Risk,Samsung Galaxy A54 (5G),Smartphone 5G,97,1169.64,Arusha,TZ-ARU-003,0,0,High Churn Risk (85%+)
TGO-SUB-101338,+25567894462,640024751511984,864205045228683,Hybrid,SME Trader & Merchant,Xiaomi Redmi Note 12 (4G),Smartphone 4G,111,65325.5,Dar es Salaam,TZ-DAR-012,0,0,Low Churn Risk (<15%)
TGO-SUB-101339,+25571801145,640025658351000,358721094226776,Prepaid,Mass Market Voice/SMS,Xiaomi Redmi Note 12 (4G),Smartphone 4G,118,10694.7,Kigoma,TZ-KIG-001,0,0,Low Churn Risk (<15%)
TGO-SUB-101340,+25571909539,640025762969204,864205046831028,Prepaid,Mass Market Voice/SMS,Tecno Camon 20 Pro (4G),Smartphone 4G,60,7131.5,Zanzibar,TZ-ZNZ-002,0,0,Low Churn Risk (<15%)
TGO-SUB-101341,+25571806402,640028251009913,356891114037680,Hybrid,SME Trader & Merchant,Itel Magic 2 (3G Feature),Feature Phone 3G,98,43301.59,Dar es Salaam,TZ-DAR-014,0,0,Low Churn Risk (<15%)
TGO-SUB-101342,+25567303768,640024044608073,358721098638363,Prepaid,Mass Market Voice/SMS,Xiaomi Redmi Note 12 (4G),Smartphone 4G,68,4350.86,Zanzibar,TZ-ZNZ-001,0,0,Low Churn Risk (<15%)
TGO-SUB-101343,+25577856287,640029797511791,864205043528079,Prepaid,Youth & Campus Streamer,Apple iPhone 15 Pro Max (5G),Smartphone 5G,42,28255.17,Dar es Salaam,TZ-DAR-009,0,0,Low Churn Risk (<15%)
TGO-SUB-101344,+25565141115,640029084772460,356891118584981,Prepaid,Mass Market Voice/SMS,Itel Magic 2 (3G Feature),Feature Phone 3G,42,12178.13,Mara,TZ-MAR-001,0,0,Low Churn Risk (<15%)
TGO-SUB-101345,+25577199937,640024830354490,356891112938073,Prepaid,Dormant / At-Risk,Xiaomi Redmi Note 12 (4G),Smartphone 4G,43,88.19,Dar es Salaam,TZ-DAR-007,0,0,High Churn Risk (85%+)
TGO-SUB-101346,+25577217455,640023361117185,356891113562576,Prepaid,Youth & Campus Streamer,Tecno Camon 20 Pro (4G),Smartphone 4G,77,28412.6,Zanzibar,TZ-ZNZ-002,0,0,Low Churn Risk (<15%)
TGO-SUB-101347,+25571859984,640029194526349,356891117512263,Prepaid,Youth & Campus Streamer,Tecno Camon 20 Pro (4G),Smartphone 4G,78,23411.15,Dar es Salaam,TZ-DAR-004,0,0,Medium Churn Risk (40-60%)
TGO-SUB-101348,+25571947787,640022231951978,352044103368143,Prepaid,Youth & Campus Streamer,Tecno Camon 20 Pro (4G),Smartphone 4G,53,39656.15,Singida,TZ-SNG-001,0,0,Low Churn Risk (<15%)
TGO-SUB-101349,+25565278887,640021635149757,864205045732134,Hybrid,SME Trader & Merchant,Tecno Camon 20 Pro (4G),Smartphone 4G,110,35994.61,Dar es Salaam,TZ-DAR-003,0,0,Low Churn Risk (<15%)
TGO-SUB-101350,+25567236369,640024208964711,352044107611040,Hybrid,SME Trader & Merchant,Xiaomi Redmi Note 12 (4G),Smartphone 4G,102,62004.41,Kilimanjaro,TZ-KIL-003,0,0,Low Churn Risk (<15%)
TGO-SUB-101351,+25571644566,640023979360096,356891118825972,Prepaid,Mass Market Voice/SMS,Tecno Camon 20 Pro (4G),Smartphone 4G,8,17082.68,Dar es Salaam,TZ-DAR-013,0,0,Low Churn Risk (<15%)
TGO-SUB-101352,+25565478873,640026972537466,356891119579150,Prepaid,Youth & Campus Streamer,Tecno Camon 20 Pro (4G),Smartphone 4G,23,14398.42,Zanzibar,TZ-ZNZ-003,0,0,Low Churn Risk (<15%)
TGO-SUB-101353,+25565366366,640029149673063,352044101545806,Prepaid,High-Value Data Pro,Tecno Camon 20 Pro (4G),Smartphone 4G,63,128644.98,Kagera,TZ-BUK-001,0,0,Low Churn Risk (<15%)
TGO-SUB-101354,+25577900117,640024875855229,864205046499694,Prepaid,Dormant / At-Risk,Samsung Galaxy A54 (5G),Smartphone 5G,115,347.49,Tanga,TZ-TAN-003,0,0,High Churn Risk (85%+)
TGO-SUB-101355,+25571932371,640026128488126,352044103489587,Prepaid,Mass Market Voice/SMS,Nokia 105 Dual SIM (2G Feature),Feature Phone 2G,6,14049.87,Mara,TZ-TAR-001,0,0,Low Churn Risk (<15%)
TGO-SUB-101356,+25565345101,640028065803509,356891111559941,Prepaid,Youth & Campus Streamer,Infinix Hot 30 (4G),Smartphone 4G,65,34900.92,Tabora,TZ-TAB-001,0,0,Low Churn Risk (<15%)
TGO-SUB-101357,+25567691881,640026537714388,864205041165397,Prepaid,Youth & Campus Streamer,Itel Magic 2 (3G Feature),Feature Phone 3G,74,17464.83,Zanzibar,TZ-ZNZ-004,0,0,Low Churn Risk (<15%)
TGO-SUB-101358,+25577903868,640028765601772,352044109706138,Prepaid,Mass Market Voice/SMS,Infinix Hot 30 (4G),Smartphone 4G,110,14190.29,Njombe,TZ-NJO-001,0,0,Low Churn Risk (<15%)
TGO-SUB-101359,+25577194009,640022269366925,352044107074186,Prepaid,Youth & Campus Streamer,Infinix Hot 30 (4G),Smartphone 4G,3,16848.75,Dodoma,TZ-DOM-003,0,0,Medium Churn Risk (40-60%)
TGO-SUB-101360,+25567697144,640021817657540,864205049799503,Prepaid,High-Value Data Pro,Samsung Galaxy A54 (5G),Smartphone 5G,8,176293.21,Kilimanjaro,TZ-KIL-003,0,0,Low Churn Risk (<15%)
TGO-SUB-101361,+25577752442,640024005092365,358721092625306,Prepaid,Youth & Campus Streamer,Infinix Hot 30 (4G),Smartphone 4G,23,25784.22,Dar es Salaam,TZ-DAR-002,0,0,Low Churn Risk (<15%)
TGO-SUB-101362,+25565424536,640023605890125,352044108026999,Prepaid,Youth & Campus Streamer,Nokia 105 Dual SIM (2G Feature),Feature Phone 2G,115,41651.22,Mara,TZ-TAR-001,0,0,Low Churn Risk (<15%)
TGO-SUB-101363,+25571976579,640023850066815,864205048289109,Hybrid,SME Trader & Merchant,Infinix Hot 30 (4G),Smartphone 4G,76,65701.39,Morogoro,TZ-MOR-001,0,0,Low Churn Risk (<15%)
TGO-SUB-101364,+25567670950,640023905778118,358721097930234,Prepaid,Youth & Campus Streamer,Apple iPhone 15 Pro Max (5G),Smartphone 5G,10,30906.14,Arusha,TZ-ARU-003,0,0,Low Churn Risk (<15%)
TGO-SUB-101365,+25565115658,640027707854414,358721092030252,Prepaid,Mass Market Voice/SMS,Xiaomi Redmi Note 12 (4G),Smartphone 4G,97,7705.42,Arusha,TZ-ARU-002,0,0,Low Churn Risk (<15%)
TGO-SUB-101366,+25571364168,640024621979605,352044105180368,Prepaid,Youth & Campus Streamer,Apple iPhone 15 Pro Max (5G),Smartphone 5G,116,37513.78,Mara,TZ-MAR-001,0,0,Low Churn Risk (<15%)
TGO-SUB-101367,+25571996151,640025119829469,358721098888783,Prepaid,Youth & Campus Streamer,Samsung Galaxy S24 Ultra (5G),Smartphone 5G,114,28958.65,Tabora,TZ-TAB-001,0,0,Low Churn Risk (<15%)
TGO-SUB-101368,+25577165646,640025288282161,356891119742086,Prepaid,High-Value Data Pro,Tecno Camon 20 Pro (4G),Smartphone 4G,106,140197.81,Kigoma,TZ-KIG-001,0,0,Low Churn Risk (<15%)
TGO-SUB-101369,+25571150243,640025060219510,358721096534510,Hybrid,SME Trader & Merchant,Infinix Hot 30 (4G),Smartphone 4G,95,49047.25,Tabora,TZ-TAB-001,0,0,Medium Churn Risk (40-60%)
TGO-SUB-101370,+25567156962,640027241175457,864205047601178,Prepaid,Youth & Campus Streamer,Samsung Galaxy A54 (5G),Smartphone 5G,7,26629.35,Mwanza,TZ-MWA-001,0,0,Low Churn Risk (<15%)
TGO-SUB-101371,+25567331222,640028033021343,352044101176347,Prepaid,Youth & Campus Streamer,Tecno Camon 20 Pro (4G),Smartphone 4G,58,24894.35,Dar es Salaam,TZ-DAR-004,0,0,Low Churn Risk (<15%)
TGO-SUB-101372,+25565861288,640029001594091,864205047252782,Prepaid,Youth & Campus Streamer,Tecno Camon 20 Pro (4G),Smartphone 4G,106,15038.29,Kagera,TZ-BUK-001,0,0,Low Churn Risk (<15%)
TGO-SUB-101373,+25577503149,640024964641601,864205046928879,Prepaid,Mass Market Voice/SMS,Samsung Galaxy S24 Ultra (5G),Smartphone 5G,34,3341.03,Mara,TZ-TAR-001,0,0,Low Churn Risk (<15%)
TGO-SUB-101374,+25571304753,640021852290085,358721093433881,Prepaid,Dormant / At-Risk,Nokia 105 Dual SIM (2G Feature),Feature Phone 2G,120,942.6,Zanzibar,TZ-ZNZ-001,0,0,High Churn Risk (85%+)
TGO-SUB-101375,+25565312460,640029422491915,356891115898878,Prepaid,Youth & Campus Streamer,Nokia 105 Dual SIM (2G Feature),Feature Phone 2G,11,18762.26,Dar es Salaam,TZ-DAR-011,0,0,Low Churn Risk (<15%)
TGO-SUB-101376,+25565100487,640022631355498,864205048867866,Prepaid,Youth & Campus Streamer,Samsung Galaxy A54 (5G),Smartphone 5G,70,34097.88,Dar es Salaam,TZ-DAR-009,0,0,Low Churn Risk (<15%)
TGO-SUB-101377,+25567494244,640021520825830,864205045692261,Prepaid,Youth & Campus Streamer,Nokia 105 Dual SIM (2G Feature),Feature Phone 2G,22,22134.24,Singida,TZ-SNG-001,0,0,Medium Churn Risk (40-60%)
TGO-SUB-101378,+25567150106,640026994007154,356891119571701,Hybrid,SME Trader & Merchant,Tecno Camon 20 Pro (4G),Smartphone 4G,33,33438.51,Mwanza,TZ-MWA-003,0,0,Low Churn Risk (<15%)
TGO-SUB-101379,+25571517710,640028692015091,864205042957141,Prepaid,High-Value Data Pro,Samsung Galaxy S24 Ultra (5G),Smartphone 5G,76,71072.22,Kagera,TZ-BUK-001,0,0,Low Churn Risk (<15%)
TGO-SUB-101380,+25565207309,640023698380322,352044106446566,Prepaid,Youth & Campus Streamer,Samsung Galaxy A54 (5G),Smartphone 5G,88,36240.08,Kagera,TZ-BUK-001,0,0,Low Churn Risk (<15%)
TGO-SUB-101381,+25577345224,640028550030472,864205049625008,Prepaid,High-Value Data Pro,Samsung Galaxy A54 (5G),Smartphone 5G,41,121836.04,Dodoma,TZ-DOM-001,0,0,Low Churn Risk (<15%)
TGO-SUB-101382,+25577130573,640022453723061,358721098746720,Prepaid,Youth & Campus Streamer,Tecno Camon 20 Pro (4G),Smartphone 4G,88,29971.75,Mbeya,TZ-MBY-002,0,0,Low Churn Risk (<15%)
TGO-SUB-101383,+25571575606,640025557342313,358721093474116,Prepaid,Mass Market Voice/SMS,Tecno Camon 20 Pro (4G),Smartphone 4G,1,15901.52,Dar es Salaam,TZ-DAR-001,0,0,Low Churn Risk (<15%)
TGO-SUB-101384,+25577666881,640021616883914,864205042892143,Hybrid,SME Trader & Merchant,Infinix Hot 30 (4G),Smartphone 4G,85,40349.11,Kilimanjaro,TZ-KIL-003,0,0,Low Churn Risk (<15%)
TGO-SUB-101385,+25567115552,640028633387715,358721092099964,Prepaid,High-Value Data Pro,Tecno Camon 20 Pro (4G),Smartphone 4G,23,68743.46,Iringa,TZ-IRI-001,0,0,Low Churn Risk (<15%)
TGO-SUB-101386,+25571698336,640025890868629,358721095789119,Prepaid,Youth & Campus Streamer,Itel Magic 2 (3G Feature),Feature Phone 3G,56,29630.56,Njombe,TZ-NJO-001,0,0,Low Churn Risk (<15%)
TGO-SUB-101387,+25567921401,640021680052083,356891119922045,Prepaid,Dormant / At-Risk,Xiaomi Redmi Note 12 (4G),Smartphone 4G,85,2075.38,Dar es Salaam,TZ-DAR-015,0,0,High Churn Risk (85%+)
TGO-SUB-101388,+25577854124,640028264535316,352044107798652,Prepaid,Youth & Campus Streamer,Samsung Galaxy A54 (5G),Smartphone 5G,81,39922.47,Mbeya,TZ-MBY-001,0,0,Low Churn Risk (<15%)
TGO-SUB-101389,+25571778712,640025655805246,352044105738138,Prepaid,Dormant / At-Risk,Tecno Camon 20 Pro (4G),Smartphone 4G,89,2253.52,Dar es Salaam,TZ-DAR-003,0,0,High Churn Risk (85%+)
TGO-SUB-101390,+25577196118,640021768980818,358721095693206,Prepaid,Youth & Campus Streamer,Tecno Camon 20 Pro (4G),Smartphone 4G,79,44079.62,Dar es Salaam,TZ-DAR-012,0,0,Medium Churn Risk (40-60%)
TGO-SUB-101391,+25577388253,640023637213943,358721096189389,Hybrid,SME Trader & Merchant,Infinix Hot 30 (4G),Smartphone 4G,56,39744.61,Mbeya,TZ-MBY-001,0,0,Low Churn Risk (<15%)
TGO-SUB-101392,+25577853443,640024631443296,864205044356668,Prepaid,Youth & Campus Streamer,Infinix Hot 30 (4G),Smartphone 4G,41,36742.23,Morogoro,TZ-MOR-001,0,0,Low Churn Risk (<15%)
TGO-SUB-101393,+25571517955,640023764023878,864205044865890,Prepaid,Mass Market Voice/SMS,Infinix Hot 30 (4G),Smartphone 4G,50,12953.55,Kilimanjaro,TZ-KIL-001,0,0,Low Churn Risk (<15%)
TGO-SUB-101394,+25577863036,640027955867712,358721096968420,Prepaid,High-Value Data Pro,Samsung Galaxy S24 Ultra (5G),Smartphone 5G,96,93551.65,Dodoma,TZ-DOM-001,0,0,Low Churn Risk (<15%)
TGO-SUB-101395,+25567993891,640026903558431,352044102914238,Prepaid,Youth & Campus Streamer,Tecno Camon 20 Pro (4G),Smartphone 4G,79,18471.54,Arusha,TZ-ARU-003,0,0,Low Churn Risk (<15%)
TGO-SUB-101396,+25567294708,640023741482851,864205048167288,Prepaid,Mass Market Voice/SMS,Xiaomi Redmi Note 12 (4G),Smartphone 4G,111,14843.03,Shinyanga,TZ-KAH-001,0,0,Low Churn Risk (<15%)
TGO-SUB-101397,+25565672713,640025013802920,352044105245692,Prepaid,Youth & Campus Streamer,Samsung Galaxy A54 (5G),Smartphone 5G,44,42227.91,Dar es Salaam,TZ-DAR-012,0,0,Low Churn Risk (<15%)
TGO-SUB-101398,+25577286540,640026769647208,864205047033962,Prepaid,Youth & Campus Streamer,Tecno Camon 20 Pro (4G),Smartphone 4G,78,40655.03,Dar es Salaam,TZ-DAR-015,0,0,Low Churn Risk (<15%)
TGO-SUB-101399,+25567207186,640023166730459,358721094871675,Prepaid,Youth & Campus Streamer,Samsung Galaxy S24 Ultra (5G),Smartphone 5G,72,29124.85,Kilimanjaro,TZ-KIL-002,0,0,Low Churn Risk (<15%)
TGO-SUB-101400,+25567116391,640027914398496,358721099105524,Hybrid,SME Trader & Merchant,Xiaomi Redmi Note 12 (4G),Smartphone 4G,113,42620.37,Mbeya,TZ-MBY-002,0,0,Low Churn Risk (<15%)
TGO-SUB-101401,+25571972831,640023079834001,356891113088218,Hybrid,SME Trader & Merchant,Xiaomi Redmi Note 12 (4G),Smartphone 4G,108,45341.17,Morogoro,TZ-MOR-001,0,0,Medium Churn Risk (40-60%)
TGO-SUB-101402,+25567320395,640026989463974,356891114410454,Hybrid,SME Trader & Merchant,Tecno Camon 20 Pro (4G),Smartphone 4G,23,51304.8,Dar es Salaam,TZ-DAR-007,0,0,Low Churn Risk (<15%)
TGO-SUB-101403,+25567749466,640024805765751,358721095989708,Prepaid,Mass Market Voice/SMS,Apple iPhone 15 Pro Max (5G),Smartphone 5G,80,9709.9,Arusha,TZ-ARU-001,0,0,Medium Churn Risk (40-60%)
TGO-SUB-101404,+25567987729,640024446206748,352044109071511,Hybrid,SME Trader & Merchant,Samsung Galaxy S24 Ultra (5G),Smartphone 5G,16,59681.14,Mbeya,TZ-MBY-001,0,0,Low Churn Risk (<15%)
TGO-SUB-101405,+25577688760,640029848243913,864205048945737,Hybrid,SME Trader & Merchant,Samsung Galaxy S24 Ultra (5G),Smartphone 5G,110,45275.65,Mara,TZ-MAR-001,0,0,Low Churn Risk (<15%)
TGO-SUB-101406,+25567521730,640027133865128,356891114402159,Prepaid,Mass Market Voice/SMS,Tecno Camon 20 Pro (4G),Smartphone 4G,111,9746.7,Mwanza,TZ-MWA-003,0,0,Low Churn Risk (<15%)
TGO-SUB-101407,+25565244933,640028169652310,352044108684889,Hybrid,SME Trader & Merchant,Tecno Camon 20 Pro (4G),Smartphone 4G,79,86341.59,Morogoro,TZ-MOR-001,0,0,Low Churn Risk (<15%)
TGO-SUB-101408,+25567286410,640023156207443,352044107442261,Prepaid,Mass Market Voice/SMS,Itel Magic 2 (3G Feature),Feature Phone 3G,120,9421.61,Arusha,TZ-ARU-002,0,0,Medium Churn Risk (40-60%)
TGO-SUB-101409,+25571141316,640021184146454,352044104905983,Prepaid,Mass Market Voice/SMS,Infinix Hot 30 (4G),Smartphone 4G,113,4091.22,Pwani,TZ-PWA-001,0,0,Low Churn Risk (<15%)
TGO-SUB-101410,+25571938139,640022363123471,864205041058405,Postpaid,Corporate VIP,Tecno Camon 20 Pro (4G),Smartphone 4G,95,187350.12,Mbeya,TZ-MBY-002,0,0,Low Churn Risk (<15%)
TGO-SUB-101411,+25565815123,640025726050504,352044103981768,Hybrid,SME Trader & Merchant,Infinix Hot 30 (4G),Smartphone 4G,64,68118.18,Zanzibar,TZ-ZNZ-001,0,0,Low Churn Risk (<15%)
TGO-SUB-101412,+25565543623,640029372856246,358721092569760,Prepaid,Mass Market Voice/SMS,Apple iPhone 15 Pro Max (5G),Smartphone 5G,48,17771.85,Zanzibar,TZ-ZNZ-001,0,0,Low Churn Risk (<15%)
TGO-SUB-101413,+25567319310,640029888835194,864205049445072,Prepaid,Mass Market Voice/SMS,Infinix Hot 30 (4G),Smartphone 4G,9,4587.92,Dar es Salaam,TZ-DAR-009,0,0,Low Churn Risk (<15%)
TGO-SUB-101414,+25565309905,640023605238011,356891117573644,Prepaid,High-Value Data Pro,Infinix Hot 30 (4G),Smartphone 4G,54,148595.57,Dar es Salaam,TZ-DAR-006,0,0,Low Churn Risk (<15%)
TGO-SUB-101415,+25567613317,640021687842448,358721094617660,Prepaid,Mass Market Voice/SMS,Infinix Hot 30 (4G),Smartphone 4G,59,9060.38,Zanzibar,TZ-ZNZ-001,0,0,Medium Churn Risk (40-60%)
TGO-SUB-101416,+25565925148,640026798582529,358721094364344,Hybrid,SME Trader & Merchant,Xiaomi Redmi Note 12 (4G),Smartphone 4G,20,70802.74,Shinyanga,TZ-SHI-001,0,0,Low Churn Risk (<15%)
TGO-SUB-101417,+25571441242,640029977486924,358721095009888,Prepaid,High-Value Data Pro,Samsung Galaxy A54 (5G),Smartphone 5G,16,66371.58,Dar es Salaam,TZ-DAR-012,0,0,Low Churn Risk (<15%)
TGO-SUB-101418,+25577284076,640025566932954,864205043079547,Prepaid,Youth & Campus Streamer,Xiaomi Redmi Note 12 (4G),Smartphone 4G,24,42551.23,Iringa,TZ-IRI-001,0,0,Low Churn Risk (<15%)
TGO-SUB-101419,+25571441649,640021780778941,864205047046599,Hybrid,SME Trader & Merchant,Nokia 105 Dual SIM (2G Feature),Feature Phone 2G,94,56776.12,Dar es Salaam,TZ-DAR-011,0,0,Low Churn Risk (<15%)
TGO-SUB-101420,+25577938234,640029913615651,352044103477498,Hybrid,SME Trader & Merchant,Infinix Hot 30 (4G),Smartphone 4G,32,40826.65,Iringa,TZ-IRI-001,0,0,Low Churn Risk (<15%)
TGO-SUB-101421,+25565435757,640026618081021,358721092280907,Prepaid,Youth & Campus Streamer,Xiaomi Redmi Note 12 (4G),Smartphone 4G,104,36540.78,Kagera,TZ-BUK-001,0,0,Low Churn Risk (<15%)
TGO-SUB-101422,+25577403922,640029673945502,352044103737184,Prepaid,Dormant / At-Risk,Infinix Hot 30 (4G),Smartphone 4G,93,1494.35,Zanzibar,TZ-ZNZ-001,0,0,High Churn Risk (85%+)
TGO-SUB-101423,+25571289226,640029131540912,358721091028182,Hybrid,SME Trader & Merchant,Infinix Hot 30 (4G),Smartphone 4G,116,40535.82,Arusha,TZ-ARU-002,0,0,Low Churn Risk (<15%)
TGO-SUB-101424,+25577896651,640021483240056,358721098423065,Prepaid,Dormant / At-Risk,Apple iPhone 15 Pro Max (5G),Smartphone 5G,32,2837.41,Mara,TZ-TAR-001,0,0,High Churn Risk (85%+)
TGO-SUB-101425,+25565256489,640025175074248,864205049317655,Prepaid,Mass Market Voice/SMS,Tecno Camon 20 Pro (4G),Smartphone 4G,5,15944.67,Dodoma,TZ-DOM-002,0,0,Low Churn Risk (<15%)
TGO-SUB-101426,+25571378199,640027177751894,864205048269985,Hybrid,SME Trader & Merchant,Infinix Hot 30 (4G),Smartphone 4G,8,45391.73,Dodoma,TZ-DOM-001,0,0,Low Churn Risk (<15%)
TGO-SUB-101427,+25571311807,640025369429238,352044103477656,Prepaid,Mass Market Voice/SMS,Infinix Hot 30 (4G),Smartphone 4G,59,15827.78,Dodoma,TZ-DOM-003,0,0,Low Churn Risk (<15%)
TGO-SUB-101428,+25571463737,640024726281358,356891119167822,Prepaid,High-Value Data Pro,Infinix Hot 30 (4G),Smartphone 4G,85,171223.42,Singida,TZ-SNG-001,0,0,Low Churn Risk (<15%)
TGO-SUB-101429,+25571196967,640022300475989,358721093906488,Prepaid,Youth & Campus Streamer,Samsung Galaxy A54 (5G),Smartphone 5G,61,18478.98,Dar es Salaam,TZ-DAR-001,0,0,Low Churn Risk (<15%)
TGO-SUB-101430,+25571320638,640023146904864,356891112522366,Prepaid,High-Value Data Pro,Samsung Galaxy S24 Ultra (5G),Smartphone 5G,111,78214.49,Dar es Salaam,TZ-DAR-014,0,0,Low Churn Risk (<15%)
TGO-SUB-101431,+25577530033,640023835463608,356891112207609,Prepaid,Youth & Campus Streamer,Xiaomi Redmi Note 12 (4G),Smartphone 4G,17,15825.82,Kilimanjaro,TZ-KIL-002,0,0,Low Churn Risk (<15%)
TGO-SUB-101432,+25565143884,640024099552003,358721092425925,Prepaid,Mass Market Voice/SMS,Infinix Hot 30 (4G),Smartphone 4G,80,14399.28,Pwani,TZ-PWA-001,0,0,Low Churn Risk (<15%)
TGO-SUB-101433,+25565138821,640026121510453,358721094536983,Prepaid,Youth & Campus Streamer,Infinix Hot 30 (4G),Smartphone 4G,100,27026.33,Songwe,TZ-TND-001,0,0,Low Churn Risk (<15%)
TGO-SUB-101434,+25571256900,640022211374001,356891111944774,Prepaid,Youth & Campus Streamer,Samsung Galaxy S24 Ultra (5G),Smartphone 5G,44,25027.86,Mara,TZ-TAR-001,0,0,Low Churn Risk (<15%)
TGO-SUB-101435,+25571704430,640028150791910,864205042574209,Prepaid,High-Value Data Pro,Samsung Galaxy A54 (5G),Smartphone 5G,109,160798.97,Singida,TZ-SNG-001,0,0,Low Churn Risk (<15%)
TGO-SUB-101436,+25567466975,640028394104918,356891119498330,Hybrid,SME Trader & Merchant,Xiaomi Redmi Note 12 (4G),Smartphone 4G,100,73351.79,Tabora,TZ-TAB-001,0,0,Low Churn Risk (<15%)
TGO-SUB-101437,+25577963495,640021417333635,358721092244132,Hybrid,SME Trader & Merchant,Samsung Galaxy A54 (5G),Smartphone 5G,50,53336.04,Arusha,TZ-ARU-001,0,0,Low Churn Risk (<15%)
TGO-SUB-101438,+25567899614,640024968635883,864205049874540,Prepaid,High-Value Data Pro,Samsung Galaxy A54 (5G),Smartphone 5G,62,149117.45,Dar es Salaam,TZ-DAR-010,0,0,Medium Churn Risk (40-60%)
TGO-SUB-101439,+25571542981,640025823732987,864205046025933,Hybrid,SME Trader & Merchant,Infinix Hot 30 (4G),Smartphone 4G,93,40812.87,Mbeya,TZ-MBY-001,0,0,Medium Churn Risk (40-60%)
TGO-SUB-101440,+25571552168,640023537521109,358721093392862,Hybrid,SME Trader & Merchant,Apple iPhone 15 Pro Max (5G),Smartphone 5G,34,72256.13,Dar es Salaam,TZ-DAR-007,0,0,Low Churn Risk (<15%)
TGO-SUB-101441,+25565967977,640021032545020,352044101339563,Postpaid,Corporate VIP,Samsung Galaxy S24 Ultra (5G),Smartphone 5G,73,239851.64,Kilimanjaro,TZ-KIL-003,0,0,Low Churn Risk (<15%)
TGO-SUB-101442,+25577486469,640028674417535,356891114889047,Prepaid,Mass Market Voice/SMS,Infinix Hot 30 (4G),Smartphone 4G,23,8220.48,Tanga,TZ-TAN-002,0,0,Low Churn Risk (<15%)
TGO-SUB-101443,+25565363487,640021457092001,352044105841756,Postpaid,Corporate VIP,Samsung Galaxy S24 Ultra (5G),Smartphone 5G,66,139601.5,Dar es Salaam,TZ-DAR-008,0,0,Low Churn Risk (<15%)
TGO-SUB-101444,+25571140611,640021890000799,358721096807463,Hybrid,SME Trader & Merchant,Apple iPhone 15 Pro Max (5G),Smartphone 5G,55,79623.88,Dar es Salaam,TZ-DAR-006,0,0,Low Churn Risk (<15%)
TGO-SUB-101445,+25571670816,640029646323272,356891119517965,Prepaid,High-Value Data Pro,Tecno Camon 20 Pro (4G),Smartphone 4G,44,63657.85,Zanzibar,TZ-ZNZ-002,0,0,Medium Churn Risk (40-60%)
TGO-SUB-101446,+25571585968,640021362645516,356891115284347,Prepaid,High-Value Data Pro,Apple iPhone 15 Pro Max (5G),Smartphone 5G,7,145514.55,Arusha,TZ-ARU-002,0,0,Medium Churn Risk (40-60%)
TGO-SUB-101447,+25567478662,640029391882993,358721094148203,Prepaid,High-Value Data Pro,Xiaomi Redmi Note 12 (4G),Smartphone 4G,56,144487.77,Dar es Salaam,TZ-DAR-002,0,0,Medium Churn Risk (40-60%)
TGO-SUB-101448,+25565465883,640026821113146,358721098375766,Prepaid,Youth & Campus Streamer,Infinix Hot 30 (4G),Smartphone 4G,26,18750.54,Dodoma,TZ-DOM-002,0,0,Medium Churn Risk (40-60%)
TGO-SUB-101449,+25565736446,640022729067297,358721093665706,Hybrid,SME Trader & Merchant,Nokia 105 Dual SIM (2G Feature),Feature Phone 2G,68,39679.38,Arusha,TZ-ARU-003,0,0,Low Churn Risk (<15%)
TGO-SUB-101450,+25565971044,640028961793988,356891111336430,Hybrid,SME Trader & Merchant,Itel Magic 2 (3G Feature),Feature Phone 3G,81,57661.63,Tanga,TZ-TAN-003,0,0,Low Churn Risk (<15%)
TGO-SUB-101451,+25571891775,640021500275778,358721097171017,Prepaid,High-Value Data Pro,Infinix Hot 30 (4G),Smartphone 4G,34,90277.99,Dar es Salaam,TZ-DAR-002,0,0,Low Churn Risk (<15%)
TGO-SUB-101452,+25565670297,640023370970711,352044107020590,Prepaid,Youth & Campus Streamer,Tecno Camon 20 Pro (4G),Smartphone 4G,6,35355.05,Arusha,TZ-ARU-001,0,0,Low Churn Risk (<15%)
TGO-SUB-101453,+25567740216,640027827476439,358721095141879,Prepaid,Youth & Campus Streamer,Infinix Hot 30 (4G),Smartphone 4G,76,19381.46,Dar es Salaam,TZ-DAR-005,0,0,Low Churn Risk (<15%)
TGO-SUB-101454,+25577818437,640027075558807,352044102070126,Prepaid,Dormant / At-Risk,Nokia 105 Dual SIM (2G Feature),Feature Phone 2G,37,445.32,Kagera,TZ-BUK-001,0,0,High Churn Risk (85%+)
TGO-SUB-101455,+25571608581,640022143209173,864205049712792,Hybrid,SME Trader & Merchant,Xiaomi Redmi Note 12 (4G),Smartphone 4G,86,43710.8,Ruvuma,TZ-SON-001,0,0,Low Churn Risk (<15%)
TGO-SUB-101456,+25567711177,640027917243133,356891111702494,Hybrid,SME Trader & Merchant,Samsung Galaxy A54 (5G),Smartphone 5G,28,94222.93,Songwe,TZ-TND-001,0,0,Low Churn Risk (<15%)
TGO-SUB-101457,+25577153457,640027509328939,864205042108251,Prepaid,Mass Market Voice/SMS,Tecno Camon 20 Pro (4G),Smartphone 4G,103,12911.34,Songwe,TZ-TND-001,0,0,Medium Churn Risk (40-60%)
TGO-SUB-101458,+25567199696,640021359438635,352044108175889,Prepaid,Youth & Campus Streamer,Infinix Hot 30 (4G),Smartphone 4G,116,41203.38,Pemba,TZ-PEM-001,0,0,Low Churn Risk (<15%)
TGO-SUB-101459,+25565217395,640029686198371,352044107936188,Prepaid,Mass Market Voice/SMS,Samsung Galaxy S24 Ultra (5G),Smartphone 5G,115,4059.14,Dodoma,TZ-DOM-001,0,0,Low Churn Risk (<15%)
TGO-SUB-101460,+25567418886,640023298253978,864205048946451,Prepaid,Mass Market Voice/SMS,Tecno Camon 20 Pro (4G),Smartphone 4G,30,8340.76,Mara,TZ-MAR-001,0,0,Low Churn Risk (<15%)
TGO-SUB-101461,+25577631468,640026900423003,356891116652872,Postpaid,Corporate VIP,Samsung Galaxy S24 Ultra (5G),Smartphone 5G,61,298231.34,Mwanza,TZ-MWA-001,0,0,Low Churn Risk (<15%)
TGO-SUB-101462,+25571969070,640024618907753,864205044987209,Prepaid,Youth & Campus Streamer,Apple iPhone 15 Pro Max (5G),Smartphone 5G,120,15019.62,Iringa,TZ-IRI-001,0,0,Low Churn Risk (<15%)
TGO-SUB-101463,+25565635715,640029121739999,352044109299092,Hybrid,SME Trader & Merchant,Infinix Hot 30 (4G),Smartphone 4G,97,88747.76,Dar es Salaam,TZ-DAR-010,0,0,Low Churn Risk (<15%)
TGO-SUB-101464,+25577706701,640028936809129,356891113801100,Hybrid,SME Trader & Merchant,Infinix Hot 30 (4G),Smartphone 4G,75,37664.41,Morogoro,TZ-MOR-001,0,0,Medium Churn Risk (40-60%)
TGO-SUB-101465,+25577217957,640026818005837,356891116183698,Prepaid,High-Value Data Pro,Infinix Hot 30 (4G),Smartphone 4G,72,94094.1,Mtwara,TZ-MTW-001,0,0,Low Churn Risk (<15%)
TGO-SUB-101466,+25565449497,640028399650163,352044102122067,Prepaid,Mass Market Voice/SMS,Infinix Hot 30 (4G),Smartphone 4G,38,12879.47,Iringa,TZ-IRI-001,0,0,Low Churn Risk (<15%)
TGO-SUB-101467,+25571734122,640029273082391,352044109756519,Prepaid,Youth & Campus Streamer,Tecno Camon 20 Pro (4G),Smartphone 4G,35,35771.71,Mbeya,TZ-MBY-001,0,0,Low Churn Risk (<15%)
TGO-SUB-101468,+25577636556,640022341720625,356891115655110,Hybrid,SME Trader & Merchant,Samsung Galaxy A54 (5G),Smartphone 5G,46,55085.79,Dar es Salaam,TZ-DAR-011,0,0,Low Churn Risk (<15%)
TGO-SUB-101469,+25565965620,640028002154568,352044106689778,Prepaid,Youth & Campus Streamer,Apple iPhone 15 Pro Max (5G),Smartphone 5G,35,30937.72,Morogoro,TZ-MOR-001,0,0,Low Churn Risk (<15%)
TGO-SUB-101470,+25577658580,640022872211645,352044105143857,Prepaid,Dormant / At-Risk,Samsung Galaxy A54 (5G),Smartphone 5G,74,1581.63,Tabora,TZ-TAB-001,0,0,High Churn Risk (85%+)
TGO-SUB-101471,+25571545555,640029684659369,356891111935134,Prepaid,Dormant / At-Risk,Samsung Galaxy S24 Ultra (5G),Smartphone 5G,93,338.84,Zanzibar,TZ-ZNZ-004,0,0,High Churn Risk (85%+)
TGO-SUB-101472,+25565475125,640022749681616,864205043237077,Prepaid,Mass Market Voice/SMS,Infinix Hot 30 (4G),Smartphone 4G,33,8125.94,Pwani,TZ-PWA-001,0,0,Medium Churn Risk (40-60%)
TGO-SUB-101473,+25567683316,640023194915392,358721094485990,Hybrid,SME Trader & Merchant,Nokia 105 Dual SIM (2G Feature),Feature Phone 2G,19,92149.64,Zanzibar,TZ-ZNZ-004,0,0,Low Churn Risk (<15%)
TGO-SUB-101474,+25567230620,640023646900831,358721094333250,Prepaid,Youth & Campus Streamer,Nokia 105 Dual SIM (2G Feature),Feature Phone 2G,52,21028.8,Morogoro,TZ-MOR-001,0,0,Low Churn Risk (<15%)
TGO-SUB-101475,+25571592879,640024210581718,864205048342074,Prepaid,Youth & Campus Streamer,Infinix Hot 30 (4G),Smartphone 4G,117,30038.5,Dar es Salaam,TZ-DAR-003,0,0,Low Churn Risk (<15%)
TGO-SUB-101476,+25571520169,640023367183914,356891113846861,Hybrid,SME Trader & Merchant,Tecno Camon 20 Pro (4G),Smartphone 4G,108,85106.41,Dar es Salaam,TZ-DAR-007,0,0,Low Churn Risk (<15%)
TGO-SUB-101477,+25567752788,640024930488077,358721098303119,Hybrid,SME Trader & Merchant,Infinix Hot 30 (4G),Smartphone 4G,115,62937.01,Dodoma,TZ-DOM-003,0,0,Low Churn Risk (<15%)
TGO-SUB-101478,+25571443226,640023834277289,356891112301459,Prepaid,Youth & Campus Streamer,Apple iPhone 15 Pro Max (5G),Smartphone 5G,47,17959.19,Njombe,TZ-NJO-001,0,0,Low Churn Risk (<15%)
TGO-SUB-101479,+25565830847,640029283911005,356891114683231,Prepaid,High-Value Data Pro,Samsung Galaxy S24 Ultra (5G),Smartphone 5G,77,141931.93,Dar es Salaam,TZ-DAR-004,0,0,Low Churn Risk (<15%)
TGO-SUB-101480,+25577317203,640027104217220,864205045307442,Prepaid,Youth & Campus Streamer,Apple iPhone 15 Pro Max (5G),Smartphone 5G,63,22812.58,Tabora,TZ-TAB-001,0,0,Medium Churn Risk (40-60%)
TGO-SUB-101481,+25571151539,640029696334671,352044109461942,Prepaid,Dormant / At-Risk,Samsung Galaxy A54 (5G),Smartphone 5G,38,750.65,Dar es Salaam,TZ-DAR-004,0,0,High Churn Risk (85%+)
TGO-SUB-101482,+25577493262,640027929459291,358721096216706,Prepaid,Mass Market Voice/SMS,Samsung Galaxy S24 Ultra (5G),Smartphone 5G,120,6931.96,Dar es Salaam,TZ-DAR-001,0,0,Low Churn Risk (<15%)
TGO-SUB-101483,+25567430036,640026859140780,358721094564288,Prepaid,Youth & Campus Streamer,Nokia 105 Dual SIM (2G Feature),Feature Phone 2G,29,37823.06,Tanga,TZ-TAN-003,0,0,Low Churn Risk (<15%)
TGO-SUB-101484,+25565919209,640023613963144,358721092372123,Hybrid,SME Trader & Merchant,Nokia 105 Dual SIM (2G Feature),Feature Phone 2G,110,81930.45,Kilimanjaro,TZ-KIL-002,0,0,Low Churn Risk (<15%)
TGO-SUB-101485,+25565907848,640027093416015,352044101568241,Hybrid,SME Trader & Merchant,Tecno Camon 20 Pro (4G),Smartphone 4G,2,69535.61,Dar es Salaam,TZ-DAR-015,0,0,Low Churn Risk (<15%)
TGO-SUB-101486,+25577268049,640024674668738,356891112834042,Prepaid,Dormant / At-Risk,Samsung Galaxy A54 (5G),Smartphone 5G,113,2394.58,Mwanza,TZ-MWA-002,0,0,High Churn Risk (85%+)
TGO-SUB-101487,+25577827658,640028115232441,352044105207262,Prepaid,Youth & Campus Streamer,Xiaomi Redmi Note 12 (4G),Smartphone 4G,36,24874.74,Dar es Salaam,TZ-DAR-007,0,0,Medium Churn Risk (40-60%)
TGO-SUB-101488,+25571196783,640029403298062,358721091628810,Prepaid,Dormant / At-Risk,Xiaomi Redmi Note 12 (4G),Smartphone 4G,76,45.04,Shinyanga,TZ-SHI-001,0,0,High Churn Risk (85%+)
TGO-SUB-101489,+25577604575,640028348547534,864205043053991,Prepaid,Youth & Campus Streamer,Samsung Galaxy A54 (5G),Smartphone 5G,115,43078.36,Mwanza,TZ-MWA-003,0,0,Low Churn Risk (<15%)
TGO-SUB-101490,+25571940867,640026468339996,864205048531696,Prepaid,Mass Market Voice/SMS,Xiaomi Redmi Note 12 (4G),Smartphone 4G,94,12578.91,Mwanza,TZ-MWA-002,0,0,Medium Churn Risk (40-60%)
TGO-SUB-101491,+25571272620,640021229657132,352044103399227,Hybrid,SME Trader & Merchant,Tecno Camon 20 Pro (4G),Smartphone 4G,97,75268.23,Zanzibar,TZ-ZNZ-002,0,0,Low Churn Risk (<15%)
TGO-SUB-101492,+25571583607,640027674841448,864205044863954,Prepaid,High-Value Data Pro,Itel Magic 2 (3G Feature),Feature Phone 3G,97,75350.0,Songwe,TZ-TND-001,0,0,Low Churn Risk (<15%)
TGO-SUB-101493,+25565627918,640026382529470,352044101494390,Hybrid,SME Trader & Merchant,Infinix Hot 30 (4G),Smartphone 4G,60,49857.7,Kilimanjaro,TZ-KIL-001,0,0,Low Churn Risk (<15%)
TGO-SUB-101494,+25567875702,640024779805199,356891112467413,Prepaid,Youth & Campus Streamer,Samsung Galaxy A54 (5G),Smartphone 5G,98,26765.83,Pemba,TZ-PEM-001,0,0,Low Churn Risk (<15%)
TGO-SUB-101495,+25577815309,640025223195646,358721095596836,Hybrid,SME Trader & Merchant,Xiaomi Redmi Note 12 (4G),Smartphone 4G,22,49075.54,Iringa,TZ-IRI-001,0,0,Low Churn Risk (<15%)
TGO-SUB-101496,+25577277965,640021131877388,358721098183612,Prepaid,Mass Market Voice/SMS,Xiaomi Redmi Note 12 (4G),Smartphone 4G,8,8304.45,Dar es Salaam,TZ-DAR-001,0,0,Low Churn Risk (<15%)
TGO-SUB-101497,+25571736213,640028662385570,864205049668590,Prepaid,Youth & Campus Streamer,Samsung Galaxy A54 (5G),Smartphone 5G,102,18413.94,Kilimanjaro,TZ-KIL-002,0,0,Low Churn Risk (<15%)
TGO-SUB-101498,+25565440786,640025916991713,864205044471033,Postpaid,Corporate VIP,Nokia 105 Dual SIM (2G Feature),Feature Phone 2G,95,403086.7,Ruvuma,TZ-SON-001,0,0,Low Churn Risk (<15%)
TGO-SUB-101499,+25571639704,640029886818084,358721095619417,Prepaid,Youth & Campus Streamer,Tecno Camon 20 Pro (4G),Smartphone 4G,23,14209.71,Mwanza,TZ-MWA-002,0,0,Low Churn Risk (<15%)
