session_id,timestamp,msisdn,imsi,cell_id,technology,apn_name,uplink_mb,downlink_mb,total_traffic_mb,duration_min,avg_throughput_mbps,rtt_latency_ms,packet_loss_pct,billable_amount_tzs
CDR-D-2000000,2026-09-04 07:56:13,+25577800005,640028995059760,TZ-BUK-001,3G,tigo.internet,1.93,8.15,10.08,84,5.96,121.2,1.33,22.17
CDR-D-2000001,2026-09-01 02:35:02,+25571996777,640029543880001,TZ-ARU-002,4G,tigo.internet,151.18,646.41,797.59,43,61.73,48.4,0.42,1754.7
CDR-D-2000002,2026-09-05 21:26:14,+25565278887,640021635149757,TZ-DAR-003,5G,tigo.corporate,356.22,1753.55,2109.78,26,67.38,19.3,0.14,4641.51
CDR-D-2000003,2026-09-01 00:57:49,+25577604575,640028348547534,TZ-MWA-003,4G,tigo.internet,214.11,901.58,1115.69,54,13.19,51.9,0.21,2454.52
CDR-D-2000004,2026-09-06 13:16:29,+25577468332,640029832382243,TZ-DAR-005,4G,tigo.internet,26.29,152.92,179.22,11,56.28,42.7,0.24,394.28
CDR-D-2000005,2026-09-07 10:49:45,+25571737460,640026638851791,TZ-PWA-001,4G,tigo.internet,18.47,63.69,82.15,62,43.66,44.4,0.16,180.74
CDR-D-2000006,2026-09-06 15:17:52,+25571759675,640021413202112,TZ-DOM-001,5G,tigo.internet,355.74,2530.17,2885.91,33,171.67,12.6,0.11,6349.01
CDR-D-2000007,2026-09-04 03:14:14,+25565152973,640029578627236,TZ-MOR-001,4G,tigo.corporate,162.71,755.77,918.48,49,14.09,50.9,0.42,2020.66
CDR-D-2000008,2026-09-06 10:34:30,+25567710224,640024147025728,TZ-MWA-002,4G,tigo.internet,170.29,722.2,892.48,17,19.22,34.0,0.26,1963.47
CDR-D-2000009,2026-09-05 13:47:57,+25571773067,640022215838266,TZ-IRI-001,4G,tigo.pesa.app,62.07,261.92,323.98,25,15.16,36.9,0.3,0.0
CDR-D-2000010,2026-09-01 13:49:42,+25567813745,640022949597857,TZ-MWA-001,5G,tigo.internet,55.78,351.26,407.04,58,245.68,16.2,0.12,895.49
CDR-D-2000011,2026-09-02 04:40:54,+25577899897,640027603958937,TZ-ARU-002,4G,tigo.corporate,74.67,497.18,571.85,31,32.16,34.1,0.2,1258.07
CDR-D-2000012,2026-09-04 21:00:19,+25571998348,640027767538527,TZ-KAH-001,4G,tigo.corporate,24.41,104.53,128.94,60,34.37,40.5,0.42,283.67
CDR-D-2000013,2026-09-02 20:27:22,+25565315621,640028606317217,TZ-DAR-011,4G,tigo.pesa.app,83.76,478.98,562.74,13,56.71,50.9,0.1,0.0
CDR-D-2000014,2026-09-01 05:12:24,+25571359214,640021877434572,TZ-KIL-003,3G,tigo.internet,7.05,19.07,26.12,88,6.32,97.7,1.44,57.46
CDR-D-2000015,2026-09-07 16:34:11,+25577694188,640028698043887,TZ-DAR-010,4G,tigo.internet,12.29,70.1,82.4,88,23.11,52.8,0.09,181.27
CDR-D-2000016,2026-09-07 21:46:49,+25571491172,640029415119956,TZ-DAR-006,4G,tigo.internet,84.58,384.93,469.5,27,20.44,32.0,0.13,1032.91
CDR-D-2000017,2026-09-02 23:46:38,+25571772580,640029785427977,TZ-DAR-006,4G,tigo.internet,117.2,509.54,626.74,18,27.27,34.6,0.13,1378.83
CDR-D-2000018,2026-09-04 12:03:52,+25577871043,640021813743830,TZ-DAR-005,4G,tigo.pesa.app,158.44,563.48,721.92,81,38.79,26.4,0.36,0.0
CDR-D-2000019,2026-09-03 04:47:43,+25565862398,640029473523940,TZ-ZNZ-003,4G,tigo.internet,46.55,195.84,242.39,42,32.44,41.9,0.42,533.25
CDR-D-2000020,2026-09-06 11:33:44,+25571108454,640028282534126,TZ-MTW-001,4G,tigo.internet,59.93,235.98,295.91,31,57.31,39.8,0.21,651.0
CDR-D-2000021,2026-09-04 06:02:40,+25567814956,640026595603986,TZ-KAH-001,4G,tigo.internet,30.31,104.13,134.44,33,49.52,47.2,0.08,295.78
CDR-D-2000022,2026-09-07 23:34:50,+25565275715,640029283130753,TZ-DAR-011,4G,tigo.internet,135.77,515.05,650.82,85,49.32,45.6,0.37,1431.81
CDR-D-2000023,2026-09-02 03:15:02,+25567137581,640026580427322,TZ-SHI-001,3G,tigo.pesa.app,14.11,53.04,67.15,78,4.98,99.0,2.23,0.0
CDR-D-2000024,2026-09-05 03:02:24,+25567614646,640027490269556,TZ-DOM-001,5G,tigo.internet,234.38,1022.95,1257.33,55,52.7,26.8,0.12,2766.13
CDR-D-2000025,2026-09-07 18:45:34,+25567250755,640025191103954,TZ-DAR-006,4G,tigo.internet,134.46,660.72,795.18,32,53.05,53.4,0.27,1749.4
CDR-D-2000026,2026-09-06 17:28:44,+25565894544,640024959218902,TZ-PEM-001,3G,tigo.internet,11.55,34.62,46.17,80,3.83,82.6,2.12,101.58
CDR-D-2000027,2026-09-06 14:39:02,+25567518612,640023657059704,TZ-DAR-003,5G,tigo.corporate,273.82,1278.33,1552.15,88,254.52,18.4,0.01,3414.73
CDR-D-2000028,2026-09-05 13:59:16,+25565517303,640021326139851,TZ-DAR-010,4G,tigo.pesa.app,214.27,722.7,936.97,37,31.87,37.4,0.4,0.0
CDR-D-2000029,2026-09-07 01:45:45,+25571178686,640027039626948,TZ-DAR-009,4G,tigo.internet,90.9,317.07,407.97,65,36.4,32.4,0.28,897.53
CDR-D-2000030,2026-09-03 21:50:03,+25565967977,640021032545020,TZ-KIL-003,3G,tigo.pesa.app,16.3,49.15,65.44,60,4.59,66.9,0.98,0.0
CDR-D-2000031,2026-09-04 21:34:26,+25567674213,640029635366717,TZ-MWA-003,4G,tigo.internet,13.73,88.43,102.16,77,58.3,43.2,0.43,224.75
CDR-D-2000032,2026-09-05 07:54:16,+25571154398,640021869986241,TZ-DAR-004,5G,tigo.internet,636.33,2845.69,3482.02,37,100.11,19.0,0.07,7660.45
CDR-D-2000033,2026-09-05 22:45:37,+25571491172,640029415119956,TZ-DAR-006,4G,tigo.mms,25.44,148.86,174.29,59,22.13,39.5,0.11,383.44
CDR-D-2000034,2026-09-06 07:38:30,+25565152427,640024079402141,TZ-BUK-001,3G,tigo.pesa.app,2.43,10.89,13.32,85,7.18,75.0,1.7,0.0
CDR-D-2000035,2026-09-01 16:19:18,+25571585968,640021362645516,TZ-ARU-002,4G,tigo.internet,46.26,246.39,292.65,48,13.76,33.3,0.36,643.84
CDR-D-2000036,2026-09-07 03:10:43,+25577260101,640028518563937,TZ-DAR-010,4G,tigo.internet,187.3,888.3,1075.6,74,16.8,38.4,0.06,2366.32
CDR-D-2000037,2026-09-06 09:51:58,+25565115658,640027707854414,TZ-ARU-002,4G,tigo.internet,135.97,658.36,794.33,71,37.68,46.3,0.36,1747.52
CDR-D-2000038,2026-09-03 03:15:58,+25567336540,640025946548987,TZ-MBY-001,4G,tigo.pesa.app,13.59,71.83,85.42,72,49.92,34.9,0.07,0.0
CDR-D-2000039,2026-09-06 10:17:19,+25565364178,640025119022697,TZ-ARU-002,4G,tigo.internet,48.22,162.01,210.23,44,42.69,36.6,0.34,462.5
CDR-D-2000040,2026-09-05 22:43:08,+25565411870,640024823580587,TZ-DAR-003,5G,tigo.internet,306.49,2236.9,2543.39,27,273.03,24.3,0.09,5595.46
CDR-D-2000041,2026-09-04 08:57:25,+25571504321,640021933998295,TZ-DOM-003,4G,tigo.internet,118.35,435.78,554.13,90,52.08,30.9,0.12,1219.09
CDR-D-2000042,2026-09-05 09:07:52,+25565971968,640025784450697,TZ-TAN-003,3G,tigo.corporate,11.68,32.92,44.6,62,4.87,118.2,1.22,98.11
CDR-D-2000043,2026-09-04 11:06:12,+25565361662,640023977168607,TZ-MWA-001,5G,tigo.corporate,707.75,2937.62,3645.37,6,240.99,23.6,0.02,8019.81
CDR-D-2000044,2026-09-02 16:23:49,+25571365617,640022283392443,TZ-DAR-001,5G,tigo.internet,234.82,1053.06,1287.87,71,156.19,22.4,0.07,2833.32
CDR-D-2000045,2026-09-07 20:07:37,+25577872918,640021857561275,TZ-ARU-003,4G,tigo.internet,94.21,590.92,685.13,47,16.08,40.1,0.41,1507.3
CDR-D-2000046,2026-09-02 22:47:10,+25567275133,640025491326131,TZ-DAR-009,4G,tigo.internet,70.2,341.36,411.56,79,20.93,53.9,0.35,905.43
CDR-D-2000047,2026-09-01 19:49:31,+25577785864,640022707272205,TZ-ZNZ-004,4G,tigo.internet,107.56,600.13,707.69,3,35.75,53.1,0.25,1556.92
CDR-D-2000048,2026-09-03 14:33:40,+25565145939,640021549034032,TZ-DOM-002,5G,tigo.corporate,194.37,1502.49,1696.87,84,87.21,16.1,0.06,3733.11
CDR-D-2000049,2026-09-03 10:16:59,+25571113595,640028489005480,TZ-IRI-001,4G,tigo.internet,40.82,169.88,210.7,62,12.57,39.2,0.41,463.55
CDR-D-2000050,2026-09-03 18:07:14,+25567670950,640023905778118,TZ-ARU-003,4G,tigo.pesa.app,122.47,761.91,884.38,52,60.25,35.8,0.13,0.0
CDR-D-2000051,2026-09-06 17:58:41,+25565406616,640027003585379,TZ-ZNZ-001,5G,tigo.internet,208.48,1125.63,1334.11,16,254.09,24.0,0.13,2935.04
CDR-D-2000052,2026-09-03 08:56:03,+25567231113,640028366710477,TZ-TAN-003,3G,tigo.internet,14.04,41.78,55.82,20,6.46,96.8,2.55,122.8
CDR-D-2000053,2026-09-03 11:15:48,+25567201866,640021950578005,TZ-TAB-001,3G,tigo.internet,8.13,35.13,43.26,69,5.54,83.9,2.2,95.17
CDR-D-2000054,2026-09-02 11:04:15,+25567278026,640029674596936,TZ-MWA-001,5G,tigo.internet,619.74,2617.16,3236.9,76,172.73,20.2,0.02,7121.18
CDR-D-2000055,2026-09-05 03:39:51,+25565971968,640025784450697,TZ-TAN-003,3G,tigo.pesa.app,17.92,82.14,100.06,5,2.87,66.1,0.69,0.0
CDR-D-2000056,2026-09-07 22:41:04,+25571576749,640025541726840,TZ-DAR-008,4G,tigo.internet,29.19,121.2,150.39,74,15.28,53.9,0.42,330.86
CDR-D-2000057,2026-09-03 09:38:18,+25571670816,640029646323272,TZ-ZNZ-002,4G,tigo.internet,36.86,167.03,203.89,3,31.4,33.0,0.09,448.55
CDR-D-2000058,2026-09-01 18:36:15,+25571797309,640025245043800,TZ-DAR-005,4G,tigo.internet,124.07,442.06,566.13,18,18.39,37.1,0.39,1245.48
CDR-D-2000059,2026-09-01 18:46:55,+25571730145,640028229625864,TZ-PWA-001,4G,tigo.internet,22.0,87.56,109.56,67,47.74,53.4,0.25,241.02
CDR-D-2000060,2026-09-07 02:24:59,+25571706012,640024139249064,TZ-SHI-001,3G,tigo.internet,4.56,12.56,17.11,4,2.54,113.9,2.74,37.65
CDR-D-2000061,2026-09-06 18:31:00,+25577148381,640028497100471,TZ-TAN-002,3G,tigo.corporate,11.07,34.26,45.33,49,3.34,116.7,1.43,99.72
CDR-D-2000062,2026-09-06 04:55:04,+25571823468,640025905881794,TZ-SON-001,3G,tigo.internet,4.98,13.79,18.77,10,3.19,135.8,2.8,41.3
CDR-D-2000063,2026-09-05 14:59:05,+25565204271,640022396847823,TZ-TAR-001,3G,tigo.pesa.app,2.16,7.69,9.85,35,6.34,100.0,2.14,0.0
CDR-D-2000064,2026-09-01 15:33:14,+25571911192,640029667651430,TZ-MWA-002,4G,tigo.internet,201.92,896.17,1098.09,41,51.56,44.9,0.39,2415.8
CDR-D-2000065,2026-09-02 13:40:29,+25567636538,640026676402384,TZ-DAR-003,5G,tigo.internet,582.04,2914.62,3496.66,7,124.2,16.0,0.14,7692.65
CDR-D-2000066,2026-09-07 00:26:41,+25567741390,640023271782991,TZ-DAR-007,4G,tigo.internet,253.86,948.59,1202.45,88,35.83,49.8,0.12,2645.38
CDR-D-2000067,2026-09-01 13:43:39,+25565598560,640024756438921,TZ-SHI-001,3G,tigo.pesa.app,23.9,66.84,90.73,66,2.98,129.8,1.96,0.0
CDR-D-2000068,2026-09-06 19:03:48,+25571862400,640022823212172,TZ-TND-001,3G,tigo.internet,21.32,74.59,95.92,53,3.45,106.2,1.55,211.01
CDR-D-2000069,2026-09-03 05:55:01,+25565950083,640028254773516,TZ-DAR-004,5G,tigo.internet,484.52,2497.19,2981.71,76,169.38,17.5,0.1,6559.76
CDR-D-2000070,2026-09-06 06:34:43,+25577350164,640023666637135,TZ-MWA-002,4G,tigo.internet,38.8,133.73,172.53,73,63.82,28.4,0.06,379.57
CDR-D-2000071,2026-09-07 08:22:27,+25565816052,640026368890859,TZ-TAN-002,3G,tigo.internet,13.78,54.54,68.32,43,1.97,105.7,2.02,150.3
CDR-D-2000072,2026-09-06 16:01:23,+25565717466,640028127372046,TZ-DOM-002,5G,tigo.internet,115.29,586.44,701.73,66,76.71,18.6,0.03,1543.8
CDR-D-2000073,2026-09-05 10:29:53,+25577863036,640027955867712,TZ-DOM-001,5G,tigo.corporate,380.23,2876.22,3256.45,77,278.85,16.7,0.02,7164.18
CDR-D-2000074,2026-09-06 19:43:55,+25571480570,640027213172814,TZ-DAR-010,4G,tigo.internet,151.27,633.68,784.94,29,21.45,44.4,0.07,1726.88
CDR-D-2000075,2026-09-06 03:36:10,+25567211760,640025959736235,TZ-NJO-001,3G,tigo.corporate,24.05,61.96,86.01,3,6.43,128.6,1.09,189.23
CDR-D-2000076,2026-09-02 07:50:40,+25571154398,640021869986241,TZ-DAR-004,5G,tigo.internet,435.91,3070.17,3506.08,59,68.51,18.3,0.08,7713.38
CDR-D-2000077,2026-09-06 21:47:02,+25577958160,640027539441086,TZ-ZNZ-001,5G,tigo.internet,453.79,2262.74,2716.53,78,105.41,18.3,0.07,5976.36
CDR-D-2000078,2026-09-04 05:54:27,+25565211957,640021564985269,TZ-TAB-001,3G,tigo.internet,11.45,50.37,61.82,34,3.37,74.1,1.74,136.01
CDR-D-2000079,2026-09-02 18:15:13,+25567907756,640026186758088,TZ-TAN-003,3G,tigo.internet,1.86,8.23,10.09,8,6.83,120.0,2.25,22.21
CDR-D-2000080,2026-09-03 17:06:01,+25567993891,640026903558431,TZ-ARU-003,4G,tigo.internet,39.41,241.78,281.19,78,25.15,26.7,0.1,618.61
CDR-D-2000081,2026-09-01 19:27:07,+25565190181,640028358125511,TZ-DAR-003,5G,tigo.internet,211.93,1329.58,1541.51,61,232.01,23.3,0.08,3391.33
CDR-D-2000082,2026-09-03 21:35:44,+25577352673,640024647891535,TZ-MWA-001,5G,tigo.corporate,368.03,2261.62,2629.64,68,113.86,17.5,0.12,5785.22
CDR-D-2000083,2026-09-06 00:13:04,+25565856215,640022879792991,TZ-MOR-001,4G,tigo.internet,52.36,251.71,304.07,59,58.96,42.5,0.25,668.95
CDR-D-2000084,2026-09-03 12:13:19,+25571739244,640024275930923,TZ-DAR-001,5G,tigo.mms,92.3,756.08,848.37,4,185.24,20.2,0.08,1866.42
CDR-D-2000085,2026-09-03 23:34:37,+25571947787,640022231951978,TZ-SNG-001,3G,tigo.internet,7.23,23.07,30.3,58,4.45,127.0,1.77,66.66
CDR-D-2000086,2026-09-03 06:12:36,+25571528644,640024801044279,TZ-PEM-001,3G,tigo.corporate,5.02,23.34,28.36,25,5.4,118.1,1.36,62.38
CDR-D-2000087,2026-09-06 15:25:14,+25567894462,640024751511984,TZ-DAR-012,5G,tigo.internet,80.09,610.45,690.54,87,118.76,22.2,0.02,1519.19
CDR-D-2000088,2026-09-01 04:53:30,+25571487538,640027750678214,TZ-TAN-002,3G,tigo.internet,9.18,29.22,38.4,52,4.84,111.0,1.24,84.47
CDR-D-2000089,2026-09-02 16:29:23,+25565456717,640023605585995,TZ-DAR-009,4G,tigo.internet,107.73,501.33,609.06,21,34.15,26.9,0.11,1339.92
CDR-D-2000090,2026-09-07 23:07:00,+25565939030,640026651020291,TZ-DAR-006,4G,tigo.internet,162.82,727.54,890.35,76,19.82,30.8,0.18,1958.78
CDR-D-2000091,2026-09-02 22:26:43,+25565752483,640023294043548,TZ-GEI-001,4G,tigo.internet,109.21,391.76,500.97,30,59.07,52.4,0.25,1102.14
CDR-D-2000092,2026-09-03 15:52:02,+25571114800,640028188100401,TZ-TAN-002,3G,tigo.internet,26.91,76.72,103.63,19,6.13,91.9,1.19,227.98
CDR-D-2000093,2026-09-01 09:33:04,+25571189915,640021092196090,TZ-DAR-010,4G,tigo.corporate,115.44,445.21,560.65,38,19.07,53.2,0.1,1233.43
CDR-D-2000094,2026-09-07 00:59:40,+25565767542,640025464285982,TZ-ARU-001,5G,tigo.internet,69.18,320.77,389.96,8,154.46,16.0,0.01,857.91
CDR-D-2000095,2026-09-04 02:05:17,+25577624369,640021172893522,TZ-MAR-001,3G,tigo.internet,24.47,69.85,94.32,32,2.53,115.5,1.15,207.51
CDR-D-2000096,2026-09-06 18:23:38,+25571562976,640028573538960,TZ-MBY-002,4G,tigo.internet,214.32,934.28,1148.6,43,55.37,29.9,0.16,2526.93
CDR-D-2000097,2026-09-03 07:24:16,+25567591341,640024171685974,TZ-DAR-003,5G,tigo.internet,208.38,1046.21,1254.59,21,180.14,15.5,0.06,2760.11
CDR-D-2000098,2026-09-06 04:54:44,+25567967359,640025145057803,TZ-MWA-003,4G,tigo.internet,172.19,764.81,937.0,80,13.47,30.3,0.17,2061.41
CDR-D-2000099,2026-09-07 17:18:36,+25577578180,640029290622669,TZ-DAR-015,3G,tigo.mms,25.16,69.99,95.15,60,4.33,85.1,2.03,209.34
CDR-D-2000100,2026-09-01 17:17:17,+25565779068,640023253473926,TZ-DAR-009,4G,tigo.internet,151.29,929.43,1080.72,27,56.75,45.9,0.14,2377.58
CDR-D-2000101,2026-09-04 18:58:41,+25571343904,640029681045368,TZ-DAR-004,5G,tigo.pesa.app,306.06,2162.38,2468.44,12,81.03,19.5,0.04,0.0
CDR-D-2000102,2026-09-03 06:53:16,+25571879521,640029287521677,TZ-NJO-001,3G,tigo.pesa.app,2.89,10.44,13.33,12,5.94,138.4,2.37,0.0
CDR-D-2000103,2026-09-04 19:59:11,+25577388039,640023651030484,TZ-ZNZ-002,4G,tigo.internet,109.42,375.99,485.41,5,42.07,43.4,0.18,1067.9
CDR-D-2000104,2026-09-02 22:14:26,+25565909231,640022016263083,TZ-MBY-001,4G,tigo.internet,75.19,474.8,549.99,31,13.77,37.1,0.31,1209.97
CDR-D-2000105,2026-09-03 15:21:40,+25571880431,640024407284549,TZ-MAR-001,3G,tigo.pesa.app,18.75,56.75,75.5,47,7.23,99.9,2.33,0.0
CDR-D-2000106,2026-09-07 20:43:02,+25565302299,640028321459188,TZ-ZNZ-004,4G,tigo.internet,117.46,450.54,568.0,14,21.5,54.1,0.15,1249.6
CDR-D-2000107,2026-09-05 20:11:52,+25571823255,640025792280830,TZ-SON-001,3G,tigo.internet,11.52,32.16,43.68,74,5.69,116.8,2.28,96.11
CDR-D-2000108,2026-09-07 06:05:35,+25567300814,640024082968468,TZ-TAB-001,3G,tigo.internet,3.74,10.77,14.51,48,3.29,98.5,1.66,31.92
CDR-D-2000109,2026-09-06 21:08:16,+25571824424,640026810639622,TZ-GEI-001,4G,tigo.internet,143.86,640.79,784.65,69,63.73,48.4,0.44,1726.22
CDR-D-2000110,2026-09-01 20:31:22,+25577800005,640028995059760,TZ-BUK-001,3G,tigo.pesa.app,4.57,13.67,18.24,87,5.28,103.8,1.92,0.0
CDR-D-2000111,2026-09-04 18:59:14,+25577688760,640029848243913,TZ-MAR-001,3G,tigo.pesa.app,25.95,72.99,98.94,34,3.4,113.5,1.54,0.0
CDR-D-2000112,2026-09-07 10:55:11,+25565286717,640022826411454,TZ-TND-001,3G,tigo.internet,4.38,16.45,20.83,9,7.1,79.4,1.63,45.83
CDR-D-2000113,2026-09-02 02:20:31,+25567175576,640024187043237,TZ-DOM-003,4G,tigo.internet,27.18,102.24,129.42,34,42.24,47.4,0.21,284.72
CDR-D-2000114,2026-09-01 07:13:31,+25567364132,640021829270292,TZ-DAR-014,3G,tigo.internet,2.73,13.37,16.09,2,2.81,66.6,2.63,35.4
CDR-D-2000115,2026-09-01 08:16:22,+25565925148,640026798582529,TZ-SHI-001,3G,tigo.internet,7.24,21.33,28.56,19,2.49,134.2,1.39,62.84
CDR-D-2000116,2026-09-06 00:38:04,+25567189691,640025289839506,TZ-TND-001,3G,tigo.mms,25.55,83.67,109.23,9,4.91,139.9,0.64,240.3
CDR-D-2000117,2026-09-03 08:35:10,+25567764662,640029471942713,TZ-DAR-009,4G,tigo.corporate,71.99,294.48,366.47,84,31.84,51.1,0.33,806.24
CDR-D-2000118,2026-09-04 09:57:07,+25577429657,640028084809436,TZ-DOM-002,5G,tigo.internet,502.23,2165.92,2668.15,84,67.68,15.5,0.11,5869.94
CDR-D-2000119,2026-09-05 23:50:09,+25571823255,640025792280830,TZ-SON-001,3G,tigo.internet,15.94,53.56,69.5,49,3.67,96.3,0.96,152.91
CDR-D-2000120,2026-09-06 10:18:42,+25577854124,640028264535316,TZ-MBY-001,4G,tigo.internet,68.88,299.0,367.87,25,34.44,46.2,0.11,809.32
CDR-D-2000121,2026-09-01 05:50:29,+25571198042,640027035624331,TZ-BUK-001,3G,tigo.internet,2.82,13.57,16.39,33,2.05,134.4,1.14,36.05
CDR-D-2000122,2026-09-01 05:45:21,+25571260778,640026918142780,TZ-MBY-001,4G,tigo.internet,136.06,465.18,601.24,68,40.14,33.8,0.08,1322.73
CDR-D-2000123,2026-09-05 07:06:34,+25565909606,640024306720589,TZ-DAR-012,5G,tigo.mms,291.5,1324.91,1616.41,13,266.25,27.9,0.08,3556.1
CDR-D-2000124,2026-09-01 21:50:40,+25571182300,640028144352013,TZ-ARU-001,5G,tigo.internet,114.21,831.59,945.81,31,266.86,16.5,0.09,2080.78
CDR-D-2000125,2026-09-06 12:11:29,+25565568436,640028532327465,TZ-SON-001,3G,tigo.internet,22.08,68.79,90.88,21,3.76,121.9,0.71,199.93
CDR-D-2000126,2026-09-03 00:11:07,+25567647860,640029115534388,TZ-ZNZ-001,5G,tigo.internet,76.09,311.89,387.98,30,104.01,17.6,0.09,853.56
CDR-D-2000127,2026-09-01 12:18:58,+25577481242,640026730698191,TZ-KIL-001,4G,tigo.internet,23.83,122.15,145.98,72,29.97,29.4,0.07,321.15
CDR-D-2000128,2026-09-02 09:57:01,+25571487538,640027750678214,TZ-TAN-002,3G,tigo.internet,8.5,22.44,30.94,82,5.0,101.6,0.86,68.07
CDR-D-2000129,2026-09-02 08:22:55,+25571592879,640024210581718,TZ-DAR-003,5G,tigo.internet,396.83,1710.81,2107.64,64,207.95,13.6,0.13,4636.81
CDR-D-2000130,2026-09-01 10:18:01,+25571114800,640028188100401,TZ-TAN-002,3G,tigo.internet,17.49,55.2,72.7,41,4.36,129.6,1.9,159.93
CDR-D-2000131,2026-09-05 10:53:55,+25577900117,640024875855229,TZ-TAN-003,3G,tigo.internet,5.89,22.41,28.3,2,6.71,129.5,1.61,62.27
CDR-D-2000132,2026-09-02 15:58:37,+25567675092,640029319042718,TZ-DAR-007,4G,tigo.pesa.app,96.76,636.08,732.83,66,17.63,49.1,0.39,0.0
CDR-D-2000133,2026-09-02 21:24:41,+25565901351,640029785727315,TZ-SON-001,3G,tigo.internet,17.93,54.69,72.62,67,1.45,115.7,2.43,159.76
CDR-D-2000134,2026-09-01 18:19:01,+25577474880,640028136453451,TZ-MWA-002,4G,tigo.internet,166.98,741.5,908.48,54,17.83,33.4,0.26,1998.65
CDR-D-2000135,2026-09-04 06:17:38,+25567983788,640024731897202,TZ-TAB-001,3G,tigo.internet,7.32,25.85,33.17,41,5.35,116.4,2.17,72.97
CDR-D-2000136,2026-09-05 08:18:55,+25565855797,640026070264390,TZ-KIL-001,4G,tigo.corporate,105.97,463.22,569.2,86,55.16,41.4,0.08,1252.24
CDR-D-2000137,2026-09-01 19:57:03,+25565610102,640025073704803,TZ-ZNZ-004,4G,tigo.internet,79.56,374.66,454.22,40,16.51,43.1,0.35,999.29
CDR-D-2000138,2026-09-04 20:57:18,+25577308050,640023624656441,TZ-KIL-003,3G,tigo.internet,12.6,38.53,51.12,30,6.12,73.3,2.55,112.47
CDR-D-2000139,2026-09-04 00:07:30,+25577665148,640024148407142,TZ-DAR-013,5G,tigo.internet,353.9,2369.95,2723.85,14,206.19,22.8,0.06,5992.47
CDR-D-2000140,2026-09-05 18:04:11,+25565313701,640028517718126,TZ-TND-001,3G,tigo.internet,12.41,52.27,64.69,12,3.7,110.7,1.42,142.31
CDR-D-2000141,2026-09-07 16:49:17,+25571771652,640023645901955,TZ-DAR-010,4G,tigo.internet,37.71,128.94,166.65,33,31.88,27.0,0.45,366.62
CDR-D-2000142,2026-09-06 07:14:17,+25577944013,640027045485090,TZ-MWA-002,4G,tigo.internet,19.38,77.21,96.58,59,26.4,32.9,0.22,212.49
CDR-D-2000143,2026-09-07 23:06:51,+25565144832,640024198865421,TZ-DAR-008,4G,tigo.pesa.app,143.81,944.71,1088.52,86,64.89,51.3,0.43,0.0
CDR-D-2000144,2026-09-04 09:15:52,+25577308865,640022141178010,TZ-DAR-008,4G,tigo.internet,93.88,568.15,662.02,15,23.76,43.5,0.42,1456.45
CDR-D-2000145,2026-09-05 22:03:24,+25567418801,640026649334064,TZ-MWA-002,4G,tigo.internet,193.66,685.42,879.09,66,22.76,43.2,0.24,1933.99
CDR-D-2000146,2026-09-03 13:58:52,+25565361662,640023977168607,TZ-MWA-001,5G,tigo.internet,585.7,2905.6,3491.31,86,54.72,24.5,0.05,7680.88
CDR-D-2000147,2026-09-01 13:09:26,+25577765607,640027851463947,TZ-MWA-003,4G,tigo.corporate,110.26,434.23,544.48,12,31.23,33.7,0.26,1197.87
CDR-D-2000148,2026-09-07 10:38:51,+25577319401,640024123723470,TZ-IRI-001,4G,tigo.pesa.app,109.44,405.49,514.94,81,20.62,40.4,0.22,0.0
CDR-D-2000149,2026-09-04 06:47:02,+25567280079,640028684846286,TZ-ARU-003,4G,tigo.internet,230.17,890.81,1120.98,89,40.17,52.4,0.42,2466.15
CDR-D-2000150,2026-09-02 04:59:01,+25567626781,640025825241186,TZ-MTW-001,4G,tigo.corporate,203.42,866.48,1069.91,51,38.57,40.2,0.34,2353.8
CDR-D-2000151,2026-09-05 08:57:05,+25571357232,640027329335818,TZ-KIL-001,4G,tigo.internet,38.53,224.19,262.72,68,45.8,53.0,0.33,577.98
CDR-D-2000152,2026-09-05 14:26:18,+25565215507,640026795403548,TZ-MWA-001,5G,tigo.internet,584.25,3121.1,3705.35,22,94.72,15.5,0.14,8151.76
CDR-D-2000153,2026-09-01 13:28:47,+25567509758,640024897716760,TZ-DAR-011,4G,tigo.internet,220.16,902.09,1122.25,62,15.38,27.4,0.4,2468.94
CDR-D-2000154,2026-09-04 22:21:52,+25571917326,640025592466298,TZ-DAR-015,3G,tigo.pesa.app,14.6,47.83,62.43,15,2.47,78.2,2.68,0.0
CDR-D-2000155,2026-09-01 06:34:00,+25565187496,640025036616886,TZ-IRI-001,4G,tigo.corporate,137.06,760.76,897.83,49,61.06,45.7,0.42,1975.22
CDR-D-2000156,2026-09-04 12:38:59,+25577350164,640023666637135,TZ-MWA-002,4G,tigo.pesa.app,66.48,234.55,301.03,6,12.77,30.1,0.21,0.0
CDR-D-2000157,2026-09-05 18:12:20,+25571704430,640028150791910,TZ-SNG-001,3G,tigo.internet,16.89,58.9,75.79,87,5.58,71.1,2.06,166.74
CDR-D-2000158,2026-09-04 13:04:12,+25567142961,640029122284596,TZ-MOR-001,4G,tigo.corporate,247.54,834.5,1082.04,75,51.13,25.6,0.25,2380.49
CDR-D-2000159,2026-09-07 09:10:38,+25571401601,640027873709012,TZ-DAR-007,4G,tigo.pesa.app,92.7,565.61,658.31,18,62.38,27.8,0.18,0.0
CDR-D-2000160,2026-09-04 04:22:17,+25567156962,640027241175457,TZ-MWA-001,5G,tigo.pesa.app,333.12,1822.85,2155.96,5,55.47,17.1,0.08,0.0
CDR-D-2000161,2026-09-05 00:55:06,+25567293458,640024037119053,TZ-TAN-003,3G,tigo.internet,19.9,52.34,72.24,77,2.06,138.4,0.53,158.94
CDR-D-2000162,2026-09-04 10:19:21,+25571908977,640028544878538,TZ-PEM-001,3G,tigo.internet,11.02,49.77,60.79,87,3.53,88.5,1.96,133.74
CDR-D-2000163,2026-09-03 19:03:40,+25571907812,640029639044885,TZ-ARU-001,5G,tigo.internet,421.32,2671.76,3093.08,74,152.29,16.4,0.07,6804.77
CDR-D-2000164,2026-09-04 15:56:58,+25565786393,640028178927766,TZ-PEM-001,3G,tigo.internet,10.83,30.52,41.35,38,1.73,125.0,1.54,90.98
CDR-D-2000165,2026-09-02 01:18:38,+25567779259,640021872395778,TZ-SON-001,3G,tigo.mms,4.46,20.55,25.01,45,1.86,113.6,2.57,55.02
CDR-D-2000166,2026-09-01 15:43:13,+25577865859,640021835882089,TZ-ARU-002,4G,tigo.internet,88.86,297.11,385.97,82,18.7,51.2,0.25,849.14
CDR-D-2000167,2026-09-07 10:57:20,+25577560285,640021242425303,TZ-ARU-001,5G,tigo.internet,355.9,2454.96,2810.85,9,232.59,19.6,0.04,6183.88
CDR-D-2000168,2026-09-01 17:00:56,+25571758169,640026503644761,TZ-ARU-002,4G,tigo.internet,146.52,520.19,666.71,21,23.84,45.5,0.38,1466.77
CDR-D-2000169,2026-09-01 06:35:13,+25565951138,640026953859063,TZ-MWA-002,4G,tigo.internet,18.55,85.36,103.91,86,56.54,43.1,0.42,228.6
CDR-D-2000170,2026-09-06 16:51:43,+25577332060,640023685585090,TZ-KIL-002,3G,tigo.pesa.app,15.43,41.91,57.34,64,4.31,99.8,1.21,0.0
CDR-D-2000171,2026-09-02 20:00:24,+25571189814,640028438486479,TZ-DOM-002,5G,tigo.internet,20.54,161.17,181.71,12,261.92,21.4,0.06,399.77
CDR-D-2000172,2026-09-07 11:00:36,+25567693343,640025182609867,TZ-TAN-001,4G,tigo.internet,54.05,211.29,265.34,87,37.41,44.4,0.31,583.75
CDR-D-2000173,2026-09-02 09:35:17,+25571343545,640026572069519,TZ-MWA-002,4G,tigo.internet,18.75,69.21,87.97,66,25.88,30.2,0.34,193.52
CDR-D-2000174,2026-09-07 11:30:04,+25565939030,640026651020291,TZ-DAR-006,4G,tigo.internet,27.51,182.14,209.65,61,50.77,52.8,0.07,461.23
CDR-D-2000175,2026-09-07 19:03:04,+25565610102,640025073704803,TZ-ZNZ-004,4G,tigo.internet,15.48,58.77,74.25,72,36.03,41.3,0.12,163.36
CDR-D-2000176,2026-09-03 10:13:52,+25565144832,640024198865421,TZ-DAR-008,4G,tigo.internet,92.42,397.7,490.12,12,64.83,33.5,0.38,1078.26
CDR-D-2000177,2026-09-06 16:02:19,+25567146228,640025310195918,TZ-DOM-002,5G,tigo.internet,513.46,2532.53,3045.99,38,167.95,20.0,0.11,6701.17
CDR-D-2000178,2026-09-01 19:25:40,+25571970645,640025588007201,TZ-MBY-001,4G,tigo.internet,114.52,476.41,590.93,42,60.8,29.1,0.2,1300.05
CDR-D-2000179,2026-09-01 01:38:38,+25565821347,640024520856549,TZ-DAR-009,4G,tigo.corporate,50.48,246.23,296.71,89,24.56,41.4,0.31,652.76
CDR-D-2000180,2026-09-05 06:28:56,+25577780714,640022362721798,TZ-TAN-002,3G,tigo.internet,14.76,63.91,78.67,75,5.48,134.0,2.17,173.07
CDR-D-2000181,2026-09-03 14:49:51,+25567621282,640024320435651,TZ-PEM-001,3G,tigo.internet,14.79,61.07,75.86,22,5.85,125.1,2.13,166.88
CDR-D-2000182,2026-09-07 21:37:19,+25567549112,640021724301196,TZ-KIL-001,4G,tigo.pesa.app,94.06,379.73,473.79,32,35.78,47.5,0.3,0.0
CDR-D-2000183,2026-09-04 20:05:16,+25565785280,640028989870040,TZ-KAH-001,4G,tigo.pesa.app,122.73,426.35,549.09,38,27.29,35.0,0.13,0.0
CDR-D-2000184,2026-09-06 14:01:41,+25571500464,640024115565294,TZ-PWA-002,4G,tigo.internet,81.06,519.91,600.97,16,23.77,30.6,0.37,1322.14
CDR-D-2000185,2026-09-03 12:29:01,+25577174905,640029934205769,TZ-DAR-003,5G,tigo.internet,610.74,2627.96,3238.7,65,106.17,21.7,0.08,7125.15
CDR-D-2000186,2026-09-01 05:36:05,+25577626449,640022567069461,TZ-DAR-001,5G,tigo.mms,376.08,1916.87,2292.95,77,244.3,20.1,0.04,5044.49
CDR-D-2000187,2026-09-06 19:03:26,+25571289226,640029131540912,TZ-ARU-002,4G,tigo.corporate,92.49,427.28,519.77,83,38.22,52.6,0.43,1143.49
CDR-D-2000188,2026-09-01 18:35:28,+25577688760,640029848243913,TZ-MAR-001,3G,tigo.internet,1.78,8.53,10.32,10,2.89,89.0,2.59,22.7
CDR-D-2000189,2026-09-06 00:23:57,+25567117975,640021769945233,TZ-ARU-003,4G,tigo.corporate,102.65,584.33,686.98,79,48.56,42.0,0.32,1511.35
CDR-D-2000190,2026-09-01 08:05:23,+25571797802,640028410598437,TZ-TAB-001,3G,tigo.internet,3.85,14.22,18.07,86,1.88,99.3,2.65,39.76
CDR-D-2000191,2026-09-01 21:22:55,+25565674721,640024534096467,TZ-PWA-001,4G,tigo.pesa.app,101.05,500.09,601.15,4,33.9,34.3,0.23,0.0
CDR-D-2000192,2026-09-01 09:50:27,+25571525167,640029649635759,TZ-PWA-001,4G,tigo.internet,32.03,109.5,141.53,43,18.93,29.2,0.42,311.37
CDR-D-2000193,2026-09-02 21:36:36,+25567320395,640026989463974,TZ-DAR-007,4G,tigo.corporate,121.37,735.21,856.58,42,21.1,35.8,0.23,1884.48
CDR-D-2000194,2026-09-01 04:54:10,+25577543824,640024843660761,TZ-TAN-001,4G,tigo.pesa.app,134.48,871.57,1006.04,62,21.82,49.5,0.4,0.0
CDR-D-2000195,2026-09-07 10:40:32,+25567271456,640025683197659,TZ-DAR-015,3G,tigo.internet,17.67,45.74,63.41,31,7.01,69.2,0.76,139.5
CDR-D-2000196,2026-09-01 07:56:15,+25567538897,640027032706313,TZ-NJO-001,3G,tigo.internet,22.35,80.7,103.05,58,6.72,93.6,2.42,226.72
CDR-D-2000197,2026-09-04 06:19:08,+25565862398,640029473523940,TZ-ZNZ-003,4G,tigo.internet,149.0,508.03,657.03,59,61.65,47.3,0.38,1445.47
CDR-D-2000198,2026-09-03 08:45:17,+25577116929,640025326129844,TZ-MWA-002,4G,tigo.internet,123.12,469.49,592.61,89,15.51,53.4,0.22,1303.74
CDR-D-2000199,2026-09-01 05:46:25,+25567685126,640029119337640,TZ-DAR-005,4G,tigo.internet,70.1,370.76,440.86,27,49.83,31.6,0.24,969.9
CDR-D-2000200,2026-09-04 13:13:47,+25571183854,640028170092009,TZ-DOM-002,5G,tigo.internet,256.48,1481.42,1737.91,18,133.02,13.1,0.03,3823.39
CDR-D-2000201,2026-09-05 04:14:19,+25565267457,640028788828039,TZ-TAN-003,3G,tigo.corporate,16.82,51.47,68.29,13,5.69,77.3,2.09,150.24
CDR-D-2000202,2026-09-05 05:33:42,+25571163098,640027365941525,TZ-KAH-001,4G,tigo.internet,161.14,757.62,918.77,68,43.99,49.2,0.31,2021.29
CDR-D-2000203,2026-09-05 22:55:07,+25565238579,640026001680218,TZ-DAR-005,4G,tigo.corporate,128.11,555.0,683.11,66,12.65,43.2,0.25,1502.85
CDR-D-2000204,2026-09-01 19:29:05,+25571901909,640024248149900,TZ-MBY-002,4G,tigo.pesa.app,78.09,293.55,371.64,84,48.61,50.9,0.28,0.0
CDR-D-2000205,2026-09-05 03:30:14,+25571528379,640028354809424,TZ-ZNZ-004,4G,tigo.internet,114.65,449.39,564.04,75,25.9,37.5,0.33,1240.89
CDR-D-2000206,2026-09-04 23:36:35,+25571353495,640026887978829,TZ-DAR-013,5G,tigo.internet,469.04,2020.47,2489.51,87,223.36,13.4,0.08,5476.93
CDR-D-2000207,2026-09-02 09:43:36,+25571377120,640022063329832,TZ-MBY-002,4G,tigo.internet,123.33,681.67,805.0,51,53.76,31.7,0.15,1771.01
CDR-D-2000208,2026-09-01 02:36:41,+25571956410,640026386498527,TZ-PWA-001,4G,tigo.internet,79.74,303.52,383.26,25,51.56,38.9,0.31,843.17
CDR-D-2000209,2026-09-04 16:53:32,+25565789504,640021542747974,TZ-ZNZ-001,5G,tigo.corporate,120.82,693.43,814.25,57,204.19,16.4,0.13,1791.34
CDR-D-2000210,2026-09-01 10:08:45,+25571501078,640026837342064,TZ-ARU-001,5G,tigo.pesa.app,111.79,683.32,795.12,8,197.89,19.8,0.12,0.0
CDR-D-2000211,2026-09-05 08:11:08,+25577354655,640022095197958,TZ-ZNZ-002,4G,tigo.mms,87.42,337.51,424.93,2,25.42,54.7,0.44,934.85
CDR-D-2000212,2026-09-03 00:43:03,+25567287664,640027233249942,TZ-TAN-001,4G,tigo.internet,263.24,887.32,1150.55,78,41.27,51.1,0.42,2531.22
CDR-D-2000213,2026-09-03 08:58:01,+25565265603,640024935462811,TZ-DAR-005,4G,tigo.internet,244.67,867.06,1111.73,63,44.91,48.5,0.18,2445.8
CDR-D-2000214,2026-09-05 12:02:51,+25571114463,640022126077199,TZ-MWA-001,5G,tigo.internet,421.73,1915.34,2337.07,67,161.4,24.9,0.06,5141.54
CDR-D-2000215,2026-09-07 17:35:55,+25577765607,640027851463947,TZ-MWA-003,4G,tigo.corporate,175.81,859.32,1035.13,31,34.02,45.4,0.2,2277.3
CDR-D-2000216,2026-09-03 20:32:34,+25567541314,640028463731970,TZ-MWA-003,4G,tigo.internet,135.04,715.5,850.54,49,24.84,45.4,0.39,1871.19
CDR-D-2000217,2026-09-07 00:52:18,+25565995113,640026933257157,TZ-SON-001,3G,tigo.internet,3.97,17.31,21.28,42,1.57,88.9,0.65,46.82
CDR-D-2000218,2026-09-06 22:53:06,+25571210592,640024074187947,TZ-SHI-001,3G,tigo.internet,22.88,78.81,101.69,64,4.46,131.3,0.83,223.72
CDR-D-2000219,2026-09-07 12:54:16,+25577355570,640025916199809,TZ-PEM-001,3G,tigo.pesa.app,28.96,73.15,102.11,54,3.37,106.0,0.58,0.0
CDR-D-2000220,2026-09-05 16:21:44,+25577936865,640023269449477,TZ-MTW-001,4G,tigo.corporate,176.8,619.97,796.77,23,12.82,51.3,0.13,1752.9
CDR-D-2000221,2026-09-07 23:18:05,+25565397917,640023515465308,TZ-BUK-001,3G,tigo.internet,8.2,22.17,30.37,46,3.42,98.2,1.31,66.81
CDR-D-2000222,2026-09-03 23:08:45,+25565179688,640022043030161,TZ-DAR-003,5G,tigo.internet,430.51,2878.86,3309.37,71,185.51,20.2,0.12,7280.62
CDR-D-2000223,2026-09-04 00:37:44,+25567369836,640025612782269,TZ-PWA-002,4G,tigo.internet,90.86,315.64,406.5,58,39.03,51.4,0.44,894.3
CDR-D-2000224,2026-09-07 22:31:55,+25567513064,640027372634805,TZ-TAR-001,3G,tigo.internet,18.15,48.81,66.96,42,5.34,124.6,0.75,147.32
CDR-D-2000225,2026-09-06 02:40:31,+25565272529,640027529817193,TZ-MWA-003,4G,tigo.internet,44.2,184.22,228.42,12,62.47,27.1,0.29,502.53
CDR-D-2000226,2026-09-03 10:23:52,+25577903868,640028765601772,TZ-NJO-001,3G,tigo.internet,15.57,60.7,76.27,19,2.09,77.4,2.14,167.8
CDR-D-2000227,2026-09-06 00:44:40,+25577199937,640024830354490,TZ-DAR-007,4G,tigo.pesa.app,124.83,644.38,769.21,59,47.26,28.8,0.2,0.0
CDR-D-2000228,2026-09-07 06:52:18,+25565288655,640029059101113,TZ-SHI-001,3G,tigo.internet,20.79,67.93,88.72,44,2.13,84.0,0.66,195.19
CDR-D-2000229,2026-09-01 01:38:31,+25571639704,640029886818084,TZ-MWA-002,4G,tigo.internet,12.33,59.15,71.47,3,59.84,32.3,0.31,157.24
CDR-D-2000230,2026-09-05 15:54:00,+25571862400,640022823212172,TZ-TND-001,3G,tigo.pesa.app,24.89,70.98,95.87,64,1.73,130.7,2.7,0.0
CDR-D-2000231,2026-09-05 17:23:52,+25577813145,640027517011632,TZ-MWA-002,4G,tigo.internet,193.81,765.27,959.07,4,33.81,41.3,0.3,2109.96
CDR-D-2000232,2026-09-03 02:34:22,+25565690462,640025073211715,TZ-TAB-001,3G,tigo.corporate,12.47,44.96,57.43,39,2.87,83.6,2.6,126.34
CDR-D-2000233,2026-09-07 07:31:54,+25565478756,640028151456771,TZ-DAR-001,5G,tigo.pesa.app,630.64,2709.34,3339.98,81,234.66,22.7,0.02,0.0
CDR-D-2000234,2026-09-03 04:32:42,+25567580462,640028021444011,TZ-KIL-003,3G,tigo.internet,23.04,64.06,87.1,24,4.1,114.1,1.56,191.61
CDR-D-2000235,2026-09-06 04:03:47,+25571400748,640023082029167,TZ-TAN-001,4G,tigo.internet,122.46,505.79,628.26,24,15.33,45.7,0.32,1382.17
CDR-D-2000236,2026-09-07 05:31:27,+25567797118,640025952255182,TZ-BUK-001,3G,tigo.pesa.app,4.67,18.22,22.89,24,3.83,66.7,2.44,0.0
CDR-D-2000237,2026-09-01 21:37:15,+25577405407,640021140187131,TZ-PWA-002,4G,tigo.internet,115.53,452.57,568.1,88,42.57,36.2,0.36,1249.83
CDR-D-2000238,2026-09-07 10:14:51,+25567795634,640027384440186,TZ-TAR-001,3G,tigo.internet,16.29,44.6,60.89,37,3.01,105.1,2.17,133.95
CDR-D-2000239,2026-09-05 17:12:01,+25571588002,640022317723211,TZ-SON-001,3G,tigo.internet,5.57,27.76,33.33,30,2.05,81.6,1.26,73.33
CDR-D-2000240,2026-09-06 05:44:37,+25565641455,640027038046278,TZ-MWA-003,4G,tigo.internet,26.42,165.42,191.84,30,52.99,53.2,0.08,422.04
CDR-D-2000241,2026-09-07 21:15:41,+25577985049,640029891010459,TZ-DOM-003,4G,tigo.internet,98.48,550.85,649.33,29,57.19,31.0,0.24,1428.53
CDR-D-2000242,2026-09-07 22:17:53,+25571920664,640021547762075,TZ-DAR-004,5G,tigo.internet,128.45,810.37,938.82,69,114.51,15.2,0.12,2065.41
CDR-D-2000243,2026-09-06 19:37:40,+25565730645,640022644360541,TZ-GEI-001,4G,tigo.internet,54.16,251.12,305.28,2,50.4,26.8,0.23,671.62
CDR-D-2000244,2026-09-02 03:03:10,+25565816514,640024297076131,TZ-DOM-003,4G,tigo.corporate,158.17,586.06,744.22,69,12.39,36.4,0.2,1637.29
CDR-D-2000245,2026-09-07 10:44:01,+25577899897,640027603958937,TZ-ARU-002,4G,tigo.internet,47.61,250.33,297.94,43,22.78,34.0,0.24,655.46
CDR-D-2000246,2026-09-05 16:41:02,+25565536135,640022732663107,TZ-ZNZ-004,4G,tigo.internet,201.44,816.64,1018.08,78,29.85,36.7,0.17,2239.78
CDR-D-2000247,2026-09-04 23:32:24,+25571150243,640025060219510,TZ-TAB-001,3G,tigo.internet,7.6,19.79,27.39,70,7.31,101.3,0.98,60.26
CDR-D-2000248,2026-09-02 18:12:00,+25565907848,640027093416015,TZ-DAR-015,3G,tigo.internet,7.5,29.37,36.87,88,2.91,124.2,1.92,81.11
CDR-D-2000249,2026-09-06 03:40:18,+25571113595,640028489005480,TZ-IRI-001,4G,tigo.internet,86.27,458.58,544.85,34,15.16,48.6,0.2,1198.66
CDR-D-2000250,2026-09-01 12:06:33,+25565321634,640024707754422,TZ-DAR-006,4G,tigo.internet,115.85,432.73,548.58,69,35.28,26.6,0.27,1206.87
CDR-D-2000251,2026-09-05 13:50:02,+25565799946,640029558483771,TZ-DAR-015,3G,tigo.corporate,3.92,17.39,21.31,22,6.93,113.9,1.96,46.89
CDR-D-2000252,2026-09-03 20:59:03,+25565543623,640029372856246,TZ-ZNZ-001,5G,tigo.internet,331.63,1367.63,1699.26,35,171.14,20.3,0.11,3738.37
CDR-D-2000253,2026-09-04 11:55:02,+25577489616,640024789808025,TZ-MBY-002,4G,tigo.internet,98.83,381.92,480.75,5,64.53,26.0,0.27,1057.65
CDR-D-2000254,2026-09-05 06:22:30,+25565275715,640029283130753,TZ-DAR-011,4G,tigo.corporate,149.87,554.92,704.79,60,27.31,37.0,0.28,1550.54
CDR-D-2000255,2026-09-06 00:59:00,+25565855797,640026070264390,TZ-KIL-001,4G,tigo.internet,217.36,920.61,1137.97,43,17.24,51.2,0.28,2503.53
CDR-D-2000256,2026-09-04 04:26:42,+25577800005,640028995059760,TZ-BUK-001,3G,tigo.internet,6.4,22.22,28.61,26,3.74,125.6,0.93,62.95
CDR-D-2000257,2026-09-04 14:32:31,+25565629435,640023449142215,TZ-TAN-002,3G,tigo.internet,17.0,55.55,72.55,12,6.11,75.5,2.67,159.61
CDR-D-2000258,2026-09-06 08:36:46,+25565528459,640029841554539,TZ-PWA-002,4G,tigo.internet,150.69,848.86,999.55,73,45.64,48.8,0.26,2199.01
CDR-D-2000259,2026-09-02 06:27:54,+25567992919,640028157007197,TZ-MBY-002,4G,tigo.internet,93.63,325.51,419.14,84,24.46,50.9,0.18,922.11
CDR-D-2000260,2026-09-02 12:33:22,+25571529350,640026468905805,TZ-DAR-012,5G,tigo.pesa.app,554.24,2826.21,3380.45,25,251.3,19.2,0.05,0.0
CDR-D-2000261,2026-09-02 01:13:56,+25571587506,640024462726923,TZ-DAR-011,4G,tigo.pesa.app,57.47,315.82,373.29,63,26.86,29.4,0.13,0.0
CDR-D-2000262,2026-09-06 19:58:58,+25577560285,640021242425303,TZ-ARU-001,5G,tigo.pesa.app,113.72,798.29,912.01,7,183.42,23.2,0.06,0.0
CDR-D-2000263,2026-09-01 10:27:21,+25571701804,640029257061242,TZ-MWA-003,4G,tigo.mms,144.67,775.86,920.53,82,32.83,51.7,0.31,2025.17
CDR-D-2000264,2026-09-05 19:59:33,+25567956949,640021054183126,TZ-ZNZ-003,4G,tigo.internet,90.43,491.14,581.57,51,32.64,34.4,0.4,1279.45
CDR-D-2000265,2026-09-01 16:16:31,+25577308050,640023624656441,TZ-KIL-003,3G,tigo.pesa.app,3.57,12.1,15.66,5,3.7,98.9,2.1,0.0
CDR-D-2000266,2026-09-07 14:46:15,+25571860053,640025201221330,TZ-DAR-010,4G,tigo.pesa.app,48.88,249.36,298.24,16,29.6,37.0,0.32,0.0
CDR-D-2000267,2026-09-07 09:14:09,+25571891775,640021500275778,TZ-DAR-002,4G,tigo.internet,130.66,551.35,682.01,81,55.04,39.4,0.34,1500.41
CDR-D-2000268,2026-09-04 03:43:52,+25577373553,640026156156606,TZ-TND-001,3G,tigo.pesa.app,3.33,9.27,12.6,49,1.93,133.0,2.13,0.0
CDR-D-2000269,2026-09-06 03:55:37,+25571728692,640025393036949,TZ-DAR-002,4G,tigo.internet,190.98,870.43,1061.41,49,18.02,25.4,0.32,2335.11
CDR-D-2000270,2026-09-01 11:03:49,+25565782039,640022419183659,TZ-KIG-001,3G,tigo.internet,15.0,42.0,57.0,15,1.31,68.1,2.45,125.4
CDR-D-2000271,2026-09-05 22:52:58,+25577543588,640026092773357,TZ-MWA-003,4G,tigo.internet,176.01,617.56,793.57,90,28.56,32.5,0.09,1745.85
CDR-D-2000272,2026-09-07 00:35:09,+25577757724,640028738351331,TZ-ARU-003,4G,tigo.pesa.app,139.93,508.39,648.32,2,13.52,37.9,0.12,0.0
CDR-D-2000273,2026-09-04 23:26:39,+25567946331,640025845296568,TZ-ARU-001,5G,tigo.internet,367.45,2427.57,2795.01,5,204.33,24.3,0.01,6149.03
CDR-D-2000274,2026-09-07 00:11:33,+25567815234,640029355465756,TZ-DAR-014,3G,tigo.internet,5.45,24.11,29.56,89,3.07,100.1,0.72,65.04
CDR-D-2000275,2026-09-07 23:11:17,+25571400748,640023082029167,TZ-TAN-001,4G,tigo.internet,48.07,246.13,294.2,52,35.13,54.2,0.11,647.24
CDR-D-2000276,2026-09-01 12:03:51,+25567200488,640021617262027,TZ-DAR-011,4G,tigo.internet,60.93,380.96,441.89,46,13.21,52.4,0.09,972.15
CDR-D-2000277,2026-09-04 18:28:51,+25577839485,640026932342612,TZ-DAR-007,4G,tigo.internet,56.61,300.69,357.29,80,27.9,29.8,0.13,786.04
CDR-D-2000278,2026-09-02 21:12:50,+25567291551,640026254560263,TZ-DAR-011,4G,tigo.internet,83.8,520.33,604.14,90,40.59,27.9,0.42,1329.1
CDR-D-2000279,2026-09-02 17:39:51,+25577446198,640027892457034,TZ-MTW-001,4G,tigo.internet,211.2,904.77,1115.97,57,50.55,49.6,0.1,2455.14
CDR-D-2000280,2026-09-06 16:51:35,+25567322022,640023201397080,TZ-TND-001,3G,tigo.internet,15.99,53.94,69.94,84,2.48,68.9,1.02,153.86
CDR-D-2000281,2026-09-07 16:16:47,+25571703172,640022143226860,TZ-KIL-003,3G,tigo.internet,23.23,68.04,91.27,67,1.92,94.7,0.81,200.79
CDR-D-2000282,2026-09-02 14:24:58,+25571529350,640026468905805,TZ-DAR-012,5G,tigo.internet,102.3,422.68,524.98,74,178.89,27.5,0.02,1154.96
CDR-D-2000283,2026-09-04 16:07:43,+25577350164,640023666637135,TZ-MWA-002,4G,tigo.pesa.app,92.41,391.78,484.19,15,50.63,46.9,0.2,0.0
CDR-D-2000284,2026-09-01 09:37:24,+25571854717,640029160639027,TZ-DAR-013,5G,tigo.internet,500.69,2163.8,2664.48,55,119.3,17.2,0.14,5861.86
CDR-D-2000285,2026-09-06 16:48:11,+25565571413,640027838460497,TZ-DAR-005,4G,tigo.corporate,112.29,467.29,579.57,20,30.87,49.3,0.1,1275.06
CDR-D-2000286,2026-09-05 07:56:01,+25567882193,640026129924345,TZ-ZNZ-003,4G,tigo.corporate,156.91,824.9,981.8,6,58.95,35.4,0.44,2159.96
CDR-D-2000287,2026-09-04 12:59:31,+25571116703,640022309263254,TZ-PEM-001,3G,tigo.internet,26.66,76.32,102.98,12,4.23,66.0,0.66,226.56
CDR-D-2000288,2026-09-04 04:30:05,+25565424500,640028663811838,TZ-KIL-002,3G,tigo.internet,14.2,52.77,66.97,64,5.98,106.5,0.78,147.34
CDR-D-2000289,2026-09-07 04:58:22,+25565315829,640022904308418,TZ-DAR-007,4G,tigo.internet,74.12,447.08,521.19,8,27.79,36.2,0.2,1146.63
CDR-D-2000290,2026-09-07 12:32:17,+25565821347,640024520856549,TZ-DAR-009,4G,tigo.pesa.app,24.21,118.18,142.39,73,30.79,38.5,0.22,0.0
CDR-D-2000291,2026-09-04 05:06:02,+25565781571,640022296502486,TZ-DAR-011,4G,tigo.internet,12.12,40.91,53.03,20,31.73,53.8,0.29,116.66
CDR-D-2000292,2026-09-07 15:55:50,+25577889245,640028714753670,TZ-SNG-001,3G,tigo.internet,15.71,45.13,60.83,66,5.07,84.4,1.27,133.83
CDR-D-2000293,2026-09-02 03:22:52,+25577500156,640025047709743,TZ-TAN-002,3G,tigo.internet,16.58,64.0,80.58,39,6.04,71.4,1.63,177.27
CDR-D-2000294,2026-09-01 21:57:27,+25577713513,640023080515301,TZ-DAR-009,4G,tigo.pesa.app,191.63,883.88,1075.51,19,47.98,32.3,0.38,0.0
CDR-D-2000295,2026-09-02 23:09:01,+25567739711,640023079537716,TZ-PEM-001,3G,tigo.internet,8.0,33.15,41.14,37,6.45,90.3,2.0,90.51
CDR-D-2000296,2026-09-01 04:47:48,+25577728896,640028268862104,TZ-MOR-001,4G,tigo.internet,169.09,900.82,1069.91,40,64.66,41.6,0.29,2353.8
CDR-D-2000297,2026-09-01 04:18:28,+25565499454,640027325684046,TZ-MWA-003,4G,tigo.internet,8.53,34.04,42.57,19,32.71,34.1,0.29,93.66
CDR-D-2000298,2026-09-04 00:05:06,+25571738720,640023727210979,TZ-DOM-002,5G,tigo.corporate,564.58,2477.46,3042.04,56,236.66,24.7,0.15,6692.49
CDR-D-2000299,2026-09-01 05:00:30,+25567679459,640022015168489,TZ-KIG-001,3G,tigo.corporate,12.02,54.63,66.65,45,6.16,103.8,1.0,146.62
CDR-D-2000300,2026-09-07 05:55:38,+25577780714,640022362721798,TZ-TAN-002,3G,tigo.pesa.app,6.5,30.7,37.2,52,5.83,67.8,2.43,0.0
CDR-D-2000301,2026-09-06 19:58:50,+25577813145,640027517011632,TZ-MWA-002,4G,tigo.pesa.app,205.73,792.58,998.31,82,37.78,32.6,0.2,0.0
CDR-D-2000302,2026-09-07 15:55:03,+25567349825,640028087762657,TZ-TAB-001,3G,tigo.internet,11.9,36.58,48.48,51,1.45,126.1,1.99,106.65
CDR-D-2000303,2026-09-06 21:48:58,+25567572684,640028778037043,TZ-DAR-013,5G,tigo.corporate,124.66,794.99,919.65,24,132.16,18.2,0.14,2023.23
CDR-D-2000304,2026-09-07 08:08:10,+25577375594,640029773224781,TZ-DAR-007,4G,tigo.mms,166.68,908.86,1075.54,5,28.05,27.8,0.21,2366.18
CDR-D-2000305,2026-09-04 20:11:33,+25577417508,640022299900457,TZ-DAR-013,5G,tigo.pesa.app,135.56,811.53,947.09,45,76.99,17.3,0.1,0.0
CDR-D-2000306,2026-09-06 03:02:51,+25571842470,640025113699666,TZ-DOM-003,4G,tigo.internet,129.81,766.96,896.77,53,53.36,47.9,0.4,1972.9
CDR-D-2000307,2026-09-03 01:42:33,+25571586501,640022824643661,TZ-DAR-003,5G,tigo.internet,348.8,1407.83,1756.62,7,164.51,22.5,0.09,3864.57
CDR-D-2000308,2026-09-02 20:08:51,+25571257334,640027615840708,TZ-DAR-009,4G,tigo.internet,182.51,765.29,947.8,3,56.26,25.0,0.29,2085.16
CDR-D-2000309,2026-09-03 07:26:56,+25577417508,640022299900457,TZ-DAR-013,5G,tigo.internet,401.98,2740.45,3142.43,64,125.45,22.0,0.09,6913.34
CDR-D-2000310,2026-09-02 04:19:02,+25577551758,640025049072489,TZ-DAR-015,3G,tigo.internet,5.42,20.46,25.88,12,3.5,122.7,1.81,56.93
CDR-D-2000311,2026-09-04 09:46:55,+25565244037,640025262101582,TZ-ZNZ-001,5G,tigo.internet,57.14,270.58,327.71,17,252.7,18.5,0.09,720.97
CDR-D-2000312,2026-09-05 23:39:59,+25577871523,640026281827528,TZ-MBY-001,4G,tigo.internet,126.73,464.7,591.43,85,52.43,29.4,0.15,1301.16
CDR-D-2000313,2026-09-07 07:43:05,+25571528644,640024801044279,TZ-PEM-001,3G,tigo.internet,9.38,26.98,36.36,81,1.73,82.1,2.39,79.99
CDR-D-2000314,2026-09-04 01:45:46,+25565779020,640022211370833,TZ-DAR-010,4G,tigo.internet,22.52,140.39,162.9,83,16.23,52.0,0.24,358.39
CDR-D-2000315,2026-09-02 04:21:52,+25577637966,640021269576948,TZ-TAN-001,4G,tigo.internet,203.0,777.16,980.16,30,46.63,49.6,0.34,2156.36
CDR-D-2000316,2026-09-05 05:52:42,+25565867324,640022860212181,TZ-SON-001,3G,tigo.internet,8.42,21.31,29.73,2,7.21,71.0,1.01,65.4
CDR-D-2000317,2026-09-07 00:47:31,+25577183641,640026640042225,TZ-DAR-008,4G,tigo.internet,8.84,40.24,49.08,7,19.5,30.2,0.34,107.97
CDR-D-2000318,2026-09-02 22:47:01,+25571476712,640029931278947,TZ-DAR-012,5G,tigo.mms,287.83,2096.15,2383.98,45,153.61,16.1,0.1,5244.76
CDR-D-2000319,2026-09-04 10:44:16,+25577310416,640027916193949,TZ-MBY-001,4G,tigo.internet,53.21,188.81,242.02,37,33.44,53.4,0.3,532.44
CDR-D-2000320,2026-09-05 08:21:00,+25577260101,640028518563937,TZ-DAR-010,4G,tigo.internet,152.76,613.39,766.15,33,34.48,41.6,0.44,1685.53
CDR-D-2000321,2026-09-03 13:01:36,+25565704875,640028646369354,TZ-KIL-002,3G,tigo.internet,2.86,13.55,16.41,7,2.34,65.1,0.77,36.1
CDR-D-2000322,2026-09-05 11:49:15,+25577138805,640025462987469,TZ-TAN-001,4G,tigo.pesa.app,51.4,257.35,308.75,35,57.21,29.8,0.29,0.0
CDR-D-2000323,2026-09-04 11:15:39,+25577223724,640026874264020,TZ-DAR-001,5G,tigo.internet,120.22,580.81,701.03,39,248.72,13.6,0.12,1542.26
CDR-D-2000324,2026-09-03 06:36:29,+25571325465,640022407863065,TZ-TAN-003,3G,tigo.corporate,3.68,10.66,14.33,89,5.9,79.9,2.13,31.54
CDR-D-2000325,2026-09-02 20:04:52,+25565863209,640029108060197,TZ-MWA-002,4G,tigo.internet,52.53,288.5,341.03,29,54.98,53.6,0.14,750.26
CDR-D-2000326,2026-09-05 17:20:12,+25571747561,640021973627242,TZ-PEM-001,3G,tigo.internet,3.58,12.4,15.98,6,4.14,85.3,2.8,35.16
CDR-D-2000327,2026-09-05 23:00:20,+25577107993,640026031017972,TZ-ZNZ-004,4G,tigo.pesa.app,105.57,576.67,682.24,54,63.45,38.8,0.13,0.0
CDR-D-2000328,2026-09-05 00:30:24,+25577899743,640022791532400,TZ-PEM-001,3G,tigo.internet,3.79,15.84,19.63,14,1.89,71.0,2.38,43.19
CDR-D-2000329,2026-09-04 19:41:30,+25577943721,640021882973081,TZ-DAR-004,5G,tigo.internet,574.7,2667.17,3241.87,5,241.69,24.5,0.02,7132.11
CDR-D-2000330,2026-09-03 11:57:08,+25571186558,640029375265373,TZ-DAR-007,4G,tigo.internet,158.38,717.38,875.76,71,37.33,47.6,0.4,1926.68
CDR-D-2000331,2026-09-05 11:17:16,+25571909652,640029125023089,TZ-TAR-001,3G,tigo.internet,17.72,84.27,101.99,10,6.82,104.1,1.31,224.38
CDR-D-2000332,2026-09-04 13:48:19,+25571811267,640024686932034,TZ-DAR-012,5G,tigo.internet,110.15,863.3,973.45,21,250.95,15.0,0.06,2141.6
CDR-D-2000333,2026-09-01 01:03:47,+25571155164,640021668210614,TZ-MWA-003,4G,tigo.internet,56.42,319.57,376.0,23,40.45,32.1,0.22,827.19
CDR-D-2000334,2026-09-02 21:14:06,+25565274185,640028875273236,TZ-NJO-001,3G,tigo.internet,4.95,22.65,27.6,55,5.15,121.1,0.78,60.71
CDR-D-2000335,2026-09-03 12:32:12,+25565318742,640026394175396,TZ-ZNZ-003,4G,tigo.internet,8.96,32.35,41.31,75,27.31,50.4,0.34,90.89
CDR-D-2000336,2026-09-02 01:24:11,+25577658580,640022872211645,TZ-TAB-001,3G,tigo.pesa.app,9.76,24.64,34.4,61,5.79,116.6,1.04,0.0
CDR-D-2000337,2026-09-04 11:04:30,+25577730255,640022008716202,TZ-DOM-002,5G,tigo.internet,52.14,412.16,464.3,14,232.19,23.9,0.04,1021.47
CDR-D-2000338,2026-09-07 22:19:34,+25565378196,640026717441860,TZ-KAH-001,4G,tigo.internet,141.94,473.62,615.55,10,38.06,42.3,0.08,1354.22
CDR-D-2000339,2026-09-03 05:20:54,+25565382154,640028093513594,TZ-MTW-001,4G,tigo.internet,200.57,851.59,1052.16,33,63.92,45.3,0.33,2314.75
CDR-D-2000340,2026-09-07 07:22:53,+25565269748,640026999053983,TZ-KIG-001,3G,tigo.internet,20.15,57.25,77.39,69,1.47,125.2,1.55,170.27
CDR-D-2000341,2026-09-03 15:07:40,+25567647860,640029115534388,TZ-ZNZ-001,5G,tigo.corporate,445.08,2894.87,3339.95,82,124.55,21.2,0.12,7347.88
CDR-D-2000342,2026-09-01 09:47:50,+25577557485,640028405290236,TZ-PWA-002,4G,tigo.internet,72.2,366.57,438.77,28,61.46,29.8,0.32,965.3
CDR-D-2000343,2026-09-02 14:19:08,+25571284267,640029055262383,TZ-TAN-001,4G,tigo.pesa.app,27.97,158.67,186.64,38,24.94,48.9,0.07,0.0
CDR-D-2000344,2026-09-05 01:25:33,+25571585289,640021233415299,TZ-SHI-001,3G,tigo.internet,29.25,82.31,111.55,9,5.66,68.3,1.93,245.42
CDR-D-2000345,2026-09-07 06:42:00,+25567861253,640026300607425,TZ-DAR-015,3G,tigo.pesa.app,3.76,16.17,19.93,84,4.53,70.7,2.37,0.0
CDR-D-2000346,2026-09-07 08:08:48,+25567293595,640026588216930,TZ-ZNZ-004,4G,tigo.internet,93.01,439.91,532.91,70,61.72,30.1,0.21,1172.41
CDR-D-2000347,2026-09-04 05:25:17,+25565674721,640024534096467,TZ-PWA-001,4G,tigo.internet,124.54,698.51,823.05,68,42.78,36.5,0.14,1810.7
CDR-D-2000348,2026-09-06 03:55:17,+25567951266,640022295067571,TZ-TAR-001,3G,tigo.internet,29.64,83.03,112.67,67,6.9,96.7,1.92,247.88
CDR-D-2000349,2026-09-01 22:00:23,+25571182300,640028144352013,TZ-ARU-001,5G,tigo.pesa.app,138.55,878.55,1017.1,29,105.73,20.3,0.1,0.0
CDR-D-2000350,2026-09-06 12:14:45,+25577878656,640027532959755,TZ-MOR-001,4G,tigo.corporate,36.3,127.74,164.04,70,56.86,50.9,0.35,360.89
CDR-D-2000351,2026-09-04 09:22:02,+25565406616,640027003585379,TZ-ZNZ-001,5G,tigo.internet,368.76,2005.03,2373.79,8,153.5,24.6,0.08,5222.34
CDR-D-2000352,2026-09-06 23:19:51,+25571268546,640023731069282,TZ-PWA-002,4G,tigo.internet,80.33,282.04,362.37,22,18.61,43.6,0.11,797.22
CDR-D-2000353,2026-09-02 06:01:32,+25577979727,640027736142481,TZ-DAR-002,4G,tigo.internet,153.44,787.21,940.64,47,54.62,38.8,0.44,2069.41
CDR-D-2000354,2026-09-04 06:38:43,+25571360400,640022291067101,TZ-TAR-001,3G,tigo.pesa.app,23.39,71.09,94.48,9,7.46,101.8,2.67,0.0
CDR-D-2000355,2026-09-01 10:07:16,+25571804758,640025870268582,TZ-KIL-002,3G,tigo.internet,13.57,39.22,52.79,11,5.79,122.9,2.5,116.14
CDR-D-2000356,2026-09-02 09:38:55,+25565543623,640029372856246,TZ-ZNZ-001,5G,tigo.internet,208.05,1626.3,1834.35,8,50.06,16.3,0.03,4035.57
CDR-D-2000357,2026-09-03 10:38:32,+25571817041,640024353660389,TZ-MTW-001,4G,tigo.internet,96.78,631.03,727.82,72,33.32,31.0,0.32,1601.2
CDR-D-2000358,2026-09-05 12:53:08,+25577990691,640029121545413,TZ-MOR-001,4G,tigo.corporate,122.65,672.48,795.13,23,61.9,27.5,0.28,1749.28
CDR-D-2000359,2026-09-01 12:18:45,+25577473395,640022197826153,TZ-DAR-009,4G,tigo.internet,88.38,389.1,477.48,65,43.89,29.2,0.07,1050.45
CDR-D-2000360,2026-09-03 20:18:10,+25571288056,640022721959126,TZ-DAR-013,5G,tigo.pesa.app,265.89,1756.0,2021.88,22,96.0,27.2,0.04,0.0
CDR-D-2000361,2026-09-07 21:38:10,+25577404704,640022838081369,TZ-NJO-001,3G,tigo.internet,12.92,32.38,45.3,22,5.25,94.3,2.25,99.67
CDR-D-2000362,2026-09-05 18:30:33,+25577265969,640027995138043,TZ-MWA-003,4G,tigo.internet,268.27,909.74,1178.02,50,45.52,46.9,0.15,2591.64
CDR-D-2000363,2026-09-07 16:46:26,+25567478662,640029391882993,TZ-DAR-002,4G,tigo.internet,73.22,327.58,400.8,69,40.29,33.3,0.06,881.76
CDR-D-2000364,2026-09-07 20:42:34,+25571897376,640022308423044,TZ-DAR-015,3G,tigo.internet,3.11,14.33,17.43,45,1.48,112.5,2.64,38.35
CDR-D-2000365,2026-09-07 18:20:38,+25565231945,640025047101003,TZ-MBY-001,4G,tigo.corporate,191.09,735.36,926.45,53,55.51,29.7,0.24,2038.19
CDR-D-2000366,2026-09-01 18:40:01,+25567591341,640024171685974,TZ-DAR-003,5G,tigo.pesa.app,388.02,2352.09,2740.11,2,108.96,12.0,0.08,0.0
CDR-D-2000367,2026-09-07 14:27:47,+25565641704,640028235474949,TZ-DAR-012,5G,tigo.pesa.app,288.48,2140.83,2429.31,55,172.79,21.4,0.03,0.0
CDR-D-2000368,2026-09-02 00:31:18,+25565802382,640029045090355,TZ-DAR-010,4G,tigo.internet,110.49,473.92,584.42,43,40.6,47.4,0.45,1285.71
CDR-D-2000369,2026-09-04 13:40:29,+25565216006,640027746298485,TZ-TAB-001,3G,tigo.internet,27.3,76.62,103.92,38,7.18,70.6,1.08,228.62
CDR-D-2000370,2026-09-07 12:14:34,+25571317264,640026166847778,TZ-KAH-001,4G,tigo.internet,43.89,149.23,193.12,45,28.58,30.2,0.17,424.87
CDR-D-2000371,2026-09-03 03:48:41,+25577624369,640021172893522,TZ-MAR-001,3G,tigo.internet,22.26,58.76,81.02,85,4.92,118.8,2.37,178.24
CDR-D-2000372,2026-09-04 03:52:34,+25565995940,640027594786332,TZ-MAR-001,3G,tigo.corporate,15.37,70.31,85.68,24,3.8,138.0,1.18,188.49
CDR-D-2000373,2026-09-03 03:47:50,+25567244935,640026351134654,TZ-DAR-015,3G,tigo.internet,17.15,60.62,77.77,50,6.98,93.1,1.48,171.09
CDR-D-2000374,2026-09-03 01:11:14,+25577522866,640024509431976,TZ-MWA-003,4G,tigo.internet,33.7,166.67,200.37,22,40.3,44.2,0.35,440.82
CDR-D-2000375,2026-09-03 19:25:02,+25571487470,640026486345845,TZ-TAN-003,3G,tigo.internet,7.67,25.21,32.88,40,2.57,66.0,1.23,72.33
CDR-D-2000376,2026-09-04 19:55:17,+25565267457,640028788828039,TZ-TAN-003,3G,tigo.internet,8.97,23.17,32.14,31,2.59,106.6,0.75,70.71
CDR-D-2000377,2026-09-05 06:55:27,+25571588002,640022317723211,TZ-SON-001,3G,tigo.pesa.app,11.16,47.2,58.35,41,1.31,132.9,1.73,0.0
CDR-D-2000378,2026-09-03 13:21:49,+25565976097,640021369702097,TZ-SNG-001,3G,tigo.internet,4.11,17.8,21.91,41,3.54,132.8,2.2,48.2
CDR-D-2000379,2026-09-01 23:55:58,+25577882351,640028152161448,TZ-DOM-001,5G,tigo.internet,126.84,617.8,744.65,50,209.08,26.3,0.05,1638.22
CDR-D-2000380,2026-09-04 17:13:04,+25571814263,640021131267917,TZ-DOM-002,5G,tigo.internet,525.6,2173.47,2699.07,13,179.6,15.7,0.05,5937.96
CDR-D-2000381,2026-09-06 04:49:31,+25571352468,640027700772345,TZ-ARU-001,5G,tigo.internet,101.3,437.25,538.54,77,250.54,24.3,0.05,1184.8
CDR-D-2000382,2026-09-01 06:11:45,+25567511704,640026520672499,TZ-DAR-014,3G,tigo.pesa.app,13.28,39.52,52.8,19,4.91,86.5,2.42,0.0
CDR-D-2000383,2026-09-05 02:17:43,+25565391636,640029760047394,TZ-ARU-002,4G,tigo.internet,7.88,44.45,52.34,7,50.82,31.8,0.32,115.14
CDR-D-2000384,2026-09-05 12:01:25,+25577426592,640021848411797,TZ-MBY-002,4G,tigo.pesa.app,18.52,101.0,119.52,71,21.55,47.1,0.12,0.0
CDR-D-2000385,2026-09-03 08:38:50,+25571408857,640023062994753,TZ-DAR-008,4G,tigo.pesa.app,127.0,717.75,844.75,41,45.79,27.6,0.26,0.0
CDR-D-2000386,2026-09-04 07:54:27,+25571116703,640022309263254,TZ-PEM-001,3G,tigo.internet,6.65,18.01,24.66,54,5.3,78.5,2.39,54.25
CDR-D-2000387,2026-09-07 07:26:09,+25565883061,640023882025167,TZ-DAR-005,4G,tigo.internet,152.66,524.33,676.99,64,33.77,50.5,0.14,1489.38
CDR-D-2000388,2026-09-03 15:47:29,+25567628597,640029080510951,TZ-MWA-003,4G,tigo.internet,160.89,683.44,844.33,88,48.75,34.8,0.11,1857.52
CDR-D-2000389,2026-09-06 04:35:29,+25567682051,640022912189154,TZ-KIG-001,3G,tigo.internet,18.46,51.44,69.9,58,7.13,82.0,0.53,153.78
CDR-D-2000390,2026-09-01 06:50:28,+25567518612,640023657059704,TZ-DAR-003,5G,tigo.internet,421.61,3016.07,3437.68,73,244.5,14.7,0.04,7562.9
CDR-D-2000391,2026-09-02 06:25:52,+25565663646,640029386407362,TZ-IRI-001,4G,tigo.internet,161.35,621.74,783.1,5,16.1,32.5,0.1,1722.81
CDR-D-2000392,2026-09-02 10:53:53,+25571157174,640027671625956,TZ-SHI-001,3G,tigo.pesa.app,7.45,32.8,40.25,29,4.51,139.1,2.77,0.0
CDR-D-2000393,2026-09-07 19:49:38,+25571900185,640025983503547,TZ-KIG-001,3G,tigo.pesa.app,6.58,23.35,29.92,82,3.83,102.3,0.57,0.0
CDR-D-2000394,2026-09-05 20:26:36,+25571932371,640026128488126,TZ-TAR-001,3G,tigo.internet,10.27,48.43,58.71,51,5.24,75.6,1.61,129.15
CDR-D-2000395,2026-09-01 10:14:00,+25565211957,640021564985269,TZ-TAB-001,3G,tigo.internet,23.75,73.29,97.04,44,5.39,138.2,0.68,213.49
CDR-D-2000396,2026-09-07 05:05:26,+25577284076,640025566932954,TZ-IRI-001,4G,tigo.internet,114.45,498.68,613.13,85,48.52,30.9,0.35,1348.89
CDR-D-2000397,2026-09-05 16:33:17,+25565789504,640021542747974,TZ-ZNZ-001,5G,tigo.internet,282.36,1655.54,1937.9,38,46.13,17.6,0.01,4263.37
CDR-D-2000398,2026-09-05 12:44:48,+25571941945,640028626138802,TZ-MOR-001,4G,tigo.internet,110.57,649.18,759.75,44,61.51,51.9,0.29,1671.45
CDR-D-2000399,2026-09-04 08:04:15,+25577856287,640029797511791,TZ-DAR-009,4G,tigo.internet,158.54,547.99,706.53,84,54.89,34.9,0.44,1554.37
CDR-D-2000400,2026-09-01 11:12:05,+25577261528,640027074041090,TZ-BUK-001,3G,tigo.internet,15.91,41.96,57.87,50,5.0,114.3,1.34,127.32
CDR-D-2000401,2026-09-02 12:32:47,+25565229144,640025455441991,TZ-DAR-007,4G,tigo.mms,84.83,291.5,376.33,32,22.12,40.9,0.12,827.92
CDR-D-2000402,2026-09-06 21:12:01,+25571976579,640023850066815,TZ-MOR-001,4G,tigo.internet,121.53,428.76,550.29,57,45.86,46.2,0.09,1210.64
CDR-D-2000403,2026-09-06 08:16:15,+25571124125,640024482166571,TZ-PWA-001,4G,tigo.mms,85.03,470.01,555.03,7,22.22,52.1,0.22,1221.07
CDR-D-2000404,2026-09-05 11:37:07,+25577468611,640029432088993,TZ-TAB-001,3G,tigo.internet,3.11,11.94,15.06,51,2.42,77.6,1.85,33.12
CDR-D-2000405,2026-09-01 15:34:12,+25567175576,640024187043237,TZ-DOM-003,4G,tigo.internet,230.15,777.94,1008.1,47,22.22,36.0,0.31,2217.81
CDR-D-2000406,2026-09-02 05:18:13,+25577251239,640027815565318,TZ-DAR-005,4G,tigo.internet,163.92,560.03,723.95,73,14.87,42.1,0.1,1592.7
CDR-D-2000407,2026-09-06 12:00:39,+25577979727,640027736142481,TZ-DAR-002,4G,tigo.internet,8.84,36.38,45.22,28,33.27,32.9,0.09,99.49
CDR-D-2000408,2026-09-04 10:14:44,+25571401601,640027873709012,TZ-DAR-007,4G,tigo.internet,88.18,379.06,467.25,65,61.68,26.0,0.34,1027.94
CDR-D-2000409,2026-09-01 22:01:29,+25567213132,640025376908082,TZ-BUK-001,3G,tigo.corporate,2.04,6.94,8.99,81,1.53,73.7,0.86,19.77
CDR-D-2000410,2026-09-04 12:56:24,+25565197328,640023730248478,TZ-ZNZ-002,4G,tigo.pesa.app,121.81,445.21,567.02,21,60.85,30.2,0.43,0.0
CDR-D-2000411,2026-09-04 07:24:26,+25577744793,640021067198189,TZ-DAR-004,5G,tigo.internet,540.35,2782.57,3322.92,59,135.06,14.7,0.13,7310.41
CDR-D-2000412,2026-09-01 09:55:50,+25565151295,640021793881710,TZ-KAH-001,4G,tigo.corporate,91.89,539.26,631.15,58,33.0,38.5,0.18,1388.53
CDR-D-2000413,2026-09-04 20:36:33,+25577833222,640025627846358,TZ-MWA-003,4G,tigo.mms,116.96,396.11,513.07,27,36.11,34.3,0.13,1128.76
CDR-D-2000414,2026-09-07 06:19:42,+25571529350,640026468905805,TZ-DAR-012,5G,tigo.internet,255.7,1409.48,1665.18,62,122.37,24.6,0.14,3663.39
CDR-D-2000415,2026-09-02 19:11:13,+25577969793,640024572255055,TZ-SON-001,3G,tigo.mms,31.65,80.62,112.27,23,5.07,122.0,2.32,246.99
CDR-D-2000416,2026-09-03 16:33:30,+25567395442,640023597724331,TZ-DAR-004,5G,tigo.internet,431.26,1990.11,2421.37,41,99.61,12.9,0.12,5327.02
CDR-D-2000417,2026-09-06 04:46:14,+25567418801,640026649334064,TZ-MWA-002,4G,tigo.corporate,170.73,617.25,787.98,43,35.74,47.8,0.23,1733.55
CDR-D-2000418,2026-09-01 03:28:56,+25567298202,640029613425697,TZ-SON-001,3G,tigo.internet,12.5,54.18,66.68,11,4.78,80.3,1.91,146.7
CDR-D-2000419,2026-09-07 04:54:05,+25571759675,640021413202112,TZ-DOM-001,5G,tigo.pesa.app,512.27,2761.88,3274.14,65,166.29,27.7,0.13,0.0
CDR-D-2000420,2026-09-06 21:47:13,+25565244933,640028169652310,TZ-MOR-001,4G,tigo.corporate,93.65,356.82,450.48,59,45.14,28.3,0.12,991.05
CDR-D-2000421,2026-09-01 21:55:59,+25567146228,640025310195918,TZ-DOM-002,5G,tigo.internet,395.8,3070.3,3466.1,65,238.19,26.2,0.13,7625.41
CDR-D-2000422,2026-09-06 23:10:23,+25577619647,640024259973452,TZ-KIL-003,3G,tigo.pesa.app,14.62,67.63,82.24,54,3.91,89.4,0.62,0.0
CDR-D-2000423,2026-09-03 00:11:21,+25567275133,640025491326131,TZ-DAR-009,4G,tigo.mms,86.69,452.22,538.91,47,46.87,44.0,0.37,1185.6
CDR-D-2000424,2026-09-04 07:25:06,+25571911192,640029667651430,TZ-MWA-002,4G,tigo.pesa.app,129.07,802.03,931.1,50,56.18,52.5,0.19,0.0
CDR-D-2000425,2026-09-06 08:38:13,+25571179802,640022789949373,TZ-DOM-001,5G,tigo.corporate,229.79,1025.24,1255.02,40,152.24,14.2,0.04,2761.05
CDR-D-2000426,2026-09-03 08:16:33,+25577194604,640028544069858,TZ-ARU-002,4G,tigo.corporate,131.9,857.71,989.61,31,48.47,48.8,0.24,2177.14
CDR-D-2000427,2026-09-05 11:09:26,+25571575606,640025557342313,TZ-DAR-001,5G,tigo.pesa.app,285.33,1470.92,1756.25,33,80.94,16.6,0.09,0.0
CDR-D-2000428,2026-09-05 15:04:15,+25577752944,640026784307829,TZ-DAR-015,3G,tigo.corporate,28.01,77.57,105.58,30,2.39,110.9,2.05,232.27
CDR-D-2000429,2026-09-05 04:42:38,+25571447688,640023020792127,TZ-DAR-011,4G,tigo.internet,61.2,368.08,429.28,48,25.89,43.3,0.4,944.42
CDR-D-2000430,2026-09-01 05:38:38,+25577941235,640022881894932,TZ-ZNZ-002,4G,tigo.internet,72.49,261.86,334.35,32,42.96,36.6,0.27,735.58
CDR-D-2000431,2026-09-07 17:23:05,+25565624203,640029982501269,TZ-MOR-001,4G,tigo.internet,174.76,610.22,784.98,88,21.85,46.5,0.27,1726.96
CDR-D-2000432,2026-09-01 04:29:54,+25577889056,640026411656874,TZ-TAN-001,4G,tigo.internet,75.32,421.01,496.33,40,41.91,41.3,0.35,1091.93
CDR-D-2000433,2026-09-04 02:37:43,+25577633188,640022554039848,TZ-DAR-013,5G,tigo.internet,110.87,734.1,844.96,17,274.1,21.3,0.08,1858.92
CDR-D-2000434,2026-09-02 00:05:02,+25571214677,640026002632810,TZ-MBY-002,4G,tigo.internet,234.76,794.01,1028.77,90,51.51,29.3,0.07,2263.28
CDR-D-2000435,2026-09-01 18:01:47,+25567128996,640021740422125,TZ-DAR-010,4G,tigo.internet,206.86,698.09,904.95,62,42.12,38.8,0.12,1990.89
CDR-D-2000436,2026-09-04 06:22:41,+25571151413,640025762636174,TZ-MOR-001,4G,tigo.corporate,71.89,456.05,527.94,60,53.57,31.2,0.28,1161.47
CDR-D-2000437,2026-09-02 21:31:47,+25565274185,640028875273236,TZ-NJO-001,3G,tigo.corporate,13.96,48.71,62.67,36,1.5,98.0,1.47,137.86
CDR-D-2000438,2026-09-04 03:40:16,+25565787277,640027439149233,TZ-ZNZ-003,4G,tigo.internet,254.77,886.0,1140.76,21,25.38,44.0,0.06,2509.68
CDR-D-2000439,2026-09-05 05:56:16,+25571457137,640027853087029,TZ-DOM-002,5G,tigo.internet,73.27,444.93,518.21,43,126.11,15.6,0.09,1140.06
CDR-D-2000440,2026-09-07 09:30:19,+25567275073,640022597167064,TZ-TAN-001,4G,tigo.pesa.app,114.26,608.16,722.42,73,37.26,50.0,0.24,0.0
CDR-D-2000441,2026-09-01 02:57:35,+25567620566,640024799177162,TZ-ZNZ-003,4G,tigo.internet,173.21,784.99,958.2,60,24.84,30.2,0.26,2108.03
CDR-D-2000442,2026-09-04 10:13:10,+25577839485,640026932342612,TZ-DAR-007,4G,tigo.corporate,5.81,34.86,40.66,8,36.45,27.7,0.32,89.46
CDR-D-2000443,2026-09-04 03:58:42,+25567128996,640021740422125,TZ-DAR-010,4G,tigo.corporate,84.15,471.43,555.57,6,43.46,29.1,0.18,1222.26
CDR-D-2000444,2026-09-07 13:10:31,+25567286410,640023156207443,TZ-ARU-002,4G,tigo.internet,98.42,510.31,608.73,51,29.7,43.9,0.43,1339.22
CDR-D-2000445,2026-09-06 08:22:23,+25565244818,640025875872347,TZ-ZNZ-002,4G,tigo.internet,35.38,208.45,243.84,28,62.08,50.0,0.29,536.44
CDR-D-2000446,2026-09-01 05:39:34,+25571724719,640025774643348,TZ-ZNZ-002,4G,tigo.internet,131.29,703.7,834.99,49,28.55,33.3,0.27,1836.97
CDR-D-2000447,2026-09-06 14:45:01,+25571996151,640025119829469,TZ-TAB-001,3G,tigo.internet,16.89,57.34,74.23,89,2.0,78.4,2.02,163.31
CDR-D-2000448,2026-09-06 02:23:32,+25571711868,640023063511828,TZ-DAR-002,4G,tigo.internet,163.76,921.06,1084.83,14,37.3,26.9,0.24,2386.62
CDR-D-2000449,2026-09-05 11:29:47,+25565950083,640028254773516,TZ-DAR-004,5G,tigo.internet,343.35,2559.55,2902.9,24,202.68,26.1,0.12,6386.38
CDR-D-2000450,2026-09-05 14:43:42,+25571155032,640023994828174,TZ-DAR-009,4G,tigo.corporate,136.58,824.07,960.64,52,51.35,28.9,0.26,2113.42
CDR-D-2000451,2026-09-06 10:01:04,+25577403578,640025789633176,TZ-KIL-001,4G,tigo.internet,171.03,649.4,820.43,54,44.23,35.0,0.4,1804.96
CDR-D-2000452,2026-09-06 11:49:03,+25571917326,640025592466298,TZ-DAR-015,3G,tigo.corporate,15.42,51.68,67.11,60,3.14,102.6,1.23,147.64
CDR-D-2000453,2026-09-03 00:48:55,+25567916808,640029056616444,TZ-DAR-004,5G,tigo.internet,345.34,2122.81,2468.15,58,180.59,16.7,0.1,5429.93
CDR-D-2000454,2026-09-07 20:24:47,+25565516869,640023194318630,TZ-TAR-001,3G,tigo.mms,30.63,77.84,108.46,58,2.85,138.9,2.11,238.62
CDR-D-2000455,2026-09-07 16:14:02,+25571641386,640024218845963,TZ-DAR-003,5G,tigo.internet,111.34,450.77,562.11,46,206.86,22.9,0.11,1236.64
CDR-D-2000456,2026-09-05 08:33:59,+25571186558,640029375265373,TZ-DAR-007,4G,tigo.internet,157.79,916.86,1074.65,57,48.25,35.6,0.38,2364.22
CDR-D-2000457,2026-09-06 06:22:27,+25577728896,640028268862104,TZ-MOR-001,4G,tigo.internet,45.69,224.03,269.72,38,21.25,25.5,0.3,593.38
CDR-D-2000458,2026-09-04 20:30:15,+25567623956,640025277072865,TZ-DAR-014,3G,tigo.internet,6.22,20.42,26.64,30,6.16,71.3,0.66,58.61
CDR-D-2000459,2026-09-03 13:38:05,+25567498930,640027286334202,TZ-ZNZ-001,5G,tigo.internet,390.83,2501.91,2892.74,35,48.92,24.1,0.13,6364.03
CDR-D-2000460,2026-09-06 15:12:00,+25565995940,640027594786332,TZ-MAR-001,3G,tigo.internet,4.41,16.91,21.32,43,7.47,82.9,0.56,46.89
CDR-D-2000461,2026-09-03 13:42:47,+25567830706,640026906189747,TZ-ARU-002,4G,tigo.mms,119.05,403.02,522.06,25,58.04,29.4,0.27,1148.54
CDR-D-2000462,2026-09-07 01:29:00,+25577219879,640026490579087,TZ-DOM-003,4G,tigo.pesa.app,98.22,642.77,740.99,8,41.19,36.5,0.32,0.0
CDR-D-2000463,2026-09-01 21:50:59,+25567613317,640021687842448,TZ-ZNZ-001,5G,tigo.corporate,160.04,1078.89,1238.93,85,47.88,14.3,0.15,2725.64
CDR-D-2000464,2026-09-05 10:10:07,+25577958160,640027539441086,TZ-ZNZ-001,5G,tigo.internet,432.71,2000.28,2433.0,47,110.16,17.2,0.06,5352.6
CDR-D-2000465,2026-09-02 13:26:10,+25577557485,640028405290236,TZ-PWA-002,4G,tigo.internet,6.61,41.39,48.0,59,19.77,53.8,0.42,105.61
CDR-D-2000466,2026-09-02 20:13:56,+25571528379,640028354809424,TZ-ZNZ-004,4G,tigo.internet,168.25,743.46,911.7,77,51.58,54.4,0.15,2005.74
CDR-D-2000467,2026-09-01 12:56:16,+25577808534,640027623993181,TZ-ARU-003,4G,tigo.internet,55.15,282.41,337.56,39,52.3,30.9,0.1,742.63
CDR-D-2000468,2026-09-05 12:37:47,+25567830706,640026906189747,TZ-ARU-002,4G,tigo.pesa.app,82.44,425.51,507.95,65,31.54,41.8,0.32,0.0
CDR-D-2000469,2026-09-03 14:55:16,+25565764100,640022300656317,TZ-TAB-001,3G,tigo.internet,11.04,36.96,48.0,59,5.26,80.3,2.05,105.6
CDR-D-2000470,2026-09-01 11:36:02,+25567752788,640024930488077,TZ-DOM-003,4G,tigo.internet,99.27,379.69,478.95,64,53.97,44.0,0.2,1053.69
CDR-D-2000471,2026-09-04 14:30:09,+25565404283,640024441494580,TZ-DAR-003,5G,tigo.internet,319.8,1406.66,1726.46,24,189.73,20.4,0.06,3798.22
CDR-D-2000472,2026-09-05 06:00:57,+25567636538,640026676402384,TZ-DAR-003,5G,tigo.internet,229.99,1296.38,1526.37,4,197.3,21.3,0.02,3358.02
CDR-D-2000473,2026-09-05 03:12:45,+25567139186,640027770086931,TZ-MWA-002,4G,tigo.internet,141.94,547.21,689.15,76,39.15,51.3,0.05,1516.14
CDR-D-2000474,2026-09-06 20:06:00,+25577990691,640029121545413,TZ-MOR-001,4G,tigo.internet,74.1,287.81,361.91,2,45.5,51.5,0.3,796.2
CDR-D-2000475,2026-09-04 21:25:52,+25571749838,640028975021081,TZ-TAR-001,3G,tigo.corporate,12.7,44.34,57.03,70,6.1,73.9,2.65,125.47
CDR-D-2000476,2026-09-02 00:49:54,+25577616428,640024470249239,TZ-MBY-002,4G,tigo.internet,125.49,739.05,864.54,41,33.83,51.0,0.15,1901.98
CDR-D-2000477,2026-09-07 19:14:35,+25567786128,640027803987709,TZ-ARU-002,4G,tigo.pesa.app,246.8,941.12,1187.92,42,26.76,26.1,0.38,0.0
CDR-D-2000478,2026-09-03 18:33:03,+25565465883,640026821113146,TZ-DOM-002,5G,tigo.internet,118.23,720.05,838.28,59,197.03,27.8,0.12,1844.22
CDR-D-2000479,2026-09-04 16:48:38,+25571163098,640027365941525,TZ-KAH-001,4G,tigo.internet,131.07,470.41,601.48,79,57.51,47.5,0.08,1323.26
CDR-D-2000480,2026-09-01 23:46:45,+25577219879,640026490579087,TZ-DOM-003,4G,tigo.pesa.app,107.06,455.46,562.52,55,41.46,44.6,0.44,0.0
CDR-D-2000481,2026-09-02 13:30:22,+25567398767,640022580408536,TZ-DOM-002,5G,tigo.internet,143.13,617.38,760.51,71,190.99,24.9,0.02,1673.12
CDR-D-2000482,2026-09-04 21:47:03,+25577332142,640027833655625,TZ-TAR-001,3G,tigo.internet,15.45,39.92,55.37,70,5.43,131.8,1.66,121.81
CDR-D-2000483,2026-09-04 04:38:38,+25565984199,640024075565814,TZ-TAN-002,3G,tigo.internet,10.68,31.4,42.08,14,5.64,128.7,1.38,92.58
CDR-D-2000484,2026-09-05 04:18:13,+25567584867,640026350622684,TZ-DAR-003,5G,tigo.internet,133.81,1057.73,1191.54,77,212.76,12.5,0.04,2621.38
CDR-D-2000485,2026-09-06 15:31:28,+25565160101,640025529503814,TZ-DAR-013,5G,tigo.pesa.app,391.66,1912.43,2304.09,58,249.67,15.6,0.09,0.0
CDR-D-2000486,2026-09-06 12:32:14,+25571139673,640028149427618,TZ-PEM-001,3G,tigo.pesa.app,5.48,20.16,25.64,77,2.29,112.8,0.74,0.0
CDR-D-2000487,2026-09-01 18:05:40,+25565143884,640024099552003,TZ-PWA-001,4G,tigo.internet,116.74,644.6,761.35,47,37.91,46.0,0.34,1674.96
CDR-D-2000488,2026-09-06 23:56:37,+25567892182,640024519858899,TZ-ZNZ-004,4G,tigo.internet,132.92,481.08,613.99,24,53.85,26.9,0.42,1350.79
CDR-D-2000489,2026-09-04 15:32:46,+25571314915,640027301072967,TZ-DAR-014,3G,tigo.internet,11.18,41.45,52.63,86,2.32,107.5,2.37,115.78
CDR-D-2000490,2026-09-05 10:40:10,+25571509420,640029045897249,TZ-MOR-001,4G,tigo.internet,31.72,187.61,219.33,3,52.71,28.3,0.18,482.52
CDR-D-2000491,2026-09-01 07:04:26,+25565794595,640022824782506,TZ-DAR-009,4G,tigo.internet,31.43,137.54,168.96,54,62.54,39.3,0.27,371.72
CDR-D-2000492,2026-09-04 03:37:58,+25567112266,640022757235114,TZ-PWA-001,4G,tigo.internet,218.64,816.99,1035.63,70,60.12,44.7,0.08,2278.39
CDR-D-2000493,2026-09-07 23:16:23,+25577544280,640024421221951,TZ-KIG-001,3G,tigo.pesa.app,22.28,84.1,106.38,81,5.93,71.8,1.54,0.0
CDR-D-2000494,2026-09-03 15:32:44,+25567429196,640028173711511,TZ-PWA-002,4G,tigo.internet,123.95,570.26,694.21,88,59.83,31.6,0.34,1527.26
CDR-D-2000495,2026-09-05 15:10:32,+25567469833,640023374662487,TZ-DOM-001,5G,tigo.internet,302.8,1686.1,1988.9,83,134.87,24.3,0.1,4375.58
CDR-D-2000496,2026-09-01 15:05:46,+25565619333,640021066970190,TZ-KIG-001,3G,tigo.internet,11.78,39.67,51.45,44,2.87,124.2,2.65,113.19
CDR-D-2000497,2026-09-04 02:49:36,+25577383023,640024000742597,TZ-SNG-001,3G,tigo.internet,28.82,81.46,110.27,31,2.55,110.9,1.13,242.6
CDR-D-2000498,2026-09-04 15:23:25,+25571575606,640025557342313,TZ-DAR-001,5G,tigo.internet,661.01,2720.7,3381.71,20,253.46,19.6,0.06,7439.77
CDR-D-2000499,2026-09-06 16:58:31,+25565285973,640023424849408,TZ-TAB-001,3G,tigo.internet,7.33,20.12,27.45,62,2.86,91.7,1.2,60.39
CDR-D-2000500,2026-09-04 02:51:47,+25567623956,640025277072865,TZ-DAR-014,3G,tigo.internet,4.04,12.3,16.33,79,1.97,72.2,1.21,35.94
CDR-D-2000501,2026-09-02 11:44:14,+25577492292,640026974875750,TZ-DAR-006,4G,tigo.corporate,15.84,82.33,98.17,65,21.64,33.8,0.3,215.97
CDR-D-2000502,2026-09-02 02:30:52,+25565562104,640028812525969,TZ-DAR-008,4G,tigo.internet,35.42,217.98,253.4,30,44.18,48.8,0.06,557.48
CDR-D-2000503,2026-09-04 17:19:18,+25565465883,640026821113146,TZ-DOM-002,5G,tigo.pesa.app,102.16,511.63,613.79,11,149.89,24.6,0.01,0.0
CDR-D-2000504,2026-09-05 04:31:54,+25567268252,640023063088799,TZ-DOM-002,5G,tigo.internet,43.28,275.34,318.62,54,256.46,12.9,0.1,700.96
CDR-D-2000505,2026-09-05 23:49:22,+25577747736,640027239587766,TZ-DAR-012,5G,tigo.internet,405.11,2953.39,3358.5,67,217.79,15.7,0.12,7388.71
CDR-D-2000506,2026-09-03 15:03:20,+25565545807,640024227004325,TZ-DAR-008,4G,tigo.internet,185.88,698.81,884.68,43,20.87,50.2,0.35,1946.3
CDR-D-2000507,2026-09-02 15:51:46,+25577649435,640021357561213,TZ-DAR-015,3G,tigo.internet,10.85,34.72,45.57,7,1.44,67.1,1.94,100.25
CDR-D-2000508,2026-09-01 23:35:56,+25567774206,640024837200484,TZ-TAN-003,3G,tigo.internet,19.52,79.62,99.14,89,6.04,129.3,0.99,218.1
CDR-D-2000509,2026-09-01 05:12:30,+25577479021,640024241716107,TZ-SON-001,3G,tigo.internet,9.91,28.32,38.23,16,5.16,135.1,1.6,84.12
CDR-D-2000510,2026-09-02 08:44:34,+25565164387,640024580671460,TZ-TAN-002,3G,tigo.internet,21.26,83.57,104.83,81,5.01,65.5,0.74,230.64
CDR-D-2000511,2026-09-02 08:04:00,+25571290580,640021175617484,TZ-DAR-007,4G,tigo.internet,119.83,617.77,737.59,58,46.21,25.2,0.33,1622.71
CDR-D-2000512,2026-09-01 18:42:55,+25567983788,640024731897202,TZ-TAB-001,3G,tigo.internet,18.68,67.7,86.38,67,1.51,93.0,1.51,190.03
CDR-D-2000513,2026-09-06 20:24:08,+25577355570,640025916199809,TZ-PEM-001,3G,tigo.internet,7.01,24.59,31.6,9,5.35,69.0,1.59,69.52
CDR-D-2000514,2026-09-03 20:24:17,+25565648501,640027132061410,TZ-MWA-001,5G,tigo.pesa.app,230.27,1656.57,1886.84,69,262.13,24.3,0.07,0.0
CDR-D-2000515,2026-09-06 20:35:13,+25577509992,640023540114135,TZ-KIL-003,3G,tigo.pesa.app,8.57,23.78,32.35,50,3.59,104.9,2.48,0.0
CDR-D-2000516,2026-09-04 06:39:07,+25565792282,640023238756255,TZ-DAR-012,5G,tigo.internet,501.22,3172.06,3673.28,85,153.02,14.6,0.02,8081.23
CDR-D-2000517,2026-09-04 21:58:19,+25571612088,640025405679981,TZ-GEI-001,4G,tigo.internet,27.31,142.05,169.36,38,48.02,46.7,0.25,372.59
CDR-D-2000518,2026-09-06 13:55:49,+25577286540,640026769647208,TZ-DAR-015,3G,tigo.pesa.app,7.69,27.3,34.99,50,4.67,94.7,2.65,0.0
CDR-D-2000519,2026-09-07 09:05:52,+25567500567,640022104570218,TZ-DAR-006,4G,tigo.pesa.app,87.82,425.12,512.95,35,30.07,32.5,0.26,0.0
CDR-D-2000520,2026-09-02 16:37:39,+25565752483,640023294043548,TZ-GEI-001,4G,tigo.internet,258.6,882.53,1141.13,37,15.19,53.1,0.39,2510.48
CDR-D-2000521,2026-09-05 22:36:49,+25565875089,640025595336790,TZ-MWA-002,4G,tigo.internet,15.67,64.47,80.14,53,39.63,31.0,0.11,176.32
CDR-D-2000522,2026-09-04 15:17:40,+25567390870,640027967780181,TZ-GEI-001,4G,tigo.internet,38.61,206.11,244.73,89,18.21,29.2,0.16,538.4
CDR-D-2000523,2026-09-02 11:48:58,+25565252438,640025348303725,TZ-DOM-003,4G,tigo.internet,70.71,330.22,400.94,48,15.93,32.5,0.35,882.06
CDR-D-2000524,2026-09-02 19:30:10,+25577521195,640028524625316,TZ-MBY-001,4G,tigo.internet,8.74,56.95,65.69,80,32.63,51.3,0.32,144.51
CDR-D-2000525,2026-09-06 04:20:34,+25565786393,640028178927766,TZ-PEM-001,3G,tigo.internet,15.05,71.92,86.97,34,6.17,92.6,0.66,191.34
CDR-D-2000526,2026-09-03 01:38:06,+25565859767,640025451959254,TZ-TAB-001,3G,tigo.internet,4.64,15.24,19.88,71,5.97,133.8,1.96,43.75
CDR-D-2000527,2026-09-03 08:24:56,+25565169223,640027974637746,TZ-DAR-007,4G,tigo.internet,126.13,574.25,700.38,56,35.19,47.4,0.24,1540.84
CDR-D-2000528,2026-09-03 18:24:17,+25565144832,640024198865421,TZ-DAR-008,4G,tigo.corporate,21.6,93.78,115.38,7,53.01,32.5,0.26,253.83
CDR-D-2000529,2026-09-04 06:30:57,+25565592584,640024193557045,TZ-DAR-001,5G,tigo.internet,254.97,1131.05,1386.02,65,92.79,17.6,0.07,3049.24
CDR-D-2000530,2026-09-03 01:38:45,+25565827981,640024431481733,TZ-SON-001,3G,tigo.internet,23.35,75.76,99.11,80,3.58,121.4,1.63,218.04
CDR-D-2000531,2026-09-03 06:51:18,+25577841119,640022966178433,TZ-ZNZ-001,5G,tigo.internet,303.68,1512.46,1816.14,22,177.36,24.8,0.09,3995.51
CDR-D-2000532,2026-09-05 07:15:43,+25571911192,640029667651430,TZ-MWA-002,4G,tigo.internet,57.47,274.43,331.91,75,56.43,48.4,0.42,730.19
CDR-D-2000533,2026-09-01 09:24:54,+25577293929,640023720442203,TZ-SON-001,3G,tigo.pesa.app,15.2,62.29,77.49,60,1.63,66.9,1.43,0.0
CDR-D-2000534,2026-09-01 16:08:00,+25565799486,640023189865928,TZ-MBY-002,4G,tigo.internet,44.61,258.11,302.72,18,55.82,38.9,0.27,665.98
CDR-D-2000535,2026-09-01 03:29:12,+25565143884,640024099552003,TZ-PWA-001,4G,tigo.internet,45.01,195.73,240.75,89,24.54,28.1,0.26,529.64
CDR-D-2000536,2026-09-05 01:17:25,+25577676429,640023193894984,TZ-DAR-003,5G,tigo.internet,63.27,297.43,360.7,76,192.62,27.6,0.04,793.53
CDR-D-2000537,2026-09-06 13:25:19,+25567784733,640028063693463,TZ-DAR-011,4G,tigo.corporate,136.1,781.2,917.3,37,59.29,35.4,0.1,2018.07
CDR-D-2000538,2026-09-02 18:37:21,+25571612088,640025405679981,TZ-GEI-001,4G,tigo.internet,16.31,71.94,88.25,53,20.92,28.2,0.32,194.15
CDR-D-2000539,2026-09-01 07:20:18,+25565739760,640023845805571,TZ-TAN-001,4G,tigo.internet,191.34,700.82,892.16,28,50.22,26.4,0.32,1962.75
CDR-D-2000540,2026-09-07 18:25:16,+25567474894,640029136934170,TZ-KIL-003,3G,tigo.internet,8.52,22.55,31.07,67,3.12,101.9,2.36,68.36
CDR-D-2000541,2026-09-04 06:44:30,+25565364178,640025119022697,TZ-ARU-002,4G,tigo.internet,30.86,145.09,175.95,68,25.56,34.2,0.22,387.1
CDR-D-2000542,2026-09-07 02:19:27,+25565315621,640028606317217,TZ-DAR-011,4G,tigo.internet,112.54,387.13,499.67,72,40.13,45.8,0.15,1099.28
CDR-D-2000543,2026-09-06 08:19:46,+25565278887,640021635149757,TZ-DAR-003,5G,tigo.internet,207.45,1532.08,1739.53,65,177.64,21.3,0.04,3826.96
CDR-D-2000544,2026-09-06 00:34:43,+25577907814,640025517226989,TZ-GEI-001,4G,tigo.internet,199.69,692.91,892.6,24,42.21,50.1,0.39,1963.72
CDR-D-2000545,2026-09-04 10:59:00,+25565437287,640021553040088,TZ-ARU-003,4G,tigo.pesa.app,206.34,748.67,955.01,86,59.91,34.6,0.42,0.0
CDR-D-2000546,2026-09-03 02:35:05,+25577404704,640022838081369,TZ-NJO-001,3G,tigo.internet,4.99,23.28,28.27,65,2.36,116.2,0.95,62.2
CDR-D-2000547,2026-09-02 20:17:22,+25577230208,640029129026739,TZ-ZNZ-004,4G,tigo.internet,60.32,284.14,344.46,56,17.16,45.6,0.38,757.82
CDR-D-2000548,2026-09-02 12:14:14,+25577308865,640022141178010,TZ-DAR-008,4G,tigo.internet,86.9,397.37,484.27,19,39.46,29.4,0.13,1065.4
CDR-D-2000549,2026-09-01 05:48:19,+25571189814,640028438486479,TZ-DOM-002,5G,tigo.internet,380.62,1654.71,2035.32,17,240.06,20.1,0.03,4477.71
CDR-D-2000550,2026-09-02 14:43:27,+25565568436,640028532327465,TZ-SON-001,3G,tigo.internet,19.52,74.03,93.55,58,5.12,103.5,1.21,205.81
CDR-D-2000551,2026-09-02 07:07:08,+25565583694,640021666660868,TZ-DAR-009,4G,tigo.internet,164.44,758.14,922.58,26,33.83,50.3,0.29,2029.68
CDR-D-2000552,2026-09-06 14:12:06,+25565592584,640024193557045,TZ-DAR-001,5G,tigo.internet,127.28,944.31,1071.59,15,85.76,24.7,0.08,2357.5
CDR-D-2000553,2026-09-07 03:02:45,+25571154398,640021869986241,TZ-DAR-004,5G,tigo.internet,498.95,2030.98,2529.93,84,131.17,24.0,0.02,5565.84
CDR-D-2000554,2026-09-02 11:04:38,+25571988324,640025756663747,TZ-DOM-003,4G,tigo.internet,142.23,809.7,951.93,50,14.62,49.9,0.23,2094.26
CDR-D-2000555,2026-09-07 04:18:02,+25565883061,640023882025167,TZ-DAR-005,4G,tigo.internet,115.54,398.97,514.51,60,53.39,39.3,0.3,1131.92
CDR-D-2000556,2026-09-07 03:28:50,+25577432061,640022549195708,TZ-DAR-006,4G,tigo.internet,127.33,509.05,636.39,84,43.57,41.8,0.39,1400.05
CDR-D-2000557,2026-09-04 23:27:34,+25577171046,640026808867808,TZ-ZNZ-001,5G,tigo.internet,81.71,478.49,560.2,77,215.3,16.8,0.02,1232.43
CDR-D-2000558,2026-09-05 20:28:55,+25577871523,640026281827528,TZ-MBY-001,4G,tigo.corporate,89.1,448.69,537.8,62,14.68,25.1,0.29,1183.15
CDR-D-2000559,2026-09-06 02:04:00,+25567302177,640024473829163,TZ-ARU-002,4G,tigo.internet,41.88,217.94,259.82,73,25.59,52.1,0.32,571.6
CDR-D-2000560,2026-09-07 19:26:48,+25567627217,640024958087064,TZ-ZNZ-001,5G,tigo.corporate,666.75,2989.17,3655.92,20,117.04,19.9,0.1,8043.02
CDR-D-2000561,2026-09-05 12:59:29,+25565286717,640022826411454,TZ-TND-001,3G,tigo.pesa.app,14.55,47.29,61.84,73,7.39,130.8,0.65,0.0
CDR-D-2000562,2026-09-07 00:28:15,+25567767254,640026265756641,TZ-ZNZ-002,4G,tigo.internet,74.91,274.49,349.4,52,20.31,34.9,0.43,768.68
CDR-D-2000563,2026-09-05 12:44:35,+25567526635,640021097634221,TZ-TAB-001,3G,tigo.pesa.app,18.89,66.49,85.39,23,4.57,130.0,1.36,0.0
CDR-D-2000564,2026-09-02 04:39:15,+25571155032,640023994828174,TZ-DAR-009,4G,tigo.internet,131.15,819.84,950.98,77,15.78,28.4,0.29,2092.16
CDR-D-2000565,2026-09-02 23:51:11,+25567833602,640025074682264,TZ-MOR-001,4G,tigo.internet,148.51,504.7,653.2,81,55.01,27.6,0.28,1437.05
CDR-D-2000566,2026-09-03 09:05:10,+25571778712,640025655805246,TZ-DAR-003,5G,tigo.pesa.app,187.6,1560.53,1748.13,39,79.09,16.5,0.03,0.0
CDR-D-2000567,2026-09-03 02:46:30,+25565779068,640023253473926,TZ-DAR-009,4G,tigo.internet,170.25,797.92,968.17,50,45.95,51.0,0.16,2129.97
CDR-D-2000568,2026-09-03 10:10:26,+25565338641,640027344879191,TZ-DAR-008,4G,tigo.corporate,63.47,345.4,408.87,75,55.52,31.6,0.17,899.52
CDR-D-2000569,2026-09-02 10:15:11,+25577813145,640027517011632,TZ-MWA-002,4G,tigo.pesa.app,107.53,475.42,582.95,10,64.1,25.3,0.34,0.0
CDR-D-2000570,2026-09-03 18:00:17,+25565151295,640021793881710,TZ-KAH-001,4G,tigo.internet,110.34,469.66,580.0,39,61.32,30.1,0.27,1276.0
CDR-D-2000571,2026-09-04 17:41:50,+25565887017,640024852002754,TZ-PWA-001,4G,tigo.internet,131.43,747.26,878.69,62,45.24,53.9,0.28,1933.13
CDR-D-2000572,2026-09-05 00:07:43,+25577230208,640029129026739,TZ-ZNZ-004,4G,tigo.corporate,112.81,464.58,577.39,27,48.79,42.0,0.07,1270.26
CDR-D-2000573,2026-09-06 15:08:06,+25565244818,640025875872347,TZ-ZNZ-002,4G,tigo.internet,14.85,54.05,68.9,65,18.44,43.3,0.31,151.59
CDR-D-2000574,2026-09-07 03:25:53,+25571936677,640025535377233,TZ-PWA-001,4G,tigo.pesa.app,169.51,837.45,1006.96,33,45.81,47.2,0.08,0.0
CDR-D-2000575,2026-09-07 01:47:57,+25571747561,640021973627242,TZ-PEM-001,3G,tigo.pesa.app,17.01,46.36,63.37,36,1.98,104.4,2.75,0.0
CDR-D-2000576,2026-09-06 10:54:10,+25567213609,640023898400928,TZ-DAR-015,3G,tigo.internet,10.63,49.13,59.77,45,5.07,79.0,0.93,131.49
CDR-D-2000577,2026-09-06 17:33:01,+25571939133,640027584855993,TZ-MBY-002,4G,tigo.internet,225.53,790.73,1016.26,2,13.22,40.6,0.15,2235.78
CDR-D-2000578,2026-09-02 07:19:40,+25565315621,640028606317217,TZ-DAR-011,4G,tigo.internet,133.39,743.89,877.28,20,51.6,34.5,0.4,1930.02
CDR-D-2000579,2026-09-04 12:42:26,+25567127223,640025818914408,TZ-KAH-001,4G,tigo.internet,21.38,94.34,115.72,38,42.56,53.9,0.4,254.59
CDR-D-2000580,2026-09-05 19:27:24,+25577320869,640026970267626,TZ-ARU-003,4G,tigo.internet,52.5,284.49,336.99,55,36.95,47.6,0.22,741.38
CDR-D-2000581,2026-09-05 05:50:36,+25577148381,640028497100471,TZ-TAN-002,3G,tigo.corporate,15.33,67.79,83.12,64,6.0,85.4,1.99,182.86
CDR-D-2000582,2026-09-07 21:50:24,+25567108948,640028602418921,TZ-SNG-001,3G,tigo.corporate,19.6,54.18,73.78,46,4.3,98.6,2.59,162.32
CDR-D-2000583,2026-09-01 18:11:59,+25577612855,640022138185235,TZ-PWA-002,4G,tigo.internet,52.88,188.75,241.63,35,43.44,40.3,0.43,531.58
CDR-D-2000584,2026-09-02 14:37:31,+25577599694,640027305029814,TZ-TAN-003,3G,tigo.internet,12.21,59.83,72.04,46,2.18,124.4,0.58,158.49
CDR-D-2000585,2026-09-06 12:15:26,+25567213609,640023898400928,TZ-DAR-015,3G,tigo.internet,10.31,28.24,38.55,90,3.11,139.3,1.96,84.81
CDR-D-2000586,2026-09-02 23:02:02,+25571867543,640026896899328,TZ-DOM-003,4G,tigo.corporate,41.35,237.5,278.84,63,29.76,46.0,0.31,613.46
CDR-D-2000587,2026-09-02 18:11:10,+25577492975,640023839840224,TZ-DAR-001,5G,tigo.internet,185.14,1133.95,1319.09,71,107.47,23.3,0.13,2902.0
CDR-D-2000588,2026-09-07 08:05:56,+25567477496,640029425230216,TZ-TAR-001,3G,tigo.internet,12.72,38.54,51.26,57,2.98,99.8,2.79,112.77
CDR-D-2000589,2026-09-01 03:34:04,+25567749466,640024805765751,TZ-ARU-001,5G,tigo.internet,184.59,1371.62,1556.21,72,200.53,16.9,0.1,3423.67
CDR-D-2000590,2026-09-06 22:07:46,+25577561457,640029365823349,TZ-DAR-009,4G,tigo.internet,254.91,866.91,1121.82,58,44.57,51.8,0.2,2468.0
CDR-D-2000591,2026-09-04 17:17:02,+25567336540,640025946548987,TZ-MBY-001,4G,tigo.internet,16.2,99.75,115.95,63,49.54,54.2,0.34,255.09
CDR-D-2000592,2026-09-05 22:01:31,+25571515035,640024389346722,TZ-KIL-001,4G,tigo.pesa.app,71.88,391.83,463.72,66,48.11,40.7,0.37,0.0
CDR-D-2000593,2026-09-04 01:55:19,+25567479742,640023436297208,TZ-DOM-003,4G,tigo.internet,41.2,171.29,212.49,90,60.2,41.4,0.39,467.47
CDR-D-2000594,2026-09-04 14:30:53,+25567987729,640024446206748,TZ-MBY-001,4G,tigo.internet,226.07,869.69,1095.76,57,25.4,39.5,0.29,2410.67
CDR-D-2000595,2026-09-07 18:28:01,+25571168492,640029202043288,TZ-DOM-003,4G,tigo.internet,16.78,67.76,84.54,54,62.53,54.8,0.09,185.98
CDR-D-2000596,2026-09-03 06:27:22,+25577683309,640023989035292,TZ-DAR-013,5G,tigo.internet,526.12,2895.5,3421.63,81,200.52,17.9,0.03,7527.58
CDR-D-2000597,2026-09-06 02:51:32,+25577543824,640024843660761,TZ-TAN-001,4G,tigo.internet,127.67,580.23,707.9,39,50.09,42.7,0.11,1557.38
CDR-D-2000598,2026-09-05 12:04:15,+25571457137,640027853087029,TZ-DOM-002,5G,tigo.internet,565.31,2499.82,3065.14,8,264.48,26.7,0.06,6743.3
CDR-D-2000599,2026-09-06 04:17:11,+25567767254,640026265756641,TZ-ZNZ-002,4G,tigo.internet,279.14,930.53,1209.67,39,53.91,39.5,0.11,2661.28
CDR-D-2000600,2026-09-05 10:33:40,+25577286540,640026769647208,TZ-DAR-015,3G,tigo.pesa.app,13.45,53.05,66.5,58,3.18,127.7,1.5,0.0
CDR-D-2000601,2026-09-01 04:59:11,+25577432061,640022549195708,TZ-DAR-006,4G,tigo.internet,63.75,405.3,469.05,31,29.74,40.0,0.15,1031.92
CDR-D-2000602,2026-09-01 07:33:33,+25567627217,640024958087064,TZ-ZNZ-001,5G,tigo.internet,557.8,2239.1,2796.9,42,273.92,27.9,0.09,6153.18
CDR-D-2000603,2026-09-06 18:07:47,+25577617033,640029082143437,TZ-IRI-001,4G,tigo.internet,58.15,295.83,353.98,3,24.43,28.8,0.37,778.75
CDR-D-2000604,2026-09-05 21:50:39,+25577863036,640027955867712,TZ-DOM-001,5G,tigo.internet,502.35,2431.64,2933.99,52,219.99,13.4,0.01,6454.79
CDR-D-2000605,2026-09-05 15:13:51,+25565742818,640026510997463,TZ-KAH-001,4G,tigo.corporate,226.58,766.88,993.46,10,13.49,52.4,0.38,2185.61
CDR-D-2000606,2026-09-03 14:56:21,+25577285225,640027846389041,TZ-DAR-008,4G,tigo.mms,264.82,927.18,1192.0,65,19.23,52.7,0.4,2622.39
CDR-D-2000607,2026-09-01 22:53:20,+25565663646,640029386407362,TZ-IRI-001,4G,tigo.internet,216.54,852.45,1068.99,10,12.62,49.6,0.15,2351.78
CDR-D-2000608,2026-09-05 11:50:36,+25567670950,640023905778118,TZ-ARU-003,4G,tigo.internet,168.09,656.68,824.77,73,44.9,28.7,0.18,1814.5
CDR-D-2000609,2026-09-05 04:59:22,+25571535050,640025523703900,TZ-DAR-007,4G,tigo.pesa.app,185.21,828.87,1014.08,79,31.17,38.3,0.18,0.0
CDR-D-2000610,2026-09-04 07:22:39,+25577714549,640029655933303,TZ-ARU-003,4G,tigo.internet,121.86,666.95,788.81,62,17.51,26.5,0.18,1735.39
CDR-D-2000611,2026-09-06 01:13:59,+25565143884,640024099552003,TZ-PWA-001,4G,tigo.internet,117.09,489.03,606.11,22,28.63,38.2,0.44,1333.45
CDR-D-2000612,2026-09-04 04:42:27,+25577543588,640026092773357,TZ-MWA-003,4G,tigo.internet,51.77,202.52,254.29,75,58.33,53.4,0.22,559.44
CDR-D-2000613,2026-09-04 09:01:24,+25565863209,640029108060197,TZ-MWA-002,4G,tigo.internet,63.93,215.76,279.69,27,44.81,45.3,0.12,615.31
CDR-D-2000614,2026-09-04 22:18:13,+25565989265,640024480721612,TZ-KIG-001,3G,tigo.pesa.app,7.84,23.67,31.51,12,6.88,66.8,1.48,0.0
CDR-D-2000615,2026-09-03 09:00:54,+25565543410,640021936338890,TZ-SNG-001,3G,tigo.internet,14.38,48.12,62.5,30,4.44,99.9,2.63,137.5
CDR-D-2000616,2026-09-06 01:18:17,+25571481024,640027184949643,TZ-MOR-001,4G,tigo.pesa.app,8.18,50.5,58.68,14,26.32,31.2,0.06,0.0
CDR-D-2000617,2026-09-05 18:51:01,+25565217395,640029686198371,TZ-DOM-001,5G,tigo.pesa.app,26.81,152.12,178.93,54,127.77,19.9,0.01,0.0
CDR-D-2000618,2026-09-05 08:06:44,+25567685126,640029119337640,TZ-DAR-005,4G,tigo.corporate,17.87,73.49,91.36,14,46.58,44.0,0.06,201.0
CDR-D-2000619,2026-09-05 00:09:17,+25567797416,640026389710636,TZ-DAR-007,4G,tigo.internet,78.58,323.63,402.2,17,43.49,53.3,0.24,884.84
CDR-D-2000620,2026-09-04 10:03:26,+25577439173,640022936540028,TZ-DAR-006,4G,tigo.corporate,90.78,345.69,436.46,77,20.43,29.0,0.24,960.22
CDR-D-2000621,2026-09-05 15:10:51,+25565906325,640029434381915,TZ-NJO-001,3G,tigo.internet,18.38,71.9,90.28,86,3.95,136.8,1.15,198.62
CDR-D-2000622,2026-09-02 08:55:21,+25577839485,640026932342612,TZ-DAR-007,4G,tigo.pesa.app,57.6,241.89,299.49,9,22.41,48.4,0.38,0.0
CDR-D-2000623,2026-09-02 06:23:23,+25577666881,640021616883914,TZ-KIL-003,3G,tigo.internet,11.7,39.47,51.16,59,6.81,138.9,2.09,112.55
CDR-D-2000624,2026-09-01 07:20:48,+25567128622,640022888243482,TZ-DAR-004,5G,tigo.internet,482.06,2953.07,3435.13,27,197.66,26.2,0.07,7557.29
CDR-D-2000625,2026-09-01 01:17:18,+25571996777,640029543880001,TZ-ARU-002,4G,tigo.mms,104.46,521.68,626.13,74,41.94,29.1,0.19,1377.49
CDR-D-2000626,2026-09-06 11:23:12,+25567792687,640026504099682,TZ-DAR-004,5G,tigo.internet,420.68,1888.6,2309.28,89,198.1,18.1,0.09,5080.41
CDR-D-2000627,2026-09-07 00:49:49,+25571836109,640021139082827,TZ-DAR-010,4G,tigo.internet,138.0,910.7,1048.71,11,58.36,44.1,0.4,2307.16
CDR-D-2000628,2026-09-03 14:17:25,+25565160101,640025529503814,TZ-DAR-013,5G,tigo.pesa.app,304.12,1789.26,2093.39,70,247.86,19.4,0.07,0.0
CDR-D-2000629,2026-09-07 11:36:56,+25567151470,640022573478551,TZ-GEI-001,4G,tigo.internet,45.89,189.49,235.38,87,55.73,29.3,0.3,517.83
CDR-D-2000630,2026-09-01 09:44:12,+25571413048,640025858839243,TZ-SHI-001,3G,tigo.internet,7.17,18.83,26.0,7,1.27,97.0,0.71,57.2
CDR-D-2000631,2026-09-04 07:25:28,+25567336540,640025946548987,TZ-MBY-001,4G,tigo.pesa.app,112.51,555.61,668.12,58,27.32,42.4,0.06,0.0
CDR-D-2000632,2026-09-01 19:54:00,+25565894544,640024959218902,TZ-PEM-001,3G,tigo.pesa.app,12.37,52.73,65.09,40,1.91,112.8,0.61,0.0
CDR-D-2000633,2026-09-07 17:41:47,+25577504848,640025884526046,TZ-DAR-005,4G,tigo.pesa.app,125.29,744.01,869.3,68,43.37,42.2,0.37,0.0
CDR-D-2000634,2026-09-02 05:15:00,+25571936677,640025535377233,TZ-PWA-001,4G,tigo.internet,76.89,340.13,417.02,57,50.59,44.7,0.07,917.44
CDR-D-2000635,2026-09-06 09:55:43,+25567322022,640023201397080,TZ-TND-001,3G,tigo.internet,9.14,24.96,34.09,26,6.99,75.5,1.14,75.0
CDR-D-2000636,2026-09-07 23:18:02,+25565364760,640027404238705,TZ-MOR-001,4G,tigo.internet,170.24,843.28,1013.53,68,12.47,45.5,0.23,2229.76
CDR-D-2000637,2026-09-07 12:33:30,+25571571706,640028492970833,TZ-DAR-002,4G,tigo.internet,146.25,890.18,1036.43,23,55.99,45.2,0.3,2280.15
CDR-D-2000638,2026-09-07 10:04:39,+25577929816,640024888501524,TZ-TAN-001,4G,tigo.internet,172.77,608.91,781.68,89,38.49,30.3,0.41,1719.7
CDR-D-2000639,2026-09-06 04:50:20,+25571862400,640022823212172,TZ-TND-001,3G,tigo.internet,17.44,43.81,61.25,5,4.27,104.5,2.26,134.75
CDR-D-2000640,2026-09-05 08:53:55,+25571294069,640022024862905,TZ-DAR-001,5G,tigo.corporate,429.07,2333.4,2762.47,89,185.61,21.9,0.12,6077.43
CDR-D-2000641,2026-09-07 16:45:55,+25571314353,640026392415228,TZ-DOM-001,5G,tigo.internet,370.11,2711.75,3081.86,19,213.89,19.1,0.15,6780.09
CDR-D-2000642,2026-09-05 21:24:53,+25567578364,640026326403406,TZ-MWA-002,4G,tigo.internet,172.83,893.93,1066.75,12,56.16,50.1,0.42,2346.86
CDR-D-2000643,2026-09-06 08:07:25,+25565420012,640026607773451,TZ-DAR-006,4G,tigo.internet,71.44,276.73,348.17,41,51.13,32.4,0.21,765.97
CDR-D-2000644,2026-09-02 08:38:38,+25567773088,640029403748506,TZ-MWA-003,4G,tigo.pesa.app,15.68,79.96,95.63,26,22.18,39.8,0.22,0.0
CDR-D-2000645,2026-09-07 12:53:19,+25577332060,640023685585090,TZ-KIL-002,3G,tigo.internet,13.63,67.28,80.9,32,4.3,112.0,1.15,177.99
CDR-D-2000646,2026-09-05 20:46:11,+25571749838,640028975021081,TZ-TAR-001,3G,tigo.internet,21.05,60.61,81.66,57,7.12,109.3,1.9,179.66
CDR-D-2000647,2026-09-04 00:15:00,+25567634363,640028340650878,TZ-PWA-001,4G,tigo.internet,268.84,934.17,1203.02,7,17.2,41.1,0.41,2646.64
CDR-D-2000648,2026-09-05 10:06:24,+25571758169,640026503644761,TZ-ARU-002,4G,tigo.internet,90.24,425.45,515.69,14,36.73,26.4,0.27,1134.52
CDR-D-2000649,2026-09-04 04:08:47,+25571854500,640028822438146,TZ-DAR-015,3G,tigo.internet,13.66,46.4,60.07,50,2.0,123.7,0.82,132.15
CDR-D-2000650,2026-09-01 04:33:12,+25567438548,640028852676046,TZ-NJO-001,3G,tigo.internet,8.34,30.2,38.54,39,6.94,138.9,2.71,84.79
CDR-D-2000651,2026-09-03 04:49:23,+25567701975,640025672946587,TZ-KIG-001,3G,tigo.internet,8.72,29.7,38.42,50,5.57,117.7,2.47,84.53
CDR-D-2000652,2026-09-01 21:50:51,+25571268100,640022581844680,TZ-MAR-001,3G,tigo.internet,9.49,42.4,51.89,16,4.43,72.9,1.33,114.15
CDR-D-2000653,2026-09-01 22:49:38,+25567346924,640027947883719,TZ-DAR-009,4G,tigo.corporate,16.55,88.12,104.67,72,41.41,29.3,0.25,230.27
CDR-D-2000654,2026-09-01 06:22:12,+25565856215,640022879792991,TZ-MOR-001,4G,tigo.internet,140.54,468.89,609.44,49,23.17,38.1,0.34,1340.76
CDR-D-2000655,2026-09-05 18:42:24,+25567670950,640023905778118,TZ-ARU-003,4G,tigo.pesa.app,19.81,128.15,147.96,21,60.84,28.7,0.11,0.0
CDR-D-2000656,2026-09-03 15:59:39,+25565583694,640021666660868,TZ-DAR-009,4G,tigo.internet,145.42,694.39,839.81,31,12.17,46.4,0.16,1847.58
CDR-D-2000657,2026-09-02 22:48:50,+25577752442,640024005092365,TZ-DAR-002,4G,tigo.internet,95.76,603.02,698.78,68,40.87,39.7,0.15,1537.31
CDR-D-2000658,2026-09-02 01:18:36,+25567669408,640021141312095,TZ-KIL-003,3G,tigo.pesa.app,20.57,67.98,88.55,50,2.31,101.4,1.33,0.0
CDR-D-2000659,2026-09-01 08:16:50,+25567913185,640026510697299,TZ-GEI-001,4G,tigo.internet,166.61,826.82,993.44,36,57.88,34.1,0.44,2185.56
CDR-D-2000660,2026-09-04 16:18:35,+25571524035,640028965451958,TZ-DAR-004,5G,tigo.internet,486.01,2135.63,2621.64,49,111.35,17.3,0.11,5767.61
CDR-D-2000661,2026-09-06 22:39:36,+25577665148,640024148407142,TZ-DAR-013,5G,tigo.corporate,396.22,1622.24,2018.47,19,188.4,17.8,0.05,4440.63
CDR-D-2000662,2026-09-01 04:23:49,+25565674721,640024534096467,TZ-PWA-001,4G,tigo.internet,79.56,456.59,536.15,47,20.38,34.8,0.45,1179.52
CDR-D-2000663,2026-09-06 18:50:29,+25571343904,640029681045368,TZ-DAR-004,5G,tigo.internet,236.3,1049.93,1286.23,23,192.01,21.1,0.05,2829.71
CDR-D-2000664,2026-09-02 00:40:38,+25567795634,640027384440186,TZ-TAR-001,3G,tigo.internet,29.55,84.94,114.5,65,3.3,129.7,1.08,251.9
CDR-D-2000665,2026-09-01 06:41:40,+25567693343,640025182609867,TZ-TAN-001,4G,tigo.pesa.app,219.39,809.88,1029.26,76,31.93,38.2,0.22,0.0
CDR-D-2000666,2026-09-01 18:48:26,+25571549350,640028529833811,TZ-MOR-001,4G,tigo.internet,33.61,148.48,182.09,30,49.18,29.6,0.25,400.6
CDR-D-2000667,2026-09-02 21:00:50,+25567614646,640027490269556,TZ-DOM-001,5G,tigo.internet,372.1,2700.01,3072.11,41,210.34,24.3,0.02,6758.65
CDR-D-2000668,2026-09-07 14:08:18,+25565908323,640029012328127,TZ-ZNZ-004,4G,tigo.internet,190.47,847.2,1037.67,36,46.19,51.0,0.44,2282.88
CDR-D-2000669,2026-09-06 09:55:36,+25577292259,640028151896308,TZ-GEI-001,4G,tigo.internet,133.62,574.67,708.28,42,17.23,53.0,0.2,1558.22
CDR-D-2000670,2026-09-07 23:18:41,+25571494853,640029520646325,TZ-DOM-002,5G,tigo.internet,152.94,898.32,1051.26,14,198.74,20.7,0.08,2312.76
CDR-D-2000671,2026-09-02 09:33:58,+25571911192,640029667651430,TZ-MWA-002,4G,tigo.internet,77.28,315.44,392.72,73,43.7,30.1,0.42,863.98
CDR-D-2000672,2026-09-07 00:05:26,+25565740195,640023970715367,TZ-TAN-003,3G,tigo.internet,22.64,66.28,88.92,75,1.44,67.7,1.32,195.63
CDR-D-2000673,2026-09-06 17:05:25,+25577312511,640025723086286,TZ-TAN-001,4G,tigo.pesa.app,128.9,530.41,659.3,22,38.19,39.2,0.3,0.0
CDR-D-2000674,2026-09-03 11:06:00,+25571310743,640024401896171,TZ-MTW-001,4G,tigo.corporate,145.32,882.65,1027.96,39,52.93,38.3,0.31,2261.51
CDR-D-2000675,2026-09-02 09:52:04,+25571618951,640025470166352,TZ-DAR-010,4G,tigo.corporate,221.74,794.24,1015.98,60,48.01,51.2,0.32,2235.16
CDR-D-2000676,2026-09-07 11:58:26,+25577472039,640021746087503,TZ-DAR-002,4G,tigo.internet,66.88,329.51,396.38,64,48.85,42.6,0.27,872.05
CDR-D-2000677,2026-09-02 22:36:01,+25577735612,640028955977853,TZ-DAR-003,5G,tigo.internet,162.4,858.37,1020.78,30,154.16,15.2,0.08,2245.71
CDR-D-2000678,2026-09-02 05:26:28,+25577899743,640022791532400,TZ-PEM-001,3G,tigo.internet,5.84,20.16,26.0,35,5.42,96.9,1.08,57.21
CDR-D-2000679,2026-09-04 03:58:27,+25565525006,640026304762771,TZ-DAR-006,4G,tigo.mms,215.64,926.9,1142.54,57,58.52,26.6,0.25,2513.59
CDR-D-2000680,2026-09-05 10:00:57,+25565827981,640024431481733,TZ-SON-001,3G,tigo.internet,11.46,31.45,42.9,17,4.0,128.7,1.76,94.39
CDR-D-2000681,2026-09-02 13:00:34,+25565760120,640023201784149,TZ-TAB-001,3G,tigo.internet,14.73,42.63,57.36,8,5.9,110.3,1.37,126.2
CDR-D-2000682,2026-09-01 22:25:06,+25565249044,640022811432415,TZ-DOM-002,5G,tigo.pesa.app,77.69,504.86,582.56,21,141.88,24.6,0.12,0.0
CDR-D-2000683,2026-09-07 17:09:46,+25577923353,640021378134712,TZ-DAR-003,5G,tigo.internet,240.22,1445.19,1685.41,24,212.99,18.8,0.07,3707.9
CDR-D-2000684,2026-09-03 22:58:48,+25571494853,640029520646325,TZ-DOM-002,5G,tigo.internet,160.17,1198.07,1358.24,21,192.81,27.3,0.12,2988.14
CDR-D-2000685,2026-09-06 09:49:00,+25577112581,640023896960280,TZ-DOM-003,4G,tigo.internet,56.07,252.54,308.61,20,28.79,50.5,0.32,678.94
CDR-D-2000686,2026-09-06 07:04:38,+25565391636,640029760047394,TZ-ARU-002,4G,tigo.pesa.app,149.93,598.99,748.92,15,53.05,46.4,0.22,0.0
CDR-D-2000687,2026-09-03 05:59:43,+25565599288,640027358555069,TZ-KIL-003,3G,tigo.internet,16.55,73.99,90.54,88,5.25,101.0,1.88,199.18
CDR-D-2000688,2026-09-01 11:44:13,+25565913934,640026795522649,TZ-ZNZ-004,4G,tigo.pesa.app,262.93,879.96,1142.89,31,26.12,47.6,0.28,0.0
CDR-D-2000689,2026-09-03 13:38:21,+25565985752,640025676658689,TZ-KAH-001,4G,tigo.internet,77.87,408.28,486.15,21,42.06,51.7,0.07,1069.54
CDR-D-2000690,2026-09-06 09:07:46,+25567147652,640028793362077,TZ-ZNZ-004,4G,tigo.corporate,125.37,776.04,901.41,18,56.84,39.4,0.36,1983.11
CDR-D-2000691,2026-09-04 22:02:45,+25571325465,640022407863065,TZ-TAN-003,3G,tigo.corporate,5.9,27.2,33.09,18,6.73,127.3,1.67,72.8
CDR-D-2000692,2026-09-04 06:03:28,+25577612438,640021718348264,TZ-DAR-011,4G,tigo.internet,37.53,187.71,225.24,70,58.94,44.3,0.29,495.54
CDR-D-2000693,2026-09-03 02:57:26,+25565465883,640026821113146,TZ-DOM-002,5G,tigo.internet,356.44,1528.3,1884.74,51,267.77,26.7,0.03,4146.42
CDR-D-2000694,2026-09-03 20:49:37,+25567477496,640029425230216,TZ-TAR-001,3G,tigo.internet,9.46,43.25,52.71,6,7.27,133.8,2.59,115.96
CDR-D-2000695,2026-09-01 15:53:24,+25567825443,640021381708520,TZ-SON-001,3G,tigo.internet,7.93,26.43,34.36,3,6.74,79.2,2.27,75.58
CDR-D-2000696,2026-09-04 00:04:06,+25571441649,640021780778941,TZ-DAR-011,4G,tigo.pesa.app,62.87,264.16,327.03,45,45.81,41.0,0.44,0.0
CDR-D-2000697,2026-09-05 03:50:21,+25577276636,640029923160916,TZ-DAR-003,5G,tigo.internet,116.14,727.22,843.36,9,168.78,27.4,0.14,1855.39
CDR-D-2000698,2026-09-07 09:27:23,+25565736446,640022729067297,TZ-ARU-003,4G,tigo.corporate,112.15,731.56,843.71,36,44.06,26.9,0.12,1856.16
CDR-D-2000699,2026-09-07 21:09:18,+25577995304,640021313441038,TZ-KIG-001,3G,tigo.internet,28.94,84.45,113.39,68,3.27,94.8,2.71,249.45
CDR-D-2000700,2026-09-02 09:48:40,+25577903868,640028765601772,TZ-NJO-001,3G,tigo.internet,23.64,84.8,108.43,66,1.66,125.9,1.18,238.56
CDR-D-2000701,2026-09-02 17:28:03,+25571860053,640025201221330,TZ-DAR-010,4G,tigo.internet,163.84,752.2,916.04,76,41.87,38.2,0.28,2015.29
CDR-D-2000702,2026-09-05 21:06:17,+25567584172,640022940955281,TZ-MBY-001,4G,tigo.internet,115.56,385.41,500.97,33,29.02,38.5,0.14,1102.14
CDR-D-2000703,2026-09-02 19:51:43,+25577509992,640023540114135,TZ-KIL-003,3G,tigo.internet,21.42,73.52,94.94,39,1.98,99.6,1.03,208.87
CDR-D-2000704,2026-09-07 21:32:07,+25571155164,640021668210614,TZ-MWA-003,4G,tigo.internet,12.76,82.4,95.16,41,37.37,27.9,0.08,209.36
CDR-D-2000705,2026-09-01 08:35:33,+25567116645,640024961067014,TZ-ZNZ-001,5G,tigo.internet,491.51,2509.7,3001.21,51,62.83,13.0,0.1,6602.67
CDR-D-2000706,2026-09-02 10:47:42,+25565152973,640029578627236,TZ-MOR-001,4G,tigo.internet,235.81,943.89,1179.71,7,37.43,28.4,0.09,2595.36
CDR-D-2000707,2026-09-07 20:08:33,+25571970645,640025588007201,TZ-MBY-001,4G,tigo.internet,138.49,651.55,790.04,71,19.08,50.1,0.28,1738.08
CDR-D-2000708,2026-09-03 04:39:24,+25567155699,640026800590025,TZ-DOM-002,5G,tigo.internet,434.7,1919.56,2354.26,53,248.85,19.5,0.04,5179.37
CDR-D-2000709,2026-09-05 03:13:47,+25565197328,640023730248478,TZ-ZNZ-002,4G,tigo.internet,221.99,762.83,984.81,67,26.06,36.0,0.39,2166.58
CDR-D-2000710,2026-09-01 21:10:23,+25577367124,640021870109340,TZ-MTW-001,4G,tigo.internet,184.6,704.26,888.86,52,17.03,54.2,0.2,1955.5
CDR-D-2000711,2026-09-01 09:18:23,+25565302299,640028321459188,TZ-ZNZ-004,4G,tigo.internet,278.2,931.89,1210.09,77,51.65,42.2,0.08,2662.2
CDR-D-2000712,2026-09-06 00:19:37,+25577747736,640027239587766,TZ-DAR-012,5G,tigo.internet,365.7,2234.53,2600.23,61,54.48,18.1,0.06,5720.5
CDR-D-2000713,2026-09-03 04:22:14,+25565267457,640028788828039,TZ-TAN-003,3G,tigo.internet,20.71,65.59,86.3,31,7.0,94.6,0.96,189.86
CDR-D-2000714,2026-09-04 17:35:47,+25571520169,640023367183914,TZ-DAR-007,4G,tigo.internet,97.68,374.01,471.69,14,57.1,54.7,0.17,1037.72
CDR-D-2000715,2026-09-03 11:51:38,+25571542981,640025823732987,TZ-MBY-001,4G,tigo.pesa.app,115.72,496.88,612.59,68,26.27,45.8,0.23,0.0
CDR-D-2000716,2026-09-03 09:36:53,+25577402056,640024697532766,TZ-DAR-010,4G,tigo.pesa.app,87.32,518.0,605.32,79,37.36,51.6,0.21,0.0
CDR-D-2000717,2026-09-01 16:38:56,+25577787120,640023166860023,TZ-DAR-013,5G,tigo.internet,494.61,2392.05,2886.67,51,144.63,15.6,0.03,6350.67
CDR-D-2000718,2026-09-04 12:20:37,+25567626781,640025825241186,TZ-MTW-001,4G,tigo.internet,93.18,373.43,466.61,3,37.47,35.1,0.25,1026.55
CDR-D-2000719,2026-09-04 07:20:23,+25567125598,640028177932148,TZ-DOM-003,4G,tigo.mms,6.57,25.8,32.37,71,52.0,45.0,0.28,71.22
CDR-D-2000720,2026-09-04 20:38:12,+25567570267,640022873145919,TZ-TAB-001,3G,tigo.internet,1.52,6.95,8.46,3,1.63,90.1,1.37,18.62
CDR-D-2000721,2026-09-06 00:31:08,+25565739760,640023845805571,TZ-TAN-001,4G,tigo.internet,67.61,350.13,417.74,65,41.21,45.5,0.36,919.03
CDR-D-2000722,2026-09-03 08:58:12,+25567679459,640022015168489,TZ-KIG-001,3G,tigo.pesa.app,14.03,65.01,79.04,38,3.19,70.6,2.2,0.0
CDR-D-2000723,2026-09-02 10:55:25,+25571814263,640021131267917,TZ-DOM-002,5G,tigo.internet,143.43,898.59,1042.02,78,226.92,18.2,0.02,2292.44
CDR-D-2000724,2026-09-07 08:43:52,+25565971968,640025784450697,TZ-TAN-003,3G,tigo.internet,15.27,44.32,59.59,24,1.65,83.2,2.16,131.09
CDR-D-2000725,2026-09-06 10:02:40,+25577392051,640023830860764,TZ-DOM-002,5G,tigo.pesa.app,714.3,2981.11,3695.41,85,170.85,25.1,0.01,0.0
CDR-D-2000726,2026-09-04 01:00:21,+25565772875,640025170814022,TZ-DAR-005,4G,tigo.internet,107.73,596.19,703.93,57,16.73,30.6,0.38,1548.64
CDR-D-2000727,2026-09-03 10:29:01,+25565286717,640022826411454,TZ-TND-001,3G,tigo.internet,28.73,76.49,105.21,7,3.05,115.2,1.93,231.47
CDR-D-2000728,2026-09-03 20:33:38,+25571797309,640025245043800,TZ-DAR-005,4G,tigo.internet,157.04,630.53,787.58,24,28.55,44.2,0.32,1732.67
CDR-D-2000729,2026-09-05 07:03:12,+25577292259,640028151896308,TZ-GEI-001,4G,tigo.internet,164.24,684.68,848.93,85,30.55,53.3,0.09,1867.64
CDR-D-2000730,2026-09-03 12:16:43,+25567364132,640021829270292,TZ-DAR-014,3G,tigo.internet,3.94,15.45,19.39,54,4.48,80.6,1.71,42.66
CDR-D-2000731,2026-09-02 09:49:57,+25577292259,640028151896308,TZ-GEI-001,4G,tigo.corporate,61.5,231.64,293.14,71,57.79,43.4,0.16,644.9
CDR-D-2000732,2026-09-07 09:36:13,+25577713513,640023080515301,TZ-DAR-009,4G,tigo.internet,84.63,312.63,397.26,30,20.48,35.0,0.34,873.96
CDR-D-2000733,2026-09-05 14:45:43,+25567116391,640027914398496,TZ-MBY-002,4G,tigo.internet,156.71,843.92,1000.64,2,49.23,48.0,0.31,2201.4
CDR-D-2000734,2026-09-01 18:46:54,+25565137609,640025200090187,TZ-TAN-001,4G,tigo.internet,130.47,776.86,907.33,90,55.56,39.6,0.28,1996.13
CDR-D-2000735,2026-09-03 16:24:36,+25567413612,640021348447276,TZ-DAR-004,5G,tigo.internet,92.47,377.93,470.39,62,142.21,19.1,0.04,1034.86
CDR-D-2000736,2026-09-07 12:39:57,+25567810277,640021642037497,TZ-ARU-003,4G,tigo.internet,101.42,406.39,507.82,53,48.44,32.8,0.1,1117.2
CDR-D-2000737,2026-09-07 21:11:24,+25565164387,640024580671460,TZ-TAN-002,3G,tigo.internet,5.8,24.56,30.36,34,3.37,107.9,2.05,66.8
CDR-D-2000738,2026-09-03 15:01:54,+25565802382,640029045090355,TZ-DAR-010,4G,tigo.internet,193.44,852.65,1046.09,47,12.17,28.0,0.17,2301.39
CDR-D-2000739,2026-09-06 20:29:27,+25565567896,640021683855081,TZ-DAR-015,3G,tigo.internet,3.43,14.01,17.45,70,4.99,91.8,2.39,38.38
CDR-D-2000740,2026-09-07 09:44:33,+25571178686,640027039626948,TZ-DAR-009,4G,tigo.internet,93.14,353.02,446.16,68,27.88,52.9,0.44,981.55
CDR-D-2000741,2026-09-05 20:14:41,+25577101655,640021416056343,TZ-KIL-001,4G,tigo.internet,104.71,541.09,645.8,22,35.16,41.3,0.11,1420.76
CDR-D-2000742,2026-09-04 20:57:13,+25565466718,640021468853596,TZ-KAH-001,4G,tigo.internet,164.66,925.07,1089.73,43,24.13,33.5,0.14,2397.4
CDR-D-2000743,2026-09-03 15:40:45,+25571952679,640026542943838,TZ-DAR-009,4G,tigo.internet,17.54,58.49,76.03,83,24.94,25.2,0.05,167.26
CDR-D-2000744,2026-09-01 11:25:33,+25565714867,640024735313433,TZ-DAR-010,4G,tigo.internet,80.73,275.03,355.76,28,35.84,34.2,0.16,782.68
CDR-D-2000745,2026-09-01 05:43:54,+25577998004,640022176662219,TZ-SHI-001,3G,tigo.internet,20.99,74.34,95.33,8,1.76,104.8,1.15,209.72
CDR-D-2000746,2026-09-01 14:40:33,+25577147899,640025501335775,TZ-MAR-001,3G,tigo.internet,22.17,61.93,84.1,30,2.8,121.1,2.14,185.02
CDR-D-2000747,2026-09-01 13:03:16,+25577811016,640023304513663,TZ-MBY-001,4G,tigo.corporate,42.61,160.48,203.09,70,59.17,50.3,0.45,446.8
CDR-D-2000748,2026-09-04 20:05:30,+25565204904,640026126037320,TZ-DOM-003,4G,tigo.internet,211.45,894.72,1106.18,8,12.48,48.4,0.19,2433.59
CDR-D-2000749,2026-09-05 21:40:45,+25565229144,640025455441991,TZ-DAR-007,4G,tigo.internet,185.44,859.1,1044.53,52,22.94,50.8,0.33,2297.98
CDR-D-2000750,2026-09-05 22:48:54,+25571424620,640027695519305,TZ-NJO-001,3G,tigo.internet,11.51,44.59,56.1,58,6.78,69.7,2.03,123.42
CDR-D-2000751,2026-09-05 22:24:52,+25577258070,640026518878906,TZ-DAR-011,4G,tigo.internet,189.04,880.9,1069.94,17,25.42,46.0,0.29,2353.86
CDR-D-2000752,2026-09-04 13:49:53,+25571940713,640024091632789,TZ-ARU-003,4G,tigo.internet,124.91,753.88,878.79,57,28.3,30.7,0.43,1933.33
CDR-D-2000753,2026-09-04 07:27:15,+25577882351,640028152161448,TZ-DOM-001,5G,tigo.internet,73.31,385.35,458.66,38,88.42,21.7,0.05,1009.05
CDR-D-2000754,2026-09-03 17:41:38,+25565215507,640026795403548,TZ-MWA-001,5G,tigo.internet,92.52,497.17,589.69,64,114.88,12.0,0.03,1297.32
CDR-D-2000755,2026-09-07 10:19:06,+25571150243,640025060219510,TZ-TAB-001,3G,tigo.mms,2.06,7.72,9.78,29,5.2,106.9,2.65,21.51
CDR-D-2000756,2026-09-07 21:27:41,+25565784343,640021692392816,TZ-DOM-001,5G,tigo.internet,90.71,469.83,560.55,48,247.47,23.9,0.09,1233.2
CDR-D-2000757,2026-09-03 02:57:48,+25577199937,640024830354490,TZ-DAR-007,4G,tigo.corporate,135.76,905.01,1040.77,61,53.88,34.7,0.14,2289.7
CDR-D-2000758,2026-09-05 01:45:28,+25577889245,640028714753670,TZ-SNG-001,3G,tigo.internet,18.3,71.44,89.74,3,5.03,95.4,1.89,197.43
CDR-D-2000759,2026-09-04 05:01:07,+25565302127,640021247508299,TZ-KIG-001,3G,tigo.internet,7.47,33.56,41.04,21,5.48,65.2,1.28,90.28
CDR-D-2000760,2026-09-05 23:24:37,+25565846568,640022260108602,TZ-DAR-003,5G,tigo.pesa.app,295.04,2445.95,2740.98,39,151.66,24.1,0.12,0.0
CDR-D-2000761,2026-09-01 04:43:58,+25577730255,640022008716202,TZ-DOM-002,5G,tigo.internet,253.69,1689.1,1942.79,24,60.48,22.5,0.1,4274.15
CDR-D-2000762,2026-09-03 22:03:22,+25571210592,640024074187947,TZ-SHI-001,3G,tigo.internet,19.18,50.28,69.46,23,4.46,127.5,2.54,152.81
CDR-D-2000763,2026-09-07 11:23:23,+25565265603,640024935462811,TZ-DAR-005,4G,tigo.pesa.app,43.99,208.97,252.96,47,57.34,52.0,0.23,0.0
CDR-D-2000764,2026-09-02 07:10:50,+25567899614,640024968635883,TZ-DAR-010,4G,tigo.internet,146.42,645.43,791.85,70,21.99,52.9,0.39,1742.08
CDR-D-2000765,2026-09-04 22:02:01,+25577617033,640029082143437,TZ-IRI-001,4G,tigo.internet,168.66,785.92,954.58,34,48.26,49.9,0.3,2100.08
CDR-D-2000766,2026-09-03 20:36:49,+25577476879,640021383428853,TZ-MWA-003,4G,tigo.internet,200.05,866.77,1066.82,82,44.83,53.6,0.41,2346.99
CDR-D-2000767,2026-09-05 14:50:28,+25577467544,640025714658227,TZ-TAB-001,3G,tigo.internet,16.32,46.73,63.05,71,5.59,67.2,0.64,138.72
CDR-D-2000768,2026-09-05 00:07:24,+25567305222,640021096845709,TZ-TAB-001,3G,tigo.mms,9.7,36.0,45.7,84,1.48,76.5,1.66,100.54
CDR-D-2000769,2026-09-05 15:30:18,+25571972831,640023079834001,TZ-MOR-001,4G,tigo.internet,162.52,681.78,844.3,38,34.39,41.8,0.31,1857.46
CDR-D-2000770,2026-09-04 01:13:05,+25571457137,640027853087029,TZ-DOM-002,5G,tigo.internet,475.72,2023.86,2499.58,3,174.37,27.6,0.11,5499.07
CDR-D-2000771,2026-09-01 08:43:51,+25567445200,640027558641561,TZ-MBY-002,4G,tigo.internet,145.82,833.72,979.54,76,56.36,50.7,0.29,2154.98
CDR-D-2000772,2026-09-07 16:30:52,+25567778058,640022822019158,TZ-DAR-002,4G,tigo.corporate,48.07,260.82,308.89,17,43.87,53.4,0.39,679.55
CDR-D-2000773,2026-09-06 21:21:49,+25567286410,640023156207443,TZ-ARU-002,4G,tigo.internet,231.62,837.79,1069.42,37,16.24,54.4,0.32,2352.72
CDR-D-2000774,2026-09-02 12:42:43,+25571257334,640027615840708,TZ-DAR-009,4G,tigo.internet,131.05,596.94,727.99,51,23.87,46.9,0.21,1601.59
CDR-D-2000775,2026-09-02 06:30:16,+25565794595,640022824782506,TZ-DAR-009,4G,tigo.mms,236.28,837.97,1074.26,37,19.44,29.3,0.25,2363.36
CDR-D-2000776,2026-09-07 03:23:39,+25565830847,640029283911005,TZ-DAR-004,5G,tigo.corporate,140.58,657.09,797.67,2,90.97,18.6,0.06,1754.88
CDR-D-2000777,2026-09-07 17:33:12,+25571801145,640025658351000,TZ-KIG-001,3G,tigo.internet,18.76,59.45,78.21,10,5.26,83.3,1.71,172.07
CDR-D-2000778,2026-09-03 14:45:35,+25577648830,640021998278217,TZ-ARU-001,5G,tigo.pesa.app,528.58,2178.5,2707.08,48,122.32,25.5,0.01,0.0
CDR-D-2000779,2026-09-01 06:01:01,+25571996151,640025119829469,TZ-TAB-001,3G,tigo.corporate,8.47,27.38,35.85,46,2.54,68.4,1.06,78.87
CDR-D-2000780,2026-09-06 01:55:44,+25577879241,640025590302102,TZ-DAR-011,4G,tigo.internet,77.49,380.3,457.8,21,27.47,53.7,0.17,1007.15
CDR-D-2000781,2026-09-02 06:51:25,+25571887887,640029475504077,TZ-DAR-008,4G,tigo.internet,168.43,584.26,752.69,15,48.35,33.9,0.27,1655.92
CDR-D-2000782,2026-09-07 08:33:05,+25567236384,640028928570600,TZ-ARU-001,5G,tigo.internet,89.89,553.47,643.36,12,130.81,19.3,0.07,1415.38
CDR-D-2000783,2026-09-04 22:45:51,+25571365503,640023515395117,TZ-ARU-002,4G,tigo.pesa.app,134.38,471.69,606.07,90,14.77,37.0,0.21,0.0
CDR-D-2000784,2026-09-01 05:39:35,+25565907848,640027093416015,TZ-DAR-015,3G,tigo.internet,13.81,40.07,53.88,73,4.97,79.7,1.74,118.53
CDR-D-2000785,2026-09-03 11:36:44,+25565215159,640025719458685,TZ-PWA-001,4G,tigo.pesa.app,117.62,591.63,709.26,81,49.97,42.9,0.19,0.0
CDR-D-2000786,2026-09-07 02:18:36,+25567472724,640023162277965,TZ-DAR-006,4G,tigo.pesa.app,113.23,727.26,840.49,57,16.72,32.9,0.4,0.0
CDR-D-2000787,2026-09-03 11:29:31,+25565706403,640021313659437,TZ-SHI-001,3G,tigo.corporate,12.5,51.63,64.12,85,2.48,69.9,1.72,141.07
CDR-D-2000788,2026-09-03 16:34:18,+25565499454,640027325684046,TZ-MWA-003,4G,tigo.internet,190.19,771.86,962.05,83,54.2,52.5,0.27,2116.5
CDR-D-2000789,2026-09-01 10:00:13,+25571612088,640025405679981,TZ-GEI-001,4G,tigo.internet,59.68,322.39,382.06,72,40.04,49.6,0.43,840.54
CDR-D-2000790,2026-09-03 06:06:03,+25571284267,640029055262383,TZ-TAN-001,4G,tigo.pesa.app,51.01,172.18,223.19,54,19.79,53.8,0.16,0.0
CDR-D-2000791,2026-09-07 20:31:25,+25571378199,640027177751894,TZ-DOM-001,5G,tigo.internet,88.13,352.62,440.75,71,262.52,28.0,0.1,969.65
CDR-D-2000792,2026-09-04 16:48:23,+25571273659,640024037437944,TZ-DOM-001,5G,tigo.internet,146.39,1025.08,1171.48,18,50.13,24.9,0.15,2577.25
CDR-D-2000793,2026-09-03 19:34:30,+25571302212,640023603225974,TZ-DAR-014,3G,tigo.internet,4.42,16.02,20.43,22,3.35,68.0,1.21,44.95
CDR-D-2000794,2026-09-01 07:55:48,+25565496252,640022466684707,TZ-DAR-008,4G,tigo.internet,112.23,561.43,673.66,58,25.24,25.3,0.44,1482.05
CDR-D-2000795,2026-09-03 20:45:07,+25571901909,640024248149900,TZ-MBY-002,4G,tigo.internet,178.08,758.71,936.79,41,35.31,50.7,0.17,2060.93
CDR-D-2000796,2026-09-01 04:46:54,+25571487470,640026486345845,TZ-TAN-003,3G,tigo.internet,16.5,54.36,70.87,23,7.29,125.4,1.06,155.91
CDR-D-2000797,2026-09-01 09:07:18,+25565154638,640021877118282,TZ-MAR-001,3G,tigo.internet,26.96,67.62,94.57,19,4.59,115.8,1.61,208.06
CDR-D-2000798,2026-09-02 09:57:13,+25567121838,640021330614006,TZ-PWA-001,4G,tigo.pesa.app,64.03,378.8,442.83,80,44.79,50.6,0.21,0.0
CDR-D-2000799,2026-09-04 16:54:14,+25577858705,640027402059279,TZ-DOM-001,5G,tigo.pesa.app,363.67,1933.24,2296.91,86,148.96,27.4,0.07,0.0
CDR-D-2000800,2026-09-02 22:28:53,+25577403922,640029673945502,TZ-ZNZ-001,5G,tigo.internet,376.43,2600.14,2976.57,22,253.77,24.8,0.14,6548.45
CDR-D-2000801,2026-09-02 06:30:41,+25577850151,640022112380464,TZ-BUK-001,3G,tigo.internet,12.22,55.39,67.61,39,2.24,97.0,2.69,148.75
CDR-D-2000802,2026-09-06 10:54:49,+25571869946,640026947922164,TZ-ZNZ-001,5G,tigo.internet,104.93,467.99,572.92,4,88.26,19.3,0.11,1260.42
CDR-D-2000803,2026-09-05 22:01:49,+25571873266,640028256557537,TZ-DAR-007,4G,tigo.internet,76.88,287.38,364.26,36,18.47,28.3,0.33,801.38
CDR-D-2000804,2026-09-05 16:14:29,+25567500567,640022104570218,TZ-DAR-006,4G,tigo.internet,85.43,329.22,414.65,16,53.91,32.4,0.43,912.23
CDR-D-2000805,2026-09-02 06:16:39,+25565144832,640024198865421,TZ-DAR-008,4G,tigo.corporate,157.81,681.66,839.48,4,31.58,36.7,0.12,1846.85
CDR-D-2000806,2026-09-03 13:59:04,+25567333517,640025690636423,TZ-MWA-003,4G,tigo.internet,134.35,535.31,669.66,43,24.28,43.2,0.16,1473.26
CDR-D-2000807,2026-09-03 19:45:38,+25565913848,640026126033644,TZ-KIL-002,3G,tigo.internet,8.32,24.83,33.16,80,6.7,115.1,0.97,72.94
CDR-D-2000808,2026-09-07 12:54:00,+25567211760,640025959736235,TZ-NJO-001,3G,tigo.mms,12.08,47.37,59.45,35,6.35,69.9,2.13,130.78
CDR-D-2000809,2026-09-05 22:51:25,+25565624112,640028215463132,TZ-SON-001,3G,tigo.corporate,16.77,60.94,77.71,27,6.54,117.5,2.07,170.96
CDR-D-2000810,2026-09-03 13:28:19,+25571993140,640027586857685,TZ-MBY-002,4G,tigo.internet,122.33,544.77,667.1,24,21.15,46.6,0.09,1467.62
CDR-D-2000811,2026-09-07 05:26:04,+25571804758,640025870268582,TZ-KIL-002,3G,tigo.internet,22.97,59.07,82.05,36,6.98,111.0,2.08,180.5
CDR-D-2000812,2026-09-01 02:14:42,+25565827981,640024431481733,TZ-SON-001,3G,tigo.internet,4.55,18.86,23.41,33,3.26,117.6,2.14,51.51
CDR-D-2000813,2026-09-06 08:47:34,+25577471921,640027744459607,TZ-DAR-010,4G,tigo.pesa.app,162.46,738.28,900.74,80,64.23,52.2,0.16,0.0
CDR-D-2000814,2026-09-07 09:37:48,+25567975427,640028481445242,TZ-TAR-001,3G,tigo.mms,10.93,38.24,49.17,2,6.38,125.5,2.51,108.17
CDR-D-2000815,2026-09-05 05:52:03,+25565133616,640027886395561,TZ-DAR-015,3G,tigo.internet,11.96,33.56,45.52,57,5.52,101.5,2.58,100.15
CDR-D-2000816,2026-09-01 15:36:46,+25565909231,640022016263083,TZ-MBY-001,4G,tigo.corporate,169.71,944.37,1114.08,58,55.11,34.1,0.12,2450.97
CDR-D-2000817,2026-09-01 22:14:59,+25567658224,640023857879268,TZ-DAR-012,5G,tigo.corporate,289.14,1868.51,2157.65,11,176.19,19.9,0.03,4746.82
CDR-D-2000818,2026-09-04 16:25:50,+25565278887,640021635149757,TZ-DAR-003,5G,tigo.internet,63.44,271.47,334.92,64,158.38,23.2,0.1,736.82
CDR-D-2000819,2026-09-04 02:18:40,+25571509420,640029045897249,TZ-MOR-001,4G,tigo.internet,87.8,505.35,593.15,33,36.15,33.8,0.26,1304.93
CDR-D-2000820,2026-09-07 05:44:01,+25577862008,640022196045940,TZ-MWA-002,4G,tigo.pesa.app,162.49,789.81,952.31,21,23.77,33.8,0.23,0.0
CDR-D-2000821,2026-09-02 12:05:58,+25571317264,640026166847778,TZ-KAH-001,4G,tigo.internet,56.38,309.7,366.08,56,36.91,53.9,0.08,805.38
CDR-D-2000822,2026-09-04 04:24:45,+25565565087,640028357853916,TZ-TAN-001,4G,tigo.internet,170.69,807.9,978.6,65,54.76,48.3,0.37,2152.92
CDR-D-2000823,2026-09-07 15:00:14,+25565107800,640026371287730,TZ-TAB-001,3G,tigo.internet,5.96,17.48,23.44,56,2.84,112.0,1.46,51.57
CDR-D-2000824,2026-09-03 15:18:50,+25577898625,640028901585274,TZ-DAR-010,4G,tigo.internet,240.07,908.33,1148.4,4,20.46,25.9,0.2,2526.48
CDR-D-2000825,2026-09-02 16:15:13,+25567330533,640029102064850,TZ-DAR-015,3G,tigo.internet,11.03,46.94,57.97,86,1.41,69.5,1.94,127.53
CDR-D-2000826,2026-09-02 14:54:10,+25567218733,640023916554137,TZ-MBY-002,4G,tigo.internet,8.11,53.16,61.26,39,32.74,31.7,0.3,134.78
CDR-D-2000827,2026-09-01 03:43:41,+25577491329,640029849565863,TZ-DAR-002,4G,tigo.internet,17.78,62.25,80.03,73,42.57,48.5,0.08,176.06
CDR-D-2000828,2026-09-06 00:48:40,+25577762423,640021579187439,TZ-ARU-001,5G,tigo.internet,644.89,2794.48,3439.37,37,66.79,15.6,0.02,7566.61
CDR-D-2000829,2026-09-05 23:07:39,+25577832723,640024938269146,TZ-TAN-002,3G,tigo.internet,13.33,45.41,58.74,17,2.96,88.0,1.71,129.23
CDR-D-2000830,2026-09-07 02:16:30,+25577468332,640029832382243,TZ-DAR-005,4G,tigo.corporate,45.15,266.28,311.43,66,39.26,33.3,0.12,685.14
CDR-D-2000831,2026-09-04 05:59:03,+25571925549,640023797168211,TZ-KIG-001,3G,tigo.internet,22.74,69.52,92.26,81,6.78,75.2,1.47,202.96
CDR-D-2000832,2026-09-01 12:57:50,+25567283514,640025776996939,TZ-SHI-001,3G,tigo.internet,8.5,30.98,39.48,33,3.85,119.2,1.82,86.86
CDR-D-2000833,2026-09-02 02:06:49,+25577521195,640028524625316,TZ-MBY-001,4G,tigo.internet,18.17,61.59,79.76,84,46.11,38.8,0.17,175.46
CDR-D-2000834,2026-09-07 16:05:03,+25567541314,640028463731970,TZ-MWA-003,4G,tigo.internet,129.77,586.11,715.88,3,27.53,36.1,0.36,1574.93
CDR-D-2000835,2026-09-05 08:17:08,+25571576749,640025541726840,TZ-DAR-008,4G,tigo.internet,180.52,819.32,999.84,20,28.59,28.4,0.15,2199.64
CDR-D-2000836,2026-09-01 03:30:47,+25565906325,640029434381915,TZ-NJO-001,3G,tigo.internet,7.03,23.17,30.2,76,3.71,139.1,2.49,66.44
CDR-D-2000837,2026-09-07 13:55:25,+25577985049,640029891010459,TZ-DOM-003,4G,tigo.pesa.app,101.52,378.22,479.73,86,41.03,32.0,0.3,0.0
CDR-D-2000838,2026-09-01 04:05:35,+25577388039,640023651030484,TZ-ZNZ-002,4G,tigo.internet,44.2,221.86,266.06,56,51.63,32.5,0.08,585.33
CDR-D-2000839,2026-09-07 20:50:54,+25567810277,640021642037497,TZ-ARU-003,4G,tigo.internet,62.96,347.41,410.37,38,17.21,35.7,0.12,902.82
CDR-D-2000840,2026-09-06 02:22:34,+25567220465,640028570333548,TZ-MBY-001,4G,tigo.internet,161.92,894.08,1056.0,71,14.78,53.5,0.42,2323.21
CDR-D-2000841,2026-09-05 15:32:19,+25577819678,640024332482152,TZ-DAR-014,3G,tigo.internet,7.32,36.46,43.79,6,6.56,82.0,2.09,96.33
CDR-D-2000842,2026-09-03 14:28:20,+25567838237,640022916728422,TZ-DAR-012,5G,tigo.internet,236.5,1029.48,1265.98,52,102.84,18.6,0.04,2785.16
CDR-D-2000843,2026-09-06 23:11:50,+25565867324,640022860212181,TZ-SON-001,3G,tigo.corporate,13.78,57.3,71.07,86,2.77,69.2,1.75,156.36
CDR-D-2000844,2026-09-04 07:04:41,+25565302127,640021247508299,TZ-KIG-001,3G,tigo.internet,27.72,71.25,98.97,20,6.07,134.1,2.66,217.73
CDR-D-2000845,2026-09-07 07:22:03,+25577979562,640027808041613,TZ-TND-001,3G,tigo.pesa.app,3.07,10.25,13.32,61,6.01,118.0,2.66,0.0
CDR-D-2000846,2026-09-06 20:20:50,+25577856287,640029797511791,TZ-DAR-009,4G,tigo.corporate,138.54,659.73,798.27,4,18.43,39.2,0.2,1756.2
CDR-D-2000847,2026-09-07 20:43:46,+25571294069,640022024862905,TZ-DAR-001,5G,tigo.mms,575.32,2811.77,3387.09,53,163.52,18.0,0.07,7451.6
CDR-D-2000848,2026-09-01 12:56:09,+25567121838,640021330614006,TZ-PWA-001,4G,tigo.mms,62.9,382.6,445.5,48,25.12,42.0,0.33,980.11
CDR-D-2000849,2026-09-03 12:28:35,+25567987729,640024446206748,TZ-MBY-001,4G,tigo.internet,27.21,155.23,182.45,21,54.07,35.5,0.14,401.38
CDR-D-2000850,2026-09-05 12:27:49,+25567291551,640026254560263,TZ-DAR-011,4G,tigo.internet,144.15,869.02,1013.17,12,37.64,26.6,0.1,2228.97
CDR-D-2000851,2026-09-04 15:29:51,+25571268187,640029981540040,TZ-PWA-001,4G,tigo.corporate,152.39,850.49,1002.88,14,25.8,48.5,0.18,2206.33
CDR-D-2000852,2026-09-02 19:57:47,+25577553515,640027051406106,TZ-IRI-001,4G,tigo.pesa.app,26.24,108.27,134.51,22,18.13,42.9,0.41,0.0
CDR-D-2000853,2026-09-05 17:40:05,+25571116703,640022309263254,TZ-PEM-001,3G,tigo.internet,22.53,82.28,104.81,47,6.27,125.5,2.05,230.59
CDR-D-2000854,2026-09-01 14:49:45,+25577433219,640028788469970,TZ-MWA-001,5G,tigo.internet,99.15,726.98,826.13,59,102.86,27.6,0.06,1817.48
CDR-D-2000855,2026-09-06 10:05:26,+25577752944,640026784307829,TZ-DAR-015,3G,tigo.internet,3.72,14.57,18.29,2,5.47,124.8,2.05,40.23
CDR-D-2000856,2026-09-01 01:17:57,+25567309795,640027074433463,TZ-DAR-002,4G,tigo.internet,197.96,864.86,1062.81,71,49.88,26.6,0.41,2338.19
CDR-D-2000857,2026-09-05 01:37:53,+25577153457,640027509328939,TZ-TND-001,3G,tigo.internet,3.37,15.7,19.07,40,3.49,109.3,2.51,41.95
CDR-D-2000858,2026-09-05 14:07:29,+25567270395,640028913915028,TZ-KIG-001,3G,tigo.internet,14.22,61.83,76.05,54,3.29,77.0,2.02,167.31
CDR-D-2000859,2026-09-01 12:15:09,+25567108948,640028602418921,TZ-SNG-001,3G,tigo.corporate,9.03,27.71,36.73,9,3.62,72.4,1.97,80.81
CDR-D-2000860,2026-09-02 16:59:29,+25565877747,640025567946981,TZ-MBY-001,4G,tigo.internet,34.26,187.34,221.6,5,64.47,37.4,0.23,487.52
CDR-D-2000861,2026-09-07 19:54:49,+25567613317,640021687842448,TZ-ZNZ-001,5G,tigo.internet,181.12,950.2,1131.33,42,210.45,22.1,0.15,2488.92
CDR-D-2000862,2026-09-03 00:30:18,+25567297731,640027702529931,TZ-DAR-015,3G,tigo.corporate,8.75,25.16,33.91,11,4.88,92.9,0.94,74.6
CDR-D-2000863,2026-09-04 22:38:24,+25567779259,640021872395778,TZ-SON-001,3G,tigo.internet,11.83,36.25,48.08,59,5.14,88.5,1.04,105.78
CDR-D-2000864,2026-09-03 00:30:21,+25577776456,640029462741141,TZ-DAR-007,4G,tigo.internet,225.54,895.05,1120.59,31,55.74,39.2,0.39,2465.3
CDR-D-2000865,2026-09-02 05:55:25,+25571900185,640025983503547,TZ-KIG-001,3G,tigo.internet,15.54,50.49,66.03,19,1.73,109.5,1.83,145.27
CDR-D-2000866,2026-09-06 14:22:10,+25567797118,640025952255182,TZ-BUK-001,3G,tigo.internet,12.66,36.79,49.45,77,4.36,118.9,1.34,108.8
CDR-D-2000867,2026-09-06 01:11:33,+25567797694,640022713189716,TZ-ZNZ-002,4G,tigo.internet,182.44,811.85,994.29,27,34.35,37.3,0.11,2187.43
CDR-D-2000868,2026-09-06 11:57:59,+25565100601,640026528492618,TZ-GEI-001,4G,tigo.pesa.app,196.24,912.31,1108.56,81,24.88,48.5,0.37,0.0
CDR-D-2000869,2026-09-01 19:45:47,+25565864148,640024041530477,TZ-TAN-001,4G,tigo.internet,12.53,60.46,72.99,38,57.26,40.5,0.09,160.58
CDR-D-2000870,2026-09-02 07:18:12,+25565508856,640024550100615,TZ-TND-001,3G,tigo.internet,8.14,24.35,32.49,83,6.44,119.4,2.74,71.48
CDR-D-2000871,2026-09-03 20:09:20,+25567146228,640025310195918,TZ-DOM-002,5G,tigo.internet,385.46,1651.93,2037.4,65,123.08,17.2,0.1,4482.27
CDR-D-2000872,2026-09-02 12:27:25,+25567813745,640022949597857,TZ-MWA-001,5G,tigo.corporate,200.97,985.45,1186.43,37,144.66,22.1,0.03,2610.14
CDR-D-2000873,2026-09-01 10:17:15,+25565152427,640024079402141,TZ-BUK-001,3G,tigo.internet,4.94,14.72,19.65,41,6.67,70.7,2.24,43.24
CDR-D-2000874,2026-09-04 22:03:11,+25565313701,640028517718126,TZ-TND-001,3G,tigo.pesa.app,24.99,73.76,98.74,26,1.69,91.0,1.58,0.0
CDR-D-2000875,2026-09-01 07:00:31,+25571357232,640027329335818,TZ-KIL-001,4G,tigo.internet,164.7,658.83,823.53,24,21.21,54.3,0.06,1811.77
CDR-D-2000876,2026-09-06 12:51:40,+25565252438,640025348303725,TZ-DOM-003,4G,tigo.pesa.app,212.04,899.07,1111.11,65,39.59,32.0,0.1,0.0
CDR-D-2000877,2026-09-02 05:21:00,+25571517955,640023764023878,TZ-KIL-001,4G,tigo.internet,211.17,854.19,1065.37,52,61.76,36.4,0.29,2343.81
CDR-D-2000878,2026-09-07 19:32:56,+25577800005,640028995059760,TZ-BUK-001,3G,tigo.internet,6.81,30.22,37.03,66,3.56,79.4,1.5,81.46
CDR-D-2000879,2026-09-04 15:51:05,+25571210592,640024074187947,TZ-SHI-001,3G,tigo.internet,8.29,22.72,31.01,59,2.22,82.5,2.14,68.22
CDR-D-2000880,2026-09-07 09:22:35,+25567623125,640027660157097,TZ-MTW-001,4G,tigo.corporate,193.08,948.88,1141.96,71,59.98,40.7,0.26,2512.32
CDR-D-2000881,2026-09-07 10:15:36,+25571551313,640025806644397,TZ-TND-001,3G,tigo.pesa.app,30.9,80.43,111.33,73,2.82,106.6,1.2,0.0
CDR-D-2000882,2026-09-05 18:15:56,+25571272620,640021229657132,TZ-ZNZ-002,4G,tigo.internet,63.22,219.97,283.18,67,34.74,49.8,0.22,623.0
CDR-D-2000883,2026-09-03 20:03:49,+25577286049,640027911193831,TZ-DAR-009,4G,tigo.internet,126.85,566.64,693.5,29,48.86,47.9,0.14,1525.69
CDR-D-2000884,2026-09-07 18:03:10,+25565695578,640024229171556,TZ-MOR-001,4G,tigo.mms,163.9,874.09,1037.99,76,60.17,46.4,0.2,2283.57
CDR-D-2000885,2026-09-07 09:44:45,+25571811267,640024686932034,TZ-DAR-012,5G,tigo.internet,127.81,953.57,1081.39,15,139.42,21.5,0.08,2379.05
CDR-D-2000886,2026-09-05 22:13:02,+25567531690,640027780484666,TZ-GEI-001,4G,tigo.internet,90.58,350.99,441.56,80,57.07,31.1,0.1,971.44
CDR-D-2000887,2026-09-02 18:08:29,+25571151413,640025762636174,TZ-MOR-001,4G,tigo.pesa.app,63.09,281.8,344.89,78,63.27,43.4,0.07,0.0
CDR-D-2000888,2026-09-05 08:55:10,+25567773088,640029403748506,TZ-MWA-003,4G,tigo.internet,42.0,205.28,247.28,75,45.32,32.4,0.29,544.01
CDR-D-2000889,2026-09-01 00:53:40,+25571517710,640028692015091,TZ-BUK-001,3G,tigo.pesa.app,26.4,78.57,104.97,12,5.86,98.6,1.39,0.0
CDR-D-2000890,2026-09-01 14:07:45,+25567780228,640026749782732,TZ-DOM-002,5G,tigo.internet,376.22,2669.14,3045.36,57,237.29,21.5,0.03,6699.79
CDR-D-2000891,2026-09-05 04:05:49,+25571693692,640029290458773,TZ-MBY-002,4G,tigo.corporate,52.37,216.03,268.4,7,57.54,28.7,0.41,590.48
CDR-D-2000892,2026-09-07 08:50:41,+25571711868,640023063511828,TZ-DAR-002,4G,tigo.internet,185.65,714.29,899.94,38,56.13,31.5,0.32,1979.86
CDR-D-2000893,2026-09-02 20:08:26,+25571295472,640029447304615,TZ-ZNZ-003,4G,tigo.pesa.app,42.56,228.87,271.43,65,53.25,30.9,0.18,0.0
CDR-D-2000894,2026-09-03 08:12:31,+25567532949,640028114772251,TZ-DAR-005,4G,tigo.internet,51.43,286.08,337.51,48,12.91,42.2,0.2,742.52
CDR-D-2000895,2026-09-07 09:22:55,+25577710008,640023233866964,TZ-KAH-001,4G,tigo.internet,117.83,702.19,820.02,57,54.22,51.1,0.3,1804.05
CDR-D-2000896,2026-09-06 19:23:00,+25567350280,640026435772945,TZ-DAR-001,5G,tigo.internet,390.3,2861.13,3251.43,6,174.99,18.2,0.07,7153.15
CDR-D-2000897,2026-09-07 13:01:55,+25565742818,640026510997463,TZ-KAH-001,4G,tigo.internet,8.27,32.66,40.93,64,45.81,33.6,0.2,90.05
CDR-D-2000898,2026-09-05 22:24:42,+25577665148,640024148407142,TZ-DAR-013,5G,tigo.internet,229.44,1025.76,1255.21,21,266.27,20.6,0.05,2761.45
CDR-D-2000899,2026-09-02 09:34:53,+25565619333,640021066970190,TZ-KIG-001,3G,tigo.pesa.app,4.63,15.12,19.74,42,4.1,83.5,1.2,0.0
CDR-D-2000900,2026-09-03 23:59:06,+25577713513,640023080515301,TZ-DAR-009,4G,tigo.internet,45.26,153.79,199.05,54,14.28,32.0,0.19,437.91
CDR-D-2000901,2026-09-02 22:39:38,+25565481969,640022986365191,TZ-DAR-005,4G,tigo.internet,103.51,465.53,569.04,78,25.47,53.1,0.27,1251.88
CDR-D-2000902,2026-09-03 19:21:15,+25571698336,640025890868629,TZ-NJO-001,3G,tigo.internet,8.87,30.89,39.76,8,6.42,94.6,0.77,87.48
CDR-D-2000903,2026-09-02 11:38:15,+25577958160,640027539441086,TZ-ZNZ-001,5G,tigo.internet,559.55,3025.54,3585.09,64,120.82,18.5,0.04,7887.21
CDR-D-2000904,2026-09-06 00:04:33,+25577819636,640022952887577,TZ-ZNZ-003,4G,tigo.internet,26.39,110.87,137.26,69,61.3,52.4,0.21,301.97
CDR-D-2000905,2026-09-02 22:21:29,+25577688760,640029848243913,TZ-MAR-001,3G,tigo.corporate,10.16,27.37,37.53,51,5.75,95.0,2.38,82.56
CDR-D-2000906,2026-09-03 11:28:35,+25571279041,640028524236872,TZ-SNG-001,3G,tigo.pesa.app,13.13,51.18,64.31,73,7.07,117.6,2.75,0.0
CDR-D-2000907,2026-09-02 13:05:58,+25571424620,640027695519305,TZ-NJO-001,3G,tigo.internet,14.64,48.04,62.68,37,4.13,89.2,2.25,137.9
CDR-D-2000908,2026-09-04 02:34:22,+25567875501,640023674551397,TZ-ZNZ-002,4G,tigo.internet,161.13,675.38,836.52,51,31.86,44.0,0.25,1840.34
CDR-D-2000909,2026-09-01 22:16:07,+25565249044,640022811432415,TZ-DOM-002,5G,tigo.internet,177.23,1113.2,1290.43,35,268.29,27.6,0.04,2838.95
CDR-D-2000910,2026-09-07 04:09:06,+25567857526,640026094508552,TZ-DAR-010,4G,tigo.internet,262.08,913.66,1175.74,60,18.19,36.1,0.1,2586.63
CDR-D-2000911,2026-09-03 12:51:53,+25577398641,640027598186836,TZ-DAR-013,5G,tigo.pesa.app,472.77,1915.49,2388.26,9,50.6,21.4,0.12,0.0
CDR-D-2000912,2026-09-01 20:49:28,+25567388660,640027455603331,TZ-SHI-001,3G,tigo.internet,23.78,71.86,95.64,80,4.37,108.4,2.58,210.4
CDR-D-2000913,2026-09-03 10:23:35,+25567346120,640025372837607,TZ-MTW-001,4G,tigo.internet,70.51,384.57,455.08,33,61.79,48.8,0.33,1001.19
CDR-D-2000914,2026-09-01 11:23:30,+25565567723,640028414342463,TZ-DAR-012,5G,tigo.internet,314.41,2590.38,2904.79,45,88.62,22.8,0.02,6390.54
CDR-D-2000915,2026-09-05 16:38:02,+25577165431,640023033278918,TZ-MBY-002,4G,tigo.internet,221.76,874.72,1096.48,82,32.08,36.6,0.44,2412.26
CDR-D-2000916,2026-09-02 13:38:52,+25571704430,640028150791910,TZ-SNG-001,3G,tigo.corporate,10.25,44.83,55.08,5,2.1,107.0,0.76,121.17
CDR-D-2000917,2026-09-02 22:50:18,+25577631468,640026900423003,TZ-MWA-001,5G,tigo.pesa.app,313.86,1983.07,2296.93,68,54.9,15.6,0.06,0.0
CDR-D-2000918,2026-09-02 21:27:03,+25567280079,640028684846286,TZ-ARU-003,4G,tigo.pesa.app,244.02,906.05,1150.07,67,56.85,39.6,0.15,0.0
CDR-D-2000919,2026-09-03 07:35:28,+25571551313,640025806644397,TZ-TND-001,3G,tigo.corporate,19.69,78.64,98.33,88,7.45,122.7,0.95,216.33
CDR-D-2000920,2026-09-07 06:39:47,+25577708059,640022362941028,TZ-ARU-003,4G,tigo.internet,237.38,945.32,1182.69,11,45.23,36.1,0.32,2601.93
CDR-D-2000921,2026-09-03 04:04:29,+25567733801,640023468224333,TZ-DOM-001,5G,tigo.internet,29.34,155.85,185.19,72,111.24,24.7,0.06,407.42
CDR-D-2000922,2026-09-06 21:13:02,+25577706424,640026530469438,TZ-DAR-001,5G,tigo.internet,367.07,2632.58,2999.66,26,252.23,16.9,0.13,6599.25
CDR-D-2000923,2026-09-04 12:23:10,+25565830847,640029283911005,TZ-DAR-004,5G,tigo.mms,638.3,2768.71,3407.01,26,144.98,23.7,0.11,7495.42
CDR-D-2000924,2026-09-07 00:26:13,+25571322096,640025025070544,TZ-KIL-003,3G,tigo.internet,21.4,65.68,87.08,75,1.36,72.9,1.82,191.58
CDR-D-2000925,2026-09-02 23:29:36,+25567875501,640023674551397,TZ-ZNZ-002,4G,tigo.internet,221.02,770.96,991.98,38,57.43,45.8,0.38,2182.36
CDR-D-2000926,2026-09-02 10:43:39,+25567779259,640021872395778,TZ-SON-001,3G,tigo.pesa.app,7.33,18.86,26.19,28,1.28,115.3,1.3,0.0
CDR-D-2000927,2026-09-06 14:09:59,+25577871523,640026281827528,TZ-MBY-001,4G,tigo.internet,218.12,739.33,957.45,16,19.81,48.2,0.29,2106.39
CDR-D-2000928,2026-09-07 22:57:15,+25577292259,640028151896308,TZ-GEI-001,4G,tigo.internet,31.68,141.89,173.58,50,49.2,30.1,0.34,381.87
CDR-D-2000929,2026-09-06 15:49:43,+25577611833,640027061419749,TZ-TAR-001,3G,tigo.internet,7.39,18.92,26.31,27,5.9,105.5,1.63,57.87
CDR-D-2000930,2026-09-07 14:25:39,+25565124647,640021069664379,TZ-PWA-002,4G,tigo.corporate,193.31,776.32,969.62,23,37.81,52.6,0.18,2133.17
CDR-D-2000931,2026-09-01 09:15:57,+25567764662,640029471942713,TZ-DAR-009,4G,tigo.pesa.app,169.82,668.87,838.7,17,27.57,31.4,0.24,0.0
CDR-D-2000932,2026-09-05 00:58:37,+25571150243,640025060219510,TZ-TAB-001,3G,tigo.pesa.app,12.66,59.61,72.27,23,1.71,92.3,2.28,0.0
CDR-D-2000933,2026-09-02 12:04:46,+25577443254,640026204041308,TZ-KAH-001,4G,tigo.internet,103.47,386.58,490.05,53,41.22,25.8,0.14,1078.11
CDR-D-2000934,2026-09-05 08:29:47,+25571541550,640025842292127,TZ-DAR-009,4G,tigo.internet,11.05,68.3,79.35,88,40.25,35.6,0.27,174.57
CDR-D-2000935,2026-09-02 21:43:08,+25571317264,640026166847778,TZ-KAH-001,4G,tigo.pesa.app,146.19,497.78,643.97,24,18.42,28.4,0.27,0.0
CDR-D-2000936,2026-09-07 06:58:44,+25577162165,640029557663181,TZ-ZNZ-004,4G,tigo.internet,231.35,861.06,1092.41,35,24.72,54.0,0.19,2403.3
CDR-D-2000937,2026-09-02 03:17:32,+25571638828,640023697368099,TZ-NJO-001,3G,tigo.internet,18.45,52.62,71.07,83,7.24,129.1,1.15,156.35
CDR-D-2000938,2026-09-07 13:28:58,+25571854500,640028822438146,TZ-DAR-015,3G,tigo.internet,15.82,47.8,63.61,40,4.53,107.9,0.73,139.95
CDR-D-2000939,2026-09-07 03:18:56,+25567685126,640029119337640,TZ-DAR-005,4G,tigo.internet,27.42,91.8,119.21,65,46.99,42.1,0.17,262.27
CDR-D-2000940,2026-09-06 09:43:34,+25571556112,640021561387824,TZ-ARU-001,5G,tigo.pesa.app,152.9,767.5,920.4,41,253.43,20.8,0.12,0.0
CDR-D-2000941,2026-09-05 07:30:23,+25571150243,640025060219510,TZ-TAB-001,3G,tigo.internet,6.13,15.97,22.1,48,5.35,130.9,2.34,48.63
CDR-D-2000942,2026-09-06 06:50:25,+25571556112,640021561387824,TZ-ARU-001,5G,tigo.pesa.app,91.66,585.66,677.32,8,217.35,21.5,0.12,0.0
CDR-D-2000943,2026-09-01 06:31:11,+25571837520,640029498435585,TZ-ARU-001,5G,tigo.pesa.app,57.97,280.15,338.12,15,66.96,14.0,0.14,0.0
CDR-D-2000944,2026-09-05 18:23:23,+25567275133,640025491326131,TZ-DAR-009,4G,tigo.corporate,63.0,358.67,421.67,54,63.9,26.9,0.23,927.67
CDR-D-2000945,2026-09-02 15:15:38,+25565440786,640025916991713,TZ-SON-001,3G,tigo.internet,20.63,71.06,91.69,66,2.48,125.7,0.68,201.71
CDR-D-2000946,2026-09-07 04:37:09,+25567337288,640026130446648,TZ-DAR-005,4G,tigo.internet,69.29,350.56,419.85,65,60.55,29.6,0.35,923.66
CDR-D-2000947,2026-09-05 14:33:53,+25577871043,640021813743830,TZ-DAR-005,4G,tigo.internet,5.63,26.97,32.6,46,35.23,37.0,0.3,71.73
CDR-D-2000948,2026-09-05 23:50:18,+25571434617,640026333223513,TZ-KIL-002,3G,tigo.pesa.app,24.56,67.78,92.34,78,4.83,79.5,0.72,0.0
CDR-D-2000949,2026-09-02 16:01:11,+25567322022,640023201397080,TZ-TND-001,3G,tigo.internet,26.12,67.68,93.8,36,6.95,80.0,2.26,206.37
CDR-D-2000950,2026-09-01 00:22:15,+25571972831,640023079834001,TZ-MOR-001,4G,tigo.internet,91.95,525.23,617.18,78,20.21,41.1,0.08,1357.8
CDR-D-2000951,2026-09-06 18:07:09,+25571969070,640024618907753,TZ-IRI-001,4G,tigo.corporate,111.16,470.63,581.78,5,14.95,53.2,0.25,1279.93
CDR-D-2000952,2026-09-03 15:14:26,+25567278026,640029674596936,TZ-MWA-001,5G,tigo.internet,541.62,3169.0,3710.62,87,261.93,22.9,0.03,8163.37
CDR-D-2000953,2026-09-07 17:00:28,+25567833602,640025074682264,TZ-MOR-001,4G,tigo.pesa.app,54.94,197.63,252.57,85,54.44,35.5,0.11,0.0
CDR-D-2000954,2026-09-05 03:13:52,+25567231113,640028366710477,TZ-TAN-003,3G,tigo.internet,18.64,60.43,79.07,64,7.3,125.3,2.11,173.96
CDR-D-2000955,2026-09-07 11:16:37,+25577396376,640027763780950,TZ-DOM-001,5G,tigo.internet,188.64,1486.07,1674.7,74,77.24,21.3,0.07,3684.34
CDR-D-2000956,2026-09-03 22:29:15,+25565906325,640029434381915,TZ-NJO-001,3G,tigo.internet,9.25,28.5,37.75,44,2.06,98.0,0.69,83.04
CDR-D-2000957,2026-09-03 04:15:58,+25565967977,640021032545020,TZ-KIL-003,3G,tigo.internet,14.88,52.59,67.46,15,6.54,70.3,2.29,148.42
CDR-D-2000958,2026-09-07 08:41:56,+25577532458,640029646924796,TZ-ZNZ-002,4G,tigo.internet,50.52,249.72,300.24,37,35.88,47.6,0.21,660.52
CDR-D-2000959,2026-09-06 05:11:30,+25571279041,640028524236872,TZ-SNG-001,3G,tigo.internet,10.41,30.43,40.84,37,3.07,114.1,1.18,89.84
CDR-D-2000960,2026-09-05 04:08:49,+25565145939,640021549034032,TZ-DOM-002,5G,tigo.internet,620.68,3196.63,3817.31,48,211.68,18.3,0.14,8398.08
CDR-D-2000961,2026-09-02 23:45:59,+25577398641,640027598186836,TZ-DAR-013,5G,tigo.internet,416.05,2801.77,3217.81,33,70.85,17.0,0.14,7079.19
CDR-D-2000962,2026-09-04 04:07:27,+25567435581,640023598804887,TZ-TAN-002,3G,tigo.internet,9.18,23.88,33.06,31,3.87,128.9,1.68,72.74
CDR-D-2000963,2026-09-03 22:45:51,+25577350164,640023666637135,TZ-MWA-002,4G,tigo.internet,49.86,240.2,290.06,9,28.97,29.0,0.42,638.14
CDR-D-2000964,2026-09-02 18:25:47,+25567436241,640023986257683,TZ-SON-001,3G,tigo.internet,15.92,42.58,58.5,90,1.83,116.0,2.09,128.69
CDR-D-2000965,2026-09-07 07:57:38,+25577130914,640022832508021,TZ-MBY-001,4G,tigo.internet,64.3,250.21,314.5,38,63.41,28.8,0.3,691.91
CDR-D-2000966,2026-09-05 03:58:46,+25571897376,640022308423044,TZ-DAR-015,3G,tigo.internet,12.01,48.11,60.12,83,6.49,91.9,0.78,132.26
CDR-D-2000967,2026-09-06 21:14:30,+25567967359,640025145057803,TZ-MWA-003,4G,tigo.internet,53.41,207.57,260.98,70,32.74,33.2,0.31,574.16
CDR-D-2000968,2026-09-06 08:19:43,+25567128996,640021740422125,TZ-DAR-010,4G,tigo.corporate,7.94,29.96,37.91,63,60.84,51.5,0.08,83.39
CDR-D-2000969,2026-09-02 13:47:56,+25571592879,640024210581718,TZ-DAR-003,5G,tigo.internet,70.72,473.23,543.95,53,245.32,22.0,0.06,1196.7
CDR-D-2000970,2026-09-03 01:30:22,+25567773088,640029403748506,TZ-MWA-003,4G,tigo.internet,236.55,803.05,1039.6,8,32.44,34.5,0.37,2287.11
CDR-D-2000971,2026-09-02 16:13:09,+25571897861,640022842334552,TZ-PWA-002,4G,tigo.mms,43.06,158.1,201.16,9,63.84,42.7,0.33,442.56
CDR-D-2000972,2026-09-02 17:20:37,+25577493214,640026349956494,TZ-PWA-002,4G,tigo.internet,132.09,551.86,683.95,21,39.15,40.6,0.36,1504.69
CDR-D-2000973,2026-09-04 23:22:53,+25565302299,640028321459188,TZ-ZNZ-004,4G,tigo.internet,24.84,154.73,179.57,63,24.24,32.8,0.39,395.04
CDR-D-2000974,2026-09-06 01:17:47,+25565760120,640023201784149,TZ-TAB-001,3G,tigo.internet,19.97,76.69,96.66,73,2.04,139.0,2.44,212.65
CDR-D-2000975,2026-09-03 16:14:15,+25571625245,640025539136501,TZ-TAB-001,3G,tigo.corporate,22.32,56.9,79.22,14,6.5,104.9,2.76,174.29
CDR-D-2000976,2026-09-07 19:41:35,+25567780228,640026749782732,TZ-DOM-002,5G,tigo.internet,444.26,2597.46,3041.72,74,206.97,22.7,0.08,6691.78
CDR-D-2000977,2026-09-02 00:03:00,+25565644719,640021417124022,TZ-MBY-002,4G,tigo.internet,102.14,655.08,757.21,30,14.41,40.9,0.24,1665.87
CDR-D-2000978,2026-09-03 05:14:14,+25565178315,640025052536540,TZ-ARU-001,5G,tigo.internet,127.14,556.29,683.43,67,63.03,26.9,0.08,1503.55
CDR-D-2000979,2026-09-07 03:50:18,+25577863481,640026041077282,TZ-MAR-001,3G,tigo.pesa.app,9.43,30.97,40.4,90,5.82,101.5,1.35,0.0
CDR-D-2000980,2026-09-05 06:33:20,+25571940867,640026468339996,TZ-MWA-002,4G,tigo.internet,189.8,916.4,1106.2,67,55.64,53.0,0.36,2433.64
CDR-D-2000981,2026-09-01 02:49:09,+25567230620,640023646900831,TZ-MOR-001,4G,tigo.internet,11.64,58.42,70.06,15,41.03,46.3,0.25,154.13
CDR-D-2000982,2026-09-05 07:14:22,+25567322022,640023201397080,TZ-TND-001,3G,tigo.corporate,21.24,77.69,98.93,36,5.4,91.8,0.76,217.65
CDR-D-2000983,2026-09-05 21:58:52,+25571311807,640025369429238,TZ-DOM-003,4G,tigo.internet,50.95,272.63,323.58,70,42.74,36.2,0.3,711.87
CDR-D-2000984,2026-09-01 13:30:35,+25565460934,640023765321240,TZ-TAR-001,3G,tigo.pesa.app,18.37,84.25,102.62,16,6.58,123.6,2.49,0.0
CDR-D-2000985,2026-09-07 15:48:33,+25577922149,640023381395514,TZ-MOR-001,4G,tigo.internet,18.05,61.46,79.51,27,52.03,27.3,0.17,174.91
CDR-D-2000986,2026-09-07 12:13:25,+25577481242,640026730698191,TZ-KIL-001,4G,tigo.internet,12.27,55.86,68.13,49,27.97,37.5,0.15,149.89
CDR-D-2000987,2026-09-06 18:58:12,+25571586501,640022824643661,TZ-DAR-003,5G,tigo.internet,170.51,1101.86,1272.37,32,94.66,21.0,0.13,2799.21
CDR-D-2000988,2026-09-06 22:12:35,+25567218881,640026728563635,TZ-TAN-001,4G,tigo.corporate,221.43,806.67,1028.1,35,19.99,31.3,0.22,2261.81
CDR-D-2000989,2026-09-03 13:10:21,+25577188759,640027901388916,TZ-DAR-012,5G,tigo.corporate,310.99,2469.79,2780.78,37,46.33,20.0,0.12,6117.71
CDR-D-2000990,2026-09-06 21:02:20,+25571916902,640028562837321,TZ-DAR-011,4G,tigo.internet,79.52,491.94,571.46,83,36.95,26.6,0.1,1257.21
CDR-D-2000991,2026-09-06 23:20:46,+25577486469,640028674417535,TZ-TAN-002,3G,tigo.internet,24.86,63.84,88.69,34,6.18,101.5,1.81,195.12
CDR-D-2000992,2026-09-06 18:39:49,+25565950083,640028254773516,TZ-DAR-004,5G,tigo.internet,232.37,1020.97,1253.34,27,123.21,21.4,0.12,2757.36
CDR-D-2000993,2026-09-02 20:18:18,+25577863481,640026041077282,TZ-MAR-001,3G,tigo.internet,13.32,44.95,58.27,20,5.15,85.5,1.15,128.19
CDR-D-2000994,2026-09-03 00:48:47,+25577489616,640024789808025,TZ-MBY-002,4G,tigo.internet,148.43,897.9,1046.33,56,15.33,27.6,0.27,2301.93
CDR-D-2000995,2026-09-04 16:01:49,+25571517710,640028692015091,TZ-BUK-001,3G,tigo.internet,20.1,65.78,85.88,29,1.61,80.0,1.79,188.94
CDR-D-2000996,2026-09-02 20:02:56,+25565567723,640028414342463,TZ-DAR-012,5G,tigo.internet,283.6,1474.4,1758.0,30,236.02,22.2,0.11,3867.59
CDR-D-2000997,2026-09-05 11:43:46,+25577532993,640022699984810,TZ-TAN-003,3G,tigo.internet,24.93,74.25,99.18,7,1.41,123.7,1.86,218.2
CDR-D-2000998,2026-09-07 17:22:22,+25571565992,640029112676784,TZ-DAR-008,4G,tigo.internet,115.95,491.92,607.87,56,41.9,37.7,0.15,1337.31
CDR-D-2000999,2026-09-04 14:11:55,+25571583607,640027674841448,TZ-TND-001,3G,tigo.mms,17.44,66.94,84.38,20,5.78,102.2,1.91,185.64
CDR-D-2001000,2026-09-03 05:18:32,+25567741390,640023271782991,TZ-DAR-007,4G,tigo.internet,173.73,863.93,1037.66,11,54.68,41.8,0.36,2282.84
CDR-D-2001001,2026-09-07 00:11:42,+25571737460,640026638851791,TZ-PWA-001,4G,tigo.internet,49.28,315.38,364.66,15,37.94,50.5,0.37,802.24
CDR-D-2001002,2026-09-01 06:43:07,+25567850689,640022943612110,TZ-MTW-001,4G,tigo.internet,172.78,791.19,963.97,77,23.24,41.4,0.25,2120.73
CDR-D-2001003,2026-09-05 04:58:37,+25571977504,640029213466250,TZ-DOM-001,5G,tigo.internet,341.71,2449.24,2790.95,3,218.91,16.6,0.14,6140.09
CDR-D-2001004,2026-09-07 11:33:54,+25567403257,640021719442108,TZ-DOM-003,4G,tigo.internet,154.29,791.94,946.24,25,46.93,53.5,0.34,2081.72
CDR-D-2001005,2026-09-03 09:22:25,+25571891775,640021500275778,TZ-DAR-002,4G,tigo.internet,126.72,772.53,899.25,49,48.75,47.0,0.05,1978.36
CDR-D-2001006,2026-09-04 07:48:46,+25565151295,640021793881710,TZ-KAH-001,4G,tigo.internet,205.12,900.91,1106.04,48,22.0,32.6,0.18,2433.28
CDR-D-2001007,2026-09-05 22:49:40,+25577631468,640026900423003,TZ-MWA-001,5G,tigo.corporate,292.28,2159.6,2451.88,54,199.6,13.2,0.08,5394.14
CDR-D-2001008,2026-09-03 00:02:59,+25577426592,640021848411797,TZ-MBY-002,4G,tigo.corporate,224.93,937.36,1162.29,82,46.07,40.1,0.37,2557.04
CDR-D-2001009,2026-09-05 10:44:30,+25565982277,640024921003983,TZ-TAN-001,4G,tigo.corporate,38.74,177.17,215.9,37,58.23,54.9,0.19,474.99
CDR-D-2001010,2026-09-05 08:23:02,+25567451367,640022846920487,TZ-DOM-003,4G,tigo.pesa.app,10.22,37.89,48.11,31,15.3,45.8,0.36,0.0
CDR-D-2001011,2026-09-01 09:40:20,+25567297731,640027702529931,TZ-DAR-015,3G,tigo.mms,23.46,65.89,89.35,19,3.06,118.7,0.9,196.57
CDR-D-2001012,2026-09-06 11:59:05,+25571715357,640027754396844,TZ-IRI-001,4G,tigo.internet,100.8,364.3,465.09,50,23.53,35.4,0.36,1023.21
CDR-D-2001013,2026-09-04 12:25:53,+25571694822,640023160997637,TZ-BUK-001,3G,tigo.internet,24.98,77.53,102.52,6,3.64,123.5,2.67,225.54
CDR-D-2001014,2026-09-02 03:34:19,+25565592584,640024193557045,TZ-DAR-001,5G,tigo.internet,217.06,1003.39,1220.45,56,111.67,13.3,0.06,2685.0
CDR-D-2001015,2026-09-04 15:10:24,+25567219550,640024370518841,TZ-DAR-013,5G,tigo.internet,361.5,2779.51,3141.0,38,88.42,26.9,0.01,6910.21
CDR-D-2001016,2026-09-06 20:09:17,+25577557485,640028405290236,TZ-PWA-002,4G,tigo.corporate,23.46,89.28,112.74,74,18.35,44.9,0.43,248.03
CDR-D-2001017,2026-09-06 17:29:03,+25567418801,640026649334064,TZ-MWA-002,4G,tigo.internet,8.94,29.94,38.88,13,14.19,41.2,0.09,85.53
CDR-D-2001018,2026-09-05 22:23:42,+25577990691,640029121545413,TZ-MOR-001,4G,tigo.pesa.app,102.06,623.89,725.95,70,64.02,47.3,0.24,0.0
CDR-D-2001019,2026-09-04 22:18:57,+25577144284,640027808417605,TZ-TAN-003,3G,tigo.corporate,6.92,33.32,40.23,2,4.97,75.9,2.62,88.52
CDR-D-2001020,2026-09-07 10:47:34,+25567197545,640029141445255,TZ-KIL-003,3G,tigo.internet,15.72,72.76,88.48,75,4.33,76.5,2.16,194.66
CDR-D-2001021,2026-09-02 17:55:08,+25565708512,640027494878720,TZ-KIL-003,3G,tigo.internet,20.26,58.88,79.14,32,2.08,129.9,0.94,174.1
CDR-D-2001022,2026-09-06 19:27:48,+25565412534,640025077921573,TZ-DAR-006,4G,tigo.internet,84.5,525.66,610.16,87,27.32,45.6,0.08,1342.35
CDR-D-2001023,2026-09-05 10:11:16,+25567847362,640028055515912,TZ-TAR-001,3G,tigo.pesa.app,17.95,63.28,81.22,69,2.1,122.5,0.62,0.0
CDR-D-2001024,2026-09-02 15:07:11,+25577489616,640024789808025,TZ-MBY-002,4G,tigo.internet,21.65,107.08,128.73,40,57.06,34.1,0.07,283.2
CDR-D-2001025,2026-09-03 22:05:11,+25571625245,640025539136501,TZ-TAB-001,3G,tigo.mms,16.14,50.21,66.35,32,4.69,114.1,2.3,145.97
CDR-D-2001026,2026-09-06 11:54:55,+25565714867,640024735313433,TZ-DAR-010,4G,tigo.internet,10.78,56.27,67.05,55,38.74,53.2,0.22,147.51
CDR-D-2001027,2026-09-07 21:58:19,+25571940867,640026468339996,TZ-MWA-002,4G,tigo.corporate,69.97,318.26,388.22,80,42.55,34.9,0.11,854.09
CDR-D-2001028,2026-09-05 05:36:04,+25571738720,640023727210979,TZ-DOM-002,5G,tigo.internet,503.72,2103.24,2606.96,50,88.28,26.8,0.09,5735.31
CDR-D-2001029,2026-09-05 20:10:23,+25565179688,640022043030161,TZ-DAR-003,5G,tigo.internet,248.03,1288.12,1536.15,87,106.81,21.9,0.08,3379.53
CDR-D-2001030,2026-09-07 10:30:06,+25577403922,640029673945502,TZ-ZNZ-001,5G,tigo.pesa.app,574.7,2651.77,3226.47,62,223.49,19.0,0.13,0.0
CDR-D-2001031,2026-09-04 09:45:55,+25577990691,640029121545413,TZ-MOR-001,4G,tigo.internet,10.04,33.74,43.78,18,57.88,28.6,0.36,96.31
CDR-D-2001032,2026-09-01 01:04:10,+25571857168,640024919706735,TZ-DOM-001,5G,tigo.pesa.app,400.06,1779.7,2179.76,21,158.52,19.3,0.04,0.0
CDR-D-2001033,2026-09-03 00:00:10,+25565596427,640022463309671,TZ-DAR-003,5G,tigo.corporate,535.61,3134.38,3669.99,79,76.09,27.1,0.13,8073.97
CDR-D-2001034,2026-09-05 19:56:28,+25571365617,640022283392443,TZ-DAR-001,5G,tigo.internet,71.77,494.68,566.44,67,149.93,15.5,0.07,1246.18
CDR-D-2001035,2026-09-04 23:52:42,+25565894586,640021878587567,TZ-PWA-001,4G,tigo.internet,47.4,256.81,304.21,38,32.08,46.8,0.2,669.26
CDR-D-2001036,2026-09-03 23:10:17,+25571391334,640022817174845,TZ-PWA-001,4G,tigo.internet,147.78,621.98,769.76,7,45.86,29.7,0.3,1693.47
CDR-D-2001037,2026-09-07 05:49:09,+25577464863,640027048809022,TZ-TAN-002,3G,tigo.pesa.app,28.61,80.23,108.84,88,4.53,102.9,1.42,0.0
CDR-D-2001038,2026-09-03 00:14:42,+25567179721,640026061557739,TZ-NJO-001,3G,tigo.pesa.app,19.25,61.59,80.85,39,3.81,99.2,1.47,0.0
CDR-D-2001039,2026-09-04 14:09:03,+25565158589,640023334799664,TZ-KAH-001,4G,tigo.internet,98.27,485.19,583.46,21,31.35,36.1,0.44,1283.61
CDR-D-2001040,2026-09-07 08:30:49,+25565730645,640022644360541,TZ-GEI-001,4G,tigo.internet,129.71,847.29,977.0,71,47.24,43.9,0.28,2149.41
CDR-D-2001041,2026-09-03 15:10:46,+25571860053,640025201221330,TZ-DAR-010,4G,tigo.internet,132.94,548.51,681.45,19,30.35,27.7,0.08,1499.18
CDR-D-2001042,2026-09-02 13:43:49,+25577556329,640023341267390,TZ-KAH-001,4G,tigo.corporate,189.77,937.12,1126.89,61,57.77,31.2,0.13,2479.16
CDR-D-2001043,2026-09-02 14:00:19,+25567220465,640028570333548,TZ-MBY-001,4G,tigo.pesa.app,16.13,84.8,100.92,6,50.24,37.0,0.2,0.0
CDR-D-2001044,2026-09-01 03:22:33,+25567430036,640026859140780,TZ-TAN-003,3G,tigo.internet,19.38,49.09,68.48,8,1.34,97.5,2.1,150.65
CDR-D-2001045,2026-09-04 12:15:57,+25565961224,640029334888790,TZ-DAR-005,4G,tigo.pesa.app,112.77,655.54,768.31,53,48.17,27.3,0.44,0.0
CDR-D-2001046,2026-09-04 13:01:44,+25571583607,640027674841448,TZ-TND-001,3G,tigo.internet,22.22,59.01,81.22,24,4.04,76.9,0.54,178.69
CDR-D-2001047,2026-09-02 21:29:34,+25565863209,640029108060197,TZ-MWA-002,4G,tigo.internet,77.01,379.2,456.22,58,20.94,42.3,0.06,1003.67
CDR-D-2001048,2026-09-01 03:36:15,+25565779068,640023253473926,TZ-DAR-009,4G,tigo.pesa.app,127.21,614.08,741.29,34,31.94,30.4,0.32,0.0
CDR-D-2001049,2026-09-05 14:12:41,+25567454584,640025643541357,TZ-IRI-001,4G,tigo.internet,18.86,66.28,85.14,63,25.57,31.4,0.06,187.3
CDR-D-2001050,2026-09-06 15:15:27,+25565760120,640023201784149,TZ-TAB-001,3G,tigo.internet,18.74,50.26,69.0,70,2.99,87.7,1.08,151.8
CDR-D-2001051,2026-09-02 05:36:34,+25577107993,640026031017972,TZ-ZNZ-004,4G,tigo.internet,26.82,175.14,201.96,10,50.92,25.2,0.41,444.31
CDR-D-2001052,2026-09-01 01:52:40,+25567625772,640025477330907,TZ-DAR-004,5G,tigo.internet,163.18,743.34,906.53,35,78.35,16.1,0.11,1994.36
CDR-D-2001053,2026-09-07 05:41:10,+25571711868,640023063511828,TZ-DAR-002,4G,tigo.pesa.app,166.71,590.05,756.76,23,12.82,26.9,0.39,0.0
CDR-D-2001054,2026-09-02 21:46:05,+25577292259,640028151896308,TZ-GEI-001,4G,tigo.internet,157.46,682.91,840.37,71,36.8,46.7,0.14,1848.82
CDR-D-2001055,2026-09-06 20:41:54,+25577277965,640021131877388,TZ-DAR-001,5G,tigo.internet,409.31,2961.64,3370.95,72,195.11,27.6,0.04,7416.08
CDR-D-2001056,2026-09-02 14:39:37,+25567709291,640028240940498,TZ-SNG-001,3G,tigo.pesa.app,18.85,80.64,99.49,57,3.77,123.1,0.98,0.0
CDR-D-2001057,2026-09-02 22:52:49,+25577355479,640021174800445,TZ-DAR-006,4G,tigo.internet,57.1,243.04,300.14,21,17.89,40.7,0.34,660.31
CDR-D-2001058,2026-09-06 17:00:47,+25577332060,640023685585090,TZ-KIL-002,3G,tigo.internet,12.84,60.95,73.78,4,2.88,92.4,2.31,162.33
CDR-D-2001059,2026-09-03 16:29:09,+25571360247,640028578226896,TZ-SNG-001,3G,tigo.internet,10.83,28.42,39.24,24,4.68,137.0,1.39,86.33
CDR-D-2001060,2026-09-07 17:27:08,+25565691353,640026719736115,TZ-MWA-002,4G,tigo.pesa.app,64.59,252.18,316.78,9,56.16,41.5,0.07,0.0
CDR-D-2001061,2026-09-05 02:42:30,+25577755853,640029894308703,TZ-TAB-001,3G,tigo.corporate,11.89,32.18,44.08,49,4.91,101.7,1.47,96.97
CDR-D-2001062,2026-09-04 09:48:07,+25577343170,640024067853612,TZ-MWA-001,5G,tigo.pesa.app,51.66,371.69,423.35,15,214.8,19.0,0.15,0.0
CDR-D-2001063,2026-09-05 15:28:50,+25567220465,640028570333548,TZ-MBY-001,4G,tigo.internet,157.27,608.13,765.41,84,38.95,25.2,0.13,1683.89
CDR-D-2001064,2026-09-03 14:59:36,+25571189814,640028438486479,TZ-DOM-002,5G,tigo.internet,62.45,499.53,561.98,63,214.29,25.1,0.13,1236.36
CDR-D-2001065,2026-09-03 14:15:04,+25577345224,640028550030472,TZ-DOM-001,5G,tigo.internet,39.77,308.16,347.93,45,224.2,27.6,0.1,765.44
CDR-D-2001066,2026-09-05 08:53:30,+25571979827,640024636537575,TZ-ZNZ-001,5G,tigo.pesa.app,440.51,1972.06,2412.57,15,113.86,17.0,0.11,0.0
CDR-D-2001067,2026-09-06 00:45:23,+25571544787,640023126801368,TZ-TAN-002,3G,tigo.internet,20.72,73.3,94.02,64,1.56,71.1,0.57,206.85
CDR-D-2001068,2026-09-07 16:57:48,+25571890110,640024234059678,TZ-ARU-001,5G,tigo.internet,490.72,2486.51,2977.23,65,225.74,18.9,0.06,6549.9
CDR-D-2001069,2026-09-03 20:05:27,+25577599028,640025534356444,TZ-TAN-002,3G,tigo.corporate,15.73,61.98,77.72,30,4.04,107.6,2.09,170.98
CDR-D-2001070,2026-09-07 02:46:22,+25565869575,640028265726536,TZ-TAB-001,3G,tigo.internet,6.67,28.32,35.0,71,4.06,126.7,1.06,76.99
CDR-D-2001071,2026-09-03 07:58:09,+25567833723,640027614170462,TZ-PWA-002,4G,tigo.internet,203.78,782.02,985.8,88,26.37,40.5,0.1,2168.75
CDR-D-2001072,2026-09-04 19:16:25,+25577735612,640028955977853,TZ-DAR-003,5G,tigo.internet,386.85,2249.78,2636.63,34,267.38,25.2,0.03,5800.58
CDR-D-2001073,2026-09-07 17:56:37,+25567894462,640024751511984,TZ-DAR-012,5G,tigo.internet,293.66,2302.67,2596.33,66,271.24,26.3,0.11,5711.93
CDR-D-2001074,2026-09-02 08:12:18,+25577871043,640021813743830,TZ-DAR-005,4G,tigo.internet,55.24,327.22,382.47,56,43.97,42.2,0.11,841.42
CDR-D-2001075,2026-09-02 07:39:36,+25565625986,640026761334796,TZ-ZNZ-001,5G,tigo.corporate,640.52,2712.9,3353.42,34,47.65,16.6,0.05,7377.52
CDR-D-2001076,2026-09-05 19:50:38,+25577684352,640028310239458,TZ-KIL-003,3G,tigo.internet,11.59,53.36,64.95,3,6.53,139.7,1.04,142.89
CDR-D-2001077,2026-09-03 19:00:07,+25567740216,640027827476439,TZ-DAR-005,4G,tigo.corporate,212.55,752.4,964.95,6,34.52,45.8,0.11,2122.88
CDR-D-2001078,2026-09-01 12:48:07,+25567139286,640025334769475,TZ-DAR-009,4G,tigo.internet,191.42,752.76,944.18,11,23.87,25.3,0.14,2077.2
CDR-D-2001079,2026-09-02 04:22:49,+25577850151,640022112380464,TZ-BUK-001,3G,tigo.internet,16.3,68.09,84.39,5,6.48,103.5,1.24,185.66
CDR-D-2001080,2026-09-04 18:30:43,+25567388660,640027455603331,TZ-SHI-001,3G,tigo.corporate,7.68,38.12,45.8,28,1.47,90.5,0.69,100.75
CDR-D-2001081,2026-09-05 12:32:43,+25571993140,640027586857685,TZ-MBY-002,4G,tigo.internet,197.39,945.85,1143.24,54,34.14,53.5,0.08,2515.12
CDR-D-2001082,2026-09-04 04:43:44,+25567578364,640026326403406,TZ-MWA-002,4G,tigo.internet,77.47,418.68,496.14,62,30.31,51.2,0.21,1091.52
CDR-D-2001083,2026-09-06 08:51:01,+25571909539,640025762969204,TZ-ZNZ-002,4G,tigo.internet,34.69,221.1,255.8,57,20.16,44.9,0.15,562.75
CDR-D-2001084,2026-09-06 02:43:15,+25565875089,640025595336790,TZ-MWA-002,4G,tigo.internet,141.97,945.95,1087.92,12,13.42,40.1,0.09,2393.42
CDR-D-2001085,2026-09-07 00:50:49,+25565478873,640026972537466,TZ-ZNZ-003,4G,tigo.pesa.app,33.89,127.18,161.07,81,37.76,29.6,0.4,0.0
CDR-D-2001086,2026-09-05 10:49:55,+25565803175,640022509825605,TZ-MAR-001,3G,tigo.internet,20.76,57.04,77.8,58,3.88,73.2,2.36,171.15
CDR-D-2001087,2026-09-06 18:52:55,+25571972831,640023079834001,TZ-MOR-001,4G,tigo.internet,77.93,509.42,587.35,73,45.86,48.2,0.29,1292.18
CDR-D-2001088,2026-09-07 15:20:49,+25577489616,640024789808025,TZ-MBY-002,4G,tigo.internet,125.84,672.2,798.04,25,14.67,53.6,0.35,1755.68
CDR-D-2001089,2026-09-05 04:21:11,+25577909047,640023152108884,TZ-TAN-001,4G,tigo.internet,61.11,270.95,332.06,55,35.84,39.8,0.27,730.53
CDR-D-2001090,2026-09-05 05:51:01,+25577752944,640026784307829,TZ-DAR-015,3G,tigo.pesa.app,5.31,14.54,19.85,31,5.58,69.4,2.52,0.0
CDR-D-2001091,2026-09-03 04:09:21,+25565137609,640025200090187,TZ-TAN-001,4G,tigo.pesa.app,115.47,735.55,851.02,10,18.32,44.6,0.09,0.0
CDR-D-2001092,2026-09-07 13:46:08,+25567741390,640023271782991,TZ-DAR-007,4G,tigo.internet,245.29,848.13,1093.42,55,32.37,44.5,0.38,2405.53
CDR-D-2001093,2026-09-03 07:44:16,+25567531690,640027780484666,TZ-GEI-001,4G,tigo.internet,109.35,602.95,712.3,15,16.45,30.6,0.2,1567.06
CDR-D-2001094,2026-09-06 23:05:17,+25567955792,640025250149467,TZ-ARU-002,4G,tigo.corporate,140.03,555.88,695.91,69,48.3,32.0,0.39,1531.0
CDR-D-2001095,2026-09-05 21:12:25,+25567983241,640027476052850,TZ-MTW-001,4G,tigo.internet,155.44,690.72,846.16,37,44.7,51.1,0.42,1861.55
CDR-D-2001096,2026-09-05 16:14:01,+25577203996,640024717261214,TZ-ZNZ-002,4G,tigo.corporate,212.38,855.51,1067.88,71,31.56,39.7,0.11,2349.34
CDR-D-2001097,2026-09-04 07:56:47,+25577975355,640027142172699,TZ-ZNZ-003,4G,tigo.internet,81.78,532.99,614.77,87,63.69,39.3,0.24,1352.49
CDR-D-2001098,2026-09-03 09:30:22,+25577815309,640025223195646,TZ-IRI-001,4G,tigo.internet,190.92,640.78,831.7,10,12.51,54.0,0.29,1829.74
CDR-D-2001099,2026-09-06 10:51:46,+25571867543,640026896899328,TZ-DOM-003,4G,tigo.internet,99.22,332.27,431.49,16,52.0,41.4,0.17,949.28
CDR-D-2001100,2026-09-01 02:27:04,+25567115552,640028633387715,TZ-IRI-001,4G,tigo.internet,128.85,832.34,961.19,51,15.89,38.7,0.39,2114.62
CDR-D-2001101,2026-09-04 12:00:10,+25567479167,640022115406331,TZ-BUK-001,3G,tigo.internet,1.83,6.61,8.44,37,5.26,126.9,2.02,18.56
CDR-D-2001102,2026-09-02 07:40:32,+25571747561,640021973627242,TZ-PEM-001,3G,tigo.internet,9.36,31.98,41.34,86,4.57,80.2,0.57,90.95
CDR-D-2001103,2026-09-07 20:08:47,+25567773088,640029403748506,TZ-MWA-003,4G,tigo.corporate,123.19,606.11,729.31,40,51.74,36.6,0.21,1604.47
CDR-D-2001104,2026-09-07 20:58:13,+25571284267,640029055262383,TZ-TAN-001,4G,tigo.corporate,218.92,780.05,998.97,9,48.18,37.6,0.11,2197.74
CDR-D-2001105,2026-09-02 01:27:19,+25565144887,640023871553289,TZ-IRI-001,4G,tigo.internet,143.04,733.25,876.29,49,27.84,39.1,0.3,1927.83
CDR-D-2001106,2026-09-04 19:09:43,+25567333517,640025690636423,TZ-MWA-003,4G,tigo.internet,132.34,679.87,812.21,18,52.62,35.9,0.33,1786.86
CDR-D-2001107,2026-09-03 19:59:19,+25565571413,640027838460497,TZ-DAR-005,4G,tigo.internet,89.73,356.37,446.1,79,62.38,28.6,0.28,981.42
CDR-D-2001108,2026-09-06 01:01:28,+25577486469,640028674417535,TZ-TAN-002,3G,tigo.pesa.app,1.72,5.52,7.23,66,5.2,125.3,2.31,0.0
CDR-D-2001109,2026-09-07 07:51:23,+25577805486,640024266466941,TZ-DAR-003,5G,tigo.internet,106.22,580.23,686.45,28,127.14,26.0,0.03,1510.18
CDR-D-2001110,2026-09-02 23:18:02,+25571305803,640027037934438,TZ-MOR-001,4G,tigo.mms,114.46,414.62,529.08,36,26.6,34.5,0.41,1163.97
CDR-D-2001111,2026-09-07 07:25:31,+25567739711,640023079537716,TZ-PEM-001,3G,tigo.internet,15.37,72.63,88.0,64,1.86,121.8,1.57,193.6
CDR-D-2001112,2026-09-01 12:03:57,+25567413612,640021348447276,TZ-DAR-004,5G,tigo.internet,574.84,3160.34,3735.18,81,82.77,17.4,0.08,8217.4
CDR-D-2001113,2026-09-01 16:55:22,+25567309991,640029549825267,TZ-SNG-001,3G,tigo.mms,9.83,45.6,55.43,62,3.15,72.1,0.63,121.95
CDR-D-2001114,2026-09-01 04:22:11,+25571618951,640025470166352,TZ-DAR-010,4G,tigo.internet,45.93,291.54,337.47,73,24.42,32.8,0.29,742.43
CDR-D-2001115,2026-09-03 05:59:36,+25577472039,640021746087503,TZ-DAR-002,4G,tigo.mms,144.1,774.63,918.73,62,26.57,49.1,0.17,2021.21
CDR-D-2001116,2026-09-05 23:21:55,+25565745414,640027739255769,TZ-TAB-001,3G,tigo.internet,10.68,37.54,48.23,51,6.5,114.3,1.79,106.1
CDR-D-2001117,2026-09-04 14:04:10,+25565318742,640026394175396,TZ-ZNZ-003,4G,tigo.internet,106.17,697.71,803.87,52,61.31,26.1,0.1,1768.52
CDR-D-2001118,2026-09-02 01:57:25,+25571650768,640029297920183,TZ-DAR-012,5G,tigo.mms,69.2,481.73,550.93,49,203.25,16.8,0.09,1212.05
CDR-D-2001119,2026-09-04 06:49:28,+25577749813,640023934040683,TZ-TND-001,3G,tigo.internet,10.57,47.92,58.49,82,2.43,81.4,1.07,128.67
CDR-D-2001120,2026-09-07 13:43:00,+25565318742,640026394175396,TZ-ZNZ-003,4G,tigo.internet,120.15,777.07,897.22,16,15.73,49.0,0.27,1973.89
CDR-D-2001121,2026-09-03 02:25:28,+25571162099,640028538395894,TZ-PWA-001,4G,tigo.internet,21.07,132.12,153.19,70,58.92,29.2,0.07,337.03
CDR-D-2001122,2026-09-06 13:36:15,+25577892684,640022699985771,TZ-DAR-003,5G,tigo.internet,288.79,2046.35,2335.14,59,267.6,24.4,0.06,5137.31
CDR-D-2001123,2026-09-07 21:51:48,+25571517955,640023764023878,TZ-KIL-001,4G,tigo.pesa.app,222.68,909.76,1132.44,31,37.55,46.5,0.06,0.0
CDR-D-2001124,2026-09-02 18:24:35,+25567199696,640021359438635,TZ-PEM-001,3G,tigo.corporate,2.47,8.55,11.02,65,4.82,79.5,2.14,24.25
CDR-D-2001125,2026-09-06 08:58:27,+25571520169,640023367183914,TZ-DAR-007,4G,tigo.internet,24.85,129.21,154.07,60,29.06,32.3,0.23,338.94
CDR-D-2001126,2026-09-06 16:12:39,+25577995304,640021313441038,TZ-KIG-001,3G,tigo.internet,27.8,81.36,109.16,48,7.41,119.9,2.06,240.14
CDR-D-2001127,2026-09-05 21:01:38,+25565197429,640023011229698,TZ-MBY-001,4G,tigo.internet,212.02,824.13,1036.14,85,12.12,33.5,0.14,2279.51
CDR-D-2001128,2026-09-05 12:21:21,+25567309795,640027074433463,TZ-DAR-002,4G,tigo.internet,70.43,458.32,528.75,56,53.27,46.2,0.44,1163.25
CDR-D-2001129,2026-09-05 13:37:25,+25571780154,640026880283365,TZ-TAN-002,3G,tigo.corporate,15.37,64.87,80.24,73,3.43,101.6,1.03,176.53
CDR-D-2001130,2026-09-01 03:38:29,+25577218238,640023747921408,TZ-PWA-001,4G,tigo.internet,110.14,568.45,678.59,74,30.09,42.1,0.28,1492.89
CDR-D-2001131,2026-09-04 21:24:11,+25565736446,640022729067297,TZ-ARU-003,4G,tigo.corporate,89.55,573.95,663.51,19,16.76,41.6,0.21,1459.72
CDR-D-2001132,2026-09-02 15:54:10,+25567395442,640023597724331,TZ-DAR-004,5G,tigo.internet,327.71,1958.0,2285.71,65,151.49,16.8,0.06,5028.56
CDR-D-2001133,2026-09-05 20:00:59,+25577256389,640025077839614,TZ-TAN-002,3G,tigo.internet,1.28,5.26,6.54,28,2.63,88.9,1.39,14.38
CDR-D-2001134,2026-09-05 04:50:33,+25571441649,640021780778941,TZ-DAR-011,4G,tigo.internet,198.21,768.32,966.53,36,26.81,47.3,0.16,2126.36
CDR-D-2001135,2026-09-03 03:11:55,+25577105842,640027441658392,TZ-ZNZ-002,4G,tigo.internet,101.54,389.6,491.14,83,44.7,37.8,0.44,1080.51
CDR-D-2001136,2026-09-06 02:52:14,+25567899614,640024968635883,TZ-DAR-010,4G,tigo.internet,17.13,81.32,98.45,12,47.46,54.2,0.15,216.59
CDR-D-2001137,2026-09-01 11:16:33,+25565894544,640024959218902,TZ-PEM-001,3G,tigo.internet,6.4,29.93,36.33,42,4.62,117.3,1.2,79.93
CDR-D-2001138,2026-09-04 08:22:06,+25577708059,640022362941028,TZ-ARU-003,4G,tigo.mms,197.88,856.69,1054.57,80,26.03,35.4,0.07,2320.06
CDR-D-2001139,2026-09-04 01:31:21,+25571587506,640024462726923,TZ-DAR-011,4G,tigo.pesa.app,76.73,484.89,561.61,20,12.38,33.0,0.29,0.0
CDR-D-2001140,2026-09-05 15:24:00,+25567488363,640021165055708,TZ-KIL-002,3G,tigo.internet,19.78,50.57,70.35,8,6.87,119.3,2.2,154.77
CDR-D-2001141,2026-09-04 21:44:13,+25567139186,640027770086931,TZ-MWA-002,4G,tigo.internet,202.57,706.51,909.09,66,23.13,42.1,0.4,1999.99
CDR-D-2001142,2026-09-03 23:23:09,+25567477496,640029425230216,TZ-TAR-001,3G,tigo.pesa.app,7.26,26.83,34.08,42,5.37,119.0,2.13,0.0
CDR-D-2001143,2026-09-06 14:44:33,+25567951706,640023943119201,TZ-PWA-002,4G,tigo.pesa.app,50.6,245.31,295.92,38,37.07,52.9,0.43,0.0
CDR-D-2001144,2026-09-06 13:34:31,+25577194546,640024110133535,TZ-ARU-003,4G,tigo.internet,56.14,325.33,381.47,20,18.8,38.8,0.41,839.24
CDR-D-2001145,2026-09-02 09:05:00,+25577557485,640028405290236,TZ-PWA-002,4G,tigo.internet,163.31,835.67,998.98,37,23.98,26.6,0.09,2197.76
CDR-D-2001146,2026-09-04 08:36:30,+25571481024,640027184949643,TZ-MOR-001,4G,tigo.corporate,87.03,372.94,459.96,54,36.98,25.1,0.28,1011.92
CDR-D-2001147,2026-09-05 21:53:48,+25571759439,640026686039480,TZ-DOM-003,4G,tigo.internet,92.35,333.72,426.07,49,50.12,41.7,0.05,937.34
CDR-D-2001148,2026-09-01 12:17:47,+25567177103,640027656585531,TZ-KIL-001,4G,tigo.pesa.app,142.38,618.44,760.82,15,52.31,32.7,0.42,0.0
CDR-D-2001149,2026-09-05 07:06:34,+25577474880,640028136453451,TZ-MWA-002,4G,tigo.internet,65.94,254.47,320.41,71,17.21,52.6,0.42,704.9
CDR-D-2001150,2026-09-03 13:44:21,+25567795634,640027384440186,TZ-TAR-001,3G,tigo.corporate,6.57,29.42,35.99,59,4.02,95.3,0.57,79.19
CDR-D-2001151,2026-09-01 10:53:50,+25565683397,640029847550931,TZ-MWA-002,4G,tigo.pesa.app,14.19,78.24,92.43,70,18.9,42.5,0.13,0.0
CDR-D-2001152,2026-09-04 16:30:43,+25567634363,640028340650878,TZ-PWA-001,4G,tigo.corporate,77.57,462.69,540.26,51,51.12,43.1,0.11,1188.57
CDR-D-2001153,2026-09-02 04:16:32,+25571596221,640023274581865,TZ-TAN-001,4G,tigo.internet,46.77,181.11,227.87,39,18.25,36.6,0.31,501.32
CDR-D-2001154,2026-09-06 20:18:40,+25577292259,640028151896308,TZ-GEI-001,4G,tigo.internet,155.47,719.72,875.19,87,26.49,37.0,0.25,1925.41
CDR-D-2001155,2026-09-01 17:41:46,+25567861253,640026300607425,TZ-DAR-015,3G,tigo.internet,10.85,30.85,41.7,21,2.8,98.6,1.94,91.74
CDR-D-2001156,2026-09-03 01:13:42,+25571702891,640024528828126,TZ-KIL-002,3G,tigo.internet,18.66,84.05,102.71,70,6.77,78.0,2.07,225.97
CDR-D-2001157,2026-09-02 18:55:29,+25571593002,640026550233140,TZ-KIL-003,3G,tigo.pesa.app,2.99,7.71,10.7,4,6.92,136.4,2.55,0.0
CDR-D-2001158,2026-09-03 05:31:44,+25567907788,640027363409651,TZ-SHI-001,3G,tigo.internet,7.67,36.94,44.61,74,2.31,86.4,2.79,98.15
CDR-D-2001159,2026-09-03 22:07:27,+25571156652,640028064623490,TZ-GEI-001,4G,tigo.internet,169.94,735.08,905.02,4,40.76,40.2,0.13,1991.05
CDR-D-2001160,2026-09-02 06:21:38,+25567274721,640027935632899,TZ-KAH-001,4G,tigo.internet,241.18,891.55,1132.73,3,51.74,29.3,0.43,2492.0
CDR-D-2001161,2026-09-05 07:50:33,+25565406616,640027003585379,TZ-ZNZ-001,5G,tigo.internet,86.03,444.3,530.33,38,80.56,13.4,0.12,1166.73
CDR-D-2001162,2026-09-01 12:40:13,+25565785280,640028989870040,TZ-KAH-001,4G,tigo.internet,69.84,361.61,431.45,7,14.01,51.1,0.41,949.18
CDR-D-2001163,2026-09-02 16:17:34,+25571612088,640025405679981,TZ-GEI-001,4G,tigo.internet,249.81,907.54,1157.35,6,40.91,50.7,0.3,2546.18
CDR-D-2001164,2026-09-01 09:24:58,+25565252895,640022469313429,TZ-MWA-002,4G,tigo.corporate,174.61,590.99,765.6,27,44.01,41.3,0.45,1684.32
CDR-D-2001165,2026-09-01 16:48:16,+25567115552,640028633387715,TZ-IRI-001,4G,tigo.internet,247.5,919.93,1167.43,10,28.31,37.6,0.12,2568.35
CDR-D-2001166,2026-09-01 22:23:16,+25567231113,640028366710477,TZ-TAN-003,3G,tigo.internet,16.51,63.9,80.41,69,1.29,122.3,0.67,176.91
CDR-D-2001167,2026-09-01 11:24:02,+25565252895,640022469313429,TZ-MWA-002,4G,tigo.pesa.app,36.02,222.58,258.6,88,21.21,34.6,0.42,0.0
CDR-D-2001168,2026-09-01 02:55:02,+25571311895,640025754765755,TZ-TAR-001,3G,tigo.internet,25.43,70.34,95.76,67,1.93,72.3,0.82,210.68
CDR-D-2001169,2026-09-06 16:11:04,+25565302299,640028321459188,TZ-ZNZ-004,4G,tigo.internet,279.61,940.9,1220.51,79,43.41,54.3,0.33,2685.12
CDR-D-2001170,2026-09-04 16:00:14,+25577827658,640028115232441,TZ-DAR-007,4G,tigo.internet,88.18,385.95,474.13,23,43.92,46.9,0.38,1043.08
CDR-D-2001171,2026-09-03 19:19:40,+25567464032,640025679598896,TZ-KIG-001,3G,tigo.internet,5.81,18.19,24.0,27,2.89,71.9,1.03,52.79
CDR-D-2001172,2026-09-04 11:12:03,+25577931145,640029329737841,TZ-MTW-001,4G,tigo.internet,227.06,869.85,1096.91,85,36.41,28.3,0.36,2413.2
CDR-D-2001173,2026-09-05 22:26:44,+25567112266,640022757235114,TZ-PWA-001,4G,tigo.internet,15.61,78.69,94.3,75,24.92,37.2,0.38,207.47
CDR-D-2001174,2026-09-04 15:29:33,+25565419457,640026994451417,TZ-IRI-001,4G,tigo.pesa.app,171.99,900.45,1072.44,63,22.12,37.4,0.14,0.0
CDR-D-2001175,2026-09-06 14:50:08,+25565745414,640027739255769,TZ-TAB-001,3G,tigo.internet,8.41,26.84,35.25,40,1.23,113.2,1.92,77.55
CDR-D-2001176,2026-09-02 21:58:56,+25567271456,640025683197659,TZ-DAR-015,3G,tigo.internet,27.25,82.48,109.73,12,6.16,127.6,0.7,241.4
CDR-D-2001177,2026-09-02 14:25:38,+25577819678,640024332482152,TZ-DAR-014,3G,tigo.internet,7.75,20.14,27.89,5,4.88,116.1,2.38,61.35
CDR-D-2001178,2026-09-03 03:01:34,+25577903868,640028765601772,TZ-NJO-001,3G,tigo.internet,21.87,78.73,100.6,26,7.4,105.8,2.22,221.33
CDR-D-2001179,2026-09-07 11:34:20,+25571576133,640027516379744,TZ-KAH-001,4G,tigo.corporate,157.83,585.43,743.27,14,38.0,39.3,0.43,1635.19
CDR-D-2001180,2026-09-02 19:21:21,+25567117975,640021769945233,TZ-ARU-003,4G,tigo.internet,104.01,609.02,713.03,33,26.0,38.4,0.25,1568.67
CDR-D-2001181,2026-09-04 18:21:22,+25571698336,640025890868629,TZ-NJO-001,3G,tigo.internet,7.95,29.01,36.96,73,4.22,138.1,1.88,81.3
CDR-D-2001182,2026-09-07 18:24:35,+25567921401,640021680052083,TZ-DAR-015,3G,tigo.internet,5.62,27.24,32.86,48,4.62,130.0,1.92,72.29
CDR-D-2001183,2026-09-06 07:54:44,+25571517955,640023764023878,TZ-KIL-001,4G,tigo.pesa.app,67.69,326.2,393.88,72,63.0,28.2,0.37,0.0
CDR-D-2001184,2026-09-01 10:14:15,+25571105621,640027956377623,TZ-DAR-012,5G,tigo.internet,408.21,2751.91,3160.12,52,102.89,20.8,0.12,6952.27
CDR-D-2001185,2026-09-05 23:35:45,+25577244192,640021703457120,TZ-MWA-001,5G,tigo.internet,497.16,2192.01,2689.18,46,124.39,12.1,0.01,5916.19
CDR-D-2001186,2026-09-07 21:12:12,+25577749813,640023934040683,TZ-TND-001,3G,tigo.pesa.app,7.23,22.54,29.77,64,6.79,109.3,1.75,0.0
CDR-D-2001187,2026-09-03 22:28:04,+25571924758,640028652281649,TZ-DAR-007,4G,tigo.mms,62.12,229.06,291.18,35,50.09,46.0,0.2,640.6
CDR-D-2001188,2026-09-02 20:54:43,+25577148381,640028497100471,TZ-TAN-002,3G,tigo.internet,8.54,22.34,30.88,41,7.46,91.9,0.77,67.93
CDR-D-2001189,2026-09-03 19:51:50,+25571520967,640027763447547,TZ-PWA-002,4G,tigo.internet,93.2,317.01,410.21,35,19.54,49.5,0.39,902.45
CDR-D-2001190,2026-09-01 01:26:47,+25565313701,640028517718126,TZ-TND-001,3G,tigo.internet,10.29,27.16,37.45,12,3.53,103.5,1.6,82.38
CDR-D-2001191,2026-09-07 04:25:53,+25577468332,640029832382243,TZ-DAR-005,4G,tigo.internet,200.74,733.51,934.25,89,34.85,40.5,0.23,2055.36
CDR-D-2001192,2026-09-03 14:52:22,+25577776456,640029462741141,TZ-DAR-007,4G,tigo.internet,123.31,573.79,697.1,54,55.69,26.3,0.38,1533.63
CDR-D-2001193,2026-09-02 07:50:51,+25577666881,640021616883914,TZ-KIL-003,3G,tigo.pesa.app,28.48,81.41,109.88,34,4.03,100.2,0.73,0.0
CDR-D-2001194,2026-09-01 06:44:47,+25577511284,640025974930815,TZ-DAR-011,4G,tigo.internet,166.25,679.7,845.95,10,62.71,38.8,0.15,1861.1
CDR-D-2001195,2026-09-03 13:16:49,+25571704430,640028150791910,TZ-SNG-001,3G,tigo.internet,18.9,77.09,96.0,77,2.12,92.7,2.75,211.2
CDR-D-2001196,2026-09-03 23:27:07,+25565321634,640024707754422,TZ-DAR-006,4G,tigo.internet,195.54,796.04,991.57,37,12.56,47.4,0.16,2181.46
CDR-D-2001197,2026-09-03 03:16:32,+25571524035,640028965451958,TZ-DAR-004,5G,tigo.internet,76.51,516.48,592.99,57,229.67,22.9,0.07,1304.57
CDR-D-2001198,2026-09-05 14:30:44,+25577375594,640029773224781,TZ-DAR-007,4G,tigo.internet,142.02,556.21,698.23,70,46.46,49.5,0.32,1536.11
CDR-D-2001199,2026-09-02 05:50:47,+25567112266,640022757235114,TZ-PWA-001,4G,tigo.pesa.app,71.45,386.44,457.89,69,59.64,32.2,0.17,0.0
CDR-D-2001200,2026-09-07 13:12:54,+25567580462,640028021444011,TZ-KIL-003,3G,tigo.pesa.app,6.29,26.39,32.68,52,6.54,125.5,0.72,0.0
CDR-D-2001201,2026-09-07 06:56:56,+25565255214,640027535992314,TZ-ZNZ-001,5G,tigo.corporate,453.99,1983.38,2437.38,41,265.7,23.5,0.1,5362.23
CDR-D-2001202,2026-09-06 02:06:20,+25571493914,640028565000642,TZ-ARU-002,4G,tigo.internet,173.07,735.44,908.51,56,22.5,44.1,0.09,1998.71
CDR-D-2001203,2026-09-01 15:26:41,+25565494228,640028876335861,TZ-ZNZ-001,5G,tigo.corporate,33.67,233.72,267.4,42,175.31,26.6,0.1,588.27
CDR-D-2001204,2026-09-07 11:28:16,+25571520124,640026607283971,TZ-IRI-001,4G,tigo.internet,131.33,836.25,967.57,27,15.23,28.5,0.17,2128.66
CDR-D-2001205,2026-09-07 16:48:54,+25565859767,640025451959254,TZ-TAB-001,3G,tigo.internet,17.82,70.94,88.76,89,6.93,128.9,1.19,195.27
CDR-D-2001206,2026-09-07 14:00:54,+25577491329,640029849565863,TZ-DAR-002,4G,tigo.internet,59.75,215.8,275.55,12,26.87,44.9,0.42,606.22
CDR-D-2001207,2026-09-06 16:27:05,+25571529350,640026468905805,TZ-DAR-012,5G,tigo.internet,313.73,1878.7,2192.42,40,193.14,24.0,0.06,4823.33
CDR-D-2001208,2026-09-07 06:44:48,+25571584887,640026146514161,TZ-KIL-001,4G,tigo.internet,225.18,907.44,1132.62,10,22.62,36.0,0.37,2491.77
CDR-D-2001209,2026-09-04 04:21:51,+25567349825,640028087762657,TZ-TAB-001,3G,tigo.internet,6.84,19.89,26.73,55,1.72,93.2,1.1,58.81
CDR-D-2001210,2026-09-07 15:32:43,+25571331282,640023852325403,TZ-MBY-002,4G,tigo.internet,49.59,211.5,261.09,84,31.89,37.6,0.1,574.4
CDR-D-2001211,2026-09-01 05:55:11,+25571549350,640028529833811,TZ-MOR-001,4G,tigo.internet,39.1,167.89,206.99,62,24.67,41.2,0.38,455.39
CDR-D-2001212,2026-09-03 03:50:09,+25577811016,640023304513663,TZ-MBY-001,4G,tigo.internet,180.44,840.97,1021.41,18,14.2,41.7,0.26,2247.1
CDR-D-2001213,2026-09-02 19:55:21,+25567395120,640024239681347,TZ-ZNZ-004,4G,tigo.pesa.app,7.59,34.43,42.02,26,12.25,33.9,0.33,0.0
CDR-D-2001214,2026-09-02 21:05:57,+25571804758,640025870268582,TZ-KIL-002,3G,tigo.pesa.app,7.66,22.07,29.73,51,6.86,73.1,1.74,0.0
CDR-D-2001215,2026-09-07 19:08:45,+25567513064,640027372634805,TZ-TAR-001,3G,tigo.pesa.app,19.89,50.81,70.69,89,1.55,78.7,1.65,0.0
CDR-D-2001216,2026-09-06 17:21:29,+25571735604,640023392848202,TZ-ARU-001,5G,tigo.internet,523.61,2236.2,2759.81,23,227.54,14.9,0.13,6071.58
CDR-D-2001217,2026-09-07 19:45:06,+25577756912,640021542934161,TZ-SHI-001,3G,tigo.internet,20.01,53.5,73.51,30,4.42,89.3,1.64,161.72
CDR-D-2001218,2026-09-07 06:28:53,+25565315829,640022904308418,TZ-DAR-007,4G,tigo.internet,148.38,508.0,656.38,65,48.67,47.5,0.09,1444.04
CDR-D-2001219,2026-09-01 13:08:40,+25571704430,640028150791910,TZ-SNG-001,3G,tigo.internet,9.06,31.81,40.87,16,5.95,121.2,0.59,89.91
CDR-D-2001220,2026-09-03 10:32:45,+25567388660,640027455603331,TZ-SHI-001,3G,tigo.pesa.app,20.47,80.28,100.75,12,2.58,89.5,2.29,0.0
CDR-D-2001221,2026-09-05 02:56:25,+25571329540,640022684876851,TZ-KIL-002,3G,tigo.pesa.app,17.83,69.44,87.27,15,6.08,127.9,0.5,0.0
CDR-D-2001222,2026-09-07 13:19:03,+25567147652,640028793362077,TZ-ZNZ-004,4G,tigo.internet,49.09,183.23,232.32,3,49.85,50.5,0.41,511.11
CDR-D-2001223,2026-09-01 00:13:04,+25567709291,640028240940498,TZ-SNG-001,3G,tigo.internet,12.61,46.85,59.46,50,3.79,122.4,0.64,130.8
CDR-D-2001224,2026-09-03 04:10:23,+25577706701,640028936809129,TZ-MOR-001,4G,tigo.internet,218.34,774.86,993.2,84,63.25,27.9,0.17,2185.05
CDR-D-2001225,2026-09-05 05:04:31,+25571545555,640029684659369,TZ-ZNZ-004,4G,tigo.internet,66.9,328.83,395.73,3,37.37,37.1,0.1,870.6
CDR-D-2001226,2026-09-02 06:33:13,+25565786393,640028178927766,TZ-PEM-001,3G,tigo.internet,14.62,38.62,53.24,78,5.58,101.6,0.94,117.14
CDR-D-2001227,2026-09-02 11:04:07,+25565989265,640024480721612,TZ-KIG-001,3G,tigo.internet,11.37,44.65,56.02,34,5.63,104.3,2.25,123.24
CDR-D-2001228,2026-09-05 12:05:41,+25565596925,640026784033506,TZ-DAR-015,3G,tigo.mms,18.81,61.19,80.0,21,3.22,104.4,1.69,176.0
CDR-D-2001229,2026-09-05 16:45:15,+25577217455,640023361117185,TZ-ZNZ-002,4G,tigo.corporate,99.91,533.12,633.03,69,61.64,46.4,0.08,1392.67
CDR-D-2001230,2026-09-07 17:20:28,+25565418395,640027385863902,TZ-SNG-001,3G,tigo.internet,5.88,26.41,32.3,61,4.33,105.1,1.93,71.05
CDR-D-2001231,2026-09-03 17:30:50,+25567156962,640027241175457,TZ-MWA-001,5G,tigo.mms,293.07,1634.08,1927.15,35,230.64,14.1,0.11,4239.72
CDR-D-2001232,2026-09-07 06:17:57,+25565397917,640023515465308,TZ-BUK-001,3G,tigo.internet,12.58,51.99,64.57,13,7.18,114.7,0.51,142.05
CDR-D-2001233,2026-09-01 19:02:26,+25565252438,640025348303725,TZ-DOM-003,4G,tigo.internet,91.19,343.99,435.18,59,27.71,47.8,0.1,957.41
CDR-D-2001234,2026-09-03 22:48:54,+25567106887,640021952996130,TZ-DOM-003,4G,tigo.internet,46.6,230.75,277.35,44,61.56,34.2,0.41,610.17
CDR-D-2001235,2026-09-05 20:45:54,+25577530321,640026805631767,TZ-DAR-012,5G,tigo.internet,232.53,1141.31,1373.85,45,259.27,25.6,0.04,3022.46
CDR-D-2001236,2026-09-05 14:26:11,+25571625245,640025539136501,TZ-TAB-001,3G,tigo.internet,8.13,36.97,45.1,54,6.09,125.9,0.61,99.22
CDR-D-2001237,2026-09-02 08:18:22,+25577373553,640026156156606,TZ-TND-001,3G,tigo.internet,4.96,24.71,29.67,63,7.37,108.2,0.73,65.28
CDR-D-2001238,2026-09-02 04:50:22,+25565663646,640029386407362,TZ-IRI-001,4G,tigo.pesa.app,150.27,559.95,710.22,36,50.15,36.7,0.34,0.0
CDR-D-2001239,2026-09-03 12:40:47,+25565624203,640029982501269,TZ-MOR-001,4G,tigo.internet,37.07,129.43,166.5,82,18.83,51.5,0.43,366.3
CDR-D-2001240,2026-09-01 18:01:23,+25577325272,640022889197205,TZ-PWA-002,4G,tigo.internet,231.97,778.87,1010.84,63,15.86,51.1,0.36,2223.84
CDR-D-2001241,2026-09-04 10:47:59,+25571119927,640022099184899,TZ-TAN-003,3G,tigo.internet,21.0,60.9,81.89,38,6.61,113.6,0.91,180.16
CDR-D-2001242,2026-09-03 04:32:45,+25567717456,640022734195515,TZ-NJO-001,3G,tigo.internet,24.45,63.81,88.27,68,2.55,90.8,1.54,194.19
CDR-D-2001243,2026-09-07 20:49:01,+25567749466,640024805765751,TZ-ARU-001,5G,tigo.internet,160.25,935.25,1095.5,5,249.68,28.0,0.06,2410.09
CDR-D-2001244,2026-09-02 02:05:45,+25571559378,640027425896687,TZ-MWA-001,5G,tigo.internet,397.25,1792.46,2189.72,22,197.87,12.7,0.02,4817.38
CDR-D-2001245,2026-09-01 07:05:54,+25565624112,640028215463132,TZ-SON-001,3G,tigo.internet,4.06,13.24,17.3,43,5.08,107.8,2.38,38.06
CDR-D-2001246,2026-09-03 02:08:05,+25577563638,640023901796894,TZ-MBY-001,4G,tigo.mms,23.32,106.64,129.96,36,43.48,40.0,0.31,285.91
CDR-D-2001247,2026-09-03 11:47:00,+25577367124,640021870109340,TZ-MTW-001,4G,tigo.corporate,172.62,583.68,756.3,49,48.77,43.7,0.08,1663.85
CDR-D-2001248,2026-09-02 02:03:54,+25565658352,640026727034720,TZ-DAR-009,4G,tigo.pesa.app,135.56,650.04,785.61,79,51.79,44.1,0.1,0.0
CDR-D-2001249,2026-09-03 20:14:48,+25571520124,640026607283971,TZ-IRI-001,4G,tigo.internet,119.31,476.04,595.36,57,55.59,53.3,0.14,1309.79
CDR-D-2001250,2026-09-02 23:55:09,+25567733801,640023468224333,TZ-DOM-001,5G,tigo.corporate,714.19,2949.99,3664.19,64,119.59,18.8,0.06,8061.21
CDR-D-2001251,2026-09-06 15:02:23,+25571536774,640027801948900,TZ-SNG-001,3G,tigo.internet,19.22,69.15,88.37,37,2.48,80.7,1.3,194.42
CDR-D-2001252,2026-09-05 21:49:38,+25571268187,640029981540040,TZ-PWA-001,4G,tigo.pesa.app,136.12,894.17,1030.29,21,46.59,48.6,0.1,0.0
CDR-D-2001253,2026-09-05 14:11:20,+25577392051,640023830860764,TZ-DOM-002,5G,tigo.internet,456.79,1847.43,2304.22,32,235.19,20.2,0.08,5069.28
CDR-D-2001254,2026-09-02 10:58:20,+25571545555,640029684659369,TZ-ZNZ-004,4G,tigo.internet,12.23,75.36,87.59,78,37.3,41.8,0.42,192.7
CDR-D-2001255,2026-09-02 00:13:32,+25565456637,640029261957016,TZ-TAR-001,3G,tigo.internet,32.11,84.67,116.78,28,6.7,106.6,0.52,256.92
CDR-D-2001256,2026-09-02 15:34:47,+25565167348,640027076811348,TZ-PEM-001,3G,tigo.internet,14.45,58.71,73.16,71,4.76,99.4,1.65,160.95
CDR-D-2001257,2026-09-03 23:29:53,+25571887887,640029475504077,TZ-DAR-008,4G,tigo.internet,29.72,120.5,150.22,47,32.44,38.7,0.41,330.48
CDR-D-2001258,2026-09-03 12:27:16,+25577144146,640023584119955,TZ-NJO-001,3G,tigo.internet,21.07,71.26,92.32,13,6.14,131.6,1.39,203.11
CDR-D-2001259,2026-09-02 01:47:38,+25577871043,640021813743830,TZ-DAR-005,4G,tigo.internet,241.95,942.09,1184.04,56,58.22,45.5,0.08,2604.89
CDR-D-2001260,2026-09-06 14:46:19,+25577599694,640027305029814,TZ-TAN-003,3G,tigo.internet,28.12,77.24,105.35,84,7.21,131.2,1.92,231.77
CDR-D-2001261,2026-09-06 20:47:42,+25577464863,640027048809022,TZ-TAN-002,3G,tigo.internet,5.4,22.06,27.47,82,3.21,77.2,1.22,60.42
CDR-D-2001262,2026-09-01 21:19:53,+25577165646,640025288282161,TZ-KIG-001,3G,tigo.corporate,1.32,5.53,6.85,43,4.38,114.2,0.86,15.07
CDR-D-2001263,2026-09-03 16:21:25,+25577561457,640029365823349,TZ-DAR-009,4G,tigo.internet,201.54,870.91,1072.45,39,51.19,34.9,0.27,2359.39
CDR-D-2001264,2026-09-01 10:28:00,+25565934375,640022420535159,TZ-SON-001,3G,tigo.corporate,17.72,79.06,96.78,12,1.98,108.5,1.07,212.91
CDR-D-2001265,2026-09-05 23:47:08,+25567767254,640026265756641,TZ-ZNZ-002,4G,tigo.internet,41.35,159.43,200.78,18,24.81,28.5,0.39,441.72
CDR-D-2001266,2026-09-06 07:45:20,+25577293385,640028129326560,TZ-TAB-001,3G,tigo.corporate,21.16,82.47,103.63,25,3.84,109.0,1.41,228.0
CDR-D-2001267,2026-09-05 10:31:23,+25565853270,640024149337748,TZ-ZNZ-002,4G,tigo.internet,140.74,890.56,1031.31,7,18.5,53.8,0.4,2268.87
CDR-D-2001268,2026-09-04 22:54:30,+25577813145,640027517011632,TZ-MWA-002,4G,tigo.internet,147.25,713.07,860.32,8,14.02,43.0,0.45,1892.7
CDR-D-2001269,2026-09-03 03:34:21,+25577819678,640024332482152,TZ-DAR-014,3G,tigo.internet,20.36,79.58,99.94,48,4.97,88.0,1.68,219.86
CDR-D-2001270,2026-09-03 13:31:56,+25571702891,640024528828126,TZ-KIL-002,3G,tigo.internet,3.54,9.92,13.46,55,6.62,77.8,0.58,29.61
CDR-D-2001271,2026-09-06 12:22:12,+25571857886,640025861330704,TZ-PWA-001,4G,tigo.internet,63.97,313.27,377.24,24,53.57,46.8,0.12,829.93
CDR-D-2001272,2026-09-03 05:29:35,+25577730255,640022008716202,TZ-DOM-002,5G,tigo.internet,250.79,1517.56,1768.35,62,136.02,22.3,0.08,3890.38
CDR-D-2001273,2026-09-01 09:26:55,+25567495489,640023589530484,TZ-ARU-002,4G,tigo.internet,106.36,536.2,642.56,41,23.35,54.7,0.32,1413.64
CDR-D-2001274,2026-09-07 23:06:05,+25565635715,640029121739999,TZ-DAR-010,4G,tigo.corporate,78.18,468.68,546.86,69,59.88,37.5,0.24,1203.1
CDR-D-2001275,2026-09-02 20:00:17,+25567638857,640021412129737,TZ-NJO-001,3G,tigo.pesa.app,18.22,48.53,66.74,47,2.13,136.0,1.18,0.0
CDR-D-2001276,2026-09-04 12:31:41,+25567847362,640028055515912,TZ-TAR-001,3G,tigo.internet,6.76,17.07,23.83,88,6.66,111.7,1.6,52.42
CDR-D-2001277,2026-09-01 22:59:14,+25571240855,640024228195145,TZ-MBY-001,4G,tigo.internet,196.12,763.78,959.9,12,58.48,47.3,0.24,2111.78
CDR-D-2001278,2026-09-02 03:06:16,+25567810277,640021642037497,TZ-ARU-003,4G,tigo.internet,41.33,265.18,306.5,30,41.2,50.0,0.35,674.31
CDR-D-2001279,2026-09-05 15:37:23,+25565197328,640023730248478,TZ-ZNZ-002,4G,tigo.internet,19.74,72.56,92.31,88,45.33,45.8,0.27,203.07
CDR-D-2001280,2026-09-05 07:55:28,+25571773662,640029727885096,TZ-GEI-001,4G,tigo.internet,155.4,619.34,774.74,42,14.09,44.3,0.41,1704.43
CDR-D-2001281,2026-09-05 00:16:56,+25565624203,640029982501269,TZ-MOR-001,4G,tigo.internet,116.54,568.52,685.06,40,58.33,36.2,0.09,1507.14
CDR-D-2001282,2026-09-01 04:23:29,+25577735612,640028955977853,TZ-DAR-003,5G,tigo.internet,413.34,2075.85,2489.19,73,69.24,14.6,0.04,5476.21
CDR-D-2001283,2026-09-04 13:12:25,+25571625860,640023082629429,TZ-DAR-003,5G,tigo.internet,350.92,1510.09,1861.01,88,93.78,19.0,0.08,4094.22
CDR-D-2001284,2026-09-04 08:11:37,+25565880788,640025045892188,TZ-DAR-004,5G,tigo.internet,548.24,2222.84,2771.08,70,268.57,18.0,0.08,6096.38
CDR-D-2001285,2026-09-01 18:35:01,+25577398641,640027598186836,TZ-DAR-013,5G,tigo.internet,184.27,1245.8,1430.07,15,268.07,16.3,0.01,3146.14
CDR-D-2001286,2026-09-06 14:25:42,+25565231875,640021277087771,TZ-TAR-001,3G,tigo.internet,6.69,27.81,34.5,29,3.78,114.4,2.42,75.91
CDR-D-2001287,2026-09-06 21:37:49,+25567197545,640029141445255,TZ-KIL-003,3G,tigo.internet,22.56,79.77,102.33,73,5.39,127.5,1.7,225.12
CDR-D-2001288,2026-09-07 20:11:20,+25571976579,640023850066815,TZ-MOR-001,4G,tigo.internet,73.31,349.85,423.16,13,15.62,46.3,0.17,930.95
CDR-D-2001289,2026-09-07 09:14:59,+25567213010,640023226892666,TZ-GEI-001,4G,tigo.internet,198.91,873.83,1072.75,38,40.2,47.9,0.26,2360.04
CDR-D-2001290,2026-09-05 12:13:13,+25567838237,640022916728422,TZ-DAR-012,5G,tigo.internet,120.09,632.5,752.59,24,47.22,14.5,0.12,1655.7
CDR-D-2001291,2026-09-06 20:53:42,+25567899995,640024896741733,TZ-MBY-001,4G,tigo.mms,37.28,161.13,198.41,40,53.34,52.4,0.36,436.5
CDR-D-2001292,2026-09-07 16:53:04,+25571857703,640028103123072,TZ-MTW-001,4G,tigo.internet,35.03,159.75,194.78,2,23.61,42.3,0.18,428.52
CDR-D-2001293,2026-09-06 16:46:22,+25571234425,640028889572098,TZ-DAR-007,4G,tigo.internet,14.57,67.86,82.43,11,17.59,54.5,0.31,181.35
CDR-D-2001294,2026-09-06 12:54:44,+25567516869,640028962027840,TZ-MWA-003,4G,tigo.internet,124.13,547.04,671.17,32,27.25,33.6,0.18,1476.58
CDR-D-2001295,2026-09-05 18:55:44,+25567116391,640027914398496,TZ-MBY-002,4G,tigo.mms,262.68,931.86,1194.53,69,61.17,38.6,0.3,2627.97
CDR-D-2001296,2026-09-06 19:52:21,+25571970645,640025588007201,TZ-MBY-001,4G,tigo.internet,120.8,490.86,611.67,17,13.28,51.3,0.42,1345.67
CDR-D-2001297,2026-09-02 04:19:44,+25565133616,640027886395561,TZ-DAR-015,3G,tigo.mms,20.99,75.21,96.2,23,2.82,133.1,0.5,211.64
CDR-D-2001298,2026-09-03 21:15:22,+25565635715,640029121739999,TZ-DAR-010,4G,tigo.internet,223.33,855.51,1078.84,17,54.21,31.0,0.41,2373.45
CDR-D-2001299,2026-09-04 20:38:09,+25567128996,640021740422125,TZ-DAR-010,4G,tigo.internet,78.52,351.69,430.21,24,40.08,55.0,0.43,946.47
CDR-D-2001300,2026-09-03 15:34:51,+25565615353,640022849761315,TZ-TND-001,3G,tigo.pesa.app,17.14,47.74,64.88,39,3.41,114.2,2.51,0.0
CDR-D-2001301,2026-09-04 23:48:51,+25577948611,640021553155490,TZ-MWA-002,4G,tigo.internet,50.38,228.31,278.69,72,28.59,31.4,0.36,613.12
CDR-D-2001302,2026-09-03 12:12:56,+25565592584,640024193557045,TZ-DAR-001,5G,tigo.internet,592.82,2678.19,3271.01,43,74.53,21.4,0.14,7196.23
CDR-D-2001303,2026-09-01 07:27:21,+25567797118,640025952255182,TZ-BUK-001,3G,tigo.internet,12.35,47.05,59.41,82,4.51,100.9,1.81,130.69
CDR-D-2001304,2026-09-03 10:09:57,+25567268163,640029759180824,TZ-DAR-008,4G,tigo.internet,220.82,736.74,957.56,13,14.2,50.5,0.28,2106.63
CDR-D-2001305,2026-09-02 09:27:42,+25567658224,640023857879268,TZ-DAR-012,5G,tigo.internet,198.54,1080.39,1278.93,10,148.45,18.4,0.02,2813.64
CDR-D-2001306,2026-09-07 17:53:55,+25577854124,640028264535316,TZ-MBY-001,4G,tigo.pesa.app,139.97,893.51,1033.49,83,22.01,26.7,0.31,0.0
CDR-D-2001307,2026-09-05 15:28:34,+25571377120,640022063329832,TZ-MBY-002,4G,tigo.internet,165.96,775.32,941.28,9,35.64,26.0,0.26,2070.81
CDR-D-2001308,2026-09-02 17:40:59,+25577286049,640027911193831,TZ-DAR-009,4G,tigo.internet,189.47,669.01,858.48,27,36.44,42.4,0.28,1888.66
CDR-D-2001309,2026-09-05 09:05:15,+25567454584,640025643541357,TZ-IRI-001,4G,tigo.internet,109.26,498.95,608.21,89,22.84,30.5,0.06,1338.07
CDR-D-2001310,2026-09-06 16:29:01,+25565563348,640028284073512,TZ-DAR-001,5G,tigo.internet,53.43,296.02,349.45,64,70.4,25.9,0.04,768.79
CDR-D-2001311,2026-09-03 21:31:50,+25571599988,640024738670174,TZ-KAH-001,4G,tigo.internet,175.05,690.81,865.86,77,46.83,34.0,0.29,1904.89
CDR-D-2001312,2026-09-02 21:46:35,+25565525006,640026304762771,TZ-DAR-006,4G,tigo.internet,128.84,621.14,749.98,15,40.65,52.4,0.13,1649.95
CDR-D-2001313,2026-09-06 15:40:51,+25577860939,640023897756110,TZ-SNG-001,3G,tigo.internet,10.8,49.39,60.18,85,1.95,114.5,1.41,132.4
CDR-D-2001314,2026-09-06 23:26:43,+25577776456,640029462741141,TZ-DAR-007,4G,tigo.corporate,197.51,663.74,861.26,70,27.06,50.6,0.37,1894.77
CDR-D-2001315,2026-09-01 00:59:53,+25565104383,640028410301978,TZ-BUK-001,3G,tigo.pesa.app,5.39,22.42,27.81,30,7.38,139.8,1.31,0.0
CDR-D-2001316,2026-09-04 19:30:06,+25577120773,640028567428724,TZ-DAR-010,4G,tigo.internet,45.56,185.69,231.24,83,14.31,51.0,0.23,508.74
CDR-D-2001317,2026-09-01 11:11:10,+25567302177,640024473829163,TZ-ARU-002,4G,tigo.corporate,151.56,639.85,791.41,72,25.34,52.8,0.1,1741.11
CDR-D-2001318,2026-09-04 14:36:50,+25565364178,640025119022697,TZ-ARU-002,4G,tigo.internet,59.39,278.61,337.99,42,25.95,32.6,0.17,743.59
CDR-D-2001319,2026-09-02 06:44:31,+25567424526,640023744581207,TZ-PEM-001,3G,tigo.internet,20.19,69.39,89.57,89,4.88,109.4,0.52,197.06
CDR-D-2001320,2026-09-06 22:25:06,+25565752048,640026184921425,TZ-DAR-007,4G,tigo.internet,18.78,116.58,135.36,69,48.65,47.5,0.06,297.79
CDR-D-2001321,2026-09-06 13:45:22,+25577144284,640027808417605,TZ-TAN-003,3G,tigo.mms,13.16,44.05,57.21,12,1.4,115.1,2.36,125.86
CDR-D-2001322,2026-09-06 13:42:11,+25565481969,640022986365191,TZ-DAR-005,4G,tigo.pesa.app,46.72,196.82,243.53,80,38.73,53.3,0.31,0.0
CDR-D-2001323,2026-09-06 18:12:37,+25577780714,640022362721798,TZ-TAN-002,3G,tigo.internet,15.3,50.32,65.62,85,6.97,81.9,1.41,144.36
CDR-D-2001324,2026-09-03 13:29:53,+25565197429,640023011229698,TZ-MBY-001,4G,tigo.corporate,157.07,543.55,700.62,60,35.18,28.1,0.19,1541.37
CDR-D-2001325,2026-09-01 00:49:39,+25567710224,640024147025728,TZ-MWA-002,4G,tigo.internet,24.13,105.22,129.35,52,44.26,34.8,0.08,284.57
CDR-D-2001326,2026-09-01 22:55:25,+25567621282,640024320435651,TZ-PEM-001,3G,tigo.corporate,19.29,65.93,85.23,85,4.03,110.7,2.6,187.5
CDR-D-2001327,2026-09-03 09:23:43,+25565318964,640023606517080,TZ-TAN-003,3G,tigo.internet,11.91,57.96,69.87,58,2.72,125.8,0.63,153.72
CDR-D-2001328,2026-09-02 01:47:29,+25577670053,640029454334062,TZ-DAR-003,5G,tigo.internet,282.7,1203.44,1486.15,20,254.47,16.5,0.09,3269.52
CDR-D-2001329,2026-09-05 08:56:45,+25571500464,640024115565294,TZ-PWA-002,4G,tigo.internet,93.97,522.26,616.22,63,12.37,30.4,0.43,1355.69
CDR-D-2001330,2026-09-03 12:00:01,+25567267011,640029955180489,TZ-PEM-001,3G,tigo.internet,1.08,5.07,6.15,22,2.87,122.9,1.38,13.52
CDR-D-2001331,2026-09-04 19:53:37,+25571804758,640025870268582,TZ-KIL-002,3G,tigo.internet,2.21,6.18,8.39,49,6.56,87.9,1.43,18.46
CDR-D-2001332,2026-09-01 12:56:32,+25577868136,640024738737735,TZ-MWA-003,4G,tigo.internet,109.13,465.8,574.93,26,40.37,27.7,0.07,1264.85
CDR-D-2001333,2026-09-01 09:31:25,+25567670950,640023905778118,TZ-ARU-003,4G,tigo.internet,11.52,53.04,64.57,23,19.72,38.6,0.26,142.05
CDR-D-2001334,2026-09-01 03:07:36,+25577833222,640025627846358,TZ-MWA-003,4G,tigo.internet,111.71,489.71,601.42,43,50.61,29.5,0.1,1323.13
CDR-D-2001335,2026-09-03 20:41:30,+25577882351,640028152161448,TZ-DOM-001,5G,tigo.corporate,713.34,3073.47,3786.81,76,229.01,27.5,0.09,8330.98
CDR-D-2001336,2026-09-03 18:26:07,+25565562104,640028812525969,TZ-DAR-008,4G,tigo.internet,34.89,229.7,264.58,76,25.41,35.1,0.14,582.09
CDR-D-2001337,2026-09-04 07:26:16,+25565927050,640021044833889,TZ-NJO-001,3G,tigo.mms,4.43,11.3,15.73,81,3.77,131.9,1.27,34.61
CDR-D-2001338,2026-09-05 06:58:19,+25565435757,640026618081021,TZ-BUK-001,3G,tigo.internet,4.77,22.48,27.25,72,1.38,115.5,1.45,59.95
CDR-D-2001339,2026-09-01 01:52:51,+25567464032,640025679598896,TZ-KIG-001,3G,tigo.internet,13.9,40.54,54.44,18,5.63,108.4,1.94,119.77
CDR-D-2001340,2026-09-01 23:39:10,+25577474880,640028136453451,TZ-MWA-002,4G,tigo.corporate,28.18,107.74,135.92,50,27.98,37.8,0.16,299.02
CDR-D-2001341,2026-09-01 06:33:16,+25567586208,640025431277186,TZ-SHI-001,3G,tigo.internet,9.03,38.89,47.92,77,3.65,66.2,2.52,105.42
CDR-D-2001342,2026-09-06 03:14:57,+25567321791,640021645277642,TZ-MTW-001,4G,tigo.internet,147.74,679.01,826.75,65,43.62,48.9,0.38,1818.86
CDR-D-2001343,2026-09-04 13:02:17,+25567882193,640026129924345,TZ-ZNZ-003,4G,tigo.internet,166.82,644.75,811.57,55,34.41,47.1,0.32,1785.45
CDR-D-2001344,2026-09-04 22:40:33,+25565318964,640023606517080,TZ-TAN-003,3G,tigo.pesa.app,13.52,39.85,53.38,73,4.38,102.6,2.71,0.0
CDR-D-2001345,2026-09-06 00:07:13,+25571426558,640027340417431,TZ-ZNZ-001,5G,tigo.internet,409.39,2004.01,2413.4,64,107.22,15.3,0.08,5309.48
CDR-D-2001346,2026-09-04 04:24:38,+25577599694,640027305029814,TZ-TAN-003,3G,tigo.internet,5.17,18.41,23.58,24,1.33,85.5,1.7,51.88
CDR-D-2001347,2026-09-05 10:35:26,+25571480570,640027213172814,TZ-DAR-010,4G,tigo.internet,49.15,301.03,350.18,20,15.36,51.9,0.07,770.4
CDR-D-2001348,2026-09-03 08:19:22,+25571591868,640022086680310,TZ-DAR-014,3G,tigo.internet,12.75,61.88,74.63,41,6.77,136.4,2.02,164.18
CDR-D-2001349,2026-09-07 13:52:34,+25567346924,640027947883719,TZ-DAR-009,4G,tigo.internet,32.9,141.0,173.9,59,18.53,37.1,0.15,382.58
CDR-D-2001350,2026-09-02 10:57:53,+25571993140,640027586857685,TZ-MBY-002,4G,tigo.internet,201.06,916.19,1117.25,13,23.53,34.0,0.28,2457.95
CDR-D-2001351,2026-09-06 17:09:26,+25577345224,640028550030472,TZ-DOM-001,5G,tigo.internet,39.92,258.8,298.72,70,187.15,14.0,0.14,657.17
CDR-D-2001352,2026-09-06 13:09:20,+25565244933,640028169652310,TZ-MOR-001,4G,tigo.internet,211.85,757.2,969.05,36,47.23,51.6,0.33,2131.92
CDR-D-2001353,2026-09-01 01:40:16,+25567814956,640026595603986,TZ-KAH-001,4G,tigo.pesa.app,118.98,531.29,650.27,22,30.13,28.2,0.34,0.0
CDR-D-2001354,2026-09-06 19:54:24,+25567983241,640027476052850,TZ-MTW-001,4G,tigo.mms,24.55,96.87,121.42,61,27.83,50.3,0.28,267.12
CDR-D-2001355,2026-09-06 06:20:26,+25565412534,640025077921573,TZ-DAR-006,4G,tigo.internet,124.6,499.01,623.62,88,52.33,55.0,0.18,1371.96
CDR-D-2001356,2026-09-03 06:58:48,+25565913848,640026126033644,TZ-KIL-002,3G,tigo.internet,10.74,28.27,39.0,82,5.37,116.1,0.8,85.8
CDR-D-2001357,2026-09-04 19:49:53,+25565382154,640028093513594,TZ-MTW-001,4G,tigo.internet,79.89,531.38,611.27,86,12.3,34.2,0.17,1344.78
CDR-D-2001358,2026-09-02 01:51:49,+25571494853,640029520646325,TZ-DOM-002,5G,tigo.pesa.app,587.61,2790.47,3378.08,33,46.86,26.7,0.06,0.0
CDR-D-2001359,2026-09-02 22:05:12,+25565784343,640021692392816,TZ-DOM-001,5G,tigo.pesa.app,501.52,2920.98,3422.5,26,124.86,25.6,0.12,0.0
CDR-D-2001360,2026-09-07 06:39:29,+25571426558,640027340417431,TZ-ZNZ-001,5G,tigo.internet,298.33,1380.11,1678.44,45,72.09,16.5,0.12,3692.57
CDR-D-2001361,2026-09-07 02:29:34,+25577678923,640023072183247,TZ-PEM-001,3G,tigo.pesa.app,12.39,38.83,51.22,24,3.25,116.4,1.04,0.0
CDR-D-2001362,2026-09-06 20:03:17,+25577286540,640026769647208,TZ-DAR-015,3G,tigo.corporate,23.44,62.48,85.92,63,3.02,104.1,0.6,189.03
CDR-D-2001363,2026-09-06 02:57:05,+25565244933,640028169652310,TZ-MOR-001,4G,tigo.internet,161.32,835.3,996.62,22,52.72,28.7,0.09,2192.57
CDR-D-2001364,2026-09-03 18:17:50,+25565143926,640025484003506,TZ-DAR-010,4G,tigo.internet,149.47,742.84,892.31,58,47.87,34.1,0.06,1963.08
CDR-D-2001365,2026-09-03 02:40:44,+25577249077,640027074050517,TZ-KIL-001,4G,tigo.mms,62.64,296.37,359.01,71,14.09,37.9,0.4,789.82
CDR-D-2001366,2026-09-06 11:24:49,+25577492292,640026974875750,TZ-DAR-006,4G,tigo.internet,27.0,109.35,136.35,57,58.67,42.1,0.23,299.97
CDR-D-2001367,2026-09-03 04:51:06,+25571728038,640026687206971,TZ-DAR-004,5G,tigo.pesa.app,265.69,1251.76,1517.46,15,204.51,16.8,0.13,0.0
CDR-D-2001368,2026-09-01 05:05:58,+25577963495,640021417333635,TZ-ARU-001,5G,tigo.corporate,333.81,1617.94,1951.75,50,191.42,18.3,0.03,4293.86
CDR-D-2001369,2026-09-03 01:17:50,+25571857168,640024919706735,TZ-DOM-001,5G,tigo.internet,127.38,764.06,891.44,11,215.17,23.4,0.05,1961.17
CDR-D-2001370,2026-09-02 07:11:04,+25565968336,640021765835875,TZ-DAR-006,4G,tigo.pesa.app,176.0,933.74,1109.74,84,22.12,33.5,0.38,0.0
CDR-D-2001371,2026-09-04 06:58:20,+25577140666,640029070061596,TZ-KIG-001,3G,tigo.internet,24.11,65.54,89.66,34,2.45,114.9,2.07,197.25
CDR-D-2001372,2026-09-07 23:34:56,+25571907812,640029639044885,TZ-ARU-001,5G,tigo.pesa.app,103.53,457.09,560.62,30,156.57,24.1,0.02,0.0
CDR-D-2001373,2026-09-07 00:51:13,+25577325272,640022889197205,TZ-PWA-002,4G,tigo.internet,49.18,187.28,236.46,73,23.69,38.0,0.39,520.2
CDR-D-2001374,2026-09-06 03:53:12,+25565545790,640021610900200,TZ-MWA-003,4G,tigo.internet,181.31,832.27,1013.58,10,64.39,29.1,0.14,2229.88
CDR-D-2001375,2026-09-01 08:24:56,+25571449090,640023367704310,TZ-SHI-001,3G,tigo.internet,25.69,68.31,94.0,14,5.36,84.5,2.08,206.79
CDR-D-2001376,2026-09-03 03:29:59,+25565418395,640027385863902,TZ-SNG-001,3G,tigo.internet,14.0,38.11,52.12,13,1.23,98.1,0.66,114.66
CDR-D-2001377,2026-09-03 08:38:13,+25567403257,640021719442108,TZ-DOM-003,4G,tigo.internet,51.9,205.93,257.83,23,52.27,38.2,0.36,567.22
CDR-D-2001378,2026-09-07 15:22:11,+25577820216,640027859904332,TZ-ARU-003,4G,tigo.pesa.app,16.89,68.63,85.52,60,19.8,38.0,0.36,0.0
CDR-D-2001379,2026-09-05 20:22:48,+25567309991,640029549825267,TZ-SNG-001,3G,tigo.internet,9.54,32.84,42.38,56,1.89,77.2,2.22,93.25
CDR-D-2001380,2026-09-03 00:56:43,+25571273659,640024037437944,TZ-DOM-001,5G,tigo.pesa.app,358.25,2912.0,3270.26,36,111.07,14.2,0.07,0.0
CDR-D-2001381,2026-09-02 11:33:03,+25577503149,640024964641601,TZ-TAR-001,3G,tigo.pesa.app,13.41,44.54,57.95,44,3.83,107.7,1.61,0.0
CDR-D-2001382,2026-09-01 05:36:22,+25577874415,640024647375561,TZ-DAR-015,3G,tigo.pesa.app,6.65,16.69,23.34,4,5.06,107.4,2.49,0.0
CDR-D-2001383,2026-09-07 19:03:03,+25577868136,640024738737735,TZ-MWA-003,4G,tigo.internet,132.46,658.78,791.24,59,12.39,30.9,0.34,1740.72
CDR-D-2001384,2026-09-06 14:46:23,+25567813745,640022949597857,TZ-MWA-001,5G,tigo.internet,634.04,3114.35,3748.38,90,238.74,12.7,0.04,8246.44
CDR-D-2001385,2026-09-01 22:34:45,+25567308894,640029587244082,TZ-SON-001,3G,tigo.internet,21.73,75.21,96.93,14,1.95,129.5,2.38,213.25
CDR-D-2001386,2026-09-03 12:26:17,+25565158579,640024208320641,TZ-KIL-001,4G,tigo.internet,128.76,767.11,895.87,80,22.69,47.6,0.38,1970.92
CDR-D-2001387,2026-09-07 02:05:18,+25577325272,640022889197205,TZ-PWA-002,4G,tigo.internet,212.67,879.31,1091.98,34,31.92,25.4,0.14,2402.35
CDR-D-2001388,2026-09-05 04:47:31,+25567142211,640025869119942,TZ-SHI-001,3G,tigo.internet,16.22,66.38,82.59,4,4.86,102.4,1.92,181.71
CDR-D-2001389,2026-09-02 15:31:54,+25577769952,640021418527641,TZ-KIL-002,3G,tigo.internet,8.03,27.47,35.5,47,1.91,123.6,0.76,78.1
CDR-D-2001390,2026-09-06 01:44:41,+25577285225,640027846389041,TZ-DAR-008,4G,tigo.internet,204.42,763.68,968.1,85,12.8,33.9,0.31,2129.83
CDR-D-2001391,2026-09-04 00:56:27,+25577373553,640026156156606,TZ-TND-001,3G,tigo.mms,11.5,46.5,58.0,45,4.92,114.5,0.59,127.6
CDR-D-2001392,2026-09-07 14:44:23,+25565859767,640025451959254,TZ-TAB-001,3G,tigo.internet,9.02,31.24,40.25,19,6.5,66.2,1.07,88.56
CDR-D-2001393,2026-09-05 23:09:24,+25565967977,640021032545020,TZ-KIL-003,3G,tigo.internet,2.09,5.77,7.87,36,6.51,121.1,1.76,17.31
CDR-D-2001394,2026-09-02 11:41:04,+25567347565,640023557863130,TZ-DAR-009,4G,tigo.internet,40.16,251.71,291.87,66,14.28,28.5,0.35,642.11
CDR-D-2001395,2026-09-04 03:02:57,+25565894586,640021878587567,TZ-PWA-001,4G,tigo.internet,21.99,139.08,161.07,9,37.43,33.2,0.11,354.35
CDR-D-2001396,2026-09-01 23:33:40,+25577464863,640027048809022,TZ-TAN-002,3G,tigo.pesa.app,2.68,13.0,15.69,86,4.55,106.2,1.83,0.0
CDR-D-2001397,2026-09-06 15:28:25,+25565424500,640028663811838,TZ-KIL-002,3G,tigo.internet,9.5,34.67,44.17,5,5.87,114.5,1.67,97.18
CDR-D-2001398,2026-09-05 02:42:32,+25565158579,640024208320641,TZ-KIL-001,4G,tigo.internet,165.59,571.43,737.03,19,34.6,39.8,0.21,1621.46
CDR-D-2001399,2026-09-05 14:19:37,+25571623147,640025699183813,TZ-DAR-006,4G,tigo.internet,18.23,89.71,107.94,89,25.4,48.2,0.19,237.48
CDR-D-2001400,2026-09-02 06:30:19,+25567591341,640024171685974,TZ-DAR-003,5G,tigo.internet,385.05,3160.54,3545.59,10,166.13,12.4,0.04,7800.29
CDR-D-2001401,2026-09-03 16:40:14,+25567330533,640029102064850,TZ-DAR-015,3G,tigo.corporate,16.37,46.84,63.21,26,6.1,70.9,2.32,139.05
CDR-D-2001402,2026-09-06 02:15:28,+25571257334,640027615840708,TZ-DAR-009,4G,tigo.internet,130.09,826.1,956.19,68,33.24,34.2,0.12,2103.61
CDR-D-2001403,2026-09-06 06:32:47,+25577473395,640022197826153,TZ-DAR-009,4G,tigo.internet,150.84,565.58,716.42,73,35.24,52.7,0.07,1576.12
CDR-D-2001404,2026-09-01 06:00:16,+25577116929,640025326129844,TZ-MWA-002,4G,tigo.corporate,55.46,212.68,268.14,37,43.26,40.4,0.24,589.9
CDR-D-2001405,2026-09-01 12:29:52,+25565977740,640021264739091,TZ-DAR-015,3G,tigo.internet,18.43,59.03,77.46,34,3.11,70.3,0.59,170.41
CDR-D-2001406,2026-09-02 18:58:34,+25577162165,640029557663181,TZ-ZNZ-004,4G,tigo.corporate,13.94,58.54,72.48,67,38.55,53.2,0.1,159.46
CDR-D-2001407,2026-09-06 09:23:24,+25565663876,640029899689747,TZ-DAR-012,5G,tigo.internet,459.71,2381.17,2840.88,69,87.67,18.2,0.14,6249.93
CDR-D-2001408,2026-09-02 21:19:54,+25571364742,640023051831252,TZ-DAR-010,4G,tigo.internet,59.47,302.77,362.24,32,33.99,28.2,0.43,796.93
CDR-D-2001409,2026-09-07 05:42:54,+25577626449,640022567069461,TZ-DAR-001,5G,tigo.internet,401.54,1607.44,2008.98,52,174.56,25.2,0.06,4419.76
CDR-D-2001410,2026-09-05 03:56:37,+25565758589,640024213790202,TZ-ZNZ-004,4G,tigo.internet,151.5,919.09,1070.6,73,54.04,25.4,0.13,2355.31
CDR-D-2001411,2026-09-03 14:58:16,+25567492125,640024519045785,TZ-TAB-001,3G,tigo.pesa.app,25.18,76.7,101.88,83,5.26,83.6,0.63,0.0
CDR-D-2001412,2026-09-05 14:15:55,+25577398042,640025771840898,TZ-DAR-010,4G,tigo.internet,51.02,203.75,254.77,5,16.3,29.1,0.2,560.5
CDR-D-2001413,2026-09-06 22:44:36,+25567760891,640022684371781,TZ-DAR-012,5G,tigo.internet,109.87,752.13,861.99,5,79.13,14.9,0.09,1896.39
CDR-D-2001414,2026-09-01 00:39:41,+25577509735,640027406726525,TZ-DAR-002,4G,tigo.corporate,115.72,460.78,576.51,22,61.22,46.5,0.06,1268.32
CDR-D-2001415,2026-09-07 21:16:32,+25567875702,640024779805199,TZ-PEM-001,3G,tigo.internet,23.7,63.15,86.85,9,6.72,114.9,2.69,191.08
CDR-D-2001416,2026-09-04 12:30:13,+25567436241,640023986257683,TZ-SON-001,3G,tigo.internet,2.66,11.53,14.19,79,5.91,78.5,0.79,31.21
CDR-D-2001417,2026-09-07 08:22:09,+25565846389,640027594134964,TZ-DOM-003,4G,tigo.internet,160.96,845.16,1006.12,20,18.02,43.6,0.4,2213.46
CDR-D-2001418,2026-09-07 20:25:20,+25571703172,640022143226860,TZ-KIL-003,3G,tigo.internet,7.71,24.66,32.37,33,1.4,109.6,0.74,71.22
CDR-D-2001419,2026-09-01 09:15:53,+25565199178,640021477329638,TZ-DAR-006,4G,tigo.mms,30.61,113.04,143.65,52,39.31,38.3,0.1,316.03
CDR-D-2001420,2026-09-04 01:54:23,+25571537859,640026915482645,TZ-MWA-003,4G,tigo.corporate,126.98,695.98,822.97,30,64.58,53.4,0.32,1810.52
CDR-D-2001421,2026-09-03 22:14:51,+25567614646,640027490269556,TZ-DOM-001,5G,tigo.internet,642.32,2806.88,3449.2,30,69.84,23.5,0.06,7588.24
CDR-D-2001422,2026-09-04 03:19:52,+25577325272,640022889197205,TZ-PWA-002,4G,tigo.internet,24.75,160.82,185.57,38,32.06,34.7,0.34,408.26
CDR-D-2001423,2026-09-06 17:25:44,+25567813745,640022949597857,TZ-MWA-001,5G,tigo.internet,182.51,1211.4,1393.9,12,191.5,17.3,0.03,3066.59
CDR-D-2001424,2026-09-03 18:54:14,+25577604575,640028348547534,TZ-MWA-003,4G,tigo.internet,21.97,87.84,109.81,51,15.46,54.6,0.3,241.58
CDR-D-2001425,2026-09-05 04:19:26,+25577660333,640021076945301,TZ-TND-001,3G,tigo.internet,3.15,13.03,16.18,19,2.76,132.3,1.49,35.59
CDR-D-2001426,2026-09-01 02:58:29,+25565674721,640024534096467,TZ-PWA-001,4G,tigo.pesa.app,11.73,70.93,82.65,69,49.71,31.4,0.15,0.0
CDR-D-2001427,2026-09-07 02:56:25,+25577100519,640026457800493,TZ-PWA-002,4G,tigo.internet,84.29,448.9,533.19,21,19.02,40.8,0.38,1173.03
CDR-D-2001428,2026-09-02 01:18:14,+25571501078,640026837342064,TZ-ARU-001,5G,tigo.internet,42.5,189.64,232.14,21,70.52,24.3,0.03,510.7
CDR-D-2001429,2026-09-05 03:50:50,+25571322096,640025025070544,TZ-KIL-003,3G,tigo.internet,15.35,62.12,77.47,56,5.42,112.7,0.95,170.43
CDR-D-2001430,2026-09-02 09:49:59,+25567625772,640025477330907,TZ-DAR-004,5G,tigo.internet,136.8,743.29,880.09,6,275.33,19.2,0.09,1936.21
CDR-D-2001431,2026-09-06 18:01:06,+25571584887,640026146514161,TZ-KIL-001,4G,tigo.internet,148.67,889.76,1038.44,47,34.9,28.8,0.34,2284.56
CDR-D-2001432,2026-09-02 06:08:26,+25577209385,640026964887772,TZ-DAR-003,5G,tigo.pesa.app,475.19,2753.33,3228.52,73,75.73,27.7,0.07,0.0
CDR-D-2001433,2026-09-03 02:13:53,+25571457137,640027853087029,TZ-DOM-002,5G,tigo.internet,147.97,651.26,799.23,25,238.12,25.5,0.02,1758.3
CDR-D-2001434,2026-09-01 03:01:27,+25565244818,640025875872347,TZ-ZNZ-002,4G,tigo.internet,101.64,479.97,581.62,2,39.02,41.8,0.26,1279.55
CDR-D-2001435,2026-09-05 07:12:59,+25565894586,640021878587567,TZ-PWA-001,4G,tigo.internet,159.49,775.62,935.11,73,58.28,31.4,0.38,2057.24
CDR-D-2001436,2026-09-04 03:19:00,+25567623125,640027660157097,TZ-MTW-001,4G,tigo.internet,140.59,772.4,912.99,5,26.45,47.8,0.33,2008.59
CDR-D-2001437,2026-09-04 19:50:08,+25565143884,640024099552003,TZ-PWA-001,4G,tigo.internet,74.81,296.57,371.39,34,16.97,44.0,0.15,817.05
CDR-D-2001438,2026-09-07 03:11:08,+25577716551,640026654385989,TZ-DAR-014,3G,tigo.internet,1.76,7.04,8.79,37,2.84,90.1,1.59,19.35
CDR-D-2001439,2026-09-02 05:03:18,+25571352468,640027700772345,TZ-ARU-001,5G,tigo.internet,521.83,2889.43,3411.26,46,264.36,19.2,0.05,7504.78
CDR-D-2001440,2026-09-06 03:30:49,+25565204271,640022396847823,TZ-TAR-001,3G,tigo.internet,21.96,57.87,79.83,46,4.91,125.6,1.97,175.62
CDR-D-2001441,2026-09-04 04:40:40,+25565256489,640025175074248,TZ-DOM-002,5G,tigo.internet,334.02,1363.39,1697.41,2,188.71,19.9,0.06,3734.29
CDR-D-2001442,2026-09-03 11:25:41,+25565887017,640024852002754,TZ-PWA-001,4G,tigo.internet,28.55,101.46,130.01,18,61.76,42.7,0.4,286.03
CDR-D-2001443,2026-09-01 19:34:45,+25571426558,640027340417431,TZ-ZNZ-001,5G,tigo.internet,165.48,1046.6,1212.08,26,205.21,15.3,0.02,2666.59
CDR-D-2001444,2026-09-01 19:56:24,+25567907788,640027363409651,TZ-SHI-001,3G,tigo.internet,4.54,20.11,24.65,12,7.42,98.2,1.05,54.24
CDR-D-2001445,2026-09-05 06:15:25,+25571588002,640022317723211,TZ-SON-001,3G,tigo.internet,14.63,42.86,57.5,40,3.05,116.5,1.87,126.49
CDR-D-2001446,2026-09-03 21:38:16,+25577387813,640029624715092,TZ-DAR-015,3G,tigo.internet,9.57,47.04,56.61,16,4.34,133.1,0.54,124.53
CDR-D-2001447,2026-09-02 03:11:25,+25571509420,640029045897249,TZ-MOR-001,4G,tigo.internet,69.16,265.06,334.23,38,18.55,44.2,0.36,735.3
CDR-D-2001448,2026-09-06 04:05:05,+25571492901,640024752728579,TZ-DAR-015,3G,tigo.pesa.app,20.82,73.06,93.88,50,2.63,134.2,2.51,0.0
CDR-D-2001449,2026-09-05 00:38:48,+25567585494,640027633342225,TZ-ZNZ-002,4G,tigo.internet,91.59,427.2,518.79,13,34.05,51.8,0.23,1141.35
CDR-D-2001450,2026-09-04 07:58:44,+25565815123,640025726050504,TZ-ZNZ-001,5G,tigo.internet,89.82,670.94,760.76,86,117.21,23.1,0.12,1673.68
CDR-D-2001451,2026-09-04 00:18:22,+25567516869,640028962027840,TZ-MWA-003,4G,tigo.corporate,70.55,266.83,337.38,41,25.86,35.6,0.23,742.23
CDR-D-2001452,2026-09-06 20:35:10,+25577907814,640025517226989,TZ-GEI-001,4G,tigo.mms,22.41,107.98,130.39,31,47.88,25.8,0.42,286.86
CDR-D-2001453,2026-09-02 21:23:25,+25567737846,640021637088959,TZ-TAB-001,3G,tigo.internet,11.86,50.73,62.59,47,6.81,102.9,2.49,137.69
CDR-D-2001454,2026-09-07 19:29:56,+25577746253,640026822362090,TZ-ZNZ-004,4G,tigo.internet,53.87,264.53,318.4,28,56.42,40.8,0.23,700.48
CDR-D-2001455,2026-09-02 02:10:23,+25577979562,640027808041613,TZ-TND-001,3G,tigo.internet,7.37,22.73,30.1,2,1.49,71.1,1.43,66.22
CDR-D-2001456,2026-09-02 04:59:21,+25565869933,640029921512797,TZ-DOM-003,4G,tigo.internet,46.35,226.7,273.05,6,31.19,38.9,0.44,600.7
CDR-D-2001457,2026-09-07 09:37:18,+25565309905,640023605238011,TZ-DAR-006,4G,tigo.mms,28.72,145.03,173.75,39,38.86,48.0,0.36,382.25
CDR-D-2001458,2026-09-04 10:16:01,+25567716006,640029795904190,TZ-KIG-001,3G,tigo.internet,13.6,50.75,64.36,39,3.17,131.8,1.77,141.58
CDR-D-2001459,2026-09-07 12:54:57,+25567850689,640022943612110,TZ-MTW-001,4G,tigo.pesa.app,87.7,527.88,615.58,39,22.72,52.1,0.22,0.0
CDR-D-2001460,2026-09-07 01:32:10,+25571974364,640022852934216,TZ-MWA-002,4G,tigo.corporate,18.29,100.94,119.24,73,17.29,48.4,0.21,262.32
CDR-D-2001461,2026-09-02 01:29:31,+25567701975,640025672946587,TZ-KIG-001,3G,tigo.pesa.app,9.16,40.9,50.06,46,5.41,65.1,1.67,0.0
CDR-D-2001462,2026-09-04 18:25:16,+25577432441,640027355707297,TZ-KIL-003,3G,tigo.internet,2.36,8.96,11.32,18,3.05,68.2,1.51,24.91
CDR-D-2001463,2026-09-07 00:05:23,+25565352164,640024899835735,TZ-PWA-002,4G,tigo.corporate,196.71,756.93,953.63,24,30.42,38.6,0.05,2097.99
CDR-D-2001464,2026-09-01 14:32:30,+25571993590,640022687477596,TZ-MBY-002,4G,tigo.mms,103.71,445.18,548.89,85,60.92,41.2,0.41,1207.56
CDR-D-2001465,2026-09-07 07:56:22,+25567319310,640029888835194,TZ-DAR-009,4G,tigo.pesa.app,87.76,460.44,548.2,81,22.91,42.1,0.17,0.0
CDR-D-2001466,2026-09-02 00:43:51,+25567321791,640021645277642,TZ-MTW-001,4G,tigo.internet,50.92,199.46,250.38,25,60.39,29.7,0.29,550.85
CDR-D-2001467,2026-09-03 12:41:15,+25565815123,640025726050504,TZ-ZNZ-001,5G,tigo.corporate,555.4,2979.7,3535.1,70,135.69,16.0,0.03,7777.21
CDR-D-2001468,2026-09-01 01:34:44,+25577676429,640023193894984,TZ-DAR-003,5G,tigo.internet,290.54,1718.02,2008.56,58,258.51,17.8,0.04,4418.84
CDR-D-2001469,2026-09-03 07:00:10,+25567231432,640021901260260,TZ-DAR-003,5G,tigo.internet,500.67,2555.28,3055.95,25,171.16,19.4,0.15,6723.09
CDR-D-2001470,2026-09-04 09:23:23,+25571663463,640021755431522,TZ-SNG-001,3G,tigo.corporate,16.48,52.85,69.33,33,6.83,130.7,2.22,152.53
CDR-D-2001471,2026-09-06 15:41:55,+25571907812,640029639044885,TZ-ARU-001,5G,tigo.internet,399.24,2562.01,2961.24,25,57.15,26.7,0.05,6514.74
CDR-D-2001472,2026-09-04 09:15:44,+25567172306,640022465576748,TZ-KAH-001,4G,tigo.mms,21.84,73.79,95.63,85,35.54,36.2,0.2,210.39
CDR-D-2001473,2026-09-07 19:19:53,+25565978302,640029562384841,TZ-KAH-001,4G,tigo.internet,210.4,882.32,1092.71,42,47.29,25.8,0.07,2403.97
CDR-D-2001474,2026-09-04 02:05:56,+25565475125,640022749681616,TZ-PWA-001,4G,tigo.internet,50.33,326.27,376.6,39,22.24,42.0,0.3,828.52
CDR-D-2001475,2026-09-05 15:53:39,+25565345101,640028065803509,TZ-TAB-001,3G,tigo.mms,31.32,81.86,113.18,49,1.52,70.4,0.61,249.01
CDR-D-2001476,2026-09-07 01:36:55,+25567435581,640023598804887,TZ-TAN-002,3G,tigo.internet,5.57,15.62,21.19,19,3.7,84.9,2.59,46.62
CDR-D-2001477,2026-09-07 22:03:42,+25565286717,640022826411454,TZ-TND-001,3G,tigo.internet,28.86,77.47,106.33,28,6.51,126.5,2.5,233.93
CDR-D-2001478,2026-09-06 04:20:08,+25567810277,640021642037497,TZ-ARU-003,4G,tigo.internet,192.4,802.56,994.96,86,40.78,30.8,0.13,2188.91
CDR-D-2001479,2026-09-07 21:10:30,+25567595043,640022988055189,TZ-ARU-001,5G,tigo.mms,57.29,310.12,367.41,63,155.44,22.0,0.03,808.3
CDR-D-2001480,2026-09-04 16:16:57,+25571162099,640028538395894,TZ-PWA-001,4G,tigo.internet,82.79,452.09,534.88,72,51.99,54.9,0.4,1176.74
CDR-D-2001481,2026-09-03 04:09:17,+25565545807,640024227004325,TZ-DAR-008,4G,tigo.internet,140.92,877.19,1018.11,28,27.97,31.7,0.26,2239.84
CDR-D-2001482,2026-09-05 23:38:36,+25577684352,640028310239458,TZ-KIL-003,3G,tigo.internet,16.09,40.39,56.48,83,5.15,114.2,1.54,124.25
CDR-D-2001483,2026-09-04 15:17:44,+25567247852,640021412213852,TZ-MTW-001,4G,tigo.internet,135.74,455.17,590.91,24,30.33,26.7,0.41,1300.01
CDR-D-2001484,2026-09-07 02:43:35,+25577404704,640022838081369,TZ-NJO-001,3G,tigo.internet,12.26,52.63,64.9,88,3.92,111.6,1.96,142.77
CDR-D-2001485,2026-09-07 05:51:55,+25567709291,640028240940498,TZ-SNG-001,3G,tigo.internet,19.84,75.77,95.6,11,3.91,120.8,0.91,210.33
CDR-D-2001486,2026-09-01 05:59:04,+25577899743,640022791532400,TZ-PEM-001,3G,tigo.pesa.app,21.29,79.73,101.02,57,3.97,76.0,2.17,0.0
CDR-D-2001487,2026-09-07 15:35:27,+25577766076,640029769785826,TZ-MTW-001,4G,tigo.internet,71.2,241.19,312.39,51,57.14,36.2,0.3,687.26
CDR-D-2001488,2026-09-04 17:51:44,+25577556329,640023341267390,TZ-KAH-001,4G,tigo.internet,37.25,153.34,190.6,60,52.09,53.6,0.22,419.31
CDR-D-2001489,2026-09-02 15:03:40,+25577113597,640029404635612,TZ-DAR-009,4G,tigo.internet,99.79,466.24,566.02,70,55.01,46.3,0.11,1245.25
CDR-D-2001490,2026-09-04 09:23:48,+25571302212,640023603225974,TZ-DAR-014,3G,tigo.pesa.app,7.51,32.47,39.99,10,2.81,97.0,0.76,0.0
CDR-D-2001491,2026-09-05 16:54:36,+25577998004,640022176662219,TZ-SHI-001,3G,tigo.internet,16.7,64.95,81.65,22,6.75,110.4,2.48,179.63
CDR-D-2001492,2026-09-01 10:02:16,+25577485456,640026076175708,TZ-IRI-001,4G,tigo.internet,151.31,878.07,1029.38,56,38.25,49.6,0.45,2264.63
CDR-D-2001493,2026-09-06 00:09:04,+25565543721,640022601253857,TZ-DAR-010,4G,tigo.pesa.app,175.03,928.53,1103.55,30,60.54,31.6,0.09,0.0
CDR-D-2001494,2026-09-01 15:18:00,+25577310541,640025275891045,TZ-DAR-006,4G,tigo.internet,232.86,949.26,1182.12,56,41.93,54.6,0.25,2600.66
CDR-D-2001495,2026-09-07 00:20:24,+25565863209,640029108060197,TZ-MWA-002,4G,tigo.internet,116.45,499.96,616.41,18,53.64,48.0,0.43,1356.09
CDR-D-2001496,2026-09-01 17:44:46,+25565857135,640027390188891,TZ-TAB-001,3G,tigo.internet,20.45,66.83,87.28,71,1.6,129.2,2.34,192.01
CDR-D-2001497,2026-09-04 04:35:53,+25571353495,640026887978829,TZ-DAR-013,5G,tigo.internet,451.23,3168.52,3619.75,52,189.45,19.1,0.06,7963.45
CDR-D-2001498,2026-09-04 22:32:52,+25565976097,640021369702097,TZ-SNG-001,3G,tigo.internet,20.81,53.6,74.41,88,5.82,121.5,0.91,163.7
CDR-D-2001499,2026-09-02 19:36:25,+25567585494,640027633342225,TZ-ZNZ-002,4G,tigo.internet,27.57,166.08,193.65,14,16.59,45.6,0.12,426.03
CDR-D-2001500,2026-09-06 03:33:05,+25571114463,640022126077199,TZ-MWA-001,5G,tigo.internet,572.91,3083.52,3656.44,32,170.51,25.9,0.1,8044.16
CDR-D-2001501,2026-09-04 19:13:40,+25577148381,640028497100471,TZ-TAN-002,3G,tigo.internet,11.44,55.14,66.59,39,2.99,103.8,1.67,146.49
CDR-D-2001502,2026-09-01 13:05:18,+25577194604,640028544069858,TZ-ARU-002,4G,tigo.internet,252.67,918.19,1170.85,4,53.21,49.0,0.31,2575.87
CDR-D-2001503,2026-09-04 14:32:11,+25567271456,640025683197659,TZ-DAR-015,3G,tigo.internet,5.9,15.01,20.91,11,5.44,111.0,1.2,46.0
CDR-D-2001504,2026-09-04 13:05:02,+25565190181,640028358125511,TZ-DAR-003,5G,tigo.internet,192.99,918.24,1111.24,58,173.32,17.4,0.06,2444.72
CDR-D-2001505,2026-09-06 22:45:02,+25571823468,640025905881794,TZ-SON-001,3G,tigo.corporate,17.07,56.82,73.89,35,3.45,110.9,0.73,162.55
CDR-D-2001506,2026-09-06 20:41:28,+25567219550,640024370518841,TZ-DAR-013,5G,tigo.internet,134.13,976.29,1110.42,88,139.33,13.5,0.06,2442.92
CDR-D-2001507,2026-09-05 06:47:58,+25577863481,640026041077282,TZ-MAR-001,3G,tigo.internet,12.32,31.66,43.98,36,1.88,125.0,0.55,96.76
CDR-D-2001508,2026-09-01 18:43:49,+25567833723,640027614170462,TZ-PWA-002,4G,tigo.internet,109.96,373.07,483.04,67,37.54,26.6,0.11,1062.68
CDR-D-2001509,2026-09-04 14:40:11,+25565706403,640021313659437,TZ-SHI-001,3G,tigo.internet,14.15,68.89,83.04,6,5.55,126.6,0.62,182.69
CDR-D-2001510,2026-09-07 09:51:22,+25571587506,640024462726923,TZ-DAR-011,4G,tigo.corporate,67.39,309.8,377.2,2,49.91,25.7,0.21,829.83
CDR-D-2001511,2026-09-06 11:47:24,+25567983241,640027476052850,TZ-MTW-001,4G,tigo.internet,77.6,400.29,477.88,28,52.09,26.1,0.28,1051.35
CDR-D-2001512,2026-09-07 18:07:16,+25577909508,640027652478210,TZ-MWA-002,4G,tigo.internet,63.82,227.99,291.81,66,22.56,32.6,0.42,641.99
CDR-D-2001513,2026-09-07 15:13:29,+25567492125,640024519045785,TZ-TAB-001,3G,tigo.mms,4.64,15.52,20.17,87,3.86,116.2,2.47,44.37
CDR-D-2001514,2026-09-04 15:42:54,+25577332060,640023685585090,TZ-KIL-002,3G,tigo.internet,4.41,16.4,20.81,5,6.87,89.9,0.78,45.79
CDR-D-2001515,2026-09-06 18:18:19,+25565316826,640026966615954,TZ-PWA-002,4G,tigo.internet,6.53,43.06,49.59,58,53.25,27.1,0.24,109.1
CDR-D-2001516,2026-09-05 20:00:59,+25577894139,640029941564880,TZ-DOM-002,5G,tigo.corporate,447.2,2483.57,2930.77,68,261.1,17.4,0.02,6447.69
CDR-D-2001517,2026-09-07 15:49:39,+25577761679,640023507826917,TZ-DAR-015,3G,tigo.internet,21.27,71.84,93.12,19,1.74,66.0,0.61,204.85
CDR-D-2001518,2026-09-06 23:40:45,+25571575606,640025557342313,TZ-DAR-001,5G,tigo.internet,30.2,170.52,200.72,71,162.09,20.1,0.05,441.59
CDR-D-2001519,2026-09-06 02:08:13,+25577500156,640025047709743,TZ-TAN-002,3G,tigo.internet,12.41,40.07,52.48,86,7.13,99.5,2.04,115.46
CDR-D-2001520,2026-09-05 06:52:11,+25577808534,640027623993181,TZ-ARU-003,4G,tigo.internet,12.86,60.89,73.76,34,40.95,51.4,0.25,162.26
CDR-D-2001521,2026-09-01 08:05:22,+25567585494,640027633342225,TZ-ZNZ-002,4G,tigo.mms,62.21,270.31,332.52,20,38.74,29.7,0.24,731.54
CDR-D-2001522,2026-09-03 18:09:05,+25565976097,640021369702097,TZ-SNG-001,3G,tigo.internet,9.19,35.85,45.04,52,4.78,107.7,1.22,99.09
CDR-D-2001523,2026-09-01 10:58:22,+25571588002,640022317723211,TZ-SON-001,3G,tigo.pesa.app,17.96,57.26,75.21,84,6.83,97.1,1.47,0.0
CDR-D-2001524,2026-09-02 16:12:31,+25577324682,640023208691233,TZ-ZNZ-004,4G,tigo.internet,66.67,305.17,371.85,55,48.86,43.2,0.4,818.06
CDR-D-2001525,2026-09-01 12:26:32,+25571314353,640026392415228,TZ-DOM-001,5G,tigo.internet,82.68,656.6,739.28,36,169.42,18.4,0.07,1626.41
CDR-D-2001526,2026-09-04 18:30:57,+25571119927,640022099184899,TZ-TAN-003,3G,tigo.internet,1.77,6.22,7.99,80,3.22,125.9,1.74,17.57
CDR-D-2001527,2026-09-04 14:06:11,+25567670950,640023905778118,TZ-ARU-003,4G,tigo.internet,73.72,486.19,559.91,23,24.1,39.9,0.09,1231.8
CDR-D-2001528,2026-09-02 07:52:59,+25577820216,640027859904332,TZ-ARU-003,4G,tigo.pesa.app,11.62,62.52,74.14,10,46.92,32.4,0.2,0.0
CDR-D-2001529,2026-09-03 05:01:38,+25565736446,640022729067297,TZ-ARU-003,4G,tigo.internet,37.63,155.32,192.95,20,57.17,26.9,0.23,424.5
CDR-D-2001530,2026-09-05 01:14:56,+25571780154,640026880283365,TZ-TAN-002,3G,tigo.mms,16.28,46.29,62.57,64,3.65,108.2,2.63,137.66
CDR-D-2001531,2026-09-05 15:13:56,+25565508856,640024550100615,TZ-TND-001,3G,tigo.internet,11.1,45.89,56.98,76,3.75,76.6,1.4,125.37
CDR-D-2001532,2026-09-05 19:53:36,+25565163029,640022219828872,TZ-TAN-001,4G,tigo.mms,143.71,936.31,1080.02,39,18.4,47.2,0.23,2376.04
CDR-D-2001533,2026-09-02 00:48:22,+25567951266,640022295067571,TZ-TAR-001,3G,tigo.internet,15.95,39.91,55.87,26,2.9,100.3,1.25,122.9
CDR-D-2001534,2026-09-03 14:05:20,+25577326956,640027835787787,TZ-ARU-001,5G,tigo.internet,351.26,1688.62,2039.88,42,70.37,21.2,0.13,4487.74
CDR-D-2001535,2026-09-02 00:30:09,+25565977740,640021264739091,TZ-DAR-015,3G,tigo.internet,11.66,30.09,41.75,88,2.12,113.1,2.42,91.85
CDR-D-2001536,2026-09-01 22:56:56,+25567580292,640021133790981,TZ-MWA-003,4G,tigo.internet,58.08,347.47,405.55,38,21.99,26.1,0.21,892.21
CDR-D-2001537,2026-09-01 03:32:05,+25577409531,640021654602021,TZ-NJO-001,3G,tigo.internet,21.9,68.59,90.48,29,2.28,105.4,0.88,199.06
CDR-D-2001538,2026-09-07 06:45:28,+25571240855,640024228195145,TZ-MBY-001,4G,tigo.internet,48.91,299.71,348.62,29,47.8,27.2,0.1,766.97
CDR-D-2001539,2026-09-02 12:41:11,+25565615353,640022849761315,TZ-TND-001,3G,tigo.internet,2.03,9.14,11.16,66,1.31,99.7,0.66,24.56
CDR-D-2001540,2026-09-03 21:04:27,+25571214677,640026002632810,TZ-MBY-002,4G,tigo.pesa.app,186.41,897.41,1083.82,47,38.83,38.4,0.36,0.0
CDR-D-2001541,2026-09-07 20:20:31,+25567137581,640026580427322,TZ-SHI-001,3G,tigo.internet,13.26,48.63,61.89,69,4.83,86.0,2.55,136.15
CDR-D-2001542,2026-09-07 10:46:42,+25571684791,640025134302513,TZ-GEI-001,4G,tigo.internet,192.61,775.32,967.93,20,29.09,43.9,0.26,2129.45
CDR-D-2001543,2026-09-06 22:32:52,+25577355570,640025916199809,TZ-PEM-001,3G,tigo.internet,22.94,67.92,90.86,8,4.75,65.9,0.71,199.88
CDR-D-2001544,2026-09-05 18:33:04,+25577800005,640028995059760,TZ-BUK-001,3G,tigo.internet,17.55,65.66,83.21,88,5.63,84.0,2.76,183.06
CDR-D-2001545,2026-09-06 05:21:34,+25571312177,640028234304760,TZ-MOR-001,4G,tigo.mms,148.24,721.2,869.44,44,32.18,45.7,0.42,1912.76
CDR-D-2001546,2026-09-03 09:01:28,+25565626883,640027266170179,TZ-PWA-001,4G,tigo.corporate,142.52,485.69,628.21,40,17.26,31.7,0.07,1382.07
CDR-D-2001547,2026-09-05 04:01:11,+25565363487,640021457092001,TZ-DAR-008,4G,tigo.internet,25.19,104.01,129.2,25,54.18,26.8,0.39,284.25
CDR-D-2001548,2026-09-01 09:30:42,+25571993140,640027586857685,TZ-MBY-002,4G,tigo.internet,50.76,238.32,289.07,50,28.43,35.4,0.37,635.96
CDR-D-2001549,2026-09-06 02:42:20,+25565745414,640027739255769,TZ-TAB-001,3G,tigo.internet,16.93,49.5,66.43,51,2.57,123.8,2.52,146.15
CDR-D-2001550,2026-09-04 12:20:40,+25567674213,640029635366717,TZ-MWA-003,4G,tigo.internet,245.47,903.66,1149.13,82,62.82,49.2,0.29,2528.08
CDR-D-2001551,2026-09-01 16:49:03,+25577644098,640022994012789,TZ-SHI-001,3G,tigo.internet,16.21,66.35,82.56,81,4.95,102.6,2.77,181.64
CDR-D-2001552,2026-09-01 12:23:28,+25567628597,640029080510951,TZ-MWA-003,4G,tigo.internet,31.65,108.5,140.15,85,43.28,37.9,0.26,308.32
CDR-D-2001553,2026-09-04 18:17:46,+25565379714,640025417744298,TZ-DAR-014,3G,tigo.pesa.app,21.71,79.35,101.06,83,6.21,72.3,0.85,0.0
CDR-D-2001554,2026-09-03 17:49:06,+25565463656,640029514255777,TZ-ARU-002,4G,tigo.internet,72.33,256.81,329.14,33,41.71,27.2,0.11,724.11
CDR-D-2001555,2026-09-01 08:43:53,+25571256900,640022211374001,TZ-TAR-001,3G,tigo.internet,1.85,5.89,7.74,77,4.99,88.2,1.71,17.04
CDR-D-2001556,2026-09-07 06:48:53,+25577183641,640026640042225,TZ-DAR-008,4G,tigo.internet,62.45,376.44,438.9,24,59.6,35.8,0.18,965.57
CDR-D-2001557,2026-09-02 04:03:11,+25571988324,640025756663747,TZ-DOM-003,4G,tigo.internet,53.91,265.24,319.14,33,25.84,37.5,0.43,702.12
CDR-D-2001558,2026-09-02 07:32:27,+25565100487,640022631355498,TZ-DAR-009,4G,tigo.internet,74.02,364.49,438.51,90,20.14,29.9,0.28,964.73
CDR-D-2001559,2026-09-07 20:31:02,+25567139286,640025334769475,TZ-DAR-009,4G,tigo.internet,184.41,625.57,809.97,82,54.48,46.4,0.27,1781.94
CDR-D-2001560,2026-09-02 17:25:06,+25571150243,640025060219510,TZ-TAB-001,3G,tigo.internet,8.8,36.59,45.39,60,5.44,109.8,1.3,99.86
CDR-D-2001561,2026-09-05 19:34:38,+25577944013,640027045485090,TZ-MWA-002,4G,tigo.corporate,67.48,320.79,388.27,30,53.66,25.3,0.32,854.2
CDR-D-2001562,2026-09-01 19:13:32,+25577105842,640027441658392,TZ-ZNZ-002,4G,tigo.pesa.app,147.71,709.32,857.03,39,21.14,41.7,0.4,0.0
CDR-D-2001563,2026-09-06 10:36:34,+25567733801,640023468224333,TZ-DOM-001,5G,tigo.pesa.app,213.4,883.14,1096.54,18,228.16,23.4,0.08,0.0
CDR-D-2001564,2026-09-07 04:24:15,+25567584867,640026350622684,TZ-DAR-003,5G,tigo.internet,324.99,2268.07,2593.06,46,272.23,15.1,0.1,5704.72
CDR-D-2001565,2026-09-07 10:54:18,+25565216006,640027746298485,TZ-TAB-001,3G,tigo.internet,5.98,17.31,23.29,34,3.04,77.7,1.24,51.24
CDR-D-2001566,2026-09-04 17:21:57,+25577261528,640027074041090,TZ-BUK-001,3G,tigo.internet,3.48,10.15,13.64,35,4.8,137.0,2.27,30.0
CDR-D-2001567,2026-09-03 03:56:52,+25565391636,640029760047394,TZ-ARU-002,4G,tigo.internet,8.76,47.33,56.09,34,12.12,35.5,0.36,123.39
CDR-D-2001568,2026-09-07 18:14:40,+25565882209,640021279384728,TZ-NJO-001,3G,tigo.internet,16.35,67.62,83.97,19,5.55,128.7,1.65,184.74
CDR-D-2001569,2026-09-03 09:32:39,+25565784343,640021692392816,TZ-DOM-001,5G,tigo.internet,546.4,2637.69,3184.09,89,88.29,12.7,0.11,7005.0
CDR-D-2001570,2026-09-07 07:49:22,+25567572700,640026922713963,TZ-ARU-002,4G,tigo.internet,52.53,303.24,355.76,6,21.76,44.6,0.37,782.68
CDR-D-2001571,2026-09-01 15:28:55,+25571520169,640023367183914,TZ-DAR-007,4G,tigo.internet,150.91,735.84,886.75,13,54.1,51.5,0.19,1950.85
CDR-D-2001572,2026-09-01 16:33:10,+25571780566,640026263212814,TZ-ARU-003,4G,tigo.mms,44.83,205.97,250.8,77,45.04,31.4,0.45,551.77
CDR-D-2001573,2026-09-03 03:57:03,+25571156620,640027383213464,TZ-DOM-002,5G,tigo.internet,32.93,236.85,269.78,70,93.57,16.4,0.07,593.51
CDR-D-2001574,2026-09-01 19:22:08,+25577147899,640025501335775,TZ-MAR-001,3G,tigo.internet,6.82,22.31,29.12,47,6.49,98.1,2.62,64.07
CDR-D-2001575,2026-09-05 00:16:41,+25567699853,640027450493016,TZ-DAR-009,4G,tigo.internet,204.66,729.31,933.97,56,48.98,47.1,0.34,2054.72
CDR-D-2001576,2026-09-06 04:54:10,+25565496252,640022466684707,TZ-DAR-008,4G,tigo.mms,7.73,35.63,43.36,34,40.86,54.0,0.25,95.39
CDR-D-2001577,2026-09-07 02:21:36,+25567413612,640021348447276,TZ-DAR-004,5G,tigo.mms,559.41,3190.38,3749.79,60,90.14,21.5,0.08,8249.54
CDR-D-2001578,2026-09-07 15:07:52,+25577322086,640023962958940,TZ-DAR-015,3G,tigo.internet,28.64,73.19,101.83,8,1.61,87.5,2.18,224.03
CDR-D-2001579,2026-09-04 17:21:14,+25571860583,640028334756553,TZ-KAH-001,4G,tigo.internet,37.49,169.52,207.01,27,47.03,54.4,0.33,455.43
CDR-D-2001580,2026-09-06 12:25:42,+25577522866,640024509431976,TZ-MWA-003,4G,tigo.internet,59.52,268.04,327.56,17,29.7,47.3,0.31,720.63
CDR-D-2001581,2026-09-05 18:32:45,+25567913185,640026510697299,TZ-GEI-001,4G,tigo.internet,103.06,404.71,507.77,52,63.29,44.9,0.22,1117.1
CDR-D-2001582,2026-09-04 06:02:55,+25577834680,640025341842641,TZ-MWA-001,5G,tigo.mms,267.69,1524.29,1791.97,6,100.06,14.8,0.13,3942.34
CDR-D-2001583,2026-09-01 10:55:58,+25565682667,640028723296882,TZ-DAR-011,4G,tigo.pesa.app,137.24,718.83,856.08,50,16.16,54.1,0.35,0.0
CDR-D-2001584,2026-09-05 16:35:02,+25567101531,640023065961960,TZ-TAN-001,4G,tigo.internet,59.7,267.12,326.82,74,64.39,37.0,0.17,719.0
CDR-D-2001585,2026-09-01 20:35:52,+25565345101,640028065803509,TZ-TAB-001,3G,tigo.pesa.app,7.36,20.54,27.9,49,1.52,134.5,1.54,0.0
CDR-D-2001586,2026-09-05 07:54:56,+25565460934,640023765321240,TZ-TAR-001,3G,tigo.internet,11.73,38.16,49.9,62,3.54,129.1,2.55,109.77
CDR-D-2001587,2026-09-01 13:51:05,+25567982844,640022281799405,TZ-ZNZ-004,4G,tigo.internet,139.51,576.32,715.84,79,53.21,26.9,0.11,1574.84
CDR-D-2001588,2026-09-07 00:27:50,+25577631468,640026900423003,TZ-MWA-001,5G,tigo.internet,506.57,2773.24,3279.81,40,144.44,16.6,0.05,7215.58
CDR-D-2001589,2026-09-03 16:03:27,+25571963617,640023415802569,TZ-TAN-002,3G,tigo.corporate,21.49,63.37,84.86,67,7.18,82.6,0.9,186.69
CDR-D-2001590,2026-09-04 21:18:42,+25567623956,640025277072865,TZ-DAR-014,3G,tigo.corporate,12.06,56.09,68.15,59,5.3,136.8,0.93,149.93
CDR-D-2001591,2026-09-07 23:56:09,+25571963955,640022526788512,TZ-PEM-001,3G,tigo.corporate,15.11,65.31,80.42,54,7.45,119.0,1.16,176.92
CDR-D-2001592,2026-09-02 02:25:56,+25567231432,640021901260260,TZ-DAR-003,5G,tigo.internet,115.69,629.56,745.25,74,54.67,26.1,0.12,1639.56
CDR-D-2001593,2026-09-04 23:30:40,+25577194009,640022269366925,TZ-DOM-003,4G,tigo.internet,189.65,862.06,1051.7,39,28.13,32.4,0.31,2313.75
CDR-D-2001594,2026-09-04 21:47:26,+25571441242,640029977486924,TZ-DAR-012,5G,tigo.mms,400.92,1777.21,2178.13,52,258.63,22.9,0.13,4791.88
CDR-D-2001595,2026-09-03 18:10:39,+25567115552,640028633387715,TZ-IRI-001,4G,tigo.internet,83.92,547.87,631.79,57,50.35,26.6,0.07,1389.93
CDR-D-2001596,2026-09-07 16:17:39,+25565244933,640028169652310,TZ-MOR-001,4G,tigo.internet,119.25,692.35,811.61,89,26.78,55.0,0.38,1785.54
CDR-D-2001597,2026-09-02 18:20:16,+25577802374,640027717423384,TZ-ARU-002,4G,tigo.internet,23.71,88.58,112.29,55,45.23,40.7,0.36,247.04
CDR-D-2001598,2026-09-05 05:06:43,+25577321659,640029831336766,TZ-TAR-001,3G,tigo.pesa.app,7.83,24.92,32.75,83,1.98,123.5,1.2,0.0
CDR-D-2001599,2026-09-03 07:43:42,+25571620248,640022546720356,TZ-DOM-003,4G,tigo.internet,212.02,836.89,1048.9,74,24.7,25.9,0.34,2307.58
CDR-D-2001600,2026-09-01 09:56:46,+25577979562,640027808041613,TZ-TND-001,3G,tigo.internet,5.92,26.12,32.04,90,2.4,137.4,1.76,70.49
CDR-D-2001601,2026-09-04 04:17:28,+25567603268,640027282885927,TZ-DAR-006,4G,tigo.internet,160.22,755.78,916.0,48,51.12,28.0,0.32,2015.2
CDR-D-2001602,2026-09-04 18:24:57,+25567417420,640028926139828,TZ-ZNZ-003,4G,tigo.pesa.app,114.84,737.15,851.99,72,39.7,45.9,0.25,0.0
CDR-D-2001603,2026-09-01 00:15:26,+25565917380,640022350564914,TZ-ARU-001,5G,tigo.pesa.app,264.15,1349.11,1613.27,84,256.7,20.9,0.04,0.0
CDR-D-2001604,2026-09-05 15:32:15,+25577146670,640027465926508,TZ-GEI-001,4G,tigo.corporate,144.62,490.2,634.83,49,22.44,39.4,0.35,1396.62
CDR-D-2001605,2026-09-05 07:06:38,+25567418886,640023298253978,TZ-MAR-001,3G,tigo.internet,19.28,70.53,89.81,23,4.88,132.1,1.15,197.59
CDR-D-2001606,2026-09-07 13:03:04,+25571976579,640023850066815,TZ-MOR-001,4G,tigo.pesa.app,100.17,447.04,547.21,18,31.79,38.6,0.32,0.0
CDR-D-2001607,2026-09-03 07:00:01,+25565536135,640022732663107,TZ-ZNZ-004,4G,tigo.pesa.app,27.82,167.42,195.24,26,29.11,31.0,0.35,0.0
CDR-D-2001608,2026-09-03 00:39:19,+25567907788,640027363409651,TZ-SHI-001,3G,tigo.internet,22.01,66.4,88.41,58,4.07,81.2,2.63,194.5
CDR-D-2001609,2026-09-01 12:36:27,+25577815309,640025223195646,TZ-IRI-001,4G,tigo.corporate,122.09,669.49,791.59,6,28.52,37.8,0.05,1741.49
CDR-D-2001610,2026-09-07 23:12:23,+25567413612,640021348447276,TZ-DAR-004,5G,tigo.internet,76.91,517.61,594.52,34,232.91,25.2,0.14,1307.95
CDR-D-2001611,2026-09-03 08:53:10,+25565880788,640025045892188,TZ-DAR-004,5G,tigo.internet,525.82,2903.99,3429.82,77,268.66,16.0,0.12,7545.6
CDR-D-2001612,2026-09-01 12:43:14,+25577686095,640025498095763,TZ-KIL-001,4G,tigo.internet,76.31,501.43,577.73,14,56.81,40.9,0.11,1271.01
CDR-D-2001613,2026-09-01 16:06:23,+25565907848,640027093416015,TZ-DAR-015,3G,tigo.internet,12.57,55.62,68.19,26,6.31,84.4,2.75,150.02
CDR-D-2001614,2026-09-05 03:55:34,+25565350132,640025837082260,TZ-TAB-001,3G,tigo.pesa.app,21.83,78.67,100.5,61,5.24,123.3,1.52,0.0
CDR-D-2001615,2026-09-05 12:23:04,+25577990691,640029121545413,TZ-MOR-001,4G,tigo.corporate,179.72,743.1,922.82,84,64.49,52.6,0.09,2030.21
CDR-D-2001616,2026-09-07 13:10:53,+25571650768,640029297920183,TZ-DAR-012,5G,tigo.internet,173.41,757.65,931.06,42,191.95,20.4,0.12,2048.34
CDR-D-2001617,2026-09-04 14:19:34,+25577929816,640024888501524,TZ-TAN-001,4G,tigo.internet,4.5,26.97,31.47,53,34.45,51.5,0.06,69.24
CDR-D-2001618,2026-09-04 03:26:08,+25567624288,640023939637388,TZ-SHI-001,3G,tigo.internet,9.23,29.71,38.94,61,5.33,95.7,0.59,85.68
CDR-D-2001619,2026-09-02 01:02:16,+25565500984,640025760130713,TZ-DOM-003,4G,tigo.internet,143.85,508.95,652.8,45,15.33,28.5,0.05,1436.15
CDR-D-2001620,2026-09-06 16:21:57,+25567658224,640023857879268,TZ-DAR-012,5G,tigo.internet,142.73,949.71,1092.44,68,226.8,13.1,0.15,2403.37
CDR-D-2001621,2026-09-01 00:23:13,+25565989265,640024480721612,TZ-KIG-001,3G,tigo.internet,3.52,9.57,13.09,15,6.84,118.7,1.48,28.8
CDR-D-2001622,2026-09-03 19:33:29,+25571317062,640027775750049,TZ-GEI-001,4G,tigo.corporate,80.51,350.65,431.16,76,30.79,52.1,0.44,948.55
CDR-D-2001623,2026-09-05 13:09:47,+25565180913,640024384950377,TZ-DAR-010,4G,tigo.internet,47.27,169.41,216.68,65,35.57,40.2,0.11,476.7
CDR-D-2001624,2026-09-01 10:53:10,+25567520415,640023923089394,TZ-NJO-001,3G,tigo.internet,4.16,20.7,24.86,70,7.17,116.3,1.79,54.69
CDR-D-2001625,2026-09-07 08:45:38,+25565938403,640027075798574,TZ-DAR-013,5G,tigo.pesa.app,401.64,2748.39,3150.03,57,78.78,25.7,0.09,0.0
CDR-D-2001626,2026-09-05 07:49:14,+25567669408,640021141312095,TZ-KIL-003,3G,tigo.corporate,18.57,75.07,93.65,57,5.65,111.6,2.62,206.02
CDR-D-2001627,2026-09-06 21:30:10,+25577286540,640026769647208,TZ-DAR-015,3G,tigo.internet,15.26,60.43,75.69,35,4.33,107.8,2.2,166.52
CDR-D-2001628,2026-09-05 13:42:43,+25565782039,640022419183659,TZ-KIG-001,3G,tigo.internet,5.94,19.84,25.78,22,2.53,132.2,0.71,56.71
CDR-D-2001629,2026-09-04 23:36:06,+25571279041,640028524236872,TZ-SNG-001,3G,tigo.internet,21.17,83.21,104.38,78,5.06,71.1,1.85,229.64
CDR-D-2001630,2026-09-04 02:13:58,+25571736213,640028662385570,TZ-KIL-002,3G,tigo.internet,8.11,39.23,47.33,26,3.25,95.6,0.71,104.13
CDR-D-2001631,2026-09-05 05:08:59,+25571464488,640024033574122,TZ-ZNZ-002,4G,tigo.internet,92.36,498.97,591.33,59,27.91,40.3,0.21,1300.93
CDR-D-2001632,2026-09-02 12:12:39,+25567347565,640023557863130,TZ-DAR-009,4G,tigo.internet,164.23,676.08,840.31,13,59.28,47.0,0.29,1848.69
CDR-D-2001633,2026-09-01 09:31:09,+25577388039,640023651030484,TZ-ZNZ-002,4G,tigo.pesa.app,27.36,166.38,193.73,64,33.62,29.9,0.27,0.0
CDR-D-2001634,2026-09-05 16:41:13,+25567674213,640029635366717,TZ-MWA-003,4G,tigo.internet,142.92,906.63,1049.55,38,44.15,38.2,0.2,2309.01
CDR-D-2001635,2026-09-01 07:09:43,+25567304206,640025449848690,TZ-KIL-003,3G,tigo.pesa.app,20.78,57.75,78.54,57,1.89,77.0,1.19,0.0
CDR-D-2001636,2026-09-04 02:20:39,+25577623676,640024300760409,TZ-ARU-002,4G,tigo.internet,88.16,351.88,440.04,69,48.76,39.1,0.13,968.09
CDR-D-2001637,2026-09-07 12:48:38,+25577648830,640021998278217,TZ-ARU-001,5G,tigo.internet,57.75,363.08,420.83,38,150.69,16.2,0.02,925.82
CDR-D-2001638,2026-09-07 06:14:31,+25567882193,640026129924345,TZ-ZNZ-003,4G,tigo.internet,38.77,151.25,190.02,85,41.94,52.3,0.3,418.05
CDR-D-2001639,2026-09-05 10:37:56,+25577936865,640023269449477,TZ-MTW-001,4G,tigo.corporate,4.31,27.89,32.2,79,24.61,27.7,0.34,70.84
CDR-D-2001640,2026-09-07 14:22:00,+25567538897,640027032706313,TZ-NJO-001,3G,tigo.internet,16.46,69.71,86.16,5,5.73,136.6,1.15,189.56
CDR-D-2001641,2026-09-02 01:07:17,+25571155032,640023994828174,TZ-DAR-009,4G,tigo.internet,182.86,864.52,1047.38,60,14.81,32.4,0.34,2304.23
CDR-D-2001642,2026-09-07 17:56:47,+25577943721,640021882973081,TZ-DAR-004,5G,tigo.internet,258.5,1724.64,1983.14,40,228.56,27.8,0.08,4362.91
CDR-D-2001643,2026-09-06 15:56:03,+25571515035,640024389346722,TZ-KIL-001,4G,tigo.internet,20.67,108.28,128.95,39,36.5,30.6,0.4,283.69
CDR-D-2001644,2026-09-01 18:40:33,+25565816514,640024297076131,TZ-DOM-003,4G,tigo.internet,198.14,901.45,1099.6,65,22.05,26.2,0.43,2419.11
CDR-D-2001645,2026-09-03 00:22:15,+25571842470,640025113699666,TZ-DOM-003,4G,tigo.internet,79.22,393.14,472.36,87,64.43,47.8,0.21,1039.2
CDR-D-2001646,2026-09-01 05:12:28,+25565378196,640026717441860,TZ-KAH-001,4G,tigo.pesa.app,202.3,857.52,1059.82,83,23.79,36.5,0.19,0.0
CDR-D-2001647,2026-09-04 18:46:22,+25571770513,640027039004351,TZ-BUK-001,3G,tigo.internet,21.71,83.12,104.83,25,3.87,67.7,1.64,230.62
CDR-D-2001648,2026-09-02 21:31:58,+25565626883,640027266170179,TZ-PWA-001,4G,tigo.internet,39.06,137.27,176.33,44,24.42,48.3,0.09,387.93
CDR-D-2001649,2026-09-04 06:14:58,+25565176452,640027955985378,TZ-DAR-003,5G,tigo.internet,425.52,1753.49,2179.0,72,144.89,23.6,0.13,4793.81
CDR-D-2001650,2026-09-06 01:23:41,+25577310416,640027916193949,TZ-MBY-001,4G,tigo.internet,207.53,785.08,992.61,56,33.81,48.5,0.33,2183.75
CDR-D-2001651,2026-09-04 09:28:22,+25577694954,640023864715453,TZ-MTW-001,4G,tigo.internet,201.37,947.65,1149.02,65,57.53,27.2,0.3,2527.83
CDR-D-2001652,2026-09-04 19:49:18,+25571737460,640026638851791,TZ-PWA-001,4G,tigo.pesa.app,72.98,314.41,387.39,48,28.48,34.4,0.12,0.0
CDR-D-2001653,2026-09-01 23:46:52,+25565938403,640027075798574,TZ-DAR-013,5G,tigo.internet,380.05,1697.89,2077.95,28,64.68,24.9,0.07,4571.48
CDR-D-2001654,2026-09-02 15:39:42,+25571857886,640025861330704,TZ-PWA-001,4G,tigo.internet,23.19,121.64,144.83,48,57.46,27.8,0.38,318.63
CDR-D-2001655,2026-09-06 02:55:04,+25565812711,640022632399901,TZ-ZNZ-001,5G,tigo.internet,480.3,2288.27,2768.57,87,113.93,18.4,0.03,6090.85
CDR-D-2001656,2026-09-01 08:55:24,+25577616428,640024470249239,TZ-MBY-002,4G,tigo.internet,144.06,949.62,1093.68,13,31.23,49.3,0.24,2406.09
CDR-D-2001657,2026-09-02 12:11:36,+25571724719,640025774643348,TZ-ZNZ-002,4G,tigo.internet,89.72,550.09,639.81,60,59.38,27.8,0.18,1407.59
CDR-D-2001658,2026-09-02 03:16:58,+25571928373,640023818626841,TZ-ZNZ-003,4G,tigo.internet,71.73,296.26,367.99,65,30.76,48.8,0.07,809.57
CDR-D-2001659,2026-09-02 15:20:50,+25567161437,640021685583357,TZ-DAR-004,5G,tigo.corporate,425.94,1773.06,2199.0,9,131.49,21.0,0.13,4837.81
CDR-D-2001660,2026-09-04 06:39:50,+25571742321,640021523893241,TZ-MWA-002,4G,tigo.internet,79.1,409.63,488.73,51,54.32,46.7,0.22,1075.2
CDR-D-2001661,2026-09-05 01:14:27,+25577308050,640023624656441,TZ-KIL-003,3G,tigo.internet,6.29,25.27,31.57,68,4.74,137.3,2.51,69.44
CDR-D-2001662,2026-09-03 18:32:03,+25567160028,640023597900199,TZ-IRI-001,4G,tigo.mms,35.02,226.8,261.82,18,42.49,50.5,0.39,576.0
CDR-D-2001663,2026-09-01 07:47:15,+25565740195,640023970715367,TZ-TAN-003,3G,tigo.mms,17.01,50.29,67.3,35,2.38,74.4,1.92,148.05
CDR-D-2001664,2026-09-04 00:33:00,+25565143926,640025484003506,TZ-DAR-010,4G,tigo.internet,144.65,558.51,703.15,41,34.01,45.9,0.36,1546.94
CDR-D-2001665,2026-09-02 05:06:41,+25567430036,640026859140780,TZ-TAN-003,3G,tigo.internet,3.77,10.73,14.5,12,6.19,105.8,2.44,31.89
CDR-D-2001666,2026-09-01 01:40:18,+25565911982,640025606488160,TZ-ZNZ-002,4G,tigo.internet,149.58,555.69,705.27,81,53.72,48.6,0.24,1551.59
CDR-D-2001667,2026-09-05 12:02:49,+25571749838,640028975021081,TZ-TAR-001,3G,tigo.internet,7.94,20.08,28.02,26,1.65,96.3,1.9,61.65
CDR-D-2001668,2026-09-03 00:33:14,+25571182300,640028144352013,TZ-ARU-001,5G,tigo.pesa.app,101.25,775.61,876.86,38,45.38,17.3,0.04,0.0
CDR-D-2001669,2026-09-05 22:21:30,+25565254127,640024374115502,TZ-TND-001,3G,tigo.internet,10.77,40.45,51.22,73,4.48,103.6,2.79,112.69
CDR-D-2001670,2026-09-06 19:52:32,+25565278887,640021635149757,TZ-DAR-003,5G,tigo.internet,202.67,1520.12,1722.8,59,179.19,14.4,0.12,3790.16
CDR-D-2001671,2026-09-02 17:09:34,+25577325272,640022889197205,TZ-PWA-002,4G,tigo.internet,29.89,175.97,205.86,12,61.87,37.5,0.34,452.89
CDR-D-2001672,2026-09-07 11:04:07,+25567121838,640021330614006,TZ-PWA-001,4G,tigo.internet,18.58,63.82,82.4,70,42.45,34.7,0.21,181.28
CDR-D-2001673,2026-09-03 01:42:19,+25571909652,640029125023089,TZ-TAR-001,3G,tigo.pesa.app,7.32,20.15,27.46,85,6.14,134.5,1.54,0.0
CDR-D-2001674,2026-09-07 11:41:21,+25567725850,640023313993297,TZ-NJO-001,3G,tigo.internet,5.66,14.88,20.55,23,1.35,103.2,0.52,45.21
CDR-D-2001675,2026-09-03 20:49:47,+25565141115,640029084772460,TZ-MAR-001,3G,tigo.internet,24.18,63.49,87.67,62,1.98,98.2,1.43,192.87
CDR-D-2001676,2026-09-01 15:18:29,+25567701975,640025672946587,TZ-KIG-001,3G,tigo.internet,18.27,83.7,101.97,62,4.87,134.5,1.6,224.33
CDR-D-2001677,2026-09-03 05:41:59,+25567253541,640024605117440,TZ-NJO-001,3G,tigo.internet,12.91,51.91,64.82,70,1.66,123.8,0.99,142.61
CDR-D-2001678,2026-09-01 00:22:21,+25565284019,640022408434291,TZ-PWA-001,4G,tigo.internet,23.46,137.22,160.68,36,24.98,47.8,0.16,353.49
CDR-D-2001679,2026-09-05 17:54:01,+25571823468,640025905881794,TZ-SON-001,3G,tigo.internet,6.59,18.05,24.63,79,4.89,94.7,1.22,54.2
CDR-D-2001680,2026-09-06 20:40:04,+25571728038,640026687206971,TZ-DAR-004,5G,tigo.internet,626.32,2767.82,3394.14,57,62.61,17.6,0.09,7467.11
CDR-D-2001681,2026-09-01 15:18:41,+25571110113,640024105721420,TZ-GEI-001,4G,tigo.internet,97.27,611.66,708.94,69,29.15,53.5,0.15,1559.66
CDR-D-2001682,2026-09-01 10:50:47,+25571210592,640024074187947,TZ-SHI-001,3G,tigo.internet,22.96,59.55,82.52,9,1.52,97.3,2.58,181.54
CDR-D-2001683,2026-09-06 15:08:20,+25567521730,640027133865128,TZ-MWA-003,4G,tigo.internet,172.74,682.91,855.65,29,26.25,39.7,0.42,1882.43
CDR-D-2001684,2026-09-07 10:53:11,+25571357232,640027329335818,TZ-KIL-001,4G,tigo.corporate,175.9,920.23,1096.12,3,48.03,31.5,0.18,2411.47
CDR-D-2001685,2026-09-02 12:32:15,+25567112266,640022757235114,TZ-PWA-001,4G,tigo.internet,132.31,784.02,916.34,2,18.32,40.1,0.35,2015.95
CDR-D-2001686,2026-09-06 22:49:02,+25565389982,640025120590842,TZ-DAR-007,4G,tigo.internet,110.74,448.46,559.2,42,61.52,27.2,0.23,1230.24
CDR-D-2001687,2026-09-06 19:19:26,+25567516869,640028962027840,TZ-MWA-003,4G,tigo.corporate,28.92,130.4,159.32,15,16.67,34.0,0.37,350.51
CDR-D-2001688,2026-09-07 17:46:13,+25565122613,640027648364190,TZ-TAR-001,3G,tigo.pesa.app,15.94,62.35,78.28,71,7.05,138.7,0.56,0.0
CDR-D-2001689,2026-09-05 00:02:43,+25565663876,640029899689747,TZ-DAR-012,5G,tigo.internet,29.28,220.78,250.07,39,107.82,25.4,0.14,550.15
CDR-D-2001690,2026-09-04 21:48:49,+25567570267,640022873145919,TZ-TAB-001,3G,tigo.internet,5.71,24.59,30.3,8,2.27,87.8,1.63,66.67
CDR-D-2001691,2026-09-03 10:40:31,+25577493262,640027929459291,TZ-DAR-001,5G,tigo.internet,333.97,1777.66,2111.63,54,150.33,26.0,0.08,4645.58
CDR-D-2001692,2026-09-05 02:14:39,+25571584887,640026146514161,TZ-KIL-001,4G,tigo.internet,219.33,764.55,983.88,43,19.36,29.1,0.33,2164.53
CDR-D-2001693,2026-09-02 04:39:55,+25567641422,640028148953034,TZ-ZNZ-002,4G,tigo.internet,98.88,587.45,686.34,44,56.07,50.7,0.14,1509.94
CDR-D-2001694,2026-09-04 19:43:10,+25565645792,640021286813210,TZ-ZNZ-003,4G,tigo.mms,138.75,772.36,911.11,39,64.94,38.3,0.24,2004.44
CDR-D-2001695,2026-09-04 04:42:23,+25571130710,640021962134345,TZ-DAR-015,3G,tigo.internet,3.03,10.95,13.99,70,2.6,134.4,0.76,30.77
CDR-D-2001696,2026-09-07 06:17:48,+25577805486,640024266466941,TZ-DAR-003,5G,tigo.pesa.app,325.08,1761.06,2086.14,36,90.79,13.6,0.01,0.0
CDR-D-2001697,2026-09-05 14:25:52,+25571797802,640028410598437,TZ-TAB-001,3G,tigo.internet,23.96,68.21,92.17,33,2.72,74.9,1.24,202.78
CDR-D-2001698,2026-09-03 03:04:32,+25571565992,640029112676784,TZ-DAR-008,4G,tigo.pesa.app,5.83,34.7,40.53,49,49.95,47.3,0.18,0.0
CDR-D-2001699,2026-09-01 00:31:17,+25577749208,640025470521233,TZ-DAR-009,4G,tigo.internet,262.7,946.5,1209.2,28,64.34,50.4,0.09,2660.25
CDR-D-2001700,2026-09-05 03:22:59,+25577684536,640028605695669,TZ-DAR-001,5G,tigo.corporate,127.68,694.69,822.37,14,188.11,20.3,0.07,1809.21
CDR-D-2001701,2026-09-07 11:36:31,+25567546173,640027658867789,TZ-DAR-013,5G,tigo.internet,70.31,306.16,376.47,51,123.9,23.5,0.09,828.23
CDR-D-2001702,2026-09-01 23:23:08,+25577801569,640024900179544,TZ-MWA-001,5G,tigo.internet,481.63,2354.66,2836.29,14,145.32,12.1,0.02,6239.84
CDR-D-2001703,2026-09-01 12:08:58,+25565424536,640023605890125,TZ-TAR-001,3G,tigo.pesa.app,22.15,61.7,83.85,42,5.24,116.2,0.53,0.0
CDR-D-2001704,2026-09-03 21:27:21,+25567347565,640023557863130,TZ-DAR-009,4G,tigo.corporate,197.95,883.41,1081.37,30,30.12,54.0,0.34,2379.01
CDR-D-2001705,2026-09-05 13:58:49,+25577805486,640024266466941,TZ-DAR-003,5G,tigo.internet,176.25,1352.1,1528.35,74,140.65,17.6,0.05,3362.36
CDR-D-2001706,2026-09-03 06:25:28,+25565492843,640024903078968,TZ-DAR-013,5G,tigo.internet,146.12,1157.85,1303.97,81,279.08,25.0,0.01,2868.73
CDR-D-2001707,2026-09-04 05:47:04,+25577730255,640022008716202,TZ-DOM-002,5G,tigo.internet,411.22,2318.77,2729.99,25,266.63,17.8,0.02,6005.98
CDR-D-2001708,2026-09-05 00:45:08,+25577776456,640029462741141,TZ-DAR-007,4G,tigo.internet,130.07,523.89,653.96,26,33.45,52.3,0.43,1438.7
CDR-D-2001709,2026-09-02 16:46:49,+25577931145,640029329737841,TZ-MTW-001,4G,tigo.mms,13.51,59.82,73.33,58,15.11,30.0,0.28,161.32
CDR-D-2001710,2026-09-05 13:31:40,+25567121838,640021330614006,TZ-PWA-001,4G,tigo.mms,126.42,610.86,737.28,19,30.15,38.5,0.34,1622.02
CDR-D-2001711,2026-09-02 13:23:41,+25571556112,640021561387824,TZ-ARU-001,5G,tigo.pesa.app,244.98,1227.56,1472.53,55,124.5,12.5,0.12,0.0
CDR-D-2001712,2026-09-03 11:35:54,+25565764100,640022300656317,TZ-TAB-001,3G,tigo.pesa.app,29.46,81.09,110.55,13,2.68,123.8,1.55,0.0
CDR-D-2001713,2026-09-05 21:24:01,+25567211760,640025959736235,TZ-NJO-001,3G,tigo.internet,16.28,62.39,78.66,80,3.22,94.8,1.39,173.06
CDR-D-2001714,2026-09-02 07:14:43,+25571374315,640029368508491,TZ-IRI-001,4G,tigo.internet,8.67,43.59,52.25,44,64.54,54.8,0.35,114.95
CDR-D-2001715,2026-09-04 02:57:23,+25565745414,640027739255769,TZ-TAB-001,3G,tigo.internet,11.31,36.95,48.26,43,2.26,110.5,0.56,106.17
CDR-D-2001716,2026-09-03 10:32:35,+25577821211,640028329312966,TZ-ARU-002,4G,tigo.corporate,129.16,800.31,929.47,77,32.87,37.7,0.15,2044.84
CDR-D-2001717,2026-09-01 19:41:23,+25571693692,640029290458773,TZ-MBY-002,4G,tigo.internet,41.37,273.7,315.07,22,26.59,46.2,0.41,693.16
CDR-D-2001718,2026-09-05 13:29:08,+25577749208,640025470521233,TZ-DAR-009,4G,tigo.corporate,24.72,118.69,143.4,34,35.67,43.3,0.05,315.49
CDR-D-2001719,2026-09-07 13:00:03,+25571204291,640022108931441,TZ-DAR-011,4G,tigo.internet,150.35,673.88,824.23,56,16.21,49.8,0.4,1813.31
CDR-D-2001720,2026-09-05 03:03:21,+25571971776,640025952163720,TZ-TAR-001,3G,tigo.internet,1.72,8.16,9.87,43,4.75,111.8,1.54,21.72
CDR-D-2001721,2026-09-01 05:00:56,+25567636538,640026676402384,TZ-DAR-003,5G,tigo.internet,536.63,2964.7,3501.33,71,50.38,22.8,0.13,7702.93
CDR-D-2001722,2026-09-02 06:41:07,+25567114875,640025928417345,TZ-KAH-001,4G,tigo.internet,31.91,122.89,154.79,35,14.25,42.8,0.06,340.55
CDR-D-2001723,2026-09-04 23:48:59,+25565364760,640027404238705,TZ-MOR-001,4G,tigo.internet,76.71,482.53,559.24,64,20.58,28.5,0.12,1230.32
CDR-D-2001724,2026-09-05 10:41:25,+25577194009,640022269366925,TZ-DOM-003,4G,tigo.pesa.app,98.88,558.04,656.93,89,48.21,32.4,0.33,0.0
CDR-D-2001725,2026-09-04 05:42:36,+25565163029,640022219828872,TZ-TAN-001,4G,tigo.internet,173.95,760.64,934.58,6,31.43,35.6,0.37,2056.08
CDR-D-2001726,2026-09-06 08:12:47,+25565786393,640028178927766,TZ-PEM-001,3G,tigo.internet,29.63,81.94,111.56,45,6.56,93.8,0.59,245.44
CDR-D-2001727,2026-09-05 14:00:58,+25577373553,640026156156606,TZ-TND-001,3G,tigo.internet,20.75,54.48,75.23,22,5.82,112.1,2.54,165.51
CDR-D-2001728,2026-09-04 08:44:18,+25577464863,640027048809022,TZ-TAN-002,3G,tigo.internet,12.68,38.18,50.86,43,7.03,94.5,1.49,111.9
CDR-D-2001729,2026-09-07 19:55:58,+25565537605,640025951019935,TZ-SNG-001,3G,tigo.internet,18.31,61.8,80.11,17,6.4,139.0,2.7,176.25
CDR-D-2001730,2026-09-03 01:48:57,+25567894086,640021615024545,TZ-ARU-003,4G,tigo.pesa.app,186.47,760.81,947.28,18,22.91,51.9,0.31,0.0
CDR-D-2001731,2026-09-04 20:30:12,+25565226124,640022928610987,TZ-MWA-002,4G,tigo.internet,87.32,369.61,456.94,39,13.69,28.6,0.08,1005.26
CDR-D-2001732,2026-09-03 19:55:11,+25571234425,640028889572098,TZ-DAR-007,4G,tigo.pesa.app,65.04,234.95,299.98,74,12.79,38.8,0.06,0.0
CDR-D-2001733,2026-09-04 07:45:36,+25565465883,640026821113146,TZ-DOM-002,5G,tigo.corporate,446.67,1974.37,2421.03,68,185.65,14.6,0.12,5326.27
CDR-D-2001734,2026-09-06 00:00:35,+25571429500,640027631788070,TZ-ARU-001,5G,tigo.internet,273.14,1362.65,1635.79,23,47.77,21.0,0.09,3598.75
CDR-D-2001735,2026-09-06 22:59:57,+25577852293,640028408939222,TZ-DAR-006,4G,tigo.pesa.app,161.29,738.42,899.71,48,25.29,48.9,0.33,0.0
CDR-D-2001736,2026-09-02 15:18:26,+25577860939,640023897756110,TZ-SNG-001,3G,tigo.corporate,18.96,76.45,95.41,72,1.83,128.7,0.56,209.91
CDR-D-2001737,2026-09-06 21:16:33,+25567435581,640023598804887,TZ-TAN-002,3G,tigo.pesa.app,21.79,72.82,94.6,57,2.95,83.7,2.45,0.0
CDR-D-2001738,2026-09-06 00:12:29,+25565521769,640027985763912,TZ-KIL-002,3G,tigo.corporate,24.78,68.31,93.08,37,3.85,73.3,0.62,204.78
CDR-D-2001739,2026-09-04 10:07:09,+25571198042,640027035624331,TZ-BUK-001,3G,tigo.pesa.app,6.68,20.33,27.0,37,4.92,66.2,2.77,0.0
CDR-D-2001740,2026-09-03 12:54:02,+25571756596,640022973888646,TZ-DAR-013,5G,tigo.internet,388.83,2307.1,2695.94,40,86.63,16.3,0.08,5931.06
CDR-D-2001741,2026-09-05 07:03:01,+25571780566,640026263212814,TZ-ARU-003,4G,tigo.internet,12.83,54.22,67.05,67,64.7,39.8,0.24,147.5
CDR-D-2001742,2026-09-01 00:03:08,+25571562976,640028573538960,TZ-MBY-002,4G,tigo.internet,164.51,586.31,750.82,36,56.69,48.0,0.34,1651.81
CDR-D-2001743,2026-09-04 11:24:44,+25565563531,640023992485680,TZ-KIL-002,3G,tigo.pesa.app,1.99,6.81,8.81,15,6.03,135.3,2.06,0.0
CDR-D-2001744,2026-09-03 09:15:20,+25577631468,640026900423003,TZ-MWA-001,5G,tigo.internet,455.19,2558.29,3013.49,89,139.08,16.4,0.03,6629.67
CDR-D-2001745,2026-09-05 16:09:51,+25577706701,640028936809129,TZ-MOR-001,4G,tigo.internet,204.9,865.06,1069.96,43,50.58,46.7,0.2,2353.92
CDR-D-2001746,2026-09-01 02:04:06,+25567475876,640026904897514,TZ-DAR-012,5G,tigo.mms,147.51,702.26,849.77,19,145.48,24.9,0.07,1869.49
CDR-D-2001747,2026-09-07 16:03:04,+25577850151,640022112380464,TZ-BUK-001,3G,tigo.internet,15.74,71.25,86.99,90,1.96,137.3,2.0,191.38
CDR-D-2001748,2026-09-01 14:21:33,+25567280079,640028684846286,TZ-ARU-003,4G,tigo.internet,84.56,556.21,640.77,28,25.82,53.5,0.23,1409.69
CDR-D-2001749,2026-09-05 16:23:30,+25565158589,640023334799664,TZ-KAH-001,4G,tigo.internet,224.82,912.88,1137.69,76,35.37,41.6,0.18,2502.93
CDR-D-2001750,2026-09-03 01:03:07,+25577834680,640025341842641,TZ-MWA-001,5G,tigo.internet,340.01,2577.78,2917.79,13,117.53,27.4,0.05,6419.14
CDR-D-2001751,2026-09-07 08:05:28,+25577725935,640025602730904,TZ-PWA-001,4G,tigo.corporate,111.99,480.13,592.12,89,21.5,30.3,0.44,1302.66
CDR-D-2001752,2026-09-06 00:42:21,+25565187496,640025036616886,TZ-IRI-001,4G,tigo.internet,125.23,458.42,583.66,76,61.29,29.4,0.09,1284.04
CDR-D-2001753,2026-09-07 05:14:27,+25577481088,640024804135649,TZ-DAR-008,4G,tigo.pesa.app,22.11,110.92,133.04,51,45.46,41.5,0.39,0.0
CDR-D-2001754,2026-09-07 12:27:52,+25577938234,640029913615651,TZ-IRI-001,4G,tigo.internet,121.31,446.41,567.71,13,61.13,25.5,0.12,1248.97
CDR-D-2001755,2026-09-05 05:48:55,+25565307757,640028832617672,TZ-DAR-002,4G,tigo.pesa.app,158.77,592.57,751.35,85,36.3,29.9,0.28,0.0
CDR-D-2001756,2026-09-06 10:01:33,+25565543623,640029372856246,TZ-ZNZ-001,5G,tigo.internet,279.06,1432.33,1711.39,28,171.71,21.7,0.12,3765.07
CDR-D-2001757,2026-09-02 10:55:51,+25565144887,640023871553289,TZ-IRI-001,4G,tigo.internet,25.02,137.0,162.02,33,23.62,43.5,0.43,356.44
CDR-D-2001758,2026-09-07 18:31:12,+25567116645,640024961067014,TZ-ZNZ-001,5G,tigo.pesa.app,159.74,1214.47,1374.21,73,70.07,13.7,0.11,0.0
CDR-D-2001759,2026-09-04 18:26:11,+25567875702,640024779805199,TZ-PEM-001,3G,tigo.pesa.app,15.91,48.79,64.71,29,3.13,68.0,2.68,0.0
CDR-D-2001760,2026-09-07 07:08:32,+25571168492,640029202043288,TZ-DOM-003,4G,tigo.internet,120.46,672.08,792.54,34,34.13,44.2,0.28,1743.59
CDR-D-2001761,2026-09-01 14:21:44,+25567244935,640026351134654,TZ-DAR-015,3G,tigo.corporate,1.53,6.73,8.26,83,3.07,109.4,1.53,18.17
CDR-D-2001762,2026-09-07 20:31:10,+25571735604,640023392848202,TZ-ARU-001,5G,tigo.internet,194.81,1242.18,1436.99,82,256.83,24.5,0.15,3161.38
CDR-D-2001763,2026-09-01 01:44:34,+25577811016,640023304513663,TZ-MBY-001,4G,tigo.internet,123.0,527.4,650.39,79,17.85,39.8,0.07,1430.86
CDR-D-2001764,2026-09-06 23:30:38,+25577219879,640026490579087,TZ-DOM-003,4G,tigo.pesa.app,16.56,91.3,107.86,38,41.96,49.1,0.44,0.0
CDR-D-2001765,2026-09-03 11:01:29,+25567838237,640022916728422,TZ-DAR-012,5G,tigo.internet,57.36,477.11,534.47,57,78.31,22.8,0.06,1175.83
CDR-D-2001766,2026-09-01 09:27:07,+25571260778,640026918142780,TZ-MBY-001,4G,tigo.corporate,146.25,490.27,636.52,31,12.21,47.1,0.31,1400.33
CDR-D-2001767,2026-09-05 10:22:14,+25567709291,640028240940498,TZ-SNG-001,3G,tigo.internet,10.59,32.65,43.24,29,4.33,66.4,1.52,95.13
CDR-D-2001768,2026-09-02 11:56:25,+25571742321,640021523893241,TZ-MWA-002,4G,tigo.internet,173.13,664.95,838.07,30,44.2,29.4,0.38,1843.76
CDR-D-2001769,2026-09-06 04:15:52,+25577758879,640029397526641,TZ-ZNZ-002,4G,tigo.internet,163.23,609.25,772.49,25,28.35,43.4,0.13,1699.47
CDR-D-2001770,2026-09-04 10:02:32,+25571365617,640022283392443,TZ-DAR-001,5G,tigo.internet,82.0,661.28,743.28,57,149.71,12.8,0.09,1635.21
CDR-D-2001771,2026-09-07 08:11:52,+25565528459,640029841554539,TZ-PWA-002,4G,tigo.internet,39.08,141.56,180.64,76,29.13,28.2,0.37,397.4
CDR-D-2001772,2026-09-03 20:56:57,+25571735604,640023392848202,TZ-ARU-001,5G,tigo.internet,333.51,2502.82,2836.33,69,120.27,17.6,0.13,6239.92
CDR-D-2001773,2026-09-02 00:55:24,+25567101531,640023065961960,TZ-TAN-001,4G,tigo.internet,135.09,465.6,600.69,9,23.81,36.7,0.08,1321.53
CDR-D-2001774,2026-09-02 08:31:43,+25567603268,640027282885927,TZ-DAR-006,4G,tigo.internet,138.78,556.19,694.97,21,48.39,43.2,0.32,1528.93
CDR-D-2001775,2026-09-06 08:02:04,+25565419457,640026994451417,TZ-IRI-001,4G,tigo.internet,26.99,97.65,124.63,58,57.4,34.1,0.14,274.2
CDR-D-2001776,2026-09-07 05:20:51,+25571130710,640021962134345,TZ-DAR-015,3G,tigo.internet,26.45,74.95,101.39,84,4.84,139.5,1.91,223.07
CDR-D-2001777,2026-09-05 02:36:54,+25577903868,640028765601772,TZ-NJO-001,3G,tigo.corporate,18.36,56.01,74.37,24,4.25,112.5,2.04,163.61
CDR-D-2001778,2026-09-01 03:32:31,+25565855797,640026070264390,TZ-KIL-001,4G,tigo.pesa.app,110.69,528.63,639.32,15,39.22,31.5,0.19,0.0
CDR-D-2001779,2026-09-02 13:16:59,+25571447688,640023020792127,TZ-DAR-011,4G,tigo.pesa.app,71.02,381.7,452.72,65,13.49,46.2,0.1,0.0
CDR-D-2001780,2026-09-05 10:45:36,+25577756912,640021542934161,TZ-SHI-001,3G,tigo.internet,9.27,23.97,33.25,16,5.11,130.5,1.46,73.15
CDR-D-2001781,2026-09-05 15:21:27,+25577293385,640028129326560,TZ-TAB-001,3G,tigo.internet,5.63,14.95,20.58,47,7.35,128.8,0.81,45.27
CDR-D-2001782,2026-09-07 05:00:19,+25565812711,640022632399901,TZ-ZNZ-001,5G,tigo.internet,703.88,2873.11,3576.99,13,200.99,18.6,0.12,7869.38
CDR-D-2001783,2026-09-05 03:33:38,+25571105621,640027956377623,TZ-DAR-012,5G,tigo.internet,89.74,465.44,555.17,33,50.54,18.3,0.13,1221.38
CDR-D-2001784,2026-09-02 08:13:34,+25577522866,640024509431976,TZ-MWA-003,4G,tigo.corporate,203.37,878.38,1081.75,52,50.02,50.6,0.37,2379.86
CDR-D-2001785,2026-09-03 06:56:10,+25567894462,640024751511984,TZ-DAR-012,5G,tigo.internet,226.67,989.09,1215.75,48,229.78,23.2,0.05,2674.65
CDR-D-2001786,2026-09-03 09:42:34,+25571515035,640024389346722,TZ-KIL-001,4G,tigo.internet,143.39,715.29,858.68,40,62.54,52.9,0.06,1889.09
CDR-D-2001787,2026-09-01 22:13:08,+25571908977,640028544878538,TZ-PEM-001,3G,tigo.internet,16.78,44.92,61.7,10,2.43,69.5,2.32,135.74
CDR-D-2001788,2026-09-05 21:31:34,+25567580292,640021133790981,TZ-MWA-003,4G,tigo.corporate,147.25,498.13,645.38,42,63.15,53.3,0.44,1419.85
CDR-D-2001789,2026-09-04 21:56:39,+25571940867,640026468339996,TZ-MWA-002,4G,tigo.internet,120.58,705.23,825.81,9,56.94,33.5,0.08,1816.78
CDR-D-2001790,2026-09-06 15:27:24,+25571917326,640025592466298,TZ-DAR-015,3G,tigo.internet,23.01,68.97,91.98,37,3.53,71.3,1.83,202.35
CDR-D-2001791,2026-09-01 07:07:32,+25577165646,640025288282161,TZ-KIG-001,3G,tigo.internet,18.03,61.9,79.93,15,5.58,81.1,2.5,175.84
CDR-D-2001792,2026-09-07 14:01:50,+25577532993,640022699984810,TZ-TAN-003,3G,tigo.corporate,6.5,32.29,38.79,12,2.64,106.6,2.09,85.33
CDR-D-2001793,2026-09-01 09:33:23,+25567347565,640023557863130,TZ-DAR-009,4G,tigo.internet,115.61,662.62,778.23,81,52.2,49.1,0.23,1712.1
CDR-D-2001794,2026-09-04 14:21:33,+25565691353,640026719736115,TZ-MWA-002,4G,tigo.internet,44.95,228.52,273.47,10,48.13,49.9,0.24,601.63
CDR-D-2001795,2026-09-04 02:55:20,+25567200488,640021617262027,TZ-DAR-011,4G,tigo.corporate,126.65,626.13,752.78,10,20.16,38.6,0.24,1656.12
CDR-D-2001796,2026-09-02 19:58:05,+25567521730,640027133865128,TZ-MWA-003,4G,tigo.internet,171.17,658.59,829.77,29,34.1,48.0,0.44,1825.49
CDR-D-2001797,2026-09-03 05:29:26,+25565501035,640022607201922,TZ-ARU-002,4G,tigo.internet,227.09,891.67,1118.76,17,62.23,46.2,0.24,2461.27
CDR-D-2001798,2026-09-02 05:44:38,+25567340500,640029952650911,TZ-ARU-001,5G,tigo.internet,63.69,320.02,383.71,84,240.63,19.1,0.06,844.16
CDR-D-2001799,2026-09-06 08:25:31,+25577756912,640021542934161,TZ-SHI-001,3G,tigo.mms,15.41,40.16,55.57,82,4.11,68.0,1.79,122.25
CDR-D-2001800,2026-09-03 15:02:50,+25567532949,640028114772251,TZ-DAR-005,4G,tigo.internet,207.96,939.3,1147.26,87,20.45,35.5,0.2,2523.97
CDR-D-2001801,2026-09-03 02:32:39,+25567172306,640022465576748,TZ-KAH-001,4G,tigo.internet,26.62,115.3,141.92,38,35.24,33.6,0.31,312.21
CDR-D-2001802,2026-09-07 08:55:08,+25567382795,640026163456469,TZ-GEI-001,4G,tigo.internet,154.06,851.58,1005.64,39,60.25,52.7,0.42,2212.4
CDR-D-2001803,2026-09-04 02:51:39,+25577776456,640029462741141,TZ-DAR-007,4G,tigo.internet,103.58,509.35,612.93,71,15.68,50.1,0.41,1348.45
CDR-D-2001804,2026-09-01 03:44:02,+25565617530,640025446846255,TZ-SHI-001,3G,tigo.corporate,22.17,56.84,79.01,89,1.53,133.0,1.42,173.83
CDR-D-2001805,2026-09-07 06:54:42,+25571747561,640021973627242,TZ-PEM-001,3G,tigo.corporate,29.16,75.87,105.02,60,6.53,70.2,1.9,231.05
CDR-D-2001806,2026-09-03 22:22:09,+25565391636,640029760047394,TZ-ARU-002,4G,tigo.pesa.app,229.61,827.13,1056.74,10,38.9,40.3,0.06,0.0
CDR-D-2001807,2026-09-02 23:24:35,+25565967977,640021032545020,TZ-KIL-003,3G,tigo.corporate,13.67,45.84,59.51,21,4.94,71.7,1.06,130.91
CDR-D-2001808,2026-09-03 07:25:23,+25567838237,640022916728422,TZ-DAR-012,5G,tigo.internet,97.27,458.29,555.55,77,236.09,20.2,0.13,1222.22
CDR-D-2001809,2026-09-02 06:34:22,+25567795634,640027384440186,TZ-TAR-001,3G,tigo.internet,14.93,72.4,87.32,84,2.96,67.6,1.9,192.11
CDR-D-2001810,2026-09-01 12:45:40,+25565204904,640026126037320,TZ-DOM-003,4G,tigo.internet,22.7,93.84,116.54,62,45.44,40.4,0.26,256.39
CDR-D-2001811,2026-09-02 18:34:09,+25567387150,640027385051823,TZ-DAR-007,4G,tigo.internet,52.51,201.95,254.46,82,53.21,52.1,0.24,559.81
CDR-D-2001812,2026-09-01 10:11:52,+25567175576,640024187043237,TZ-DOM-003,4G,tigo.internet,77.09,457.82,534.91,59,52.56,48.7,0.33,1176.81
CDR-D-2001813,2026-09-01 04:32:22,+25567364583,640027123345775,TZ-DAR-002,4G,tigo.pesa.app,138.31,509.36,647.68,89,56.09,31.8,0.44,0.0
CDR-D-2001814,2026-09-06 08:36:00,+25571272620,640021229657132,TZ-ZNZ-002,4G,tigo.internet,186.15,827.87,1014.03,33,58.81,31.7,0.13,2230.86
CDR-D-2001815,2026-09-06 17:32:46,+25565215507,640026795403548,TZ-MWA-001,5G,tigo.internet,108.67,571.47,680.14,81,62.22,14.5,0.07,1496.32
CDR-D-2001816,2026-09-05 05:46:23,+25565285715,640029500935186,TZ-ARU-003,4G,tigo.corporate,195.85,730.63,926.47,62,16.0,42.6,0.29,2038.23
CDR-D-2001817,2026-09-02 18:00:59,+25571897861,640022842334552,TZ-PWA-002,4G,tigo.pesa.app,62.03,375.44,437.47,4,50.29,43.9,0.41,0.0
CDR-D-2001818,2026-09-06 18:59:13,+25571317264,640026166847778,TZ-KAH-001,4G,tigo.internet,173.58,812.37,985.95,82,45.65,44.5,0.29,2169.09
CDR-D-2001819,2026-09-05 20:42:03,+25577100519,640026457800493,TZ-PWA-002,4G,tigo.pesa.app,60.52,242.55,303.06,58,34.17,40.5,0.38,0.0
CDR-D-2001820,2026-09-02 08:22:39,+25577543824,640024843660761,TZ-TAN-001,4G,tigo.internet,195.45,685.47,880.93,46,51.85,34.0,0.35,1938.04
CDR-D-2001821,2026-09-05 18:21:49,+25577479021,640024241716107,TZ-SON-001,3G,tigo.internet,10.91,34.17,45.08,4,6.9,100.0,2.6,99.18
CDR-D-2001822,2026-09-02 01:38:09,+25567364132,640021829270292,TZ-DAR-014,3G,tigo.internet,20.82,66.87,87.69,54,2.0,126.1,0.89,192.91
CDR-D-2001823,2026-09-01 12:42:38,+25565103876,640023743483601,TZ-KIG-001,3G,tigo.internet,17.95,83.58,101.52,15,5.88,121.0,0.75,223.35
CDR-D-2001824,2026-09-04 10:44:53,+25577493262,640027929459291,TZ-DAR-001,5G,tigo.corporate,324.83,2076.32,2401.15,7,136.26,25.3,0.13,5282.54
CDR-D-2001825,2026-09-05 02:27:12,+25567364583,640027123345775,TZ-DAR-002,4G,tigo.internet,163.11,938.01,1101.12,29,32.3,27.3,0.25,2422.47
CDR-D-2001826,2026-09-03 15:38:34,+25565638179,640027079202254,TZ-PWA-002,4G,tigo.mms,101.29,481.04,582.32,3,41.78,34.2,0.21,1281.11
CDR-D-2001827,2026-09-07 03:28:18,+25577752442,640024005092365,TZ-DAR-002,4G,tigo.mms,63.24,372.99,436.23,81,13.5,35.4,0.2,959.71
CDR-D-2001828,2026-09-04 20:37:31,+25571443226,640023834277289,TZ-NJO-001,3G,tigo.pesa.app,5.22,18.44,23.66,10,3.57,92.7,2.04,0.0
CDR-D-2001829,2026-09-01 19:07:45,+25565565087,640028357853916,TZ-TAN-001,4G,tigo.internet,106.38,436.75,543.13,62,60.23,50.8,0.05,1194.9
CDR-D-2001830,2026-09-04 17:05:19,+25567117975,640021769945233,TZ-ARU-003,4G,tigo.mms,116.94,474.14,591.07,47,49.34,39.6,0.43,1300.36
CDR-D-2001831,2026-09-03 16:29:38,+25567575062,640023436507567,TZ-PWA-002,4G,tigo.pesa.app,157.09,912.33,1069.42,82,25.67,37.4,0.4,0.0
CDR-D-2001832,2026-09-05 06:33:13,+25567214705,640024378235671,TZ-PWA-002,4G,tigo.internet,79.32,436.29,515.61,61,53.04,44.3,0.16,1134.35
CDR-D-2001833,2026-09-04 00:24:54,+25577589215,640027057014664,TZ-MBY-001,4G,tigo.internet,175.84,587.89,763.73,7,42.23,26.7,0.07,1680.21
CDR-D-2001834,2026-09-01 09:51:48,+25565466718,640021468853596,TZ-KAH-001,4G,tigo.internet,50.34,225.48,275.82,29,57.07,37.5,0.36,606.81
CDR-D-2001835,2026-09-02 20:05:59,+25565867324,640022860212181,TZ-SON-001,3G,tigo.internet,13.17,52.82,66.0,15,4.16,93.9,2.49,145.19
CDR-D-2001836,2026-09-07 04:37:13,+25577969849,640029066955201,TZ-MWA-003,4G,tigo.internet,128.73,724.45,853.18,28,18.54,54.2,0.08,1877.0
CDR-D-2001837,2026-09-07 07:26:23,+25567737846,640021637088959,TZ-TAB-001,3G,tigo.pesa.app,14.26,53.17,67.43,8,1.45,103.5,2.51,0.0
CDR-D-2001838,2026-09-05 12:18:27,+25577979727,640027736142481,TZ-DAR-002,4G,tigo.corporate,18.54,108.5,127.05,44,17.34,49.8,0.32,279.5
CDR-D-2001839,2026-09-01 16:42:53,+25577963495,640021417333635,TZ-ARU-001,5G,tigo.internet,697.18,3100.14,3797.32,9,186.45,20.0,0.04,8354.1
CDR-D-2001840,2026-09-01 12:24:38,+25567125598,640028177932148,TZ-DOM-003,4G,tigo.mms,91.86,375.7,467.56,36,30.64,28.0,0.45,1028.64
CDR-D-2001841,2026-09-03 18:23:49,+25571110113,640024105721420,TZ-GEI-001,4G,tigo.internet,231.95,893.41,1125.36,71,30.69,37.9,0.06,2475.79
CDR-D-2001842,2026-09-02 10:42:51,+25577521195,640028524625316,TZ-MBY-001,4G,tigo.internet,23.57,113.93,137.5,45,24.75,26.4,0.42,302.5
CDR-D-2001843,2026-09-04 21:21:42,+25577308865,640022141178010,TZ-DAR-008,4G,tigo.internet,87.37,489.48,576.85,12,27.52,49.8,0.29,1269.07
CDR-D-2001844,2026-09-07 23:40:44,+25565878476,640022670255496,TZ-NJO-001,3G,tigo.internet,7.58,24.7,32.28,89,6.58,76.2,1.51,71.01
CDR-D-2001845,2026-09-06 11:56:33,+25565982608,640025824092354,TZ-DAR-011,4G,tigo.internet,141.2,530.28,671.48,11,40.06,39.6,0.16,1477.26
CDR-D-2001846,2026-09-07 13:03:03,+25565883061,640023882025167,TZ-DAR-005,4G,tigo.internet,186.08,778.07,964.16,28,30.25,50.5,0.31,2121.14
CDR-D-2001847,2026-09-05 23:34:14,+25577860939,640023897756110,TZ-SNG-001,3G,tigo.internet,14.57,57.37,71.94,45,4.24,132.1,2.79,158.28
CDR-D-2001848,2026-09-04 10:48:48,+25565466718,640021468853596,TZ-KAH-001,4G,tigo.corporate,170.72,714.27,884.99,34,23.9,35.4,0.35,1946.97
CDR-D-2001849,2026-09-04 19:36:28,+25577948611,640021553155490,TZ-MWA-002,4G,tigo.internet,175.26,765.13,940.38,31,36.7,45.3,0.42,2068.85
CDR-D-2001850,2026-09-07 22:11:44,+25571873266,640028256557537,TZ-DAR-007,4G,tigo.corporate,61.29,295.59,356.88,28,34.76,34.2,0.25,785.13
CDR-D-2001851,2026-09-07 23:51:32,+25567270395,640028913915028,TZ-KIG-001,3G,tigo.internet,5.85,18.31,24.16,59,3.17,139.3,1.16,53.15
CDR-D-2001852,2026-09-02 06:37:34,+25577834680,640025341842641,TZ-MWA-001,5G,tigo.pesa.app,366.39,1505.32,1871.71,47,238.69,25.0,0.12,0.0
CDR-D-2001853,2026-09-06 08:32:57,+25565913848,640026126033644,TZ-KIL-002,3G,tigo.internet,13.02,47.23,60.25,11,5.2,104.7,0.84,132.55
CDR-D-2001854,2026-09-05 06:07:09,+25567683316,640023194915392,TZ-ZNZ-004,4G,tigo.internet,23.66,80.18,103.83,78,30.03,41.2,0.38,228.44
CDR-D-2001855,2026-09-01 10:14:37,+25571749838,640028975021081,TZ-TAR-001,3G,tigo.corporate,12.41,37.33,49.74,55,2.76,111.0,1.13,109.42
CDR-D-2001856,2026-09-03 15:45:50,+25577725935,640025602730904,TZ-PWA-001,4G,tigo.internet,27.56,95.34,122.9,45,15.62,54.5,0.36,270.38
CDR-D-2001857,2026-09-06 16:59:58,+25565249044,640022811432415,TZ-DOM-002,5G,tigo.internet,88.69,366.75,455.44,17,236.12,19.5,0.1,1001.98
CDR-D-2001858,2026-09-01 12:35:50,+25571908977,640028544878538,TZ-PEM-001,3G,tigo.internet,3.86,16.92,20.78,41,1.7,83.8,2.62,45.72
CDR-D-2001859,2026-09-03 11:01:24,+25577403578,640025789633176,TZ-KIL-001,4G,tigo.internet,79.87,322.78,402.65,50,20.87,26.5,0.2,885.83
CDR-D-2001860,2026-09-06 16:49:18,+25577162165,640029557663181,TZ-ZNZ-004,4G,tigo.corporate,75.93,309.66,385.58,45,49.2,42.4,0.35,848.28
CDR-D-2001861,2026-09-02 18:37:43,+25577472932,640021670474924,TZ-DOM-003,4G,tigo.internet,103.82,394.11,497.93,47,26.4,34.5,0.16,1095.44
CDR-D-2001862,2026-09-05 09:19:44,+25567674213,640029635366717,TZ-MWA-003,4G,tigo.internet,52.52,215.05,267.56,61,55.46,50.4,0.3,588.64
CDR-D-2001863,2026-09-01 12:35:36,+25577521195,640028524625316,TZ-MBY-001,4G,tigo.internet,115.79,503.86,619.65,4,63.6,31.4,0.43,1363.23
CDR-D-2001864,2026-09-03 00:19:27,+25571684791,640025134302513,TZ-GEI-001,4G,tigo.corporate,193.88,756.56,950.44,7,38.62,37.5,0.22,2090.96
CDR-D-2001865,2026-09-02 15:24:30,+25565805477,640022333241445,TZ-PEM-001,3G,tigo.internet,20.49,61.43,81.91,22,1.63,137.7,1.65,180.21
CDR-D-2001866,2026-09-02 04:57:18,+25571196783,640029403298062,TZ-SHI-001,3G,tigo.internet,12.24,32.17,44.41,41,3.47,133.8,1.95,97.71
CDR-D-2001867,2026-09-04 10:32:49,+25567490963,640029237475801,TZ-ARU-002,4G,tigo.internet,56.8,224.67,281.46,28,52.22,53.9,0.32,619.22
CDR-D-2001868,2026-09-04 11:35:17,+25567780228,640026749782732,TZ-DOM-002,5G,tigo.pesa.app,132.04,1093.63,1225.67,36,259.47,25.6,0.12,0.0
CDR-D-2001869,2026-09-02 19:20:34,+25577557861,640027545252618,TZ-DAR-014,3G,tigo.internet,9.17,26.4,35.57,63,4.28,128.5,2.39,78.26
CDR-D-2001870,2026-09-03 06:12:58,+25567580292,640021133790981,TZ-MWA-003,4G,tigo.internet,209.24,847.21,1056.44,72,48.44,34.5,0.21,2324.18
CDR-D-2001871,2026-09-05 19:23:37,+25571917326,640025592466298,TZ-DAR-015,3G,tigo.pesa.app,16.39,79.04,95.43,23,4.82,130.5,1.77,0.0
CDR-D-2001872,2026-09-06 23:30:47,+25577138805,640025462987469,TZ-TAN-001,4G,tigo.internet,184.16,758.22,942.38,89,15.15,39.3,0.16,2073.24
CDR-D-2001873,2026-09-01 12:22:49,+25577401603,640021678500147,TZ-GEI-001,4G,tigo.internet,133.76,473.58,607.35,27,15.66,34.9,0.13,1336.16
CDR-D-2001874,2026-09-06 02:56:53,+25567382795,640026163456469,TZ-GEI-001,4G,tigo.corporate,84.62,291.73,376.35,41,39.78,25.2,0.24,827.98
CDR-D-2001875,2026-09-04 17:05:09,+25571329540,640022684876851,TZ-KIL-002,3G,tigo.pesa.app,18.13,50.1,68.22,34,3.68,66.3,2.68,0.0
CDR-D-2001876,2026-09-06 15:21:08,+25567364132,640021829270292,TZ-DAR-014,3G,tigo.corporate,15.21,42.51,57.72,22,5.54,81.0,1.8,126.98
CDR-D-2001877,2026-09-02 07:51:08,+25577553515,640027051406106,TZ-IRI-001,4G,tigo.corporate,96.6,363.65,460.24,70,57.92,51.7,0.37,1012.53
CDR-D-2001878,2026-09-06 11:10:04,+25565315829,640022904308418,TZ-DAR-007,4G,tigo.pesa.app,210.14,755.95,966.09,20,21.41,44.2,0.25,0.0
CDR-D-2001879,2026-09-02 03:53:39,+25577735612,640028955977853,TZ-DAR-003,5G,tigo.pesa.app,247.57,1039.84,1287.41,81,231.97,21.3,0.01,0.0
CDR-D-2001880,2026-09-06 07:03:00,+25565115658,640027707854414,TZ-ARU-002,4G,tigo.internet,165.93,686.95,852.88,90,51.32,42.5,0.33,1876.34
CDR-D-2001881,2026-09-04 19:16:36,+25567907788,640027363409651,TZ-SHI-001,3G,tigo.internet,14.29,44.53,58.82,4,5.9,65.6,2.16,129.41
CDR-D-2001882,2026-09-03 09:15:53,+25565883377,640022398806247,TZ-KIL-002,3G,tigo.internet,7.53,28.39,35.93,32,4.43,74.0,0.57,79.04
CDR-D-2001883,2026-09-01 06:48:47,+25565536135,640022732663107,TZ-ZNZ-004,4G,tigo.internet,173.03,748.77,921.8,59,17.92,47.2,0.38,2027.96
CDR-D-2001884,2026-09-06 06:18:11,+25565207309,640023698380322,TZ-BUK-001,3G,tigo.internet,11.95,55.01,66.96,55,6.21,94.0,1.84,147.32
CDR-D-2001885,2026-09-05 20:37:48,+25577969793,640024572255055,TZ-SON-001,3G,tigo.internet,13.06,41.54,54.61,61,5.58,140.0,2.37,120.13
CDR-D-2001886,2026-09-04 19:21:46,+25567151470,640022573478551,TZ-GEI-001,4G,tigo.internet,202.37,869.99,1072.36,51,32.33,41.9,0.16,2359.19
CDR-D-2001887,2026-09-01 15:15:04,+25571736877,640024881785530,TZ-MWA-002,4G,tigo.internet,51.96,334.64,386.6,18,37.44,54.6,0.33,850.52
CDR-D-2001888,2026-09-05 06:42:37,+25565764100,640022300656317,TZ-TAB-001,3G,tigo.pesa.app,20.16,55.37,75.53,90,7.43,75.2,2.32,0.0
CDR-D-2001889,2026-09-02 20:53:30,+25567797118,640025952255182,TZ-BUK-001,3G,tigo.pesa.app,8.54,28.55,37.09,82,7.04,111.7,0.66,0.0
CDR-D-2001890,2026-09-01 18:23:38,+25577694188,640028698043887,TZ-DAR-010,4G,tigo.pesa.app,10.59,58.8,69.39,63,44.29,49.1,0.23,0.0
CDR-D-2001891,2026-09-03 12:08:06,+25577532993,640022699984810,TZ-TAN-003,3G,tigo.mms,20.47,82.93,103.4,36,4.89,119.9,2.08,227.48
CDR-D-2001892,2026-09-01 23:17:19,+25577188759,640027901388916,TZ-DAR-012,5G,tigo.internet,180.7,792.96,973.65,20,96.68,21.6,0.13,2142.04
CDR-D-2001893,2026-09-05 22:17:05,+25565611559,640023453846612,TZ-DOM-003,4G,tigo.internet,179.72,724.72,904.44,45,38.92,39.9,0.23,1989.77
CDR-D-2001894,2026-09-04 02:49:59,+25571940867,640026468339996,TZ-MWA-002,4G,tigo.internet,91.74,443.6,535.34,77,28.93,37.4,0.08,1177.74
CDR-D-2001895,2026-09-07 22:47:04,+25571925549,640023797168211,TZ-KIG-001,3G,tigo.pesa.app,20.11,81.34,101.45,47,4.8,87.7,2.24,0.0
CDR-D-2001896,2026-09-01 01:18:02,+25577345224,640028550030472,TZ-DOM-001,5G,tigo.internet,243.95,1824.1,2068.06,34,199.49,12.9,0.01,4549.72
CDR-D-2001897,2026-09-07 15:40:33,+25571699569,640022642416330,TZ-DAR-013,5G,tigo.internet,167.59,1055.77,1223.36,28,90.98,25.9,0.06,2691.39
CDR-D-2001898,2026-09-01 13:26:20,+25577276636,640029923160916,TZ-DAR-003,5G,tigo.internet,513.96,3102.83,3616.79,14,237.14,19.2,0.07,7956.95
CDR-D-2001899,2026-09-04 16:22:43,+25565629435,640023449142215,TZ-TAN-002,3G,tigo.internet,22.95,67.51,90.46,35,6.92,106.9,1.11,199.01
CDR-D-2001900,2026-09-06 01:57:18,+25565816514,640024297076131,TZ-DOM-003,4G,tigo.internet,195.92,752.04,947.97,16,13.97,39.6,0.38,2085.52
CDR-D-2001901,2026-09-03 01:48:53,+25565968336,640021765835875,TZ-DAR-006,4G,tigo.internet,229.67,831.51,1061.18,40,54.72,39.4,0.42,2334.59
CDR-D-2001902,2026-09-02 11:52:39,+25567270395,640028913915028,TZ-KIG-001,3G,tigo.internet,7.43,36.56,44.0,88,1.57,94.0,1.64,96.79
CDR-D-2001903,2026-09-02 00:33:59,+25571670816,640029646323272,TZ-ZNZ-002,4G,tigo.pesa.app,73.01,281.56,354.58,62,15.9,32.8,0.32,0.0
CDR-D-2001904,2026-09-06 05:04:05,+25571197716,640024554178984,TZ-DAR-015,3G,tigo.internet,14.37,53.75,68.12,9,3.05,93.3,1.54,149.86
CDR-D-2001905,2026-09-01 19:05:31,+25567322022,640023201397080,TZ-TND-001,3G,tigo.internet,17.22,74.5,91.72,88,2.37,121.0,2.41,201.79
CDR-D-2001906,2026-09-05 04:44:53,+25577183902,640026839359948,TZ-ZNZ-004,4G,tigo.internet,11.15,37.8,48.95,90,41.27,50.0,0.09,107.7
CDR-D-2001907,2026-09-07 03:34:15,+25567595043,640022988055189,TZ-ARU-001,5G,tigo.internet,333.17,2319.07,2652.25,26,255.9,25.0,0.06,5834.94
CDR-D-2001908,2026-09-01 20:29:41,+25577355570,640025916199809,TZ-PEM-001,3G,tigo.mms,13.08,37.68,50.77,79,7.22,103.3,1.22,111.68
CDR-D-2001909,2026-09-04 02:46:03,+25565598560,640024756438921,TZ-SHI-001,3G,tigo.internet,26.85,77.19,104.04,40,3.96,101.3,1.43,228.89
CDR-D-2001910,2026-09-04 13:30:09,+25577388039,640023651030484,TZ-ZNZ-002,4G,tigo.internet,125.31,735.99,861.3,50,52.71,30.1,0.43,1894.86
CDR-D-2001911,2026-09-04 07:18:28,+25567218733,640023916554137,TZ-MBY-002,4G,tigo.internet,38.35,179.95,218.3,14,20.0,37.8,0.24,480.25
CDR-D-2001912,2026-09-01 01:25:20,+25577752442,640024005092365,TZ-DAR-002,4G,tigo.internet,101.28,533.02,634.29,40,13.29,38.3,0.14,1395.44
CDR-D-2001913,2026-09-04 13:35:02,+25567527442,640022278125276,TZ-TAR-001,3G,tigo.internet,29.64,78.81,108.45,69,1.66,67.6,1.07,238.58
CDR-D-2001914,2026-09-05 00:44:45,+25571353495,640026887978829,TZ-DAR-013,5G,tigo.internet,109.45,551.57,661.03,55,159.91,18.5,0.13,1454.26
CDR-D-2001915,2026-09-04 09:42:44,+25565130401,640023901232981,TZ-SNG-001,3G,tigo.internet,9.74,29.77,39.51,19,7.0,68.3,2.11,86.93
CDR-D-2001916,2026-09-02 03:02:42,+25565210338,640023501256025,TZ-DAR-006,4G,tigo.internet,115.86,390.15,506.01,9,37.29,52.8,0.33,1113.23
CDR-D-2001917,2026-09-03 10:34:52,+25571408857,640023062994753,TZ-DAR-008,4G,tigo.internet,81.09,282.22,363.32,80,31.17,39.3,0.36,799.29
CDR-D-2001918,2026-09-06 19:11:30,+25565736237,640027376034192,TZ-TND-001,3G,tigo.internet,3.68,18.32,22.0,87,3.04,66.5,0.62,48.41
CDR-D-2001919,2026-09-06 12:15:52,+25567108948,640028602418921,TZ-SNG-001,3G,tigo.internet,8.67,28.71,37.38,22,5.77,125.4,1.96,82.25
CDR-D-2001920,2026-09-07 07:50:29,+25577780714,640022362721798,TZ-TAN-002,3G,tigo.pesa.app,24.75,69.53,94.29,47,2.13,132.9,1.57,0.0
CDR-D-2001921,2026-09-04 11:07:57,+25565460934,640023765321240,TZ-TAR-001,3G,tigo.internet,8.52,29.05,37.57,78,2.35,137.9,0.7,82.65
CDR-D-2001922,2026-09-06 12:21:21,+25565830847,640029283911005,TZ-DAR-004,5G,tigo.internet,274.04,1224.61,1498.65,37,212.4,20.8,0.06,3297.03
CDR-D-2001923,2026-09-02 06:52:25,+25567402982,640026273542227,TZ-ARU-002,4G,tigo.corporate,148.53,655.18,803.71,34,37.19,25.0,0.21,1768.16
CDR-D-2001924,2026-09-03 18:34:17,+25565396287,640022375748554,TZ-KIL-002,3G,tigo.internet,8.59,21.99,30.58,57,2.92,98.7,2.02,67.27
CDR-D-2001925,2026-09-06 01:28:44,+25565164387,640024580671460,TZ-TAN-002,3G,tigo.internet,12.2,33.76,45.95,74,2.11,128.7,2.15,101.1
CDR-D-2001926,2026-09-02 03:25:45,+25577624369,640021172893522,TZ-MAR-001,3G,tigo.internet,16.42,53.05,69.46,25,3.64,134.7,1.29,152.82
CDR-D-2001927,2026-09-01 13:30:27,+25577644098,640022994012789,TZ-SHI-001,3G,tigo.mms,7.81,21.39,29.2,8,2.97,115.4,1.94,64.24
CDR-D-2001928,2026-09-03 16:07:35,+25577244192,640021703457120,TZ-MWA-001,5G,tigo.pesa.app,364.79,2649.88,3014.66,89,137.07,19.9,0.08,0.0
CDR-D-2001929,2026-09-07 01:44:00,+25577979562,640027808041613,TZ-TND-001,3G,tigo.internet,18.68,51.74,70.42,19,3.24,115.1,2.76,154.92
CDR-D-2001930,2026-09-05 21:56:00,+25571400748,640023082029167,TZ-TAN-001,4G,tigo.pesa.app,67.5,268.06,335.56,78,15.2,48.6,0.09,0.0
CDR-D-2001931,2026-09-03 03:10:50,+25577114923,640025573077595,TZ-MOR-001,4G,tigo.internet,47.42,245.22,292.64,46,34.34,31.2,0.14,643.81
CDR-D-2001932,2026-09-07 09:55:20,+25565154638,640021877118282,TZ-MAR-001,3G,tigo.internet,14.34,45.51,59.85,42,3.16,119.2,2.33,131.66
CDR-D-2001933,2026-09-04 20:17:17,+25577941235,640022881894932,TZ-ZNZ-002,4G,tigo.internet,66.55,329.43,395.97,34,18.17,30.8,0.26,871.14
CDR-D-2001934,2026-09-04 07:04:23,+25571119927,640022099184899,TZ-TAN-003,3G,tigo.internet,25.35,77.65,103.0,54,4.51,125.4,2.15,226.61
CDR-D-2001935,2026-09-01 03:29:51,+25567670950,640023905778118,TZ-ARU-003,4G,tigo.internet,19.84,85.18,105.02,19,32.19,53.2,0.44,231.05
CDR-D-2001936,2026-09-02 03:07:14,+25577165646,640025288282161,TZ-KIG-001,3G,tigo.internet,24.05,83.86,107.91,16,2.38,137.1,0.58,237.4
CDR-D-2001937,2026-09-02 17:55:29,+25577752442,640024005092365,TZ-DAR-002,4G,tigo.internet,75.17,475.72,550.89,29,60.25,47.1,0.32,1211.97
CDR-D-2001938,2026-09-03 18:57:11,+25567139186,640027770086931,TZ-MWA-002,4G,tigo.corporate,67.15,417.59,484.74,80,45.88,37.6,0.38,1066.43
CDR-D-2001939,2026-09-05 00:48:45,+25577208310,640021112794026,TZ-DAR-001,5G,tigo.internet,347.84,1995.07,2342.91,46,119.15,13.5,0.04,5154.4
CDR-D-2001940,2026-09-02 02:50:29,+25565406616,640027003585379,TZ-ZNZ-001,5G,tigo.internet,221.56,1614.92,1836.48,61,171.78,23.6,0.03,4040.25
CDR-D-2001941,2026-09-02 03:01:46,+25577188759,640027901388916,TZ-DAR-012,5G,tigo.mms,65.02,326.0,391.02,23,145.84,17.5,0.06,860.24
CDR-D-2001942,2026-09-07 02:28:04,+25571441242,640029977486924,TZ-DAR-012,5G,tigo.corporate,410.04,2215.4,2625.43,17,192.2,16.9,0.04,5775.95
CDR-D-2001943,2026-09-05 17:37:06,+25571679720,640028111191488,TZ-DAR-005,4G,tigo.internet,18.05,67.5,85.55,67,60.01,54.6,0.15,188.21
CDR-D-2001944,2026-09-05 17:09:02,+25571320638,640023146904864,TZ-DAR-014,3G,tigo.internet,30.65,83.85,114.5,65,5.64,112.4,1.81,251.91
CDR-D-2001945,2026-09-03 07:54:17,+25567424526,640023744581207,TZ-PEM-001,3G,tigo.internet,3.29,10.75,14.04,45,2.51,98.9,1.51,30.88
CDR-D-2001946,2026-09-02 05:40:28,+25571860053,640025201221330,TZ-DAR-010,4G,tigo.mms,115.24,440.11,555.34,58,36.92,26.7,0.15,1221.76
CDR-D-2001947,2026-09-03 21:04:56,+25577217455,640023361117185,TZ-ZNZ-002,4G,tigo.pesa.app,175.81,722.07,897.87,55,58.68,47.2,0.44,0.0
CDR-D-2001948,2026-09-01 18:14:50,+25565815123,640025726050504,TZ-ZNZ-001,5G,tigo.pesa.app,321.92,1826.17,2148.1,60,191.49,22.2,0.03,0.0
CDR-D-2001949,2026-09-01 15:32:20,+25565842501,640024520399955,TZ-KIL-002,3G,tigo.internet,8.76,25.96,34.72,28,6.97,111.6,2.36,76.39
CDR-D-2001950,2026-09-02 18:05:45,+25577929816,640024888501524,TZ-TAN-001,4G,tigo.internet,60.94,356.17,417.11,55,29.41,29.3,0.22,917.64
CDR-D-2001951,2026-09-06 05:54:51,+25571857168,640024919706735,TZ-DOM-001,5G,tigo.internet,109.18,880.84,990.02,57,234.67,23.5,0.07,2178.05
CDR-D-2001952,2026-09-06 15:24:44,+25577979562,640027808041613,TZ-TND-001,3G,tigo.internet,2.97,10.15,13.12,28,3.62,102.3,1.89,28.86
CDR-D-2001953,2026-09-04 10:40:37,+25577194546,640024110133535,TZ-ARU-003,4G,tigo.internet,214.57,942.28,1156.85,32,38.03,30.0,0.29,2545.07
CDR-D-2001954,2026-09-02 23:00:37,+25571504321,640021933998295,TZ-DOM-003,4G,tigo.internet,129.53,453.11,582.64,15,64.18,43.5,0.43,1281.8
CDR-D-2001955,2026-09-01 16:20:17,+25577345224,640028550030472,TZ-DOM-001,5G,tigo.internet,544.72,2374.62,2919.34,90,147.14,13.5,0.11,6422.55
CDR-D-2001956,2026-09-05 17:14:43,+25565204904,640026126037320,TZ-DOM-003,4G,tigo.internet,87.66,330.73,418.39,61,39.88,26.5,0.18,920.46
CDR-D-2001957,2026-09-04 10:23:41,+25577678874,640024922193193,TZ-ARU-001,5G,tigo.internet,223.46,1639.28,1862.73,24,175.13,24.2,0.06,4098.02
CDR-D-2001958,2026-09-07 19:45:09,+25577832168,640023081821325,TZ-DAR-001,5G,tigo.internet,365.79,2595.66,2961.45,20,194.36,19.4,0.1,6515.19
CDR-D-2001959,2026-09-05 14:20:36,+25567388660,640027455603331,TZ-SHI-001,3G,tigo.pesa.app,5.96,17.87,23.83,40,3.83,116.2,2.33,0.0
CDR-D-2001960,2026-09-07 08:49:10,+25571408824,640023764474604,TZ-ARU-002,4G,tigo.internet,225.73,856.18,1081.91,36,26.63,31.3,0.28,2380.2
CDR-D-2001961,2026-09-06 08:35:36,+25567244935,640026351134654,TZ-DAR-015,3G,tigo.internet,14.14,54.52,68.66,21,3.78,68.6,1.5,151.05
CDR-D-2001962,2026-09-04 21:42:20,+25565312460,640029422491915,TZ-DAR-011,4G,tigo.internet,89.25,386.14,475.4,71,31.34,46.9,0.2,1045.87
CDR-D-2001963,2026-09-06 19:26:34,+25571352468,640027700772345,TZ-ARU-001,5G,tigo.internet,574.96,2942.51,3517.47,36,159.38,22.5,0.15,7738.44
CDR-D-2001964,2026-09-04 23:58:58,+25577850151,640022112380464,TZ-BUK-001,3G,tigo.internet,5.28,20.61,25.88,26,5.49,83.3,1.64,56.94
CDR-D-2001965,2026-09-03 18:18:38,+25567308894,640029587244082,TZ-SON-001,3G,tigo.internet,19.26,52.95,72.21,41,5.98,69.8,0.56,158.86
CDR-D-2001966,2026-09-06 11:39:30,+25577767841,640023265977202,TZ-DAR-015,3G,tigo.internet,10.04,42.76,52.8,28,7.43,128.2,1.03,116.15
CDR-D-2001967,2026-09-04 13:59:52,+25567810277,640021642037497,TZ-ARU-003,4G,tigo.internet,196.68,902.21,1098.89,46,43.7,49.6,0.24,2417.55
CDR-D-2001968,2026-09-05 07:02:42,+25577725935,640025602730904,TZ-PWA-001,4G,tigo.corporate,148.81,634.31,783.12,7,29.1,49.4,0.31,1722.87
CDR-D-2001969,2026-09-03 00:55:09,+25567546173,640027658867789,TZ-DAR-013,5G,tigo.internet,538.38,2561.05,3099.43,57,240.07,21.3,0.01,6818.74
CDR-D-2001970,2026-09-04 02:21:37,+25567882193,640026129924345,TZ-ZNZ-003,4G,tigo.pesa.app,22.18,95.4,117.58,89,31.13,37.2,0.21,0.0
CDR-D-2001971,2026-09-02 22:44:44,+25567737846,640021637088959,TZ-TAB-001,3G,tigo.internet,21.76,67.89,89.66,49,4.01,67.7,2.6,197.25
CDR-D-2001972,2026-09-04 22:46:08,+25571196967,640022300475989,TZ-DAR-001,5G,tigo.internet,662.66,2747.65,3410.31,90,258.49,24.8,0.02,7502.69
CDR-D-2001973,2026-09-06 09:18:27,+25567907788,640027363409651,TZ-SHI-001,3G,tigo.internet,18.14,49.95,68.08,52,4.98,126.6,2.1,149.78
CDR-D-2001974,2026-09-03 09:15:27,+25567737846,640021637088959,TZ-TAB-001,3G,tigo.internet,14.76,65.46,80.22,27,6.93,87.8,2.6,176.49
CDR-D-2001975,2026-09-06 02:11:57,+25577728896,640028268862104,TZ-MOR-001,4G,tigo.internet,20.04,109.05,129.09,50,38.69,36.6,0.15,284.0
CDR-D-2001976,2026-09-04 17:12:23,+25571992744,640027652264884,TZ-ARU-002,4G,tigo.internet,108.43,705.79,814.22,83,40.89,31.8,0.14,1791.29
CDR-D-2001977,2026-09-03 09:35:35,+25571588002,640022317723211,TZ-SON-001,3G,tigo.internet,16.11,44.88,60.99,86,7.04,125.5,0.5,134.19
CDR-D-2001978,2026-09-05 12:20:16,+25577665148,640024148407142,TZ-DAR-013,5G,tigo.internet,538.87,2979.32,3518.19,17,136.91,19.9,0.14,7740.03
CDR-D-2001979,2026-09-01 06:02:18,+25565497875,640029694199134,TZ-ARU-003,4G,tigo.internet,22.16,114.39,136.55,47,59.18,53.5,0.41,300.4
CDR-D-2001980,2026-09-04 04:38:10,+25577112581,640023896960280,TZ-DOM-003,4G,tigo.internet,87.94,527.81,615.75,3,38.6,36.0,0.33,1354.64
CDR-D-2001981,2026-09-03 03:45:48,+25565166175,640024455101626,TZ-DAR-009,4G,tigo.internet,113.65,688.01,801.66,17,37.76,46.0,0.11,1763.64
CDR-D-2001982,2026-09-07 21:39:36,+25567752788,640024930488077,TZ-DOM-003,4G,tigo.internet,25.92,142.21,168.14,64,51.09,28.3,0.38,369.9
CDR-D-2001983,2026-09-06 23:14:51,+25565216006,640027746298485,TZ-TAB-001,3G,tigo.pesa.app,8.07,29.33,37.4,90,2.58,91.5,0.85,0.0
CDR-D-2001984,2026-09-03 08:13:03,+25571837019,640027714024515,TZ-DAR-003,5G,tigo.pesa.app,148.14,981.34,1129.49,68,58.55,16.9,0.12,0.0
CDR-D-2001985,2026-09-07 16:55:12,+25577499941,640023837784389,TZ-DOM-001,5G,tigo.pesa.app,478.04,2036.96,2515.0,62,244.33,20.0,0.11,0.0
CDR-D-2001986,2026-09-06 16:43:38,+25571587506,640024462726923,TZ-DAR-011,4G,tigo.internet,70.85,359.36,430.21,27,55.81,43.2,0.23,946.46
CDR-D-2001987,2026-09-03 18:23:59,+25577853443,640024631443296,TZ-MOR-001,4G,tigo.internet,175.23,934.18,1109.42,34,59.07,37.5,0.09,2440.71
CDR-D-2001988,2026-09-07 07:08:52,+25567810277,640021642037497,TZ-ARU-003,4G,tigo.corporate,194.32,829.0,1023.32,14,60.34,53.1,0.26,2251.3
CDR-D-2001989,2026-09-03 20:06:54,+25571287356,640024671376399,TZ-DAR-011,4G,tigo.corporate,65.47,411.72,477.2,90,17.15,38.6,0.42,1049.83
CDR-D-2001990,2026-09-01 10:18:29,+25567293595,640026588216930,TZ-ZNZ-004,4G,tigo.internet,130.63,718.59,849.22,65,44.27,38.7,0.21,1868.29
CDR-D-2001991,2026-09-01 08:19:00,+25565883061,640023882025167,TZ-DAR-005,4G,tigo.internet,49.99,210.74,260.73,11,45.97,35.1,0.4,573.6
CDR-D-2001992,2026-09-03 04:07:39,+25577432441,640027355707297,TZ-KIL-003,3G,tigo.internet,7.18,19.6,26.78,39,5.89,139.0,0.77,58.91
CDR-D-2001993,2026-09-04 06:05:39,+25567929527,640022035989065,TZ-DAR-001,5G,tigo.internet,204.82,1144.73,1349.55,36,205.12,17.1,0.12,2969.01
CDR-D-2001994,2026-09-03 21:29:13,+25565951138,640026953859063,TZ-MWA-002,4G,tigo.internet,86.39,341.8,428.19,7,43.64,48.3,0.4,942.01
CDR-D-2001995,2026-09-07 05:48:43,+25565440786,640025916991713,TZ-SON-001,3G,tigo.internet,7.64,35.13,42.77,54,6.24,74.5,0.51,94.1
CDR-D-2001996,2026-09-07 09:42:26,+25567110048,640023081379485,TZ-NJO-001,3G,tigo.internet,29.32,75.05,104.37,90,3.28,117.2,0.75,229.61
CDR-D-2001997,2026-09-03 20:25:38,+25571806402,640028251009913,TZ-DAR-014,3G,tigo.internet,28.31,83.21,111.52,38,7.25,108.7,2.4,245.33
CDR-D-2001998,2026-09-07 11:15:24,+25577963495,640021417333635,TZ-ARU-001,5G,tigo.internet,141.66,1109.28,1250.94,53,260.69,23.6,0.12,2752.06
CDR-D-2001999,2026-09-03 10:48:55,+25567626781,640025825241186,TZ-MTW-001,4G,tigo.pesa.app,48.32,174.81,223.13,49,12.38,49.1,0.06,0.0
CDR-D-2002000,2026-09-03 12:32:47,+25577509992,640023540114135,TZ-KIL-003,3G,tigo.corporate,18.84,48.49,67.34,68,1.82,114.4,2.71,148.14
CDR-D-2002001,2026-09-07 01:32:40,+25565717024,640021945826486,TZ-DAR-005,4G,tigo.internet,168.53,654.41,822.94,71,64.9,33.5,0.43,1810.47
CDR-D-2002002,2026-09-06 22:50:41,+25567516029,640022654593890,TZ-KIG-001,3G,tigo.pesa.app,12.03,55.64,67.67,52,3.08,87.0,2.22,0.0
CDR-D-2002003,2026-09-01 06:45:05,+25577543824,640024843660761,TZ-TAN-001,4G,tigo.pesa.app,91.63,440.95,532.58,26,36.83,30.6,0.26,0.0
CDR-D-2002004,2026-09-03 14:31:51,+25567488363,640021165055708,TZ-KIL-002,3G,tigo.internet,6.36,20.59,26.95,43,5.52,109.5,2.78,59.28
CDR-D-2002005,2026-09-03 21:30:46,+25577165431,640023033278918,TZ-MBY-002,4G,tigo.internet,212.86,819.63,1032.49,16,55.58,35.4,0.3,2271.48
CDR-D-2002006,2026-09-04 04:58:14,+25577276636,640029923160916,TZ-DAR-003,5G,tigo.internet,266.18,1772.56,2038.74,32,56.16,27.9,0.13,4485.22
CDR-D-2002007,2026-09-04 05:19:42,+25567218733,640023916554137,TZ-MBY-002,4G,tigo.pesa.app,84.79,302.95,387.74,71,45.16,28.3,0.36,0.0
CDR-D-2002008,2026-09-06 20:55:19,+25565567723,640028414342463,TZ-DAR-012,5G,tigo.internet,308.5,1779.51,2088.0,64,219.94,22.8,0.03,4593.6
CDR-D-2002009,2026-09-04 00:49:40,+25565231875,640021277087771,TZ-TAR-001,3G,tigo.internet,12.96,58.12,71.08,9,3.53,72.9,2.37,156.37
CDR-D-2002010,2026-09-06 00:18:54,+25571857886,640025861330704,TZ-PWA-001,4G,tigo.corporate,104.91,559.32,664.23,28,45.8,34.6,0.12,1461.31
CDR-D-2002011,2026-09-06 18:17:57,+25577181247,640028359619163,TZ-DAR-015,3G,tigo.internet,6.48,26.46,32.95,44,3.64,92.2,2.34,72.48
CDR-D-2002012,2026-09-03 01:39:30,+25567894086,640021615024545,TZ-ARU-003,4G,tigo.internet,105.46,420.71,526.18,24,60.38,43.7,0.45,1157.59
CDR-D-2002013,2026-09-02 14:20:56,+25565211957,640021564985269,TZ-TAB-001,3G,tigo.internet,12.69,34.75,47.44,5,6.06,99.6,2.26,104.37
CDR-D-2002014,2026-09-06 15:16:24,+25567275133,640025491326131,TZ-DAR-009,4G,tigo.pesa.app,102.81,367.54,470.35,25,62.21,43.2,0.22,0.0
CDR-D-2002015,2026-09-01 04:06:11,+25571289226,640029131540912,TZ-ARU-002,4G,tigo.corporate,80.18,327.5,407.69,84,25.55,31.1,0.39,896.91
CDR-D-2002016,2026-09-01 01:44:00,+25565567896,640021683855081,TZ-DAR-015,3G,tigo.internet,8.11,31.28,39.38,30,5.08,77.4,1.51,86.64
CDR-D-2002017,2026-09-02 20:29:41,+25571248725,640026508136828,TZ-KIL-003,3G,tigo.internet,19.19,76.78,95.97,28,4.23,135.7,1.41,211.14
CDR-D-2002018,2026-09-05 02:51:30,+25571461939,640022846465000,TZ-KIL-003,3G,tigo.internet,24.48,73.61,98.09,37,4.18,84.8,1.05,215.79
CDR-D-2002019,2026-09-03 14:04:56,+25571404212,640021692447546,TZ-NJO-001,3G,tigo.pesa.app,4.33,16.18,20.5,56,4.27,132.9,1.97,0.0
CDR-D-2002020,2026-09-02 16:44:13,+25565672092,640023373077218,TZ-DAR-003,5G,tigo.internet,508.08,2149.7,2657.78,55,129.48,14.9,0.08,5847.12
CDR-D-2002021,2026-09-01 12:22:33,+25571475727,640023538897827,TZ-TAR-001,3G,tigo.internet,3.3,15.46,18.76,34,3.7,95.5,2.64,41.28
CDR-D-2002022,2026-09-05 01:16:13,+25571155032,640023994828174,TZ-DAR-009,4G,tigo.corporate,121.75,472.28,594.03,48,13.36,28.6,0.45,1306.87
CDR-D-2002023,2026-09-01 23:28:16,+25565318742,640026394175396,TZ-ZNZ-003,4G,tigo.pesa.app,86.86,559.68,646.53,12,47.1,52.7,0.37,0.0
CDR-D-2002024,2026-09-01 16:36:21,+25567429196,640028173711511,TZ-PWA-002,4G,tigo.pesa.app,153.13,522.38,675.51,17,53.28,53.6,0.22,0.0
CDR-D-2002025,2026-09-03 12:40:32,+25565215507,640026795403548,TZ-MWA-001,5G,tigo.pesa.app,436.8,2589.57,3026.37,48,243.8,14.2,0.06,0.0
CDR-D-2002026,2026-09-05 00:27:41,+25577969849,640029066955201,TZ-MWA-003,4G,tigo.internet,161.65,603.22,764.88,31,34.1,27.5,0.15,1682.73
CDR-D-2002027,2026-09-05 02:13:29,+25571113595,640028489005480,TZ-IRI-001,4G,tigo.pesa.app,58.12,361.25,419.37,80,53.57,41.4,0.17,0.0
CDR-D-2002028,2026-09-01 09:55:07,+25565714867,640024735313433,TZ-DAR-010,4G,tigo.internet,245.89,825.07,1070.96,60,50.6,30.1,0.19,2356.11
CDR-D-2002029,2026-09-05 17:25:20,+25577758879,640029397526641,TZ-ZNZ-002,4G,tigo.internet,152.57,767.99,920.56,68,45.56,33.4,0.19,2025.23
CDR-D-2002030,2026-09-05 13:24:36,+25577941235,640022881894932,TZ-ZNZ-002,4G,tigo.corporate,183.03,806.16,989.19,27,44.52,30.3,0.06,2176.21
CDR-D-2002031,2026-09-06 07:50:33,+25577426592,640021848411797,TZ-MBY-002,4G,tigo.internet,14.28,79.61,93.89,53,62.98,35.8,0.3,206.56
CDR-D-2002032,2026-09-06 03:30:27,+25571528644,640024801044279,TZ-PEM-001,3G,tigo.pesa.app,24.57,63.82,88.39,79,3.3,66.8,2.67,0.0
CDR-D-2002033,2026-09-01 20:00:27,+25565934375,640022420535159,TZ-SON-001,3G,tigo.pesa.app,9.88,47.66,57.55,71,6.89,134.8,0.5,0.0
CDR-D-2002034,2026-09-01 15:42:07,+25577120773,640028567428724,TZ-DAR-010,4G,tigo.pesa.app,158.5,587.75,746.25,47,35.44,41.2,0.4,0.0
CDR-D-2002035,2026-09-06 21:51:07,+25567220465,640028570333548,TZ-MBY-001,4G,tigo.internet,67.14,311.57,378.71,84,54.36,38.9,0.08,833.16
CDR-D-2002036,2026-09-04 02:37:13,+25567951266,640022295067571,TZ-TAR-001,3G,tigo.corporate,6.18,18.76,24.95,4,5.18,136.2,2.09,54.88
CDR-D-2002037,2026-09-02 07:49:19,+25577321659,640029831336766,TZ-TAR-001,3G,tigo.internet,5.32,22.85,28.16,86,5.69,105.9,1.03,61.96
CDR-D-2002038,2026-09-07 17:29:27,+25567773088,640029403748506,TZ-MWA-003,4G,tigo.mms,55.7,361.42,417.11,40,60.63,34.4,0.26,917.65
CDR-D-2002039,2026-09-06 18:51:49,+25571182300,640028144352013,TZ-ARU-001,5G,tigo.internet,370.81,3030.07,3400.87,81,201.17,23.6,0.03,7481.92
CDR-D-2002040,2026-09-03 12:07:19,+25567586208,640025431277186,TZ-SHI-001,3G,tigo.internet,22.53,78.77,101.3,64,5.65,79.9,0.58,222.86
CDR-D-2002041,2026-09-05 15:29:26,+25565784343,640021692392816,TZ-DOM-001,5G,tigo.internet,184.82,1107.42,1292.24,62,86.41,20.7,0.03,2842.93
CDR-D-2002042,2026-09-01 19:06:03,+25565736237,640027376034192,TZ-TND-001,3G,tigo.internet,10.86,42.26,53.12,86,4.44,90.1,0.75,116.87
CDR-D-2002043,2026-09-04 04:17:00,+25567213010,640023226892666,TZ-GEI-001,4G,tigo.internet,65.26,407.65,472.92,65,46.86,36.2,0.21,1040.42
CDR-D-2002044,2026-09-07 10:31:26,+25567327337,640023195155142,TZ-ZNZ-002,4G,tigo.internet,224.92,909.3,1134.22,52,31.04,26.2,0.36,2495.29
CDR-D-2002045,2026-09-05 15:20:41,+25571877444,640027213328054,TZ-ARU-002,4G,tigo.internet,189.46,936.94,1126.4,25,35.92,54.5,0.11,2478.07
CDR-D-2002046,2026-09-03 02:44:03,+25567679459,640022015168489,TZ-KIG-001,3G,tigo.internet,26.55,73.49,100.04,51,4.57,73.9,1.61,220.09
CDR-D-2002047,2026-09-03 20:17:12,+25571198042,640027035624331,TZ-BUK-001,3G,tigo.internet,13.66,38.74,52.4,21,4.77,114.9,2.02,115.28
CDR-D-2002048,2026-09-04 13:22:25,+25577322086,640023962958940,TZ-DAR-015,3G,tigo.pesa.app,3.37,12.71,16.08,52,2.07,131.8,0.87,0.0
CDR-D-2002049,2026-09-02 14:16:14,+25577997830,640028878855674,TZ-MWA-003,4G,tigo.internet,174.26,638.69,812.96,61,48.4,31.5,0.1,1788.5
CDR-D-2002050,2026-09-03 02:46:08,+25577828252,640021875155003,TZ-MAR-001,3G,tigo.pesa.app,11.02,34.46,45.48,9,1.72,85.7,1.91,0.0
CDR-D-2002051,2026-09-05 14:01:51,+25571880431,640024407284549,TZ-MAR-001,3G,tigo.corporate,2.96,8.95,11.91,20,4.6,77.8,1.07,26.21
CDR-D-2002052,2026-09-05 09:38:37,+25577114923,640025573077595,TZ-MOR-001,4G,tigo.internet,4.97,25.8,30.77,78,54.94,31.4,0.21,67.7
CDR-D-2002053,2026-09-05 17:47:04,+25567532949,640028114772251,TZ-DAR-005,4G,tigo.corporate,19.83,74.19,94.03,18,16.64,41.3,0.27,206.86
CDR-D-2002054,2026-09-07 05:49:03,+25577678923,640023072183247,TZ-PEM-001,3G,tigo.internet,8.53,25.3,33.83,28,4.3,95.5,0.58,74.42
CDR-D-2002055,2026-09-06 17:27:35,+25565816514,640024297076131,TZ-DOM-003,4G,tigo.internet,154.96,599.98,754.95,56,12.69,31.6,0.29,1660.88
CDR-D-2002056,2026-09-03 20:36:38,+25567336540,640025946548987,TZ-MBY-001,4G,tigo.internet,81.75,384.17,465.92,13,57.5,41.4,0.11,1025.03
CDR-D-2002057,2026-09-06 05:05:01,+25567193653,640027054307581,TZ-ZNZ-003,4G,tigo.internet,26.84,127.5,154.34,34,53.77,33.0,0.15,339.54
CDR-D-2002058,2026-09-01 22:56:38,+25567193653,640027054307581,TZ-ZNZ-003,4G,tigo.internet,62.15,250.11,312.26,84,37.94,48.2,0.41,686.97
CDR-D-2002059,2026-09-02 02:51:58,+25565255214,640027535992314,TZ-ZNZ-001,5G,tigo.mms,463.24,2621.85,3085.09,73,236.72,18.4,0.03,6787.21
CDR-D-2002060,2026-09-07 08:27:50,+25571287356,640024671376399,TZ-DAR-011,4G,tigo.internet,167.49,632.39,799.88,72,57.77,33.0,0.07,1759.73
CDR-D-2002061,2026-09-02 19:34:39,+25577863481,640026041077282,TZ-MAR-001,3G,tigo.internet,18.38,78.29,96.67,81,2.01,75.9,1.29,212.67
CDR-D-2002062,2026-09-02 03:07:55,+25565231875,640021277087771,TZ-TAR-001,3G,tigo.pesa.app,16.5,57.88,74.38,76,2.94,91.7,2.14,0.0
CDR-D-2002063,2026-09-01 10:46:22,+25567418886,640023298253978,TZ-MAR-001,3G,tigo.corporate,13.36,54.32,67.69,53,2.76,134.9,1.72,148.91
CDR-D-2002064,2026-09-01 01:31:47,+25571823468,640025905881794,TZ-SON-001,3G,tigo.internet,25.04,82.15,107.18,50,2.33,121.5,2.34,235.81
CDR-D-2002065,2026-09-07 02:21:24,+25565989265,640024480721612,TZ-KIG-001,3G,tigo.internet,13.34,47.68,61.02,14,4.06,82.9,0.97,134.24
CDR-D-2002066,2026-09-03 04:08:22,+25577403578,640025789633176,TZ-KIL-001,4G,tigo.internet,95.1,409.01,504.11,76,63.1,51.0,0.12,1109.04
CDR-D-2002067,2026-09-04 19:31:54,+25577813446,640027984434647,TZ-KIL-002,3G,tigo.internet,7.19,28.11,35.29,32,4.26,98.4,1.9,77.65
CDR-D-2002068,2026-09-06 20:12:40,+25571189814,640028438486479,TZ-DOM-002,5G,tigo.internet,276.24,1963.72,2239.96,56,159.68,14.5,0.06,4927.92
CDR-D-2002069,2026-09-04 11:01:12,+25577155613,640022746900245,TZ-MOR-001,4G,tigo.internet,32.67,143.17,175.83,53,29.31,47.0,0.05,386.83
CDR-D-2002070,2026-09-05 11:11:43,+25577850435,640022323586087,TZ-DOM-002,5G,tigo.internet,27.9,188.4,216.3,86,185.43,18.7,0.13,475.85
CDR-D-2002071,2026-09-02 01:59:08,+25565995940,640027594786332,TZ-MAR-001,3G,tigo.internet,24.07,72.52,96.59,48,5.27,128.3,0.87,212.5
CDR-D-2002072,2026-09-06 22:57:03,+25577491329,640029849565863,TZ-DAR-002,4G,tigo.internet,263.47,893.7,1157.18,79,34.31,52.2,0.19,2545.79
CDR-D-2002073,2026-09-04 16:44:28,+25571574419,640023127233070,TZ-ARU-003,4G,tigo.internet,132.67,487.35,620.02,31,55.83,52.8,0.35,1364.05
CDR-D-2002074,2026-09-06 16:56:29,+25565318742,640026394175396,TZ-ZNZ-003,4G,tigo.internet,196.39,697.65,894.05,72,49.97,27.1,0.24,1966.9
CDR-D-2002075,2026-09-04 13:57:58,+25571197716,640024554178984,TZ-DAR-015,3G,tigo.internet,5.87,26.01,31.88,65,4.58,79.2,0.85,70.14
CDR-D-2002076,2026-09-03 13:13:10,+25567531204,640027193134742,TZ-KIG-001,3G,tigo.internet,13.42,37.81,51.23,26,3.68,127.4,1.32,112.7
CDR-D-2002077,2026-09-03 09:51:52,+25577559337,640023905625550,TZ-DAR-011,4G,tigo.pesa.app,105.58,448.35,553.93,75,45.58,43.5,0.09,0.0
CDR-D-2002078,2026-09-07 20:05:26,+25567993891,640026903558431,TZ-ARU-003,4G,tigo.internet,103.93,421.33,525.26,83,28.37,43.0,0.18,1155.58
CDR-D-2002079,2026-09-01 14:05:06,+25571941945,640028626138802,TZ-MOR-001,4G,tigo.internet,138.31,803.65,941.96,14,25.83,49.0,0.29,2072.31
CDR-D-2002080,2026-09-03 13:19:41,+25565424500,640028663811838,TZ-KIL-002,3G,tigo.internet,14.23,42.62,56.86,7,1.56,138.1,2.66,125.09
CDR-D-2002081,2026-09-01 05:09:47,+25571925549,640023797168211,TZ-KIG-001,3G,tigo.internet,19.24,82.57,101.81,28,4.25,66.9,0.86,223.98
CDR-D-2002082,2026-09-07 03:56:35,+25565625986,640026761334796,TZ-ZNZ-001,5G,tigo.corporate,392.34,3041.21,3433.55,79,93.87,25.6,0.05,7553.81
CDR-D-2002083,2026-09-05 21:07:23,+25567448588,640027628981661,TZ-PEM-001,3G,tigo.internet,10.53,33.93,44.46,15,6.77,90.1,2.5,97.82
CDR-D-2002084,2026-09-04 00:42:46,+25567270395,640028913915028,TZ-KIG-001,3G,tigo.internet,15.86,59.64,75.5,77,3.58,86.2,1.76,166.11
CDR-D-2002085,2026-09-03 13:52:44,+25565911982,640025606488160,TZ-ZNZ-002,4G,tigo.internet,260.11,912.86,1172.97,57,56.71,44.4,0.4,2580.53
CDR-D-2002086,2026-09-02 07:02:29,+25567253541,640024605117440,TZ-NJO-001,3G,tigo.internet,20.46,51.17,71.63,3,6.21,86.7,0.85,157.59
CDR-D-2002087,2026-09-02 06:00:12,+25571792371,640023433388223,TZ-PWA-001,4G,tigo.pesa.app,121.99,430.68,552.67,8,52.71,54.4,0.3,0.0
CDR-D-2002088,2026-09-05 11:57:20,+25577694954,640023864715453,TZ-MTW-001,4G,tigo.internet,18.24,117.8,136.04,10,18.69,52.7,0.16,299.3
CDR-D-2002089,2026-09-04 21:57:25,+25571105621,640027956377623,TZ-DAR-012,5G,tigo.internet,532.12,2538.14,3070.26,18,172.59,12.6,0.02,6754.56
CDR-D-2002090,2026-09-03 10:51:25,+25567531690,640027780484666,TZ-GEI-001,4G,tigo.internet,168.15,848.75,1016.9,85,61.81,54.6,0.16,2237.17
CDR-D-2002091,2026-09-05 22:34:14,+25565316826,640026966615954,TZ-PWA-002,4G,tigo.internet,40.22,166.82,207.03,67,46.65,40.5,0.2,455.47
CDR-D-2002092,2026-09-05 17:21:57,+25577101640,640027935554354,TZ-KIL-001,4G,tigo.mms,81.89,373.07,454.96,33,48.88,54.4,0.07,1000.91
CDR-D-2002093,2026-09-01 12:43:06,+25577216335,640029031229072,TZ-TAB-001,3G,tigo.internet,9.44,37.61,47.05,56,3.92,103.9,1.8,103.5
CDR-D-2002094,2026-09-05 09:03:41,+25565883061,640023882025167,TZ-DAR-005,4G,tigo.corporate,110.91,733.19,844.1,26,24.92,32.0,0.11,1857.02
CDR-D-2002095,2026-09-02 15:21:17,+25571583607,640027674841448,TZ-TND-001,3G,tigo.internet,6.11,16.29,22.4,82,5.64,100.5,2.03,49.27
CDR-D-2002096,2026-09-03 23:13:46,+25571377120,640022063329832,TZ-MBY-002,4G,tigo.mms,73.66,487.04,560.69,15,33.14,52.7,0.16,1233.52
CDR-D-2002097,2026-09-03 06:02:16,+25577871523,640026281827528,TZ-MBY-001,4G,tigo.internet,94.43,389.12,483.55,42,44.73,35.8,0.09,1063.82
CDR-D-2002098,2026-09-01 03:12:39,+25577149161,640029470922075,TZ-KIL-002,3G,tigo.pesa.app,23.39,81.26,104.65,71,2.5,72.0,2.73,0.0
CDR-D-2002099,2026-09-06 01:03:56,+25567199696,640021359438635,TZ-PEM-001,3G,tigo.internet,4.28,15.59,19.87,35,6.59,121.7,2.73,43.71
CDR-D-2002100,2026-09-01 11:35:59,+25577509735,640027406726525,TZ-DAR-002,4G,tigo.internet,154.96,871.28,1026.23,62,53.51,52.1,0.11,2257.71
CDR-D-2002101,2026-09-06 13:33:01,+25571163098,640027365941525,TZ-KAH-001,4G,tigo.internet,21.66,106.16,127.82,8,54.16,48.2,0.21,281.2
CDR-D-2002102,2026-09-07 01:23:00,+25571608581,640022143209173,TZ-SON-001,3G,tigo.pesa.app,15.6,39.12,54.71,16,1.25,82.7,1.32,0.0
CDR-D-2002103,2026-09-06 04:49:33,+25567792687,640026504099682,TZ-DAR-004,5G,tigo.internet,137.59,696.45,834.04,57,213.84,23.8,0.02,1834.89
CDR-D-2002104,2026-09-07 20:30:08,+25571434617,640026333223513,TZ-KIL-002,3G,tigo.mms,19.27,81.56,100.83,56,4.45,71.0,0.61,221.83
CDR-D-2002105,2026-09-06 05:54:41,+25565674721,640024534096467,TZ-PWA-001,4G,tigo.corporate,140.52,640.81,781.33,83,61.27,31.1,0.17,1718.93
CDR-D-2002106,2026-09-05 10:30:32,+25565178315,640025052536540,TZ-ARU-001,5G,tigo.pesa.app,238.33,978.96,1217.3,59,249.5,15.2,0.09,0.0
CDR-D-2002107,2026-09-05 04:42:56,+25565592584,640024193557045,TZ-DAR-001,5G,tigo.internet,264.06,1460.66,1724.72,14,240.75,25.9,0.09,3794.38
CDR-D-2002108,2026-09-06 05:43:59,+25571528379,640028354809424,TZ-ZNZ-004,4G,tigo.internet,107.63,451.86,559.49,54,43.34,37.1,0.15,1230.88
CDR-D-2002109,2026-09-05 11:59:37,+25565717024,640021945826486,TZ-DAR-005,4G,tigo.internet,186.27,748.92,935.19,61,46.86,53.0,0.34,2057.42
CDR-D-2002110,2026-09-03 03:53:16,+25565211957,640021564985269,TZ-TAB-001,3G,tigo.internet,5.74,15.0,20.74,48,2.4,79.3,0.58,45.63
CDR-D-2002111,2026-09-02 22:24:07,+25571183854,640028170092009,TZ-DOM-002,5G,tigo.internet,245.65,1629.37,1875.02,44,99.45,25.1,0.12,4125.05
CDR-D-2002112,2026-09-04 10:21:02,+25567211760,640025959736235,TZ-NJO-001,3G,tigo.internet,11.94,48.94,60.88,32,4.67,122.7,1.24,133.94
CDR-D-2002113,2026-09-07 02:33:16,+25565496252,640022466684707,TZ-DAR-008,4G,tigo.pesa.app,140.76,741.92,882.67,3,54.45,40.1,0.3,0.0
CDR-D-2002114,2026-09-02 17:11:40,+25565364760,640027404238705,TZ-MOR-001,4G,tigo.internet,225.1,881.33,1106.43,5,32.44,30.0,0.3,2434.15
CDR-D-2002115,2026-09-02 18:10:20,+25567658224,640023857879268,TZ-DAR-012,5G,tigo.internet,380.82,2829.57,3210.39,35,170.41,13.1,0.15,7062.86
CDR-D-2002116,2026-09-01 05:58:48,+25571891775,640021500275778,TZ-DAR-002,4G,tigo.internet,30.47,109.33,139.81,32,42.07,33.4,0.2,307.57
CDR-D-2002117,2026-09-02 18:31:55,+25567283514,640025776996939,TZ-SHI-001,3G,tigo.pesa.app,2.11,5.85,7.96,50,4.18,134.8,1.61,0.0
CDR-D-2002118,2026-09-02 20:39:17,+25567112266,640022757235114,TZ-PWA-001,4G,tigo.internet,59.04,297.4,356.44,78,63.04,42.8,0.17,784.16
CDR-D-2002119,2026-09-07 05:15:18,+25567199696,640021359438635,TZ-PEM-001,3G,tigo.internet,15.06,68.22,83.28,87,6.54,139.6,1.0,183.22
CDR-D-2002120,2026-09-05 13:08:36,+25565690462,640025073211715,TZ-TAB-001,3G,tigo.internet,2.41,11.23,13.64,55,4.59,101.9,0.97,30.01
CDR-D-2002121,2026-09-05 12:46:00,+25565533020,640023965676060,TZ-DAR-004,5G,tigo.internet,468.71,2027.58,2496.29,13,193.6,25.4,0.13,5491.84
CDR-D-2002122,2026-09-05 21:28:19,+25567175576,640024187043237,TZ-DOM-003,4G,tigo.pesa.app,11.23,38.05,49.28,35,14.08,52.6,0.07,0.0
CDR-D-2002123,2026-09-01 12:51:25,+25565345101,640028065803509,TZ-TAB-001,3G,tigo.internet,27.43,84.09,111.52,32,4.27,109.8,1.22,245.34
CDR-D-2002124,2026-09-05 19:34:38,+25577216335,640029031229072,TZ-TAB-001,3G,tigo.corporate,7.01,23.63,30.63,4,6.89,101.0,1.52,67.4
CDR-D-2002125,2026-09-02 00:06:28,+25567311824,640025946387490,TZ-MWA-003,4G,tigo.corporate,81.55,350.01,431.56,72,43.23,27.9,0.32,949.42
CDR-D-2002126,2026-09-03 00:27:22,+25567283514,640025776996939,TZ-SHI-001,3G,tigo.internet,2.97,7.66,10.63,61,2.87,73.9,2.29,23.38
CDR-D-2002127,2026-09-05 13:05:14,+25565661147,640024957687327,TZ-MOR-001,4G,tigo.internet,56.51,193.08,249.59,60,30.3,26.3,0.2,549.1
CDR-D-2002128,2026-09-02 11:45:34,+25577511284,640025974930815,TZ-DAR-011,4G,tigo.internet,178.69,618.37,797.06,47,16.18,38.2,0.36,1753.54
CDR-D-2002129,2026-09-05 18:21:50,+25567676051,640026662849574,TZ-ARU-002,4G,tigo.internet,148.62,722.33,870.95,48,45.08,40.0,0.31,1916.09
CDR-D-2002130,2026-09-06 21:17:32,+25567268163,640029759180824,TZ-DAR-008,4G,tigo.internet,126.98,446.46,573.44,26,60.77,45.0,0.3,1261.57
CDR-D-2002131,2026-09-03 11:30:20,+25567267011,640029955180489,TZ-PEM-001,3G,tigo.corporate,9.27,31.73,41.0,61,5.48,70.9,1.29,90.2
CDR-D-2002132,2026-09-07 01:58:46,+25577171046,640026808867808,TZ-ZNZ-001,5G,tigo.internet,409.14,1945.15,2354.29,79,78.02,13.2,0.03,5179.45
CDR-D-2002133,2026-09-05 00:26:07,+25567541314,640028463731970,TZ-MWA-003,4G,tigo.internet,127.04,503.58,630.62,79,52.0,46.8,0.12,1387.35
CDR-D-2002134,2026-09-06 10:12:00,+25565894586,640021878587567,TZ-PWA-001,4G,tigo.internet,144.64,661.67,806.3,59,13.19,45.1,0.1,1773.87
CDR-D-2002135,2026-09-06 21:15:51,+25567520415,640023923089394,TZ-NJO-001,3G,tigo.internet,7.2,24.84,32.04,67,2.49,115.9,1.31,70.49
CDR-D-2002136,2026-09-06 11:24:45,+25571163098,640027365941525,TZ-KAH-001,4G,tigo.internet,136.21,486.82,623.03,87,27.69,29.8,0.41,1370.66
CDR-D-2002137,2026-09-02 03:14:39,+25571951000,640027640296994,TZ-MWA-001,5G,tigo.corporate,46.38,220.8,267.19,16,197.87,24.5,0.09,587.81
CDR-D-2002138,2026-09-06 17:40:16,+25577504848,640025884526046,TZ-DAR-005,4G,tigo.pesa.app,117.87,456.32,574.18,27,20.35,50.1,0.08,0.0
CDR-D-2002139,2026-09-05 11:51:27,+25567811710,640023456709521,TZ-DAR-003,5G,tigo.internet,413.48,2184.78,2598.26,20,58.65,13.9,0.14,5716.18
CDR-D-2002140,2026-09-03 20:32:17,+25565792282,640023238756255,TZ-DAR-012,5G,tigo.internet,370.05,2339.82,2709.87,57,245.86,16.5,0.11,5961.72
CDR-D-2002141,2026-09-06 12:21:30,+25571480570,640027213172814,TZ-DAR-010,4G,tigo.internet,225.71,760.6,986.32,71,47.06,52.3,0.42,2169.9
CDR-D-2002142,2026-09-03 08:13:27,+25567253541,640024605117440,TZ-NJO-001,3G,tigo.internet,12.22,55.33,67.55,72,6.91,119.4,2.38,148.61
CDR-D-2002143,2026-09-06 03:41:12,+25571770513,640027039004351,TZ-BUK-001,3G,tigo.internet,14.21,37.59,51.79,3,6.66,120.5,0.89,113.94
CDR-D-2002144,2026-09-04 20:35:48,+25577805486,640024266466941,TZ-DAR-003,5G,tigo.internet,404.14,2599.85,3003.99,23,76.79,17.6,0.03,6608.78
CDR-D-2002145,2026-09-04 23:04:02,+25571917939,640021130341144,TZ-MTW-001,4G,tigo.internet,210.41,858.35,1068.76,31,33.75,33.1,0.22,2351.26
CDR-D-2002146,2026-09-07 03:28:27,+25577990247,640022320748157,TZ-DAR-010,4G,tigo.pesa.app,31.04,185.52,216.57,73,48.45,44.8,0.29,0.0
CDR-D-2002147,2026-09-03 19:57:46,+25565909606,640024306720589,TZ-DAR-012,5G,tigo.internet,155.78,994.29,1150.07,48,65.17,25.2,0.13,2530.15
CDR-D-2002148,2026-09-02 05:16:31,+25567147652,640028793362077,TZ-ZNZ-004,4G,tigo.internet,132.75,700.06,832.81,79,29.72,27.8,0.32,1832.17
CDR-D-2002149,2026-09-05 13:54:13,+25565583694,640021666660868,TZ-DAR-009,4G,tigo.pesa.app,65.96,382.56,448.52,65,54.75,35.4,0.14,0.0
CDR-D-2002150,2026-09-05 00:04:38,+25571340897,640024681542027,TZ-DAR-012,5G,tigo.internet,359.61,2800.26,3159.87,14,248.52,19.0,0.01,6951.72
CDR-D-2002151,2026-09-01 09:05:25,+25577631468,640026900423003,TZ-MWA-001,5G,tigo.internet,367.43,2240.97,2608.39,46,186.97,23.4,0.1,5738.47
CDR-D-2002152,2026-09-03 12:33:28,+25565815123,640025726050504,TZ-ZNZ-001,5G,tigo.internet,434.94,2413.12,2848.06,2,99.3,15.4,0.14,6265.72
CDR-D-2002153,2026-09-01 03:21:29,+25567436241,640023986257683,TZ-SON-001,3G,tigo.corporate,22.51,61.97,84.48,37,6.37,68.0,0.98,185.86
CDR-D-2002154,2026-09-02 03:56:12,+25577553515,640027051406106,TZ-IRI-001,4G,tigo.corporate,128.09,485.32,613.41,66,32.68,32.2,0.08,1349.5
CDR-D-2002155,2026-09-06 03:56:24,+25577832168,640023081821325,TZ-DAR-001,5G,tigo.pesa.app,208.07,1665.39,1873.46,75,122.01,13.6,0.1,0.0
CDR-D-2002156,2026-09-05 10:30:16,+25577146670,640027465926508,TZ-GEI-001,4G,tigo.internet,7.55,37.83,45.38,5,28.19,32.8,0.1,99.84
CDR-D-2002157,2026-09-03 00:25:00,+25577769989,640022963288053,TZ-PWA-001,4G,tigo.internet,26.35,90.85,117.2,6,45.59,47.9,0.08,257.85
CDR-D-2002158,2026-09-02 03:51:58,+25565889794,640021980034265,TZ-NJO-001,3G,tigo.internet,5.36,25.8,31.16,31,6.78,107.4,2.65,68.55
CDR-D-2002159,2026-09-02 18:10:38,+25577543588,640026092773357,TZ-MWA-003,4G,tigo.internet,182.69,627.73,810.42,31,37.72,35.4,0.34,1782.93
CDR-D-2002160,2026-09-04 12:01:46,+25577649435,640021357561213,TZ-DAR-015,3G,tigo.internet,5.68,23.37,29.05,24,3.06,114.3,1.39,63.91
CDR-D-2002161,2026-09-07 04:10:24,+25571823468,640025905881794,TZ-SON-001,3G,tigo.internet,3.96,18.85,22.82,15,4.95,81.0,1.0,50.19
CDR-D-2002162,2026-09-07 14:47:53,+25571353495,640026887978829,TZ-DAR-013,5G,tigo.internet,560.76,3120.28,3681.04,12,258.33,23.0,0.14,8098.28
CDR-D-2002163,2026-09-04 22:45:00,+25571873266,640028256557537,TZ-DAR-007,4G,tigo.internet,60.4,373.46,433.86,58,60.97,29.3,0.13,954.5
CDR-D-2002164,2026-09-02 19:23:58,+25571331282,640023852325403,TZ-MBY-002,4G,tigo.internet,121.29,546.92,668.21,22,64.25,53.2,0.3,1470.06
CDR-D-2002165,2026-09-02 19:32:07,+25571520169,640023367183914,TZ-DAR-007,4G,tigo.corporate,136.9,534.74,671.65,51,54.36,39.5,0.22,1477.63
CDR-D-2002166,2026-09-04 22:54:34,+25567786224,640021383539822,TZ-SNG-001,3G,tigo.internet,15.68,78.18,93.86,66,2.75,100.2,1.2,206.49
CDR-D-2002167,2026-09-03 14:47:06,+25577616428,640024470249239,TZ-MBY-002,4G,tigo.internet,97.65,355.31,452.95,61,58.59,36.8,0.31,996.5
CDR-D-2002168,2026-09-06 13:20:53,+25571256900,640022211374001,TZ-TAR-001,3G,tigo.internet,19.0,55.6,74.6,36,2.67,103.5,2.66,164.11
CDR-D-2002169,2026-09-05 02:23:28,+25567320395,640026989463974,TZ-DAR-007,4G,tigo.corporate,34.6,184.75,219.35,19,64.76,27.3,0.23,482.57
CDR-D-2002170,2026-09-06 16:30:35,+25565629435,640023449142215,TZ-TAN-002,3G,tigo.internet,12.83,36.94,49.78,88,5.13,89.1,1.14,109.51
CDR-D-2002171,2026-09-05 14:23:23,+25567311824,640025946387490,TZ-MWA-003,4G,tigo.pesa.app,85.21,315.09,400.3,58,53.23,48.6,0.32,0.0
CDR-D-2002172,2026-09-03 17:55:00,+25565828664,640027238476297,TZ-TAN-003,3G,tigo.internet,13.9,50.66,64.56,10,7.17,135.0,1.94,142.03
CDR-D-2002173,2026-09-01 08:17:44,+25577688760,640029848243913,TZ-MAR-001,3G,tigo.internet,5.23,25.7,30.93,13,3.08,83.5,2.79,68.05
CDR-D-2002174,2026-09-03 15:14:35,+25567740216,640027827476439,TZ-DAR-005,4G,tigo.internet,73.44,436.78,510.22,43,19.51,33.2,0.21,1122.49
CDR-D-2002175,2026-09-05 19:06:21,+25565309905,640023605238011,TZ-DAR-006,4G,tigo.internet,25.21,141.84,167.05,69,20.79,26.0,0.06,367.51
CDR-D-2002176,2026-09-03 04:30:27,+25565500984,640025760130713,TZ-DOM-003,4G,tigo.internet,130.1,548.2,678.3,53,48.86,27.7,0.34,1492.26
CDR-D-2002177,2026-09-01 09:58:45,+25577631265,640028046301787,TZ-IRI-001,4G,tigo.internet,59.8,336.96,396.77,73,64.5,44.3,0.15,872.89
CDR-D-2002178,2026-09-05 12:43:22,+25571481024,640027184949643,TZ-MOR-001,4G,tigo.internet,97.16,454.22,551.38,45,25.88,48.7,0.11,1213.04
CDR-D-2002179,2026-09-06 19:10:51,+25577649435,640021357561213,TZ-DAR-015,3G,tigo.internet,7.84,22.43,30.27,24,2.76,96.1,0.59,66.59
CDR-D-2002180,2026-09-03 16:39:55,+25577931145,640029329737841,TZ-MTW-001,4G,tigo.internet,140.16,488.31,628.48,51,52.01,47.6,0.31,1382.65
CDR-D-2002181,2026-09-01 11:59:04,+25571998348,640027767538527,TZ-KAH-001,4G,tigo.internet,17.24,70.14,87.38,33,50.66,26.2,0.29,192.23
CDR-D-2002182,2026-09-06 07:12:43,+25577850151,640022112380464,TZ-BUK-001,3G,tigo.internet,21.12,79.58,100.7,70,6.82,118.8,2.58,221.53
CDR-D-2002183,2026-09-02 11:24:41,+25577944013,640027045485090,TZ-MWA-002,4G,tigo.internet,14.12,49.74,63.86,49,34.07,45.0,0.13,140.5
CDR-D-2002184,2026-09-03 15:39:21,+25577113597,640029404635612,TZ-DAR-009,4G,tigo.internet,77.38,312.83,390.21,22,47.5,36.6,0.21,858.46
CDR-D-2002185,2026-09-02 06:58:31,+25571391334,640022817174845,TZ-PWA-001,4G,tigo.pesa.app,121.47,432.1,553.57,84,24.27,54.5,0.15,0.0
CDR-D-2002186,2026-09-05 01:18:39,+25571639704,640029886818084,TZ-MWA-002,4G,tigo.pesa.app,191.78,878.06,1069.84,72,55.03,43.4,0.31,0.0
CDR-D-2002187,2026-09-02 11:18:35,+25565794595,640022824782506,TZ-DAR-009,4G,tigo.internet,192.75,775.39,968.14,14,54.58,33.6,0.36,2129.91
CDR-D-2002188,2026-09-01 14:42:33,+25565180913,640024384950377,TZ-DAR-010,4G,tigo.pesa.app,64.33,292.96,357.3,41,31.49,29.5,0.44,0.0
CDR-D-2002189,2026-09-01 20:37:01,+25565516869,640023194318630,TZ-TAR-001,3G,tigo.pesa.app,8.95,35.95,44.9,63,7.13,107.3,2.67,0.0
CDR-D-2002190,2026-09-05 08:06:52,+25565143926,640025484003506,TZ-DAR-010,4G,tigo.internet,103.49,463.3,566.79,35,18.95,43.4,0.41,1246.95
CDR-D-2002191,2026-09-04 07:11:03,+25571811267,640024686932034,TZ-DAR-012,5G,tigo.internet,574.66,3089.0,3663.66,60,266.56,27.6,0.08,8060.04
CDR-D-2002192,2026-09-04 07:11:16,+25577403905,640023864261005,TZ-DOM-002,5G,tigo.internet,157.69,1092.11,1249.8,34,78.6,23.1,0.09,2749.57
CDR-D-2002193,2026-09-04 00:17:11,+25571963955,640022526788512,TZ-PEM-001,3G,tigo.internet,9.28,24.2,33.48,75,6.61,125.9,2.61,73.65
CDR-D-2002194,2026-09-01 22:12:57,+25577404704,640022838081369,TZ-NJO-001,3G,tigo.pesa.app,23.06,76.99,100.05,16,1.22,83.7,2.0,0.0
CDR-D-2002195,2026-09-01 03:27:16,+25571426558,640027340417431,TZ-ZNZ-001,5G,tigo.internet,43.8,219.76,263.56,12,155.23,25.4,0.12,579.82
CDR-D-2002196,2026-09-01 14:36:09,+25571284267,640029055262383,TZ-TAN-001,4G,tigo.internet,129.25,594.37,723.62,53,47.78,43.4,0.43,1591.96
CDR-D-2002197,2026-09-06 13:25:44,+25571183854,640028170092009,TZ-DOM-002,5G,tigo.internet,104.43,470.11,574.55,23,237.68,14.3,0.02,1264.0
CDR-D-2002198,2026-09-06 16:14:50,+25577479021,640024241716107,TZ-SON-001,3G,tigo.pesa.app,4.8,12.98,17.78,21,4.66,99.1,0.9,0.0
CDR-D-2002199,2026-09-07 08:45:23,+25567641422,640028148953034,TZ-ZNZ-002,4G,tigo.internet,91.0,331.52,422.53,26,28.37,34.4,0.41,929.56
CDR-D-2002200,2026-09-06 03:25:50,+25571272620,640021229657132,TZ-ZNZ-002,4G,tigo.internet,193.25,746.43,939.68,75,61.33,30.0,0.39,2067.29
CDR-D-2002201,2026-09-07 02:08:03,+25565564920,640022557724698,TZ-KIG-001,3G,tigo.corporate,12.51,34.42,46.93,83,3.7,114.9,2.37,103.25
CDR-D-2002202,2026-09-04 13:11:37,+25577388039,640023651030484,TZ-ZNZ-002,4G,tigo.internet,8.29,30.63,38.92,44,47.97,46.9,0.22,85.62
CDR-D-2002203,2026-09-05 21:10:47,+25571971776,640025952163720,TZ-TAR-001,3G,tigo.internet,11.45,48.41,59.86,68,3.02,116.3,1.14,131.69
CDR-D-2002204,2026-09-06 15:09:20,+25577144146,640023584119955,TZ-NJO-001,3G,tigo.internet,10.07,35.5,45.58,24,4.34,78.1,0.8,100.27
CDR-D-2002205,2026-09-07 10:48:45,+25565835165,640022691239817,TZ-TAN-003,3G,tigo.mms,16.75,66.72,83.47,34,1.3,99.1,1.12,183.64
CDR-D-2002206,2026-09-03 18:49:53,+25571588002,640022317723211,TZ-SON-001,3G,tigo.internet,3.63,16.14,19.77,70,4.93,116.4,0.67,43.5
CDR-D-2002207,2026-09-02 23:32:48,+25577165431,640023033278918,TZ-MBY-002,4G,tigo.corporate,243.58,941.56,1185.14,35,60.87,50.8,0.19,2607.3
CDR-D-2002208,2026-09-02 17:00:32,+25571186558,640029375265373,TZ-DAR-007,4G,tigo.internet,23.45,85.01,108.46,37,31.22,38.2,0.14,238.61
CDR-D-2002209,2026-09-05 15:55:04,+25577509992,640023540114135,TZ-KIL-003,3G,tigo.corporate,23.38,61.7,85.08,89,1.21,115.3,0.73,187.18
CDR-D-2002210,2026-09-06 16:21:53,+25565217395,640029686198371,TZ-DOM-001,5G,tigo.internet,472.42,2620.23,3092.65,59,238.89,21.2,0.06,6803.83
CDR-D-2002211,2026-09-06 14:39:59,+25577375594,640029773224781,TZ-DAR-007,4G,tigo.internet,93.88,315.78,409.67,40,48.82,46.1,0.39,901.27
CDR-D-2002212,2026-09-05 18:34:21,+25567513064,640027372634805,TZ-TAR-001,3G,tigo.internet,2.71,10.96,13.67,76,2.13,84.4,1.41,30.07
CDR-D-2002213,2026-09-05 13:00:16,+25565382154,640028093513594,TZ-MTW-001,4G,tigo.pesa.app,185.56,736.21,921.77,81,59.54,51.1,0.36,0.0
CDR-D-2002214,2026-09-03 07:49:18,+25577990691,640029121545413,TZ-MOR-001,4G,tigo.internet,67.59,264.8,332.39,45,18.42,37.4,0.33,731.25
CDR-D-2002215,2026-09-03 07:32:35,+25571592879,640024210581718,TZ-DAR-003,5G,tigo.internet,279.33,1147.23,1426.56,48,54.08,24.9,0.14,3138.44
CDR-D-2002216,2026-09-04 15:58:59,+25577850435,640022323586087,TZ-DOM-002,5G,tigo.internet,273.53,1940.9,2214.43,80,153.88,25.1,0.05,4871.76
CDR-D-2002217,2026-09-03 12:09:09,+25565363487,640021457092001,TZ-DAR-008,4G,tigo.internet,114.73,413.21,527.93,21,63.57,46.6,0.35,1161.45
CDR-D-2002218,2026-09-07 07:59:19,+25577684536,640028605695669,TZ-DAR-001,5G,tigo.internet,330.35,2264.75,2595.1,44,223.29,25.8,0.06,5709.22
CDR-D-2002219,2026-09-05 00:31:26,+25565792282,640023238756255,TZ-DAR-012,5G,tigo.internet,291.57,1420.77,1712.33,78,59.01,14.2,0.14,3767.13
CDR-D-2002220,2026-09-07 04:56:09,+25571562976,640028573538960,TZ-MBY-002,4G,tigo.internet,108.21,477.95,586.16,77,56.16,34.2,0.11,1289.54
CDR-D-2002221,2026-09-04 10:59:39,+25571441649,640021780778941,TZ-DAR-011,4G,tigo.internet,112.26,745.38,857.64,55,28.95,35.7,0.09,1886.81
CDR-D-2002222,2026-09-03 13:51:01,+25571401601,640027873709012,TZ-DAR-007,4G,tigo.internet,93.77,398.66,492.43,57,47.57,46.0,0.44,1083.35
CDR-D-2002223,2026-09-04 20:32:10,+25577808534,640027623993181,TZ-ARU-003,4G,tigo.internet,76.13,264.68,340.81,30,16.51,45.8,0.27,749.77
CDR-D-2002224,2026-09-02 17:34:09,+25571897376,640022308423044,TZ-DAR-015,3G,tigo.internet,9.54,25.12,34.66,14,4.46,137.6,1.34,76.25
CDR-D-2002225,2026-09-05 07:49:28,+25565961224,640029334888790,TZ-DAR-005,4G,tigo.corporate,44.68,176.1,220.78,60,59.27,31.4,0.24,485.72
CDR-D-2002226,2026-09-01 23:51:51,+25577802374,640027717423384,TZ-ARU-002,4G,tigo.internet,69.48,440.59,510.07,3,62.06,43.2,0.07,1122.16
CDR-D-2002227,2026-09-02 08:58:43,+25571952679,640026542943838,TZ-DAR-009,4G,tigo.corporate,143.95,667.92,811.87,69,15.14,46.0,0.13,1786.11
CDR-D-2002228,2026-09-07 04:16:20,+25565138436,640027664045502,TZ-ZNZ-002,4G,tigo.internet,237.58,898.61,1136.19,54,44.86,52.2,0.32,2499.62
CDR-D-2002229,2026-09-06 01:58:59,+25567882193,640026129924345,TZ-ZNZ-003,4G,tigo.internet,166.26,678.35,844.62,49,45.46,45.3,0.25,1858.16
CDR-D-2002230,2026-09-05 13:38:51,+25577686095,640025498095763,TZ-KIL-001,4G,tigo.internet,89.05,514.57,603.62,56,16.96,48.8,0.06,1327.96
CDR-D-2002231,2026-09-05 03:56:42,+25565908323,640029012328127,TZ-ZNZ-004,4G,tigo.corporate,14.5,90.84,105.34,73,51.65,39.0,0.12,231.76
CDR-D-2002232,2026-09-02 04:49:37,+25565589943,640027815343287,TZ-DAR-007,4G,tigo.internet,198.57,890.55,1089.12,57,55.9,44.3,0.21,2396.07
CDR-D-2002233,2026-09-03 03:54:11,+25577140666,640029070061596,TZ-KIG-001,3G,tigo.internet,12.31,47.83,60.13,55,3.52,83.7,2.71,132.29
CDR-D-2002234,2026-09-03 21:43:56,+25571618951,640025470166352,TZ-DAR-010,4G,tigo.internet,152.99,688.45,841.44,27,60.55,25.8,0.25,1851.16
CDR-D-2002235,2026-09-06 07:54:24,+25571549350,640028529833811,TZ-MOR-001,4G,tigo.internet,177.77,617.31,795.08,51,43.43,37.7,0.25,1749.17
CDR-D-2002236,2026-09-06 18:03:50,+25577889245,640028714753670,TZ-SNG-001,3G,tigo.internet,11.66,37.98,49.64,3,2.72,68.5,0.81,109.21
CDR-D-2002237,2026-09-07 23:12:57,+25565288655,640029059101113,TZ-SHI-001,3G,tigo.internet,22.33,68.81,91.14,45,4.44,116.2,1.42,200.51
CDR-D-2002238,2026-09-07 12:28:35,+25565255214,640027535992314,TZ-ZNZ-001,5G,tigo.internet,387.82,1554.69,1942.51,76,73.02,15.2,0.06,4273.52
CDR-D-2002239,2026-09-03 20:51:17,+25565906519,640024058220682,TZ-DAR-012,5G,tigo.internet,207.46,1720.71,1928.17,42,219.75,21.6,0.14,4241.98
CDR-D-2002240,2026-09-01 23:39:08,+25571257334,640027615840708,TZ-DAR-009,4G,tigo.pesa.app,134.32,508.45,642.77,18,46.73,25.1,0.34,0.0
CDR-D-2002241,2026-09-03 11:05:53,+25565204727,640027387607079,TZ-PEM-001,3G,tigo.pesa.app,6.83,22.98,29.81,48,6.55,111.3,2.43,0.0
CDR-D-2002242,2026-09-03 10:52:10,+25571493914,640028565000642,TZ-ARU-002,4G,tigo.internet,98.72,509.73,608.45,23,60.55,52.8,0.4,1338.6
CDR-D-2002243,2026-09-06 22:40:41,+25571593002,640026550233140,TZ-KIL-003,3G,tigo.pesa.app,22.19,59.91,82.09,70,5.74,85.7,2.68,0.0
CDR-D-2002244,2026-09-02 09:22:10,+25565104383,640028410301978,TZ-BUK-001,3G,tigo.corporate,22.04,69.42,91.46,5,5.03,78.3,1.79,201.21
CDR-D-2002245,2026-09-07 03:46:10,+25571272620,640021229657132,TZ-ZNZ-002,4G,tigo.internet,33.82,154.45,188.27,42,24.5,28.1,0.28,414.19
CDR-D-2002246,2026-09-03 13:38:04,+25565364178,640025119022697,TZ-ARU-002,4G,tigo.pesa.app,55.17,327.36,382.53,75,54.68,33.1,0.05,0.0
CDR-D-2002247,2026-09-05 11:10:42,+25571343545,640026572069519,TZ-MWA-002,4G,tigo.internet,74.78,262.15,336.93,66,40.71,48.0,0.36,741.25
CDR-D-2002248,2026-09-01 09:13:02,+25577660333,640021076945301,TZ-TND-001,3G,tigo.internet,14.54,45.62,60.17,33,4.84,87.4,1.97,132.37
CDR-D-2002249,2026-09-04 13:46:08,+25571724719,640025774643348,TZ-ZNZ-002,4G,tigo.internet,184.34,622.26,806.6,63,53.91,26.4,0.26,1774.53
CDR-D-2002250,2026-09-04 13:22:45,+25565861288,640029001594091,TZ-BUK-001,3G,tigo.internet,15.94,44.0,59.94,85,4.75,98.6,0.76,131.88
CDR-D-2002251,2026-09-06 13:32:49,+25567253541,640024605117440,TZ-NJO-001,3G,tigo.internet,2.71,6.83,9.54,43,2.95,133.1,1.96,20.99
CDR-D-2002252,2026-09-03 21:34:50,+25571706012,640024139249064,TZ-SHI-001,3G,tigo.internet,4.7,14.55,19.25,70,3.16,85.9,1.28,42.35
CDR-D-2002253,2026-09-05 07:19:38,+25577678874,640024922193193,TZ-ARU-001,5G,tigo.pesa.app,403.45,1699.71,2103.16,48,273.67,13.1,0.05,0.0
CDR-D-2002254,2026-09-01 06:16:00,+25571862400,640022823212172,TZ-TND-001,3G,tigo.internet,11.43,48.82,60.25,16,7.12,96.9,2.64,132.55
CDR-D-2002255,2026-09-04 17:46:54,+25567797416,640026389710636,TZ-DAR-007,4G,tigo.internet,26.57,123.75,150.32,90,39.4,35.0,0.43,330.71
CDR-D-2002256,2026-09-07 14:23:39,+25565103876,640023743483601,TZ-KIG-001,3G,tigo.corporate,5.87,21.78,27.65,37,6.44,74.6,0.64,60.84
CDR-D-2002257,2026-09-02 06:54:20,+25577476701,640024221721910,TZ-DAR-014,3G,tigo.pesa.app,4.36,20.79,25.16,23,4.24,133.3,2.14,0.0
CDR-D-2002258,2026-09-06 08:24:11,+25577181247,640028359619163,TZ-DAR-015,3G,tigo.pesa.app,18.92,59.47,78.4,17,1.26,126.3,1.4,0.0
CDR-D-2002259,2026-09-04 18:48:24,+25565543721,640022601253857,TZ-DAR-010,4G,tigo.internet,59.36,265.35,324.71,54,53.73,27.7,0.06,714.37
CDR-D-2002260,2026-09-06 04:22:07,+25567156962,640027241175457,TZ-MWA-001,5G,tigo.internet,134.18,555.18,689.36,31,112.15,22.6,0.03,1516.59
CDR-D-2002261,2026-09-05 07:11:21,+25565978050,640021329942192,TZ-DAR-012,5G,tigo.internet,55.6,382.86,438.46,47,46.54,26.6,0.09,964.6
CDR-D-2002262,2026-09-03 15:13:08,+25565436290,640026784409330,TZ-DAR-010,4G,tigo.internet,15.02,96.19,111.21,42,53.62,53.5,0.31,244.65
CDR-D-2002263,2026-09-06 13:24:49,+25567907756,640026186758088,TZ-TAN-003,3G,tigo.mms,5.62,15.47,21.09,11,5.32,68.8,1.42,46.4
CDR-D-2002264,2026-09-04 06:09:13,+25565300845,640027374584386,TZ-ZNZ-001,5G,tigo.internet,238.14,1891.64,2129.77,76,197.4,21.1,0.1,4685.5
CDR-D-2002265,2026-09-07 15:28:17,+25567469833,640023374662487,TZ-DOM-001,5G,tigo.internet,355.37,2928.04,3283.4,88,142.38,15.6,0.11,7223.48
CDR-D-2002266,2026-09-04 16:53:04,+25565521769,640027985763912,TZ-KIL-002,3G,tigo.internet,22.86,73.01,95.87,57,3.42,91.2,1.39,210.91
CDR-D-2002267,2026-09-03 19:40:36,+25577665148,640024148407142,TZ-DAR-013,5G,tigo.internet,430.08,1797.21,2227.29,88,207.05,15.9,0.03,4900.04
CDR-D-2002268,2026-09-02 02:57:35,+25567429196,640028173711511,TZ-PWA-002,4G,tigo.corporate,87.82,373.95,461.77,71,57.37,33.8,0.12,1015.89
CDR-D-2002269,2026-09-05 21:24:22,+25565984199,640024075565814,TZ-TAN-002,3G,tigo.pesa.app,10.23,35.37,45.59,60,4.27,139.3,2.52,0.0
CDR-D-2002270,2026-09-07 10:23:45,+25577614034,640027360670711,TZ-MWA-001,5G,tigo.internet,244.51,1164.06,1408.57,47,70.01,13.2,0.13,3098.86
CDR-D-2002271,2026-09-06 13:07:13,+25571220294,640028168036130,TZ-ARU-001,5G,tigo.internet,681.35,3018.77,3700.12,32,174.73,15.9,0.14,8140.26
CDR-D-2002272,2026-09-01 21:20:18,+25567620566,640024799177162,TZ-ZNZ-003,4G,tigo.corporate,129.19,703.77,832.96,83,18.41,33.4,0.43,1832.51
CDR-D-2002273,2026-09-01 19:44:28,+25577165431,640023033278918,TZ-MBY-002,4G,tigo.internet,144.27,815.67,959.94,26,14.03,35.7,0.44,2111.86
CDR-D-2002274,2026-09-05 12:40:26,+25577780714,640022362721798,TZ-TAN-002,3G,tigo.internet,21.92,58.75,80.67,8,3.09,100.4,1.0,177.47
CDR-D-2002275,2026-09-06 05:34:45,+25567466975,640028394104918,TZ-TAB-001,3G,tigo.internet,5.02,12.63,17.65,17,2.01,119.1,1.13,38.83
CDR-D-2002276,2026-09-07 13:12:39,+25565740195,640023970715367,TZ-TAN-003,3G,tigo.internet,19.05,52.11,71.16,70,2.81,98.0,1.37,156.55
CDR-D-2002277,2026-09-05 02:33:57,+25577217957,640026818005837,TZ-MTW-001,4G,tigo.internet,8.79,56.95,65.74,14,61.8,47.0,0.34,144.63
CDR-D-2002278,2026-09-06 16:17:44,+25565269748,640026999053983,TZ-KIG-001,3G,tigo.internet,13.21,41.65,54.86,64,3.79,129.7,1.88,120.7
CDR-D-2002279,2026-09-05 00:24:35,+25565169223,640027974637746,TZ-DAR-007,4G,tigo.internet,219.37,812.32,1031.69,72,53.59,45.2,0.34,2269.72
CDR-D-2002280,2026-09-03 09:59:24,+25571400748,640023082029167,TZ-TAN-001,4G,tigo.internet,56.09,212.72,268.8,79,64.7,40.6,0.32,591.36
CDR-D-2002281,2026-09-07 16:16:30,+25577375594,640029773224781,TZ-DAR-007,4G,tigo.internet,202.86,879.48,1082.33,82,49.96,46.5,0.31,2381.13
CDR-D-2002282,2026-09-02 14:57:49,+25571747561,640021973627242,TZ-PEM-001,3G,tigo.corporate,11.05,42.61,53.66,74,4.39,83.4,1.05,118.06
CDR-D-2002283,2026-09-04 17:49:43,+25567638857,640021412129737,TZ-NJO-001,3G,tigo.internet,1.41,6.67,8.08,12,5.58,78.6,1.58,17.77
CDR-D-2002284,2026-09-01 08:07:33,+25567946331,640025845296568,TZ-ARU-001,5G,tigo.internet,532.54,2223.56,2756.1,71,93.99,25.5,0.02,6063.42
CDR-D-2002285,2026-09-04 05:05:43,+25567584867,640026350622684,TZ-DAR-003,5G,tigo.corporate,257.96,1898.71,2156.67,44,159.88,28.0,0.04,4744.67
CDR-D-2002286,2026-09-04 06:46:53,+25571801145,640025658351000,TZ-KIG-001,3G,tigo.internet,13.65,50.17,63.82,36,2.18,65.6,1.19,140.4
CDR-D-2002287,2026-09-01 14:34:40,+25577324682,640023208691233,TZ-ZNZ-004,4G,tigo.internet,62.08,397.96,460.03,87,63.33,25.9,0.07,1012.07
CDR-D-2002288,2026-09-03 04:42:53,+25565543721,640022601253857,TZ-DAR-010,4G,tigo.pesa.app,106.0,462.77,568.78,85,31.53,48.1,0.18,0.0
CDR-D-2002289,2026-09-02 07:17:24,+25567319310,640029888835194,TZ-DAR-009,4G,tigo.internet,14.41,55.77,70.17,90,41.88,47.0,0.05,154.38
CDR-D-2002290,2026-09-06 16:14:42,+25571391334,640022817174845,TZ-PWA-001,4G,tigo.internet,160.99,946.65,1107.64,87,46.89,54.9,0.44,2436.82
CDR-D-2002291,2026-09-07 14:15:01,+25577868136,640024738737735,TZ-MWA-003,4G,tigo.internet,79.1,296.36,375.46,60,12.5,50.7,0.15,826.0
CDR-D-2002292,2026-09-03 22:28:59,+25571817303,640024343748592,TZ-ARU-003,4G,tigo.internet,166.46,879.42,1045.88,59,35.97,38.1,0.1,2300.94
CDR-D-2002293,2026-09-01 01:13:10,+25567558176,640029115282784,TZ-MTW-001,4G,tigo.internet,109.99,454.93,564.92,54,14.98,30.2,0.26,1242.83
CDR-D-2002294,2026-09-02 06:52:16,+25577553515,640027051406106,TZ-IRI-001,4G,tigo.corporate,127.13,426.3,553.43,16,63.21,34.6,0.32,1217.55
CDR-D-2002295,2026-09-07 06:27:00,+25571322096,640025025070544,TZ-KIL-003,3G,tigo.internet,17.55,71.15,88.71,68,3.64,81.1,0.63,195.15
CDR-D-2002296,2026-09-06 00:16:04,+25577828252,640021875155003,TZ-MAR-001,3G,tigo.corporate,28.49,72.54,101.03,20,2.69,134.0,1.28,222.26
CDR-D-2002297,2026-09-06 19:07:04,+25565799486,640023189865928,TZ-MBY-002,4G,tigo.pesa.app,4.69,29.24,33.92,51,56.0,48.9,0.11,0.0
CDR-D-2002298,2026-09-02 15:14:40,+25571938139,640022363123471,TZ-MBY-002,4G,tigo.internet,169.12,641.09,810.2,54,25.2,44.8,0.1,1782.45
CDR-D-2002299,2026-09-03 23:40:13,+25567475876,640026904897514,TZ-DAR-012,5G,tigo.internet,404.05,2536.81,2940.86,20,254.89,25.3,0.06,6469.89
CDR-D-2002300,2026-09-06 17:18:03,+25577975355,640027142172699,TZ-ZNZ-003,4G,tigo.internet,186.36,850.0,1036.36,33,46.36,25.7,0.37,2280.0
CDR-D-2002301,2026-09-06 13:19:33,+25565225245,640029644330231,TZ-MOR-001,4G,tigo.internet,49.66,246.75,296.41,3,13.01,31.5,0.3,652.1
CDR-D-2002302,2026-09-06 05:13:23,+25565919209,640023613963144,TZ-KIL-002,3G,tigo.internet,20.14,67.04,87.17,42,2.2,90.1,0.78,191.78
CDR-D-2002303,2026-09-05 18:34:21,+25567733801,640023468224333,TZ-DOM-001,5G,tigo.internet,146.81,814.24,961.04,31,222.06,13.8,0.07,2114.3
CDR-D-2002304,2026-09-02 21:29:21,+25571588002,640022317723211,TZ-SON-001,3G,tigo.pesa.app,32.37,81.96,114.33,18,6.02,72.6,1.93,0.0
CDR-D-2002305,2026-09-02 23:41:33,+25577286540,640026769647208,TZ-DAR-015,3G,tigo.pesa.app,20.29,67.36,87.65,37,3.58,117.2,0.55,0.0
CDR-D-2002306,2026-09-06 19:01:34,+25565803175,640022509825605,TZ-MAR-001,3G,tigo.internet,10.14,25.5,35.63,28,2.14,92.2,1.18,78.39
CDR-D-2002307,2026-09-07 01:46:27,+25571890110,640024234059678,TZ-ARU-001,5G,tigo.pesa.app,138.17,912.81,1050.98,67,239.07,12.4,0.12,0.0
CDR-D-2002308,2026-09-02 07:52:42,+25577819636,640022952887577,TZ-ZNZ-003,4G,tigo.internet,21.36,134.28,155.64,30,52.16,47.6,0.44,342.42
CDR-D-2002309,2026-09-04 23:32:56,+25571491172,640029415119956,TZ-DAR-006,4G,tigo.mms,45.75,159.87,205.62,41,61.91,42.5,0.22,452.36
CDR-D-2002310,2026-09-02 06:46:12,+25577862008,640022196045940,TZ-MWA-002,4G,tigo.pesa.app,59.2,339.63,398.83,77,56.68,33.1,0.29,0.0
CDR-D-2002311,2026-09-04 15:40:11,+25577153357,640021856458337,TZ-MWA-003,4G,tigo.internet,106.54,514.03,620.58,47,49.94,44.7,0.24,1365.27
CDR-D-2002312,2026-09-02 11:11:40,+25571204291,640022108931441,TZ-DAR-011,4G,tigo.internet,144.4,693.44,837.84,24,20.07,40.6,0.26,1843.26
CDR-D-2002313,2026-09-02 03:05:00,+25565345101,640028065803509,TZ-TAB-001,3G,tigo.internet,15.48,53.71,69.19,47,4.4,135.3,0.59,152.22
CDR-D-2002314,2026-09-04 16:10:01,+25577922149,640023381395514,TZ-MOR-001,4G,tigo.internet,43.0,250.57,293.57,55,42.68,54.1,0.38,645.85
CDR-D-2002315,2026-09-02 16:06:57,+25567213609,640023898400928,TZ-DAR-015,3G,tigo.internet,7.05,24.81,31.86,54,2.68,65.9,2.41,70.1
CDR-D-2002316,2026-09-06 14:33:59,+25565939030,640026651020291,TZ-DAR-006,4G,tigo.internet,235.54,935.98,1171.52,80,18.22,29.8,0.05,2577.33
CDR-D-2002317,2026-09-04 03:21:03,+25565288655,640029059101113,TZ-SHI-001,3G,tigo.internet,2.7,13.37,16.07,68,4.71,67.0,1.54,35.36
CDR-D-2002318,2026-09-04 04:47:16,+25571880431,640024407284549,TZ-MAR-001,3G,tigo.internet,7.06,24.68,31.74,22,3.97,97.3,0.89,69.82
CDR-D-2002319,2026-09-07 13:37:54,+25577352673,640024647891535,TZ-MWA-001,5G,tigo.internet,280.94,1380.66,1661.59,71,270.07,15.0,0.08,3655.51
CDR-D-2002320,2026-09-03 20:11:04,+25567297509,640024287687478,TZ-DAR-002,4G,tigo.internet,96.95,575.35,672.3,34,64.85,46.8,0.42,1479.06
CDR-D-2002321,2026-09-07 15:58:33,+25567951266,640022295067571,TZ-TAR-001,3G,tigo.internet,24.5,75.22,99.72,7,6.37,77.6,1.78,219.38
CDR-D-2002322,2026-09-06 15:35:20,+25567838237,640022916728422,TZ-DAR-012,5G,tigo.internet,54.22,294.46,348.68,66,103.29,21.1,0.03,767.09
CDR-D-2002323,2026-09-04 07:36:30,+25565396287,640022375748554,TZ-KIL-002,3G,tigo.internet,11.33,56.48,67.81,83,6.09,108.1,0.54,149.18
CDR-D-2002324,2026-09-05 16:49:55,+25577871043,640021813743830,TZ-DAR-005,4G,tigo.pesa.app,21.26,92.54,113.8,11,52.53,49.0,0.11,0.0
CDR-D-2002325,2026-09-06 23:02:14,+25567378035,640025499112932,TZ-SNG-001,3G,tigo.internet,9.22,25.83,35.05,16,1.66,139.5,0.97,77.1
CDR-D-2002326,2026-09-04 00:17:01,+25571575606,640025557342313,TZ-DAR-001,5G,tigo.corporate,101.1,550.03,651.12,40,170.1,16.6,0.12,1432.47
CDR-D-2002327,2026-09-03 20:06:02,+25577823415,640028948573913,TZ-DAR-011,4G,tigo.internet,131.36,625.02,756.37,81,45.6,50.1,0.44,1664.02
CDR-D-2002328,2026-09-07 14:13:04,+25571891775,640021500275778,TZ-DAR-002,4G,tigo.corporate,84.98,465.23,550.21,35,12.11,48.5,0.18,1210.46
CDR-D-2002329,2026-09-04 17:11:48,+25565556065,640025464297388,TZ-MBY-002,4G,tigo.internet,145.68,623.88,769.56,13,13.67,37.1,0.32,1693.03
CDR-D-2002330,2026-09-02 12:19:16,+25577599694,640027305029814,TZ-TAN-003,3G,tigo.internet,7.05,22.25,29.3,77,7.23,71.8,2.06,64.47
CDR-D-2002331,2026-09-06 16:21:22,+25565950083,640028254773516,TZ-DAR-004,5G,tigo.internet,380.43,2427.48,2807.91,13,178.16,21.8,0.08,6177.4
CDR-D-2002332,2026-09-07 20:12:12,+25565137609,640025200090187,TZ-TAN-001,4G,tigo.internet,240.29,863.31,1103.6,34,40.66,27.0,0.12,2427.93
CDR-D-2002333,2026-09-07 20:40:44,+25565231945,640025047101003,TZ-MBY-001,4G,tigo.internet,227.82,818.56,1046.38,68,43.31,30.7,0.33,2302.04
CDR-D-2002334,2026-09-02 10:36:08,+25567125598,640028177932148,TZ-DOM-003,4G,tigo.internet,60.76,230.2,290.96,30,24.33,30.9,0.23,640.12
CDR-D-2002335,2026-09-05 21:00:14,+25577944013,640027045485090,TZ-MWA-002,4G,tigo.internet,141.93,734.69,876.62,7,29.86,50.7,0.26,1928.56
CDR-D-2002336,2026-09-07 12:17:03,+25565863209,640029108060197,TZ-MWA-002,4G,tigo.internet,11.83,69.32,81.16,67,41.87,41.5,0.27,178.54
CDR-D-2002337,2026-09-05 16:30:46,+25567454584,640025643541357,TZ-IRI-001,4G,tigo.pesa.app,248.53,925.73,1174.26,51,30.31,46.4,0.14,0.0
CDR-D-2002338,2026-09-02 22:28:59,+25571596221,640023274581865,TZ-TAN-001,4G,tigo.internet,135.12,655.3,790.42,17,50.04,47.4,0.41,1738.93
CDR-D-2002339,2026-09-01 20:52:35,+25567839525,640028979273911,TZ-KAH-001,4G,tigo.corporate,8.68,29.14,37.82,37,28.45,40.1,0.23,83.21
CDR-D-2002340,2026-09-06 09:53:32,+25571364168,640024621979605,TZ-MAR-001,3G,tigo.internet,4.07,10.92,14.99,78,3.21,80.7,2.67,32.98
CDR-D-2002341,2026-09-03 11:24:56,+25571487538,640027750678214,TZ-TAN-002,3G,tigo.internet,25.04,65.41,90.45,11,3.02,134.6,1.91,198.98
CDR-D-2002342,2026-09-03 11:28:13,+25567916101,640022081687203,TZ-ARU-003,4G,tigo.internet,106.42,632.63,739.05,9,51.78,49.0,0.16,1625.91
CDR-D-2002343,2026-09-04 15:21:30,+25567270395,640028913915028,TZ-KIG-001,3G,tigo.internet,17.94,49.16,67.1,86,2.41,112.8,2.11,147.62
CDR-D-2002344,2026-09-05 21:46:31,+25565951138,640026953859063,TZ-MWA-002,4G,tigo.internet,9.06,56.07,65.12,62,47.57,25.3,0.23,143.27
CDR-D-2002345,2026-09-01 23:17:26,+25571284267,640029055262383,TZ-TAN-001,4G,tigo.internet,186.56,680.34,866.9,78,61.74,40.8,0.22,1907.18
CDR-D-2002346,2026-09-03 22:47:46,+25571837520,640029498435585,TZ-ARU-001,5G,tigo.corporate,374.6,2374.83,2749.43,75,265.46,13.5,0.14,6048.74
CDR-D-2002347,2026-09-07 22:11:05,+25565906519,640024058220682,TZ-DAR-012,5G,tigo.internet,619.52,3078.04,3697.56,45,55.32,27.1,0.07,8134.64
CDR-D-2002348,2026-09-02 07:44:23,+25571288056,640022721959126,TZ-DAR-013,5G,tigo.internet,313.33,1834.92,2148.24,3,104.14,24.1,0.12,4726.14
CDR-D-2002349,2026-09-05 16:44:24,+25577403922,640029673945502,TZ-ZNZ-001,5G,tigo.pesa.app,454.7,3196.74,3651.44,11,222.14,21.3,0.09,0.0
CDR-D-2002350,2026-09-01 17:20:35,+25571542981,640025823732987,TZ-MBY-001,4G,tigo.internet,141.04,531.98,673.03,34,39.2,33.5,0.38,1480.66
CDR-D-2002351,2026-09-02 01:23:52,+25571704430,640028150791910,TZ-SNG-001,3G,tigo.internet,19.8,61.58,81.38,32,3.76,91.6,1.98,179.04
CDR-D-2002352,2026-09-03 01:21:55,+25577511284,640025974930815,TZ-DAR-011,4G,tigo.internet,191.29,817.61,1008.9,78,28.49,43.0,0.4,2219.59
CDR-D-2002353,2026-09-05 21:05:04,+25565794595,640022824782506,TZ-DAR-009,4G,tigo.internet,106.7,480.76,587.46,3,33.38,47.2,0.31,1292.41
CDR-D-2002354,2026-09-04 20:25:26,+25565217395,640029686198371,TZ-DOM-001,5G,tigo.internet,589.24,2850.15,3439.4,83,46.83,20.3,0.09,7566.67
CDR-D-2002355,2026-09-02 02:10:22,+25567293458,640024037119053,TZ-TAN-003,3G,tigo.internet,25.9,83.47,109.37,74,4.53,87.4,2.48,240.61
CDR-D-2002356,2026-09-01 20:55:50,+25565483561,640022400094541,TZ-ARU-001,5G,tigo.pesa.app,501.95,2220.48,2722.43,21,221.19,22.3,0.05,0.0
CDR-D-2002357,2026-09-07 04:50:50,+25567494244,640021520825830,TZ-SNG-001,3G,tigo.internet,6.21,22.67,28.88,13,6.78,115.0,1.65,63.54
CDR-D-2002358,2026-09-07 23:42:20,+25565216006,640027746298485,TZ-TAB-001,3G,tigo.corporate,14.35,46.59,60.95,68,6.97,84.2,0.84,134.08
CDR-D-2002359,2026-09-04 19:19:36,+25567623019,640024892537570,TZ-ARU-002,4G,tigo.internet,27.4,164.31,191.71,52,29.4,42.1,0.12,421.76
CDR-D-2002360,2026-09-07 11:18:52,+25565262383,640023890512098,TZ-DOM-003,4G,tigo.internet,143.6,743.43,887.02,66,60.51,53.2,0.06,1951.45
CDR-D-2002361,2026-09-07 11:18:52,+25565799330,640025736462531,TZ-MTW-001,4G,tigo.internet,107.93,672.72,780.65,2,32.97,35.1,0.36,1717.42
CDR-D-2002362,2026-09-05 19:42:05,+25567398767,640022580408536,TZ-DOM-002,5G,tigo.internet,595.02,2908.71,3503.73,65,161.52,20.7,0.04,7708.21
CDR-D-2002363,2026-09-07 03:30:13,+25571441242,640029977486924,TZ-DAR-012,5G,tigo.internet,686.86,2946.9,3633.76,12,204.56,18.4,0.14,7994.26
CDR-D-2002364,2026-09-01 22:46:58,+25567516029,640022654593890,TZ-KIG-001,3G,tigo.internet,12.73,44.04,56.77,87,7.44,79.1,2.62,124.89
CDR-D-2002365,2026-09-02 13:46:00,+25565616583,640023351768489,TZ-TAN-002,3G,tigo.internet,13.14,38.79,51.93,40,4.72,120.1,1.07,114.25
CDR-D-2002366,2026-09-04 13:48:30,+25577686179,640028288721755,TZ-KAH-001,4G,tigo.internet,102.1,361.27,463.37,80,34.9,37.8,0.45,1019.41
CDR-D-2002367,2026-09-02 07:44:58,+25565305507,640021092307558,TZ-DAR-008,4G,tigo.internet,186.01,673.95,859.96,5,48.91,33.8,0.31,1891.9
CDR-D-2002368,2026-09-04 23:00:12,+25577666881,640021616883914,TZ-KIL-003,3G,tigo.internet,17.92,49.0,66.92,87,5.3,90.4,1.12,147.22
CDR-D-2002369,2026-09-07 20:43:54,+25577948611,640021553155490,TZ-MWA-002,4G,tigo.internet,182.28,837.6,1019.88,48,37.04,45.2,0.41,2243.74
CDR-D-2002370,2026-09-06 04:15:56,+25565644719,640021417124022,TZ-MBY-002,4G,tigo.internet,51.89,182.75,234.64,43,47.52,53.6,0.1,516.21
CDR-D-2002371,2026-09-07 11:36:42,+25577806007,640022037468443,TZ-TAR-001,3G,tigo.corporate,10.3,48.91,59.21,26,4.23,99.8,1.42,130.26
CDR-D-2002372,2026-09-02 20:09:56,+25571259652,640024846569158,TZ-SNG-001,3G,tigo.internet,20.79,60.55,81.33,53,4.87,119.0,0.93,178.94
CDR-D-2002373,2026-09-07 16:57:39,+25565752048,640026184921425,TZ-DAR-007,4G,tigo.corporate,205.43,921.89,1127.32,68,46.97,35.1,0.44,2480.1
CDR-D-2002374,2026-09-01 02:09:21,+25571924758,640028652281649,TZ-DAR-007,4G,tigo.internet,80.76,457.97,538.73,9,21.5,36.8,0.43,1185.22
CDR-D-2002375,2026-09-04 14:07:02,+25577958160,640027539441086,TZ-ZNZ-001,5G,tigo.internet,88.13,443.27,531.4,17,117.0,25.0,0.09,1169.08
CDR-D-2002376,2026-09-01 12:45:43,+25571157174,640027671625956,TZ-SHI-001,3G,tigo.internet,30.5,79.34,109.84,76,4.39,70.9,1.31,241.65
CDR-D-2002377,2026-09-04 06:35:57,+25565216006,640027746298485,TZ-TAB-001,3G,tigo.pesa.app,23.26,80.43,103.68,6,6.53,66.8,1.45,0.0
CDR-D-2002378,2026-09-03 04:33:55,+25577589215,640027057014664,TZ-MBY-001,4G,tigo.internet,19.19,83.12,102.31,66,51.09,53.1,0.1,225.08
CDR-D-2002379,2026-09-05 19:04:46,+25565877747,640025567946981,TZ-MBY-001,4G,tigo.internet,206.54,693.82,900.37,4,51.64,52.8,0.26,1980.81
CDR-D-2002380,2026-09-04 08:01:09,+25567983788,640024731897202,TZ-TAB-001,3G,tigo.internet,4.73,22.77,27.5,13,1.41,126.7,0.98,60.5
CDR-D-2002381,2026-09-01 18:37:35,+25577392051,640023830860764,TZ-DOM-002,5G,tigo.internet,86.26,353.56,439.82,87,129.96,22.5,0.08,967.59
CDR-D-2002382,2026-09-03 09:31:06,+25577432441,640027355707297,TZ-KIL-003,3G,tigo.internet,8.85,31.24,40.09,85,4.39,90.9,1.39,88.21
CDR-D-2002383,2026-09-07 10:44:46,+25567894086,640021615024545,TZ-ARU-003,4G,tigo.internet,70.81,422.64,493.45,20,21.09,41.1,0.08,1085.59
CDR-D-2002384,2026-09-06 21:01:20,+25571811267,640024686932034,TZ-DAR-012,5G,tigo.internet,246.04,2030.42,2276.46,63,212.05,23.7,0.04,5008.22
CDR-D-2002385,2026-09-05 01:31:00,+25565974625,640027850677534,TZ-TAN-001,4G,tigo.corporate,127.81,443.74,571.56,39,50.15,44.7,0.09,1257.43
CDR-D-2002386,2026-09-03 04:45:18,+25577948611,640021553155490,TZ-MWA-002,4G,tigo.pesa.app,251.22,895.89,1147.1,16,39.45,51.2,0.34,0.0
CDR-D-2002387,2026-09-06 03:16:25,+25577969849,640029066955201,TZ-MWA-003,4G,tigo.internet,33.18,200.6,233.78,6,22.2,46.3,0.07,514.32
CDR-D-2002388,2026-09-07 05:09:48,+25565552259,640024677942534,TZ-MOR-001,4G,tigo.corporate,119.16,457.05,576.21,89,38.82,35.9,0.29,1267.66
CDR-D-2002389,2026-09-07 02:06:28,+25565833968,640024271332825,TZ-KAH-001,4G,tigo.internet,55.31,273.75,329.06,74,33.77,40.2,0.08,723.94
CDR-D-2002390,2026-09-06 09:57:32,+25567892182,640024519858899,TZ-ZNZ-004,4G,tigo.internet,236.73,881.4,1118.13,57,46.93,31.8,0.45,2459.88
CDR-D-2002391,2026-09-03 03:44:39,+25567575062,640023436507567,TZ-PWA-002,4G,tigo.internet,100.16,543.37,643.54,90,35.14,51.8,0.25,1415.78
CDR-D-2002392,2026-09-04 20:51:51,+25577308865,640022141178010,TZ-DAR-008,4G,tigo.corporate,58.34,336.55,394.89,57,64.85,35.7,0.1,868.75
CDR-D-2002393,2026-09-07 08:02:54,+25571829445,640026086370835,TZ-MWA-002,4G,tigo.internet,29.95,184.65,214.6,69,20.45,54.7,0.11,472.12
CDR-D-2002394,2026-09-05 09:18:40,+25565876764,640023185386258,TZ-DAR-012,5G,tigo.internet,462.33,2693.22,3155.55,45,223.56,21.6,0.04,6942.2
CDR-D-2002395,2026-09-03 22:10:09,+25577563638,640023901796894,TZ-MBY-001,4G,tigo.corporate,135.3,834.94,970.24,28,31.98,34.3,0.42,2134.52
CDR-D-2002396,2026-09-07 17:03:06,+25565816514,640024297076131,TZ-DOM-003,4G,tigo.internet,58.44,263.86,322.3,66,36.81,49.4,0.12,709.07
CDR-D-2002397,2026-09-02 07:02:42,+25571737460,640026638851791,TZ-PWA-001,4G,tigo.internet,49.99,217.03,267.02,32,17.05,44.6,0.08,587.45
CDR-D-2002398,2026-09-06 04:32:52,+25577511284,640025974930815,TZ-DAR-011,4G,tigo.internet,21.41,84.45,105.87,61,33.87,53.3,0.2,232.91
CDR-D-2002399,2026-09-02 08:51:47,+25571857168,640024919706735,TZ-DOM-001,5G,tigo.internet,186.34,820.48,1006.82,74,252.37,24.8,0.06,2215.0
CDR-D-2002400,2026-09-02 12:49:15,+25565883377,640022398806247,TZ-KIL-002,3G,tigo.internet,7.7,22.48,30.18,69,6.93,106.6,2.7,66.4
CDR-D-2002401,2026-09-05 22:22:01,+25577832723,640024938269146,TZ-TAN-002,3G,tigo.internet,7.25,19.76,27.01,9,6.74,119.7,1.42,59.43
CDR-D-2002402,2026-09-05 02:18:50,+25567797694,640022713189716,TZ-ZNZ-002,4G,tigo.corporate,50.39,285.24,335.63,47,62.54,51.8,0.41,738.39
CDR-D-2002403,2026-09-01 14:39:33,+25567139286,640025334769475,TZ-DAR-009,4G,tigo.internet,155.17,889.96,1045.13,81,54.26,43.7,0.08,2299.28
CDR-D-2002404,2026-09-01 07:56:36,+25571352468,640027700772345,TZ-ARU-001,5G,tigo.internet,210.4,1247.22,1457.62,61,140.65,26.0,0.13,3206.76
CDR-D-2002405,2026-09-02 07:43:35,+25571887887,640029475504077,TZ-DAR-008,4G,tigo.internet,100.69,369.91,470.6,14,15.39,49.1,0.28,1035.33
CDR-D-2002406,2026-09-04 22:16:33,+25567943146,640022635881694,TZ-DAR-009,4G,tigo.corporate,218.15,858.43,1076.58,20,61.35,32.4,0.06,2368.47
CDR-D-2002407,2026-09-06 15:45:47,+25577455652,640029065505125,TZ-ARU-001,5G,tigo.internet,403.83,3125.97,3529.8,13,130.64,24.5,0.04,7765.55
CDR-D-2002408,2026-09-07 17:37:34,+25565862398,640029473523940,TZ-ZNZ-003,4G,tigo.corporate,236.38,822.97,1059.35,13,49.72,53.5,0.14,2330.56
CDR-D-2002409,2026-09-04 12:12:04,+25565435757,640026618081021,TZ-BUK-001,3G,tigo.internet,9.12,33.04,42.15,60,4.61,66.3,2.75,92.74
CDR-D-2002410,2026-09-02 13:04:42,+25567614379,640027657887271,TZ-MOR-001,4G,tigo.internet,17.24,111.58,128.81,39,19.98,50.1,0.44,283.39
CDR-D-2002411,2026-09-06 10:23:24,+25565492843,640024903078968,TZ-DAR-013,5G,tigo.internet,766.05,3130.44,3896.49,65,87.07,13.4,0.02,8572.27
CDR-D-2002412,2026-09-06 15:25:27,+25571156620,640027383213464,TZ-DOM-002,5G,tigo.pesa.app,92.71,743.87,836.58,18,113.74,16.6,0.03,0.0
CDR-D-2002413,2026-09-06 06:42:50,+25571739244,640024275930923,TZ-DAR-001,5G,tigo.internet,407.5,2475.59,2883.09,86,251.71,23.7,0.06,6342.8
CDR-D-2002414,2026-09-05 20:22:21,+25567845937,640025650566007,TZ-DAR-014,3G,tigo.internet,23.9,66.63,90.53,76,5.65,117.8,1.13,199.16
CDR-D-2002415,2026-09-06 23:21:19,+25565985510,640024365005756,TZ-MWA-001,5G,tigo.pesa.app,149.77,804.78,954.55,63,266.79,24.5,0.02,0.0
CDR-D-2002416,2026-09-02 06:46:12,+25565460934,640023765321240,TZ-TAR-001,3G,tigo.pesa.app,10.75,29.56,40.31,60,6.62,117.5,1.37,0.0
CDR-D-2002417,2026-09-05 11:07:47,+25577935527,640025669015536,TZ-PWA-001,4G,tigo.internet,29.79,101.16,130.95,70,46.91,54.8,0.15,288.09
CDR-D-2002418,2026-09-03 13:13:35,+25577194009,640022269366925,TZ-DOM-003,4G,tigo.internet,107.48,365.69,473.17,17,47.92,35.2,0.15,1040.98
CDR-D-2002419,2026-09-05 00:30:07,+25571541550,640025842292127,TZ-DAR-009,4G,tigo.internet,95.53,428.23,523.76,33,41.38,32.6,0.31,1152.27
CDR-D-2002420,2026-09-07 11:37:36,+25565492843,640024903078968,TZ-DAR-013,5G,tigo.internet,723.85,2960.46,3684.3,45,154.17,16.3,0.08,8105.47
CDR-D-2002421,2026-09-07 22:07:01,+25565742818,640026510997463,TZ-KAH-001,4G,tigo.corporate,11.44,54.03,65.47,14,13.39,38.8,0.19,144.03
CDR-D-2002422,2026-09-06 16:14:49,+25571493914,640028565000642,TZ-ARU-002,4G,tigo.internet,147.27,623.21,770.48,54,15.78,54.8,0.07,1695.06
CDR-D-2002423,2026-09-03 04:44:06,+25565161775,640022397112924,TZ-ARU-001,5G,tigo.internet,385.69,2055.8,2441.49,59,208.05,24.5,0.05,5371.28
CDR-D-2002424,2026-09-05 06:44:47,+25565107800,640026371287730,TZ-TAB-001,3G,tigo.internet,29.34,84.71,114.06,20,3.93,136.3,1.57,250.92
CDR-D-2002425,2026-09-05 16:05:24,+25577788159,640028899980156,TZ-ZNZ-001,5G,tigo.internet,138.92,740.0,878.92,58,90.79,15.8,0.07,1933.63
CDR-D-2002426,2026-09-07 22:17:19,+25567983241,640027476052850,TZ-MTW-001,4G,tigo.corporate,151.3,876.07,1027.37,16,38.83,40.2,0.13,2260.21
CDR-D-2002427,2026-09-03 05:43:07,+25571829445,640026086370835,TZ-MWA-002,4G,tigo.corporate,182.51,815.76,998.27,89,17.6,38.1,0.28,2196.2
CDR-D-2002428,2026-09-06 07:48:10,+25577148381,640028497100471,TZ-TAN-002,3G,tigo.internet,1.68,7.66,9.34,18,1.65,119.9,0.51,20.55
CDR-D-2002429,2026-09-01 16:47:37,+25577936865,640023269449477,TZ-MTW-001,4G,tigo.internet,131.2,598.65,729.85,86,22.34,47.8,0.36,1605.67
CDR-D-2002430,2026-09-06 03:40:08,+25567197545,640029141445255,TZ-KIL-003,3G,tigo.internet,22.14,61.37,83.51,22,6.71,106.9,0.68,183.72
CDR-D-2002431,2026-09-04 06:08:45,+25571947787,640022231951978,TZ-SNG-001,3G,tigo.internet,10.59,47.73,58.32,42,1.73,123.6,2.79,128.3
CDR-D-2002432,2026-09-05 12:53:42,+25571940867,640026468339996,TZ-MWA-002,4G,tigo.internet,90.34,591.07,681.42,79,48.09,30.2,0.29,1499.12
CDR-D-2002433,2026-09-02 22:10:32,+25571817303,640024343748592,TZ-ARU-003,4G,tigo.corporate,116.9,739.83,856.73,43,53.89,32.0,0.2,1884.8
CDR-D-2002434,2026-09-01 05:24:57,+25571413048,640025858839243,TZ-SHI-001,3G,tigo.internet,10.57,28.08,38.65,78,2.43,118.9,1.34,85.03
CDR-D-2002435,2026-09-03 05:42:02,+25565516869,640023194318630,TZ-TAR-001,3G,tigo.internet,12.9,32.39,45.29,22,6.08,83.6,2.44,99.64
CDR-D-2002436,2026-09-03 18:01:08,+25577479021,640024241716107,TZ-SON-001,3G,tigo.internet,18.7,65.82,84.53,79,2.86,115.1,1.07,185.96
CDR-D-2002437,2026-09-02 22:30:28,+25577944013,640027045485090,TZ-MWA-002,4G,tigo.internet,113.58,622.26,735.84,19,20.87,38.2,0.33,1618.85
CDR-D-2002438,2026-09-04 16:21:09,+25567430463,640029576406794,TZ-DOM-001,5G,tigo.pesa.app,242.25,1432.86,1675.1,14,45.25,25.0,0.11,0.0
CDR-D-2002439,2026-09-04 10:06:27,+25577551758,640025049072489,TZ-DAR-015,3G,tigo.internet,12.76,56.86,69.63,57,3.02,136.2,2.09,153.18
CDR-D-2002440,2026-09-07 21:36:48,+25571156620,640027383213464,TZ-DOM-002,5G,tigo.internet,596.8,2416.67,3013.47,86,95.27,14.6,0.08,6629.64
CDR-D-2002441,2026-09-05 14:04:50,+25565285973,640023424849408,TZ-TAB-001,3G,tigo.internet,3.04,14.8,17.85,33,6.75,117.4,2.02,39.27
CDR-D-2002442,2026-09-07 18:26:32,+25571923914,640027059726570,TZ-KIL-003,3G,tigo.corporate,24.18,77.42,101.59,80,5.72,95.5,2.0,223.5
CDR-D-2002443,2026-09-07 04:47:00,+25571320638,640023146904864,TZ-DAR-014,3G,tigo.corporate,24.51,70.46,94.97,86,1.23,99.2,2.34,208.93
CDR-D-2002444,2026-09-07 10:11:06,+25577938234,640029913615651,TZ-IRI-001,4G,tigo.internet,122.5,556.6,679.1,4,54.06,48.6,0.34,1494.02
CDR-D-2002445,2026-09-07 03:16:11,+25567128996,640021740422125,TZ-DAR-010,4G,tigo.pesa.app,107.51,404.84,512.35,32,21.53,48.1,0.14,0.0
CDR-D-2002446,2026-09-04 02:28:59,+25565867324,640022860212181,TZ-SON-001,3G,tigo.internet,3.05,8.13,11.18,45,6.12,134.8,1.53,24.6
CDR-D-2002447,2026-09-02 00:33:52,+25571520124,640026607283971,TZ-IRI-001,4G,tigo.internet,215.2,739.54,954.73,3,40.24,46.3,0.11,2100.42
CDR-D-2002448,2026-09-07 05:43:20,+25571639704,640029886818084,TZ-MWA-002,4G,tigo.corporate,137.36,688.22,825.58,28,31.28,51.0,0.36,1816.27
CDR-D-2002449,2026-09-06 12:19:25,+25571404212,640021692447546,TZ-NJO-001,3G,tigo.internet,9.06,44.05,53.11,45,7.14,128.4,1.35,116.83
CDR-D-2002450,2026-09-06 23:09:02,+25565431727,640027157381638,TZ-DOM-002,5G,tigo.internet,395.36,1711.77,2107.13,22,155.74,19.9,0.04,4635.69
CDR-D-2002451,2026-09-04 22:40:28,+25571824424,640026810639622,TZ-GEI-001,4G,tigo.internet,104.41,669.96,774.37,74,13.23,54.5,0.18,1703.61
CDR-D-2002452,2026-09-05 02:03:15,+25567921401,640021680052083,TZ-DAR-015,3G,tigo.corporate,9.35,39.89,49.23,80,5.8,91.9,0.94,108.31
CDR-D-2002453,2026-09-05 18:22:08,+25567347565,640023557863130,TZ-DAR-009,4G,tigo.internet,106.82,563.4,670.22,28,37.72,40.6,0.39,1474.48
CDR-D-2002454,2026-09-01 08:29:04,+25565252438,640025348303725,TZ-DOM-003,4G,tigo.corporate,10.01,38.44,48.45,79,58.05,31.9,0.17,106.59
CDR-D-2002455,2026-09-05 13:28:06,+25571966713,640025014410308,TZ-MOR-001,4G,tigo.internet,5.47,26.15,31.62,67,45.68,44.4,0.12,69.56
CDR-D-2002456,2026-09-03 11:13:12,+25571544787,640023126801368,TZ-TAN-002,3G,tigo.internet,12.77,40.42,53.19,24,4.43,71.0,1.92,117.01
CDR-D-2002457,2026-09-01 00:00:15,+25577802374,640027717423384,TZ-ARU-002,4G,tigo.corporate,12.5,69.07,81.58,33,24.66,29.1,0.14,179.47
CDR-D-2002458,2026-09-05 08:57:09,+25577766076,640029769785826,TZ-MTW-001,4G,tigo.internet,159.36,647.06,806.43,23,27.78,35.4,0.17,1774.14
CDR-D-2002459,2026-09-05 18:57:49,+25567492125,640024519045785,TZ-TAB-001,3G,tigo.internet,5.55,21.75,27.3,31,3.31,66.9,0.96,60.06
CDR-D-2002460,2026-09-05 18:46:44,+25565249044,640022811432415,TZ-DOM-002,5G,tigo.pesa.app,494.38,2540.89,3035.27,66,48.51,22.7,0.03,0.0
CDR-D-2002461,2026-09-03 22:10:21,+25571583607,640027674841448,TZ-TND-001,3G,tigo.internet,5.08,13.49,18.57,78,5.28,106.7,1.02,40.85
CDR-D-2002462,2026-09-05 11:51:07,+25577820216,640027859904332,TZ-ARU-003,4G,tigo.internet,242.49,942.13,1184.61,11,60.16,28.4,0.24,2606.15
CDR-D-2002463,2026-09-03 22:01:41,+25571817041,640024353660389,TZ-MTW-001,4G,tigo.corporate,181.17,634.95,816.13,24,57.75,29.6,0.26,1795.48
CDR-D-2002464,2026-09-03 03:48:17,+25577130914,640022832508021,TZ-MBY-001,4G,tigo.internet,150.31,655.91,806.22,2,32.28,29.0,0.4,1773.67
CDR-D-2002465,2026-09-02 03:49:00,+25571391334,640022817174845,TZ-PWA-001,4G,tigo.internet,116.01,478.01,594.02,15,48.57,53.6,0.22,1306.85
CDR-D-2002466,2026-09-06 23:11:04,+25571517710,640028692015091,TZ-BUK-001,3G,tigo.internet,14.71,39.12,53.83,71,4.8,111.5,2.08,118.42
CDR-D-2002467,2026-09-05 11:30:33,+25567448588,640027628981661,TZ-PEM-001,3G,tigo.internet,24.8,84.52,109.32,35,3.69,84.9,1.56,240.51
CDR-D-2002468,2026-09-05 02:55:05,+25577780714,640022362721798,TZ-TAN-002,3G,tigo.internet,9.09,38.17,47.26,23,5.78,125.6,1.3,103.97
CDR-D-2002469,2026-09-07 19:17:49,+25565736446,640022729067297,TZ-ARU-003,4G,tigo.internet,87.16,369.86,457.02,27,55.01,36.0,0.25,1005.44
CDR-D-2002470,2026-09-03 05:02:34,+25565985510,640024365005756,TZ-MWA-001,5G,tigo.internet,538.62,2620.42,3159.04,61,110.63,26.6,0.14,6949.89
CDR-D-2002471,2026-09-05 10:16:14,+25567580292,640021133790981,TZ-MWA-003,4G,tigo.pesa.app,127.97,456.87,584.83,47,32.48,44.3,0.28,0.0
CDR-D-2002472,2026-09-05 21:07:45,+25571724719,640025774643348,TZ-ZNZ-002,4G,tigo.internet,135.83,483.07,618.9,80,22.49,38.7,0.18,1361.58
CDR-D-2002473,2026-09-07 14:38:13,+25567628597,640029080510951,TZ-MWA-003,4G,tigo.internet,125.05,560.23,685.28,17,34.49,52.0,0.12,1507.62
CDR-D-2002474,2026-09-04 14:30:22,+25565611945,640026237376063,TZ-ZNZ-002,4G,tigo.pesa.app,102.82,423.24,526.07,51,44.87,41.9,0.18,0.0
CDR-D-2002475,2026-09-07 15:43:20,+25567142211,640025869119942,TZ-SHI-001,3G,tigo.internet,20.43,73.46,93.89,85,6.65,79.6,0.63,206.56
CDR-D-2002476,2026-09-07 19:29:10,+25571559378,640027425896687,TZ-MWA-001,5G,tigo.internet,354.99,1653.43,2008.42,27,242.15,23.6,0.13,4418.52
CDR-D-2002477,2026-09-04 10:48:48,+25577633188,640022554039848,TZ-DAR-013,5G,tigo.pesa.app,607.95,2799.79,3407.74,30,163.93,15.4,0.06,0.0
CDR-D-2002478,2026-09-07 04:42:44,+25567472640,640027980313867,TZ-KIG-001,3G,tigo.internet,19.3,55.79,75.09,69,4.88,114.8,1.27,165.2
CDR-D-2002479,2026-09-03 08:01:17,+25577569945,640024405620755,TZ-KIL-001,4G,tigo.internet,43.71,160.05,203.77,65,32.47,32.3,0.1,448.29
CDR-D-2002480,2026-09-01 09:50:47,+25577889245,640028714753670,TZ-SNG-001,3G,tigo.internet,10.8,32.6,43.41,9,2.52,94.6,2.24,95.49
CDR-D-2002481,2026-09-06 15:41:10,+25571441649,640021780778941,TZ-DAR-011,4G,tigo.internet,78.09,315.59,393.68,82,35.89,31.3,0.14,866.1
CDR-D-2002482,2026-09-01 22:11:56,+25577217455,640023361117185,TZ-ZNZ-002,4G,tigo.pesa.app,14.68,79.15,93.82,39,56.9,42.5,0.23,0.0
CDR-D-2002483,2026-09-06 13:04:03,+25565995113,640026933257157,TZ-SON-001,3G,tigo.internet,9.4,44.09,53.49,52,2.76,84.6,0.65,117.67
CDR-D-2002484,2026-09-05 11:20:25,+25577941235,640022881894932,TZ-ZNZ-002,4G,tigo.internet,156.04,887.91,1043.94,51,53.32,43.8,0.22,2296.68
CDR-D-2002485,2026-09-04 08:55:30,+25565658352,640026727034720,TZ-DAR-009,4G,tigo.internet,154.68,575.21,729.89,15,30.85,28.8,0.06,1605.76
CDR-D-2002486,2026-09-07 05:37:05,+25567682789,640029633533290,TZ-SON-001,3G,tigo.internet,18.13,46.13,64.26,17,4.93,95.3,1.72,141.37
CDR-D-2002487,2026-09-04 04:15:53,+25565782039,640022419183659,TZ-KIG-001,3G,tigo.internet,19.67,55.09,74.77,88,7.44,137.5,2.47,164.48
CDR-D-2002488,2026-09-06 12:57:37,+25567336540,640025946548987,TZ-MBY-001,4G,tigo.internet,89.47,510.84,600.31,57,59.51,25.4,0.21,1320.69
CDR-D-2002489,2026-09-07 09:23:14,+25567147652,640028793362077,TZ-ZNZ-004,4G,tigo.corporate,47.13,188.85,235.97,17,34.19,27.2,0.2,519.14
CDR-D-2002490,2026-09-06 19:30:59,+25567414295,640029973421080,TZ-KIL-001,4G,tigo.internet,116.28,674.01,790.29,49,33.66,28.1,0.32,1738.65
CDR-D-2002491,2026-09-01 06:19:05,+25571481024,640027184949643,TZ-MOR-001,4G,tigo.internet,35.06,203.72,238.78,68,56.88,43.9,0.14,525.32
CDR-D-2002492,2026-09-02 07:34:44,+25577670053,640029454334062,TZ-DAR-003,5G,tigo.internet,166.04,759.12,925.15,37,128.57,14.0,0.13,2035.34
CDR-D-2002493,2026-09-05 09:46:53,+25565767542,640025464285982,TZ-ARU-001,5G,tigo.internet,132.6,649.74,782.34,89,139.03,18.0,0.1,1721.14
CDR-D-2002494,2026-09-06 01:13:14,+25571424620,640027695519305,TZ-NJO-001,3G,tigo.internet,25.24,65.41,90.65,13,4.64,77.6,1.55,199.43
CDR-D-2002495,2026-09-01 05:06:53,+25571454366,640025428082088,TZ-DAR-013,5G,tigo.internet,19.62,150.85,170.47,8,273.66,14.7,0.12,375.02
CDR-D-2002496,2026-09-05 07:36:36,+25567624288,640023939637388,TZ-SHI-001,3G,tigo.internet,2.39,9.77,12.16,42,6.7,78.8,2.37,26.76
CDR-D-2002497,2026-09-06 20:53:30,+25567731347,640023012051673,TZ-ZNZ-003,4G,tigo.internet,143.45,484.65,628.1,8,52.27,51.4,0.26,1381.82
CDR-D-2002498,2026-09-05 15:56:09,+25567214705,640024378235671,TZ-PWA-002,4G,tigo.pesa.app,66.46,369.38,435.85,90,55.06,40.1,0.27,0.0
CDR-D-2002499,2026-09-02 01:37:04,+25567489759,640027947345952,TZ-MTW-001,4G,tigo.internet,132.38,609.54,741.91,75,53.21,51.4,0.4,1632.21
CDR-D-2002500,2026-09-05 14:15:25,+25577735612,640028955977853,TZ-DAR-003,5G,tigo.internet,413.81,1909.16,2322.97,25,179.04,25.5,0.04,5110.54
CDR-D-2002501,2026-09-06 09:49:03,+25567418801,640026649334064,TZ-MWA-002,4G,tigo.internet,82.01,382.82,464.83,10,43.23,54.2,0.28,1022.63
CDR-D-2002502,2026-09-03 09:35:08,+25571837520,640029498435585,TZ-ARU-001,5G,tigo.internet,558.2,2870.51,3428.7,22,81.52,22.5,0.08,7543.15
CDR-D-2002503,2026-09-03 11:47:57,+25571907812,640029639044885,TZ-ARU-001,5G,tigo.pesa.app,73.61,408.44,482.06,77,160.18,14.5,0.05,0.0
CDR-D-2002504,2026-09-04 22:21:52,+25565663646,640029386407362,TZ-IRI-001,4G,tigo.internet,169.87,840.76,1010.64,37,40.0,34.2,0.24,2223.4
CDR-D-2002505,2026-09-03 19:55:45,+25567813745,640022949597857,TZ-MWA-001,5G,tigo.internet,260.61,1511.47,1772.08,83,191.5,20.7,0.08,3898.57
CDR-D-2002506,2026-09-01 14:04:11,+25565312460,640029422491915,TZ-DAR-011,4G,tigo.internet,206.13,860.08,1066.21,42,14.41,41.3,0.06,2345.67
CDR-D-2002507,2026-09-02 13:26:45,+25571966713,640025014410308,TZ-MOR-001,4G,tigo.internet,45.38,186.8,232.18,90,35.47,26.0,0.08,510.8
CDR-D-2002508,2026-09-01 05:49:04,+25577827658,640028115232441,TZ-DAR-007,4G,tigo.internet,121.04,461.8,582.84,18,34.88,54.9,0.26,1282.25
CDR-D-2002509,2026-09-05 13:18:24,+25567762201,640028150869292,TZ-PWA-001,4G,tigo.internet,133.36,808.54,941.91,24,51.21,49.1,0.07,2072.2
CDR-D-2002510,2026-09-06 04:39:55,+25565143884,640024099552003,TZ-PWA-001,4G,tigo.internet,71.94,294.13,366.07,71,22.77,48.6,0.34,805.35
CDR-D-2002511,2026-09-01 11:53:41,+25565812641,640025356690340,TZ-SON-001,3G,tigo.internet,3.72,10.87,14.59,71,3.62,96.4,1.52,32.1
CDR-D-2002512,2026-09-05 10:52:18,+25565635715,640029121739999,TZ-DAR-010,4G,tigo.pesa.app,29.14,103.03,132.17,57,55.64,36.1,0.24,0.0
CDR-D-2002513,2026-09-03 23:34:18,+25567489759,640027947345952,TZ-MTW-001,4G,tigo.internet,76.4,284.68,361.08,29,35.91,32.7,0.08,794.38
CDR-D-2002514,2026-09-03 08:24:18,+25571925549,640023797168211,TZ-KIG-001,3G,tigo.internet,12.2,45.46,57.66,22,6.67,75.1,2.73,126.86
CDR-D-2002515,2026-09-04 00:48:35,+25565244933,640028169652310,TZ-MOR-001,4G,tigo.internet,169.66,640.42,810.08,53,42.46,51.7,0.2,1782.18
CDR-D-2002516,2026-09-03 17:27:09,+25565144887,640023871553289,TZ-IRI-001,4G,tigo.internet,93.44,596.66,690.1,84,40.66,48.7,0.36,1518.21
CDR-D-2002517,2026-09-07 12:30:55,+25567193653,640027054307581,TZ-ZNZ-003,4G,tigo.internet,208.67,711.67,920.35,15,49.14,43.1,0.07,2024.76
CDR-D-2002518,2026-09-01 12:24:44,+25565397917,640023515465308,TZ-BUK-001,3G,tigo.internet,8.56,25.1,33.66,29,1.22,107.8,1.38,74.05
CDR-D-2002519,2026-09-06 21:49:41,+25577144146,640023584119955,TZ-NJO-001,3G,tigo.internet,5.25,17.22,22.47,69,5.76,71.8,0.65,49.44
CDR-D-2002520,2026-09-05 01:54:15,+25567838237,640022916728422,TZ-DAR-012,5G,tigo.internet,181.98,1064.97,1246.95,45,158.17,13.3,0.07,2743.29
CDR-D-2002521,2026-09-06 22:17:09,+25577188759,640027901388916,TZ-DAR-012,5G,tigo.pesa.app,41.13,307.28,348.41,9,161.98,14.8,0.13,0.0
CDR-D-2002522,2026-09-02 07:34:02,+25565535214,640022070025912,TZ-KIL-003,3G,tigo.internet,16.4,57.0,73.4,31,2.86,107.0,2.36,161.48
CDR-D-2002523,2026-09-04 11:03:34,+25577644098,640022994012789,TZ-SHI-001,3G,tigo.internet,11.86,30.18,42.05,47,3.68,134.5,1.68,92.5
CDR-D-2002524,2026-09-02 13:19:19,+25571156620,640027383213464,TZ-DOM-002,5G,tigo.mms,200.99,1587.33,1788.32,65,214.23,18.5,0.05,3934.3
CDR-D-2002525,2026-09-06 12:52:27,+25577841119,640022966178433,TZ-ZNZ-001,5G,tigo.internet,436.54,2297.9,2734.45,55,140.5,12.5,0.06,6015.78
CDR-D-2002526,2026-09-05 10:37:29,+25577476879,640021383428853,TZ-MWA-003,4G,tigo.internet,224.61,833.84,1058.45,86,50.39,41.6,0.28,2328.59
CDR-D-2002527,2026-09-04 11:43:57,+25577569945,640024405620755,TZ-KIL-001,4G,tigo.pesa.app,187.84,940.51,1128.34,88,41.4,45.2,0.16,0.0
CDR-D-2002528,2026-09-07 18:36:14,+25577320869,640026970267626,TZ-ARU-003,4G,tigo.internet,58.77,212.61,271.38,89,45.11,27.4,0.23,597.03
CDR-D-2002529,2026-09-03 12:34:38,+25565535214,640025760712372,TZ-NJO-001,3G,tigo.internet,16.78,57.94,74.72,69,1.61,75.3,0.71,164.38
CDR-D-2002530,2026-09-05 19:31:55,+25567322022,640023201397080,TZ-TND-001,3G,tigo.pesa.app,18.49,65.57,84.06,13,5.05,72.1,0.56,0.0
CDR-D-2002531,2026-09-01 18:20:25,+25567739711,640023079537716,TZ-PEM-001,3G,tigo.internet,21.24,84.09,105.33,69,1.31,80.1,2.52,231.73
CDR-D-2002532,2026-09-07 00:17:09,+25577850435,640022323586087,TZ-DOM-002,5G,tigo.internet,430.21,1792.82,2223.03,72,125.56,20.5,0.14,4890.66
CDR-D-2002533,2026-09-02 15:30:32,+25565244933,640028169652310,TZ-MOR-001,4G,tigo.internet,84.84,314.88,399.73,5,16.27,44.3,0.08,879.4
CDR-D-2002534,2026-09-01 20:16:01,+25577481242,640026730698191,TZ-KIL-001,4G,tigo.internet,91.44,570.02,661.45,69,45.36,35.6,0.35,1455.2
CDR-D-2002535,2026-09-07 08:17:11,+25571178686,640027039626948,TZ-DAR-009,4G,tigo.internet,198.39,863.58,1061.96,69,60.43,25.5,0.15,2336.32
CDR-D-2002536,2026-09-05 15:24:52,+25567466975,640028394104918,TZ-TAB-001,3G,tigo.pesa.app,1.68,7.86,9.55,22,3.03,66.2,2.01,0.0
CDR-D-2002537,2026-09-05 14:36:05,+25571524035,640028965451958,TZ-DAR-004,5G,tigo.pesa.app,409.34,2710.12,3119.46,79,278.66,24.4,0.06,0.0
CDR-D-2002538,2026-09-02 05:49:03,+25567658224,640023857879268,TZ-DAR-012,5G,tigo.corporate,326.15,2433.66,2759.81,70,232.13,22.3,0.09,6071.58
CDR-D-2002539,2026-09-02 11:47:53,+25565672713,640025013802920,TZ-DAR-012,5G,tigo.internet,347.94,1561.24,1909.18,70,52.49,13.6,0.14,4200.2
CDR-D-2002540,2026-09-06 21:35:12,+25577557244,640026124128956,TZ-SNG-001,3G,tigo.internet,13.44,38.44,51.88,34,6.77,65.0,2.73,114.14
CDR-D-2002541,2026-09-07 04:57:54,+25577839485,640026932342612,TZ-DAR-007,4G,tigo.internet,135.97,900.2,1036.17,12,30.0,42.5,0.23,2279.57
CDR-D-2002542,2026-09-02 08:06:57,+25577433219,640028788469970,TZ-MWA-001,5G,tigo.internet,31.28,165.26,196.55,7,164.03,15.2,0.15,432.4
CDR-D-2002543,2026-09-02 20:52:31,+25577481088,640024804135649,TZ-DAR-008,4G,tigo.internet,198.28,784.45,982.73,26,23.2,40.5,0.3,2162.02
CDR-D-2002544,2026-09-03 21:10:29,+25571533843,640025610973669,TZ-MTW-001,4G,tigo.internet,28.98,129.76,158.74,12,19.34,32.7,0.26,349.24
CDR-D-2002545,2026-09-04 07:50:35,+25571475727,640023538897827,TZ-TAR-001,3G,tigo.corporate,6.92,30.78,37.69,38,6.97,76.0,0.74,82.93
CDR-D-2002546,2026-09-03 22:12:21,+25565466718,640021468853596,TZ-KAH-001,4G,tigo.internet,47.28,200.9,248.18,84,17.94,26.7,0.16,546.0
CDR-D-2002547,2026-09-03 06:42:07,+25567838237,640022916728422,TZ-DAR-012,5G,tigo.internet,468.0,2400.8,2868.79,85,99.66,14.9,0.04,6311.35
CDR-D-2002548,2026-09-05 03:01:29,+25577783768,640022495423827,TZ-MBY-001,4G,tigo.internet,98.83,353.13,451.97,50,21.34,29.0,0.1,994.33
CDR-D-2002549,2026-09-03 08:49:47,+25565112936,640029986384992,TZ-MWA-002,4G,tigo.internet,73.57,308.62,382.19,81,12.23,30.3,0.14,840.82
CDR-D-2002550,2026-09-04 10:30:18,+25577975355,640027142172699,TZ-ZNZ-003,4G,tigo.internet,44.44,176.03,220.47,32,61.45,36.1,0.18,485.03
CDR-D-2002551,2026-09-07 22:37:30,+25565978050,640021329942192,TZ-DAR-012,5G,tigo.corporate,174.11,916.36,1090.47,90,68.44,21.7,0.15,2399.03
CDR-D-2002552,2026-09-02 14:03:27,+25567907788,640027363409651,TZ-SHI-001,3G,tigo.internet,22.05,67.96,90.01,2,2.51,109.2,2.59,198.03
CDR-D-2002553,2026-09-02 05:03:22,+25565672713,640025013802920,TZ-DAR-012,5G,tigo.pesa.app,104.69,734.2,838.89,63,152.03,17.0,0.14,0.0
CDR-D-2002554,2026-09-06 00:37:28,+25571528644,640024801044279,TZ-PEM-001,3G,tigo.internet,17.27,51.51,68.78,15,2.36,81.0,0.6,151.31
CDR-D-2002555,2026-09-06 05:02:58,+25577819636,640022952887577,TZ-ZNZ-003,4G,tigo.internet,42.4,219.44,261.85,68,41.85,52.7,0.1,576.06
CDR-D-2002556,2026-09-06 06:56:46,+25565216006,640027746298485,TZ-TAB-001,3G,tigo.internet,6.38,16.31,22.69,89,3.52,96.2,1.3,49.92
CDR-D-2002557,2026-09-04 23:12:02,+25565447067,640027699500243,TZ-KIL-003,3G,tigo.pesa.app,1.45,5.1,6.55,50,6.26,75.4,2.22,0.0
CDR-D-2002558,2026-09-04 04:54:26,+25565862398,640029473523940,TZ-ZNZ-003,4G,tigo.internet,39.42,168.39,207.81,28,19.1,52.9,0.34,457.18
CDR-D-2002559,2026-09-01 14:21:38,+25571364168,640024621979605,TZ-MAR-001,3G,tigo.internet,5.55,22.5,28.06,88,4.24,75.3,1.34,61.73
CDR-D-2002560,2026-09-06 20:25:16,+25565971968,640025784450697,TZ-TAN-003,3G,tigo.pesa.app,19.7,67.78,87.47,15,2.18,66.9,1.95,0.0
CDR-D-2002561,2026-09-03 23:58:10,+25571940713,640024091632789,TZ-ARU-003,4G,tigo.internet,139.09,594.33,733.42,48,31.59,52.0,0.08,1613.53
CDR-D-2002562,2026-09-01 15:06:08,+25577935527,640025669015536,TZ-PWA-001,4G,tigo.internet,144.75,879.23,1023.97,23,44.59,43.7,0.39,2252.74
CDR-D-2002563,2026-09-07 15:17:36,+25565275715,640029283130753,TZ-DAR-011,4G,tigo.pesa.app,275.16,945.9,1221.06,30,31.06,39.7,0.17,0.0
CDR-D-2002564,2026-09-03 12:13:25,+25567955792,640025250149467,TZ-ARU-002,4G,tigo.pesa.app,89.01,531.76,620.77,69,14.12,34.9,0.43,0.0
CDR-D-2002565,2026-09-07 05:07:53,+25567207186,640023166730459,TZ-KIL-002,3G,tigo.internet,19.2,64.85,84.05,68,3.83,73.2,1.26,184.91
CDR-D-2002566,2026-09-02 00:38:15,+25571113595,640028489005480,TZ-IRI-001,4G,tigo.pesa.app,165.07,929.28,1094.35,63,34.85,33.6,0.18,0.0
CDR-D-2002567,2026-09-06 20:49:13,+25567509758,640024897716760,TZ-DAR-011,4G,tigo.internet,258.67,879.08,1137.75,4,52.25,49.5,0.31,2503.04
CDR-D-2002568,2026-09-04 13:58:08,+25565152427,640024079402141,TZ-BUK-001,3G,tigo.internet,19.86,76.9,96.76,38,1.21,101.4,0.77,212.88
CDR-D-2002569,2026-09-03 20:07:23,+25567833723,640027614170462,TZ-PWA-002,4G,tigo.internet,195.75,805.99,1001.74,74,52.7,37.4,0.44,2203.83
CDR-D-2002570,2026-09-02 04:05:50,+25577107993,640026031017972,TZ-ZNZ-004,4G,tigo.corporate,179.58,718.13,897.72,81,17.61,49.4,0.25,1974.97
CDR-D-2002571,2026-09-02 05:22:25,+25567531204,640027193134742,TZ-KIG-001,3G,tigo.internet,10.11,28.48,38.59,68,3.94,100.9,2.09,84.9
CDR-D-2002572,2026-09-01 16:04:42,+25571915573,640024518871744,TZ-KIL-002,3G,tigo.internet,15.99,47.65,63.63,9,4.92,115.0,2.05,139.99
CDR-D-2002573,2026-09-01 16:07:49,+25571749838,640028975021081,TZ-TAR-001,3G,tigo.internet,6.75,24.96,31.71,63,4.83,74.1,1.33,69.77
CDR-D-2002574,2026-09-07 23:25:47,+25567538897,640027032706313,TZ-NJO-001,3G,tigo.internet,1.81,5.67,7.48,73,3.47,67.3,2.75,16.46
CDR-D-2002575,2026-09-01 14:53:37,+25567701975,640025672946587,TZ-KIG-001,3G,tigo.internet,13.53,66.01,79.54,33,2.64,91.7,2.14,174.98
CDR-D-2002576,2026-09-05 08:32:17,+25577530033,640023835463608,TZ-KIL-002,3G,tigo.internet,1.9,6.47,8.37,33,5.68,66.0,0.93,18.42
CDR-D-2002577,2026-09-01 20:24:29,+25565701568,640024857962086,TZ-MWA-002,4G,tigo.internet,79.25,518.09,597.34,79,44.07,34.4,0.16,1314.14
CDR-D-2002578,2026-09-02 13:59:06,+25565563531,640023992485680,TZ-KIL-002,3G,tigo.internet,19.02,79.91,98.93,9,4.8,102.5,1.21,217.66
CDR-D-2002579,2026-09-04 22:52:32,+25577616428,640024470249239,TZ-MBY-002,4G,tigo.corporate,29.29,126.52,155.81,5,55.87,47.4,0.39,342.79
CDR-D-2002580,2026-09-05 08:34:13,+25571325465,640022407863065,TZ-TAN-003,3G,tigo.internet,26.71,75.84,102.55,69,1.51,79.8,1.25,225.61
CDR-D-2002581,2026-09-04 17:15:43,+25577332060,640023685585090,TZ-KIL-002,3G,tigo.internet,8.9,27.52,36.41,78,5.53,138.8,1.61,80.11
CDR-D-2002582,2026-09-03 06:16:08,+25577889056,640026411656874,TZ-TAN-001,4G,tigo.internet,94.85,337.74,432.59,24,44.8,53.1,0.12,951.71
CDR-D-2002583,2026-09-01 17:08:39,+25571310743,640024401896171,TZ-MTW-001,4G,tigo.pesa.app,86.72,527.09,613.81,50,16.66,45.5,0.06,0.0
CDR-D-2002584,2026-09-01 22:29:12,+25567250755,640025191103954,TZ-DAR-006,4G,tigo.internet,208.22,849.56,1057.77,75,49.4,41.7,0.09,2327.1
CDR-D-2002585,2026-09-05 02:40:03,+25565835165,640022691239817,TZ-TAN-003,3G,tigo.internet,27.66,73.76,101.43,39,6.37,77.6,2.15,223.14
CDR-D-2002586,2026-09-01 11:52:51,+25577471921,640027744459607,TZ-DAR-010,4G,tigo.internet,168.3,948.56,1116.86,8,61.18,41.0,0.44,2457.1
CDR-D-2002587,2026-09-02 18:08:37,+25571862400,640022823212172,TZ-TND-001,3G,tigo.corporate,16.72,45.01,61.73,19,2.48,67.3,1.71,135.81
CDR-D-2002588,2026-09-05 01:02:16,+25565775591,640024661549914,TZ-TAN-003,3G,tigo.internet,12.73,54.0,66.73,28,7.38,103.8,2.54,146.81
CDR-D-2002589,2026-09-02 08:49:05,+25567478662,640029391882993,TZ-DAR-002,4G,tigo.corporate,105.63,619.51,725.14,79,35.2,32.9,0.18,1595.32
CDR-D-2002590,2026-09-06 01:49:45,+25577217455,640023361117185,TZ-ZNZ-002,4G,tigo.internet,259.74,881.0,1140.73,83,13.24,53.3,0.26,2509.61
CDR-D-2002591,2026-09-02 12:00:14,+25567614646,640027490269556,TZ-DOM-001,5G,tigo.mms,361.5,2976.48,3337.99,35,85.67,22.1,0.09,7343.57
CDR-D-2002592,2026-09-04 13:37:34,+25577985049,640029891010459,TZ-DOM-003,4G,tigo.internet,118.45,712.24,830.69,66,59.75,35.8,0.17,1827.52
CDR-D-2002593,2026-09-05 19:02:13,+25571585289,640021233415299,TZ-SHI-001,3G,tigo.mms,8.76,36.09,44.84,20,2.15,73.2,0.94,98.66
CDR-D-2002594,2026-09-04 15:19:37,+25565565087,640028357853916,TZ-TAN-001,4G,tigo.corporate,143.52,661.41,804.92,50,15.9,35.5,0.29,1770.83
CDR-D-2002595,2026-09-07 21:06:38,+25571552168,640023537521109,TZ-DAR-007,4G,tigo.corporate,125.39,746.09,871.48,77,30.03,54.3,0.18,1917.25
CDR-D-2002596,2026-09-02 19:46:52,+25577599028,640025534356444,TZ-TAN-002,3G,tigo.internet,8.18,28.84,37.03,37,6.42,66.5,1.58,81.46
CDR-D-2002597,2026-09-04 01:15:18,+25571780566,640026263212814,TZ-ARU-003,4G,tigo.internet,158.65,699.73,858.38,58,61.63,32.3,0.12,1888.43
CDR-D-2002598,2026-09-04 23:42:32,+25565760120,640023201784149,TZ-TAB-001,3G,tigo.internet,26.28,74.83,101.11,76,4.63,127.7,1.03,222.43
CDR-D-2002599,2026-09-06 10:39:19,+25565240800,640021049833464,TZ-DAR-009,4G,tigo.internet,104.79,399.3,504.1,36,57.78,31.6,0.39,1109.02
CDR-D-2002600,2026-09-06 22:17:54,+25567516029,640022654593890,TZ-KIG-001,3G,tigo.internet,10.13,42.42,52.55,47,3.38,108.5,2.52,115.6
CDR-D-2002601,2026-09-01 03:29:47,+25577492292,640026974875750,TZ-DAR-006,4G,tigo.internet,97.25,419.76,517.01,12,55.17,52.8,0.39,1137.42
CDR-D-2002602,2026-09-03 16:14:59,+25577479021,640024241716107,TZ-SON-001,3G,tigo.internet,15.96,51.02,66.97,47,2.54,79.7,1.99,147.34
CDR-D-2002603,2026-09-07 15:53:05,+25565779068,640023253473926,TZ-DAR-009,4G,tigo.corporate,192.69,676.71,869.4,10,43.48,51.4,0.11,1912.68
CDR-D-2002604,2026-09-02 16:39:04,+25577530321,640026805631767,TZ-DAR-012,5G,tigo.internet,211.25,1354.52,1565.77,35,163.63,22.2,0.07,3444.7
CDR-D-2002605,2026-09-04 18:08:32,+25577766076,640029769785826,TZ-MTW-001,4G,tigo.pesa.app,213.51,721.7,935.21,67,18.03,47.1,0.17,0.0
CDR-D-2002606,2026-09-01 19:14:20,+25565552259,640024677942534,TZ-MOR-001,4G,tigo.internet,193.22,934.02,1127.24,68,22.05,31.3,0.37,2479.92
CDR-D-2002607,2026-09-03 20:31:42,+25577188759,640027901388916,TZ-DAR-012,5G,tigo.internet,199.15,1096.54,1295.69,10,262.0,26.0,0.1,2850.51
CDR-D-2002608,2026-09-04 22:47:52,+25577471921,640027744459607,TZ-DAR-010,4G,tigo.corporate,135.78,521.93,657.71,70,17.29,37.5,0.27,1446.97
CDR-D-2002609,2026-09-03 16:58:54,+25571476712,640029931278947,TZ-DAR-012,5G,tigo.internet,254.17,1031.14,1285.31,50,157.44,15.7,0.12,2827.69
CDR-D-2002610,2026-09-03 04:41:57,+25577871523,640026281827528,TZ-MBY-001,4G,tigo.internet,25.21,167.16,192.37,44,54.91,52.3,0.2,423.21
CDR-D-2002611,2026-09-02 08:58:06,+25571325465,640022407863065,TZ-TAN-003,3G,tigo.internet,20.26,77.21,97.47,84,4.89,79.5,2.7,214.44
CDR-D-2002612,2026-09-03 03:47:04,+25567451367,640022846920487,TZ-DOM-003,4G,tigo.internet,14.31,52.77,67.07,68,29.28,41.8,0.18,147.56
CDR-D-2002613,2026-09-05 04:00:44,+25565456637,640029261957016,TZ-TAR-001,3G,tigo.pesa.app,25.68,71.3,96.98,58,3.97,127.7,1.02,0.0
CDR-D-2002614,2026-09-05 09:05:51,+25567250755,640025191103954,TZ-DAR-006,4G,tigo.mms,82.96,278.58,361.54,35,36.83,30.3,0.34,795.39
CDR-D-2002615,2026-09-06 02:23:23,+25571668716,640024038499343,TZ-TAN-003,3G,tigo.internet,9.51,32.14,41.65,39,6.55,77.6,2.57,91.64
CDR-D-2002616,2026-09-04 21:21:36,+25567683316,640023194915392,TZ-ZNZ-004,4G,tigo.corporate,96.57,393.99,490.57,67,38.86,52.2,0.32,1079.25
CDR-D-2002617,2026-09-07 00:03:46,+25571317062,640027775750049,TZ-GEI-001,4G,tigo.internet,133.38,779.87,913.24,62,58.7,46.8,0.25,2009.14
CDR-D-2002618,2026-09-07 23:54:03,+25567479167,640022115406331,TZ-BUK-001,3G,tigo.internet,3.54,15.37,18.91,68,6.76,73.6,1.31,41.6
CDR-D-2002619,2026-09-04 11:44:14,+25577322675,640021719505873,TZ-DAR-015,3G,tigo.internet,2.93,12.44,15.37,42,5.34,139.3,1.87,33.81
CDR-D-2002620,2026-09-05 10:52:17,+25565873298,640029784084995,TZ-MWA-003,4G,tigo.pesa.app,104.6,448.58,553.17,37,15.65,50.0,0.36,0.0
CDR-D-2002621,2026-09-01 12:08:51,+25567488363,640021165055708,TZ-KIL-002,3G,tigo.internet,9.37,34.97,44.34,51,5.81,127.0,1.53,97.54
CDR-D-2002622,2026-09-06 09:43:15,+25567139286,640025334769475,TZ-DAR-009,4G,tigo.corporate,12.04,66.69,78.73,8,25.09,46.3,0.34,173.21
CDR-D-2002623,2026-09-06 23:41:04,+25571343904,640029681045368,TZ-DAR-004,5G,tigo.corporate,540.72,3092.11,3632.83,64,262.71,24.2,0.07,7992.23
CDR-D-2002624,2026-09-01 16:18:52,+25571638828,640023697368099,TZ-NJO-001,3G,tigo.mms,18.26,65.16,83.43,78,3.63,85.9,0.97,183.54
CDR-D-2002625,2026-09-01 14:46:10,+25565567723,640028414342463,TZ-DAR-012,5G,tigo.internet,425.63,2377.47,2803.1,30,240.33,16.1,0.01,6166.83
CDR-D-2002626,2026-09-02 03:03:08,+25565618927,640022657365938,TZ-KIL-001,4G,tigo.mms,170.96,875.69,1046.65,90,36.56,26.6,0.06,2302.62
CDR-D-2002627,2026-09-05 17:39:49,+25565141115,640029084772460,TZ-MAR-001,3G,tigo.internet,12.81,44.43,57.24,68,5.93,117.1,2.28,125.92
CDR-D-2002628,2026-09-07 15:49:30,+25571909539,640025762969204,TZ-ZNZ-002,4G,tigo.corporate,79.17,295.2,374.37,14,63.71,36.4,0.37,823.61
CDR-D-2002629,2026-09-04 18:52:52,+25577433219,640028788469970,TZ-MWA-001,5G,tigo.internet,462.44,2006.0,2468.44,47,115.84,24.9,0.15,5430.57
CDR-D-2002630,2026-09-03 21:41:13,+25571116703,640022309263254,TZ-PEM-001,3G,tigo.internet,10.58,37.5,48.08,26,4.4,113.0,1.68,105.78
CDR-D-2002631,2026-09-07 09:43:52,+25567779259,640021872395778,TZ-SON-001,3G,tigo.internet,15.98,52.93,68.9,83,5.73,129.6,1.75,151.59
CDR-D-2002632,2026-09-03 21:08:04,+25577320869,640026970267626,TZ-ARU-003,4G,tigo.internet,184.97,785.97,970.93,2,61.95,37.1,0.27,2136.06
CDR-D-2002633,2026-09-01 01:50:20,+25577689822,640028642345291,TZ-SNG-001,3G,tigo.internet,12.26,52.04,64.3,33,4.46,111.7,2.24,141.46
CDR-D-2002634,2026-09-01 08:38:45,+25577532993,640022699984810,TZ-TAN-003,3G,tigo.pesa.app,21.82,55.37,77.19,55,4.26,94.0,1.26,0.0
CDR-D-2002635,2026-09-05 07:57:04,+25565663876,640029899689747,TZ-DAR-012,5G,tigo.pesa.app,561.17,2354.79,2915.96,48,165.86,22.9,0.1,0.0
CDR-D-2002636,2026-09-07 12:40:38,+25565789504,640021542747974,TZ-ZNZ-001,5G,tigo.internet,65.3,373.62,438.93,26,211.85,27.0,0.11,965.64
CDR-D-2002637,2026-09-06 16:47:06,+25567127223,640025818914408,TZ-KAH-001,4G,tigo.pesa.app,157.32,630.07,787.38,87,30.83,54.0,0.15,0.0
CDR-D-2002638,2026-09-04 06:35:35,+25571340897,640024681542027,TZ-DAR-012,5G,tigo.internet,468.71,2021.52,2490.23,81,142.29,13.5,0.13,5478.51
CDR-D-2002639,2026-09-05 13:56:11,+25567761601,640029711293507,TZ-TAB-001,3G,tigo.internet,18.49,57.65,76.14,66,4.78,97.5,1.0,167.51
CDR-D-2002640,2026-09-07 11:01:49,+25571867543,640026896899328,TZ-DOM-003,4G,tigo.internet,95.77,391.92,487.69,34,23.85,37.9,0.37,1072.92
CDR-D-2002641,2026-09-06 19:01:09,+25577315289,640022719329399,TZ-TAN-002,3G,tigo.internet,14.97,43.83,58.8,43,1.67,126.8,1.76,129.37
CDR-D-2002642,2026-09-02 05:43:44,+25567291551,640026254560263,TZ-DAR-011,4G,tigo.mms,94.16,607.4,701.56,76,29.59,34.0,0.11,1543.43
CDR-D-2002643,2026-09-03 17:54:46,+25567121838,640021330614006,TZ-PWA-001,4G,tigo.internet,111.09,632.78,743.87,55,26.98,42.0,0.31,1636.5
CDR-D-2002644,2026-09-06 06:56:53,+25567121838,640021330614006,TZ-PWA-001,4G,tigo.internet,237.51,835.68,1073.2,4,22.31,46.1,0.33,2361.04
CDR-D-2002645,2026-09-02 16:58:06,+25565674721,640024534096467,TZ-PWA-001,4G,tigo.internet,45.97,200.98,246.95,19,22.24,54.4,0.32,543.29
CDR-D-2002646,2026-09-02 17:26:55,+25565331044,640022200317451,TZ-MWA-003,4G,tigo.internet,122.14,469.27,591.41,14,44.37,25.0,0.22,1301.11
CDR-D-2002647,2026-09-07 11:34:12,+25577321659,640029831336766,TZ-TAR-001,3G,tigo.internet,24.29,75.11,99.4,26,2.72,105.6,2.47,218.67
CDR-D-2002648,2026-09-06 04:00:38,+25567757685,640022357806226,TZ-DAR-004,5G,tigo.internet,689.95,2981.63,3671.58,36,238.51,16.2,0.04,8077.47
CDR-D-2002649,2026-09-04 04:42:14,+25565160101,640025529503814,TZ-DAR-013,5G,tigo.internet,68.72,446.09,514.81,36,132.54,25.4,0.09,1132.59
CDR-D-2002650,2026-09-06 12:34:17,+25565535214,640025760712372,TZ-NJO-001,3G,tigo.internet,8.08,20.97,29.05,12,6.21,83.9,1.3,63.91
CDR-D-2002651,2026-09-02 16:17:27,+25577678874,640024922193193,TZ-ARU-001,5G,tigo.internet,332.1,1502.34,1834.44,90,279.7,24.8,0.11,4035.76
CDR-D-2002652,2026-09-07 12:27:17,+25577811016,640023304513663,TZ-MBY-001,4G,tigo.corporate,161.25,813.02,974.28,82,12.6,39.6,0.34,2143.41
CDR-D-2002653,2026-09-07 17:15:48,+25565835165,640022691239817,TZ-TAN-003,3G,tigo.mms,20.8,73.66,94.46,41,3.33,127.5,0.75,207.81
CDR-D-2002654,2026-09-02 07:33:51,+25567322022,640023201397080,TZ-TND-001,3G,tigo.corporate,9.28,27.97,37.25,18,2.89,79.5,0.9,81.96
CDR-D-2002655,2026-09-02 03:51:56,+25571528644,640024801044279,TZ-PEM-001,3G,tigo.internet,6.05,26.53,32.58,45,6.52,120.2,1.47,71.67
CDR-D-2002656,2026-09-06 11:36:05,+25577467544,640025714658227,TZ-TAB-001,3G,tigo.internet,6.73,26.1,32.83,83,6.64,113.1,1.74,72.22
CDR-D-2002657,2026-09-06 10:45:14,+25571443226,640023834277289,TZ-NJO-001,3G,tigo.internet,11.6,56.42,68.02,49,1.58,105.2,1.75,149.65
CDR-D-2002658,2026-09-03 03:43:21,+25571214677,640026002632810,TZ-MBY-002,4G,tigo.pesa.app,182.19,706.01,888.2,65,13.15,35.5,0.26,0.0
CDR-D-2002659,2026-09-07 18:57:37,+25565284019,640022408434291,TZ-PWA-001,4G,tigo.corporate,83.25,456.73,539.98,80,47.13,37.6,0.28,1187.96
CDR-D-2002660,2026-09-06 04:11:59,+25565784343,640021692392816,TZ-DOM-001,5G,tigo.internet,229.78,1408.35,1638.13,62,170.74,18.3,0.02,3603.88
CDR-D-2002661,2026-09-03 18:49:47,+25577715519,640025785590330,TZ-TAN-003,3G,tigo.pesa.app,22.78,59.76,82.55,87,5.27,75.9,1.87,0.0
CDR-D-2002662,2026-09-01 15:46:06,+25565704875,640028646369354,TZ-KIL-002,3G,tigo.internet,16.5,78.92,95.42,14,2.52,124.9,0.97,209.93
CDR-D-2002663,2026-09-07 03:39:28,+25565617530,640025446846255,TZ-SHI-001,3G,tigo.internet,17.88,47.18,65.06,83,4.9,98.2,2.53,143.13
CDR-D-2002664,2026-09-04 21:52:22,+25565309905,640023605238011,TZ-DAR-006,4G,tigo.internet,135.61,831.61,967.22,48,59.0,48.9,0.23,2127.88
CDR-D-2002665,2026-09-01 13:42:38,+25577780714,640022362721798,TZ-TAN-002,3G,tigo.internet,17.89,74.65,92.53,17,6.34,96.1,1.59,203.57
CDR-D-2002666,2026-09-07 21:27:16,+25565567723,640028414342463,TZ-DAR-012,5G,tigo.internet,673.79,2712.94,3386.73,40,194.18,14.9,0.05,7450.8
CDR-D-2002667,2026-09-05 16:52:00,+25571993590,640022687477596,TZ-MBY-002,4G,tigo.internet,98.97,391.22,490.19,63,53.51,28.3,0.14,1078.41
CDR-D-2002668,2026-09-05 02:02:41,+25577468332,640029832382243,TZ-DAR-005,4G,tigo.corporate,236.6,856.08,1092.68,32,13.92,28.6,0.25,2403.9
CDR-D-2002669,2026-09-01 21:02:10,+25571197716,640024554178984,TZ-DAR-015,3G,tigo.internet,17.38,55.21,72.59,39,2.55,88.9,1.03,159.7
CDR-D-2002670,2026-09-03 20:14:50,+25577209385,640026964887772,TZ-DAR-003,5G,tigo.internet,479.43,2426.08,2905.5,18,171.92,20.4,0.04,6392.11
CDR-D-2002671,2026-09-04 02:16:21,+25577686179,640028288721755,TZ-KAH-001,4G,tigo.internet,241.8,907.63,1149.43,19,28.36,39.6,0.16,2528.74
CDR-D-2002672,2026-09-04 14:18:11,+25577826959,640025876924163,TZ-DAR-004,5G,tigo.pesa.app,612.6,3143.71,3756.31,6,62.64,26.9,0.09,0.0
CDR-D-2002673,2026-09-01 05:15:28,+25567682051,640022912189154,TZ-KIG-001,3G,tigo.internet,17.79,82.37,100.16,17,6.66,126.2,2.37,220.35
CDR-D-2002674,2026-09-03 16:13:05,+25571196783,640029403298062,TZ-SHI-001,3G,tigo.internet,23.55,75.57,99.13,59,1.65,93.0,1.69,218.08
CDR-D-2002675,2026-09-06 17:52:00,+25577398595,640025847023855,TZ-ARU-001,5G,tigo.internet,456.9,2228.6,2685.5,31,182.54,21.5,0.09,5908.1
CDR-D-2002676,2026-09-03 18:46:22,+25567691881,640026537714388,TZ-ZNZ-004,4G,tigo.mms,46.77,251.98,298.75,66,15.49,26.9,0.13,657.26
CDR-D-2002677,2026-09-01 14:27:46,+25571588002,640022317723211,TZ-SON-001,3G,tigo.pesa.app,8.55,26.42,34.96,69,6.12,104.0,1.52,0.0
CDR-D-2002678,2026-09-07 06:57:43,+25571360247,640028578226896,TZ-SNG-001,3G,tigo.internet,9.21,25.44,34.65,33,5.57,80.7,1.3,76.23
CDR-D-2002679,2026-09-02 21:01:11,+25571248766,640025173893550,TZ-KIL-001,4G,tigo.internet,65.98,393.99,459.97,70,52.38,47.4,0.16,1011.93
CDR-D-2002680,2026-09-06 21:23:02,+25565315621,640028606317217,TZ-DAR-011,4G,tigo.internet,35.15,172.78,207.93,55,52.58,39.1,0.43,457.45
CDR-D-2002681,2026-09-01 16:05:46,+25571150243,640025060219510,TZ-TAB-001,3G,tigo.internet,16.58,67.79,84.38,28,2.8,105.2,0.57,185.63
CDR-D-2002682,2026-09-04 22:18:55,+25571735604,640023392848202,TZ-ARU-001,5G,tigo.internet,256.7,1420.7,1677.4,84,76.8,12.7,0.06,3690.28
CDR-D-2002683,2026-09-02 04:11:22,+25571517955,640023764023878,TZ-KIL-001,4G,tigo.internet,178.54,657.6,836.14,29,12.59,31.7,0.08,1839.51
CDR-D-2002684,2026-09-07 01:13:29,+25577455652,640029065505125,TZ-ARU-001,5G,tigo.internet,95.54,398.16,493.7,34,59.23,12.4,0.13,1086.14
CDR-D-2002685,2026-09-07 18:18:43,+25565525006,640026304762771,TZ-DAR-006,4G,tigo.corporate,99.67,340.08,439.75,37,31.74,51.7,0.4,967.46
CDR-D-2002686,2026-09-02 05:10:37,+25565596427,640022463309671,TZ-DAR-003,5G,tigo.internet,420.64,3170.47,3591.11,61,250.59,23.1,0.09,7900.45
CDR-D-2002687,2026-09-07 11:22:51,+25577678874,640024922193193,TZ-ARU-001,5G,tigo.pesa.app,369.63,1516.09,1885.72,88,253.88,23.1,0.06,0.0
CDR-D-2002688,2026-09-07 02:51:33,+25577286049,640027911193831,TZ-DAR-009,4G,tigo.internet,61.11,248.87,309.98,53,57.63,41.4,0.36,681.96
CDR-D-2002689,2026-09-05 08:59:24,+25565497875,640029694199134,TZ-ARU-003,4G,tigo.corporate,203.01,735.52,938.53,38,42.06,46.7,0.16,2064.76
CDR-D-2002690,2026-09-04 02:28:49,+25571974364,640022852934216,TZ-MWA-002,4G,tigo.internet,47.08,296.73,343.81,3,58.19,32.1,0.13,756.38
CDR-D-2002691,2026-09-03 06:21:25,+25565456717,640023605585995,TZ-DAR-009,4G,tigo.internet,214.92,857.25,1072.17,58,34.62,47.1,0.39,2358.77
CDR-D-2002692,2026-09-04 05:39:01,+25567466975,640028394104918,TZ-TAB-001,3G,tigo.pesa.app,10.12,45.11,55.23,69,5.36,114.6,1.19,0.0
CDR-D-2002693,2026-09-06 12:12:21,+25567937302,640021749459431,TZ-DAR-002,4G,tigo.internet,227.56,796.52,1024.07,13,43.16,46.4,0.21,2252.96
CDR-D-2002694,2026-09-06 20:53:02,+25577293385,640028129326560,TZ-TAB-001,3G,tigo.pesa.app,7.32,34.53,41.85,69,1.56,66.6,2.53,0.0
CDR-D-2002695,2026-09-02 20:17:16,+25567614646,640027490269556,TZ-DOM-001,5G,tigo.corporate,367.76,1931.68,2299.44,60,267.34,17.4,0.04,5058.76
CDR-D-2002696,2026-09-02 21:04:19,+25567778058,640022822019158,TZ-DAR-002,4G,tigo.pesa.app,115.16,745.79,860.95,88,23.1,38.8,0.4,0.0
CDR-D-2002697,2026-09-05 13:22:21,+25577958271,640022653821070,TZ-ARU-001,5G,tigo.internet,599.22,3059.64,3658.86,17,229.18,23.5,0.15,8049.49
CDR-D-2002698,2026-09-06 01:12:04,+25565309905,640023605238011,TZ-DAR-006,4G,tigo.internet,170.5,716.94,887.44,14,58.41,53.0,0.32,1952.37
CDR-D-2002699,2026-09-02 10:58:06,+25567951266,640022295067571,TZ-TAR-001,3G,tigo.internet,1.49,7.44,8.93,30,5.23,86.7,1.39,19.64
CDR-D-2002700,2026-09-04 05:28:56,+25567112266,640022757235114,TZ-PWA-001,4G,tigo.pesa.app,90.4,558.78,649.18,23,45.43,25.8,0.22,0.0
CDR-D-2002701,2026-09-02 14:59:32,+25567213609,640023898400928,TZ-DAR-015,3G,tigo.internet,15.41,72.3,87.71,6,3.0,106.7,1.16,192.97
CDR-D-2002702,2026-09-02 11:02:59,+25565830847,640029283911005,TZ-DAR-004,5G,tigo.internet,279.17,1377.15,1656.32,48,123.56,21.8,0.12,3643.9
CDR-D-2002703,2026-09-06 08:45:56,+25571400748,640023082029167,TZ-TAN-001,4G,tigo.internet,40.01,161.13,201.14,35,42.36,35.0,0.13,442.52
CDR-D-2002704,2026-09-07 14:24:08,+25571391334,640022817174845,TZ-PWA-001,4G,tigo.internet,89.44,417.13,506.57,66,47.16,29.0,0.13,1114.45
CDR-D-2002705,2026-09-06 16:41:05,+25565340654,640027797813054,TZ-DAR-011,4G,tigo.internet,128.22,631.13,759.34,8,56.69,49.9,0.1,1670.55
CDR-D-2002706,2026-09-03 22:15:46,+25567679459,640022015168489,TZ-KIG-001,3G,tigo.mms,14.3,55.83,70.13,54,5.0,109.6,0.79,154.29
CDR-D-2002707,2026-09-05 20:03:15,+25571585289,640021233415299,TZ-SHI-001,3G,tigo.internet,12.4,37.36,49.77,84,5.51,125.8,1.66,109.48
CDR-D-2002708,2026-09-03 17:39:13,+25571562976,640028573538960,TZ-MBY-002,4G,tigo.pesa.app,118.25,457.36,575.6,15,53.55,45.3,0.37,0.0
CDR-D-2002709,2026-09-04 07:08:11,+25565799946,640029558483771,TZ-DAR-015,3G,tigo.internet,17.19,66.68,83.86,58,1.44,128.2,2.35,184.5
CDR-D-2002710,2026-09-05 00:23:54,+25571951000,640027640296994,TZ-MWA-001,5G,tigo.internet,356.22,1773.61,2129.83,59,268.39,14.0,0.06,4685.63
CDR-D-2002711,2026-09-02 22:01:12,+25565563348,640028284073512,TZ-DAR-001,5G,tigo.corporate,655.88,3177.23,3833.1,27,272.48,16.8,0.1,8432.83
CDR-D-2002712,2026-09-04 05:16:52,+25577818437,640027075558807,TZ-BUK-001,3G,tigo.pesa.app,8.93,27.78,36.71,56,4.19,136.2,2.41,0.0
CDR-D-2002713,2026-09-05 21:31:30,+25577689822,640028642345291,TZ-SNG-001,3G,tigo.internet,19.28,78.81,98.09,42,5.11,136.7,0.9,215.8
CDR-D-2002714,2026-09-07 19:25:52,+25571476712,640029931278947,TZ-DAR-012,5G,tigo.internet,377.76,1580.09,1957.85,48,223.99,12.3,0.12,4307.27
CDR-D-2002715,2026-09-04 23:22:05,+25571273659,640024037437944,TZ-DOM-001,5G,tigo.pesa.app,217.68,1614.8,1832.48,7,258.26,23.5,0.05,0.0
CDR-D-2002716,2026-09-02 03:42:00,+25565404561,640025475641477,TZ-KIG-001,3G,tigo.internet,20.63,60.86,81.49,38,4.83,113.8,1.32,179.27
CDR-D-2002717,2026-09-04 01:15:20,+25571824424,640026810639622,TZ-GEI-001,4G,tigo.corporate,93.31,318.63,411.95,79,52.0,54.1,0.42,906.29
CDR-D-2002718,2026-09-01 04:35:20,+25565767542,640025464285982,TZ-ARU-001,5G,tigo.pesa.app,358.72,2971.22,3329.94,56,264.87,23.7,0.03,0.0
CDR-D-2002719,2026-09-01 17:56:28,+25565215507,640026795403548,TZ-MWA-001,5G,tigo.internet,51.69,346.16,397.85,26,213.81,13.1,0.01,875.26
CDR-D-2002720,2026-09-03 07:54:47,+25565215507,640026795403548,TZ-MWA-001,5G,tigo.internet,202.8,828.27,1031.07,45,185.12,12.8,0.1,2268.36
CDR-D-2002721,2026-09-04 10:48:44,+25567330533,640029102064850,TZ-DAR-015,3G,tigo.internet,16.83,46.91,63.74,76,6.9,135.2,1.08,140.23
CDR-D-2002722,2026-09-06 04:19:50,+25577626449,640022567069461,TZ-DAR-001,5G,tigo.internet,252.51,1510.53,1763.05,67,129.81,14.2,0.11,3878.7
CDR-D-2002723,2026-09-05 21:42:43,+25565714825,640025050851541,TZ-TAN-002,3G,tigo.internet,3.74,15.41,19.15,22,1.74,86.3,0.81,42.13
CDR-D-2002724,2026-09-02 04:24:57,+25565424500,640028663811838,TZ-KIL-002,3G,tigo.internet,9.53,35.63,45.16,41,1.89,117.3,2.47,99.35
CDR-D-2002725,2026-09-04 05:20:46,+25565297831,640028146981710,TZ-DOM-001,5G,tigo.internet,299.2,1239.15,1538.34,50,104.94,24.1,0.13,3384.35
CDR-D-2002726,2026-09-02 03:31:26,+25565821347,640024520856549,TZ-DAR-009,4G,tigo.internet,80.6,343.8,424.4,25,19.58,25.8,0.24,933.67
CDR-D-2002727,2026-09-03 13:47:50,+25571197716,640024554178984,TZ-DAR-015,3G,tigo.internet,10.27,34.63,44.89,41,4.03,66.0,1.28,98.76
CDR-D-2002728,2026-09-01 17:11:39,+25577665148,640024148407142,TZ-DAR-013,5G,tigo.internet,438.62,2902.54,3341.16,35,118.47,12.7,0.05,7350.56
CDR-D-2002729,2026-09-02 10:57:26,+25567520415,640023923089394,TZ-NJO-001,3G,tigo.internet,14.81,41.33,56.14,72,3.08,110.0,1.84,123.51
CDR-D-2002730,2026-09-05 10:21:13,+25571711868,640023063511828,TZ-DAR-002,4G,tigo.internet,99.53,469.51,569.05,23,26.12,33.0,0.24,1251.9
CDR-D-2002731,2026-09-05 18:19:07,+25577785864,640022707272205,TZ-ZNZ-004,4G,tigo.internet,143.37,856.14,999.51,64,39.53,28.1,0.36,2198.93
CDR-D-2002732,2026-09-05 00:38:20,+25577464863,640027048809022,TZ-TAN-002,3G,tigo.internet,25.83,73.3,99.13,55,3.41,98.5,2.02,218.09
CDR-D-2002733,2026-09-02 13:39:30,+25577379901,640028832777853,TZ-DAR-002,4G,tigo.internet,131.49,650.15,781.64,81,45.48,43.3,0.41,1719.61
CDR-D-2002734,2026-09-05 17:35:01,+25571897376,640022308423044,TZ-DAR-015,3G,tigo.internet,9.19,44.87,54.06,21,5.55,67.2,2.03,118.92
CDR-D-2002735,2026-09-02 10:45:36,+25565309905,640023605238011,TZ-DAR-006,4G,tigo.internet,109.04,485.4,594.44,55,44.57,43.5,0.08,1307.76
CDR-D-2002736,2026-09-06 06:30:51,+25577355570,640025916199809,TZ-PEM-001,3G,tigo.pesa.app,14.66,58.61,73.27,85,3.11,85.0,2.67,0.0
CDR-D-2002737,2026-09-06 14:38:37,+25565152973,640029578627236,TZ-MOR-001,4G,tigo.corporate,14.19,54.66,68.85,68,37.86,39.7,0.41,151.47
CDR-D-2002738,2026-09-01 08:06:16,+25567797416,640026389710636,TZ-DAR-007,4G,tigo.internet,145.22,884.72,1029.93,51,53.43,27.6,0.1,2265.86
CDR-D-2002739,2026-09-06 11:41:19,+25577486469,640028674417535,TZ-TAN-002,3G,tigo.internet,12.27,41.47,53.74,85,4.17,77.2,2.4,118.23
CDR-D-2002740,2026-09-03 04:16:43,+25577312511,640025723086286,TZ-TAN-001,4G,tigo.internet,108.09,387.24,495.33,2,23.39,41.7,0.37,1089.72
CDR-D-2002741,2026-09-03 02:43:22,+25571378199,640027177751894,TZ-DOM-001,5G,tigo.corporate,311.92,1891.44,2203.36,90,169.46,24.8,0.14,4847.38
CDR-D-2002742,2026-09-06 12:12:56,+25567199696,640021359438635,TZ-PEM-001,3G,tigo.pesa.app,5.64,15.02,20.66,39,1.61,82.2,1.76,0.0
CDR-D-2002743,2026-09-07 15:30:06,+25577860448,640024973004177,TZ-KIG-001,3G,tigo.internet,23.38,72.71,96.09,2,1.49,122.1,2.74,211.39
CDR-D-2002744,2026-09-02 06:32:06,+25577138805,640025462987469,TZ-TAN-001,4G,tigo.internet,149.2,602.67,751.88,16,35.75,38.7,0.25,1654.13
CDR-D-2002745,2026-09-03 05:06:19,+25577372660,640023307863942,TZ-KAH-001,4G,tigo.internet,141.77,731.03,872.8,30,61.71,50.0,0.3,1920.16
CDR-D-2002746,2026-09-06 14:40:07,+25577310541,640025275891045,TZ-DAR-006,4G,tigo.corporate,116.42,581.97,698.4,26,13.31,43.1,0.45,1536.47
CDR-D-2002747,2026-09-07 14:57:07,+25571542981,640025823732987,TZ-MBY-001,4G,tigo.corporate,47.38,212.75,260.13,19,34.71,49.3,0.3,572.28
CDR-D-2002748,2026-09-07 01:03:50,+25565478873,640026972537466,TZ-ZNZ-003,4G,tigo.internet,66.33,308.81,375.14,12,36.52,36.1,0.32,825.31
CDR-D-2002749,2026-09-02 04:57:08,+25577493214,640026349956494,TZ-PWA-002,4G,tigo.pesa.app,105.96,646.14,752.1,58,14.32,37.4,0.18,0.0
CDR-D-2002750,2026-09-03 17:41:03,+25565878476,640022670255496,TZ-NJO-001,3G,tigo.corporate,11.8,39.51,51.31,29,2.19,130.2,1.83,112.87
CDR-D-2002751,2026-09-07 02:06:45,+25567319310,640029888835194,TZ-DAR-009,4G,tigo.corporate,64.43,294.66,359.08,44,45.99,44.2,0.21,789.98
CDR-D-2002752,2026-09-07 00:01:11,+25565406616,640027003585379,TZ-ZNZ-001,5G,tigo.internet,673.54,2947.47,3621.01,21,184.91,22.8,0.06,7966.22
CDR-D-2002753,2026-09-02 18:20:20,+25577543588,640026092773357,TZ-MWA-003,4G,tigo.internet,130.48,608.92,739.4,31,26.75,44.2,0.14,1626.69
CDR-D-2002754,2026-09-01 03:08:29,+25565366366,640029149673063,TZ-BUK-001,3G,tigo.internet,10.19,34.46,44.66,73,3.3,67.0,0.51,98.25
CDR-D-2002755,2026-09-03 23:47:15,+25565913934,640026795522649,TZ-ZNZ-004,4G,tigo.internet,70.84,463.53,534.38,77,38.26,36.5,0.18,1175.63
CDR-D-2002756,2026-09-01 04:53:34,+25577806007,640022037468443,TZ-TAR-001,3G,tigo.internet,7.48,22.79,30.27,81,4.98,106.2,1.48,66.6
CDR-D-2002757,2026-09-06 15:58:35,+25565226889,640021103548562,TZ-KIL-001,4G,tigo.internet,9.95,38.07,48.01,75,46.31,27.9,0.08,105.63
CDR-D-2002758,2026-09-04 21:28:29,+25565379714,640025417744298,TZ-DAR-014,3G,tigo.internet,10.04,39.06,49.1,6,6.74,79.1,1.73,108.03
CDR-D-2002759,2026-09-04 18:57:21,+25567106887,640021952996130,TZ-DOM-003,4G,tigo.corporate,51.23,326.19,377.42,59,44.29,51.6,0.22,830.33
CDR-D-2002760,2026-09-02 16:51:19,+25577199937,640024830354490,TZ-DAR-007,4G,tigo.corporate,217.23,796.93,1014.17,12,55.76,41.9,0.43,2231.17
CDR-D-2002761,2026-09-01 16:50:11,+25571542981,640025823732987,TZ-MBY-001,4G,tigo.internet,115.56,553.37,668.93,11,29.46,44.6,0.2,1471.65
CDR-D-2002762,2026-09-02 22:03:31,+25571426558,640027340417431,TZ-ZNZ-001,5G,tigo.pesa.app,148.06,864.66,1012.71,80,158.27,21.1,0.06,0.0
CDR-D-2002763,2026-09-02 17:18:07,+25565835165,640022691239817,TZ-TAN-003,3G,tigo.internet,22.89,60.74,83.63,66,2.39,120.9,2.55,183.98
CDR-D-2002764,2026-09-05 09:00:39,+25567916808,640029056616444,TZ-DAR-004,5G,tigo.internet,240.78,1491.59,1732.37,19,211.46,19.4,0.15,3811.21
CDR-D-2002765,2026-09-04 10:00:34,+25577713513,640023080515301,TZ-DAR-009,4G,tigo.internet,41.18,159.31,200.49,63,21.97,35.9,0.34,441.09
CDR-D-2002766,2026-09-04 14:30:57,+25571715357,640027754396844,TZ-IRI-001,4G,tigo.corporate,220.22,742.52,962.74,37,59.05,27.7,0.39,2118.02
CDR-D-2002767,2026-09-02 06:41:44,+25577504848,640025884526046,TZ-DAR-005,4G,tigo.internet,32.72,159.06,191.78,32,61.02,46.8,0.43,421.91
CDR-D-2002768,2026-09-02 11:24:29,+25565138436,640027664045502,TZ-ZNZ-002,4G,tigo.internet,169.05,797.22,966.27,19,35.76,47.4,0.21,2125.79
CDR-D-2002769,2026-09-02 01:42:29,+25577188759,640027901388916,TZ-DAR-012,5G,tigo.internet,504.55,2451.0,2955.55,25,151.22,18.8,0.07,6502.2
CDR-D-2002770,2026-09-07 22:13:27,+25577521195,640028524625316,TZ-MBY-001,4G,tigo.internet,79.62,378.83,458.45,44,24.96,44.3,0.28,1008.58
CDR-D-2002771,2026-09-02 21:36:40,+25577100716,640023637688758,TZ-DAR-002,4G,tigo.internet,186.73,694.19,880.92,62,18.01,31.3,0.2,1938.01
CDR-D-2002772,2026-09-05 19:31:58,+25577467544,640025714658227,TZ-TAB-001,3G,tigo.internet,13.61,53.92,67.54,15,5.61,80.4,2.74,148.58
CDR-D-2002773,2026-09-06 16:07:21,+25567779259,640021872395778,TZ-SON-001,3G,tigo.internet,15.56,76.68,92.24,17,4.92,95.0,2.7,202.92
CDR-D-2002774,2026-09-06 17:33:26,+25577787120,640023166860023,TZ-DAR-013,5G,tigo.internet,430.08,2866.76,3296.84,68,85.17,26.8,0.01,7253.05
CDR-D-2002775,2026-09-06 19:54:02,+25565714867,640024735313433,TZ-DAR-010,4G,tigo.internet,49.32,319.19,368.5,54,53.94,30.5,0.16,810.7
CDR-D-2002776,2026-09-05 02:50:24,+25567988954,640024340450663,TZ-SHI-001,3G,tigo.internet,16.21,80.18,96.39,88,6.68,112.9,2.48,212.06
CDR-D-2002777,2026-09-03 01:27:17,+25571854500,640028822438146,TZ-DAR-015,3G,tigo.internet,12.59,50.2,62.79,44,6.32,125.8,2.8,138.14
CDR-D-2002778,2026-09-04 01:37:04,+25577806007,640022037468443,TZ-TAR-001,3G,tigo.internet,8.2,30.56,38.76,85,4.25,113.9,1.8,85.28
CDR-D-2002779,2026-09-04 18:08:55,+25571612088,640025405679981,TZ-GEI-001,4G,tigo.pesa.app,131.79,621.65,753.43,19,44.3,49.8,0.33,0.0
CDR-D-2002780,2026-09-04 14:53:07,+25577332142,640027833655625,TZ-TAR-001,3G,tigo.internet,19.5,74.07,93.57,40,6.2,129.6,1.48,205.84
CDR-D-2002781,2026-09-01 06:39:24,+25567108286,640028846920528,TZ-MOR-001,4G,tigo.internet,37.74,228.5,266.25,90,50.25,50.8,0.22,585.74
CDR-D-2002782,2026-09-02 16:40:56,+25577639926,640021807174408,TZ-NJO-001,3G,tigo.pesa.app,6.5,17.14,23.64,81,1.5,135.9,2.73,0.0
CDR-D-2002783,2026-09-07 13:47:55,+25567951266,640022295067571,TZ-TAR-001,3G,tigo.pesa.app,9.21,41.16,50.38,58,7.0,80.0,2.4,0.0
CDR-D-2002784,2026-09-03 03:52:14,+25567839525,640028979273911,TZ-KAH-001,4G,tigo.internet,162.69,545.78,708.47,5,53.48,30.2,0.12,1558.63
CDR-D-2002785,2026-09-02 18:29:57,+25577860939,640023897756110,TZ-SNG-001,3G,tigo.internet,28.92,73.71,102.62,38,6.33,121.9,1.98,225.77
CDR-D-2002786,2026-09-07 14:09:08,+25565447067,640027699500243,TZ-KIL-003,3G,tigo.internet,5.26,19.51,24.77,23,1.91,137.1,2.03,54.49
CDR-D-2002787,2026-09-01 21:36:23,+25571154398,640021869986241,TZ-DAR-004,5G,tigo.internet,70.94,394.41,465.35,25,81.86,16.7,0.14,1023.78
CDR-D-2002788,2026-09-05 20:41:22,+25565883714,640025865058976,TZ-DAR-015,3G,tigo.internet,21.89,62.32,84.21,82,7.27,73.7,0.82,185.27
CDR-D-2002789,2026-09-02 16:42:17,+25567595043,640022988055189,TZ-ARU-001,5G,tigo.internet,237.81,1612.99,1850.81,8,230.83,15.1,0.03,4071.77
CDR-D-2002790,2026-09-05 22:15:30,+25571414849,640024052772528,TZ-ZNZ-003,4G,tigo.mms,158.09,842.47,1000.56,39,15.67,38.2,0.35,2201.24
CDR-D-2002791,2026-09-01 05:12:21,+25577500098,640028216755528,TZ-DAR-006,4G,tigo.internet,70.31,464.38,534.69,86,34.53,25.4,0.19,1176.32
CDR-D-2002792,2026-09-02 07:07:03,+25571877444,640027213328054,TZ-ARU-002,4G,tigo.pesa.app,208.64,782.8,991.44,85,14.12,32.4,0.26,0.0
CDR-D-2002793,2026-09-04 02:54:51,+25565599387,640026217459270,TZ-PWA-002,4G,tigo.internet,193.05,767.69,960.74,73,35.23,46.1,0.45,2113.63
CDR-D-2002794,2026-09-02 13:51:47,+25565103876,640023743483601,TZ-KIG-001,3G,tigo.internet,4.86,20.61,25.47,37,2.18,91.2,1.06,56.03
CDR-D-2002795,2026-09-03 19:04:03,+25577543824,640024843660761,TZ-TAN-001,4G,tigo.corporate,36.16,139.72,175.88,71,55.27,47.4,0.2,386.93
CDR-D-2002796,2026-09-07 05:13:57,+25571759675,640021413202112,TZ-DOM-001,5G,tigo.internet,47.87,212.63,260.5,63,274.35,20.0,0.03,573.1
CDR-D-2002797,2026-09-05 14:11:10,+25567478662,640029391882993,TZ-DAR-002,4G,tigo.internet,154.31,558.56,712.86,18,50.67,29.9,0.19,1568.3
CDR-D-2002798,2026-09-07 06:14:20,+25571706012,640024139249064,TZ-SHI-001,3G,tigo.internet,14.03,45.68,59.7,25,3.36,88.2,0.63,131.34
CDR-D-2002799,2026-09-04 10:11:56,+25571857168,640024919706735,TZ-DOM-001,5G,tigo.internet,325.36,1945.23,2270.6,3,73.9,12.8,0.12,4995.31
CDR-D-2002800,2026-09-01 20:50:20,+25577813446,640027984434647,TZ-KIL-002,3G,tigo.internet,18.92,55.73,74.65,15,1.61,104.9,0.98,164.23
CDR-D-2002801,2026-09-06 16:10:43,+25565799330,640025736462531,TZ-MTW-001,4G,tigo.corporate,189.31,908.65,1097.96,77,22.51,44.3,0.19,2415.52
CDR-D-2002802,2026-09-06 23:07:48,+25577218238,640023747921408,TZ-PWA-001,4G,tigo.internet,163.28,599.98,763.26,10,61.16,34.6,0.27,1679.16
CDR-D-2002803,2026-09-02 22:10:33,+25577557861,640027545252618,TZ-DAR-014,3G,tigo.internet,24.37,62.6,86.97,44,7.34,88.6,1.44,191.33
CDR-D-2002804,2026-09-06 04:25:45,+25571938139,640022363123471,TZ-MBY-002,4G,tigo.internet,46.51,178.25,224.77,74,59.86,39.9,0.16,494.49
CDR-D-2002805,2026-09-06 17:27:10,+25577854124,640028264535316,TZ-MBY-001,4G,tigo.internet,226.64,898.18,1124.83,71,24.99,34.0,0.24,2474.62
CDR-D-2002806,2026-09-01 19:07:21,+25565701568,640024857962086,TZ-MWA-002,4G,tigo.internet,223.54,848.91,1072.45,23,24.11,29.5,0.27,2359.39
CDR-D-2002807,2026-09-05 05:30:02,+25571585968,640021362645516,TZ-ARU-002,4G,tigo.internet,57.2,318.11,375.31,20,49.33,54.9,0.29,825.69
CDR-D-2002808,2026-09-03 14:32:35,+25567710224,640024147025728,TZ-MWA-002,4G,tigo.corporate,8.17,27.43,35.6,3,12.68,26.1,0.1,78.32
CDR-D-2002809,2026-09-07 19:02:15,+25565229144,640025455441991,TZ-DAR-007,4G,tigo.internet,132.19,878.59,1010.78,74,21.4,45.7,0.14,2223.71
CDR-D-2002810,2026-09-01 14:40:58,+25565965620,640028002154568,TZ-MOR-001,4G,tigo.corporate,166.75,677.3,844.05,8,62.15,44.8,0.17,1856.91
CDR-D-2002811,2026-09-04 21:52:45,+25577766076,640029769785826,TZ-MTW-001,4G,tigo.pesa.app,57.47,338.43,395.9,68,45.3,36.7,0.06,0.0
CDR-D-2002812,2026-09-03 16:51:03,+25577209385,640026964887772,TZ-DAR-003,5G,tigo.internet,435.34,2349.01,2784.35,82,193.93,19.8,0.06,6125.57
CDR-D-2002813,2026-09-05 13:21:40,+25565641704,640028235474949,TZ-DAR-012,5G,tigo.internet,278.18,2095.27,2373.46,81,199.52,24.3,0.11,5221.6
CDR-D-2002814,2026-09-05 13:41:55,+25565345101,640028065803509,TZ-TAB-001,3G,tigo.internet,26.45,71.48,97.93,64,4.8,117.3,2.37,215.45
CDR-D-2002815,2026-09-06 15:30:03,+25577599028,640025534356444,TZ-TAN-002,3G,tigo.internet,18.13,46.27,64.4,56,3.82,120.4,0.63,141.68
CDR-D-2002816,2026-09-07 10:27:53,+25567531204,640027193134742,TZ-KIG-001,3G,tigo.corporate,7.7,29.98,37.68,89,1.71,78.3,2.6,82.9
CDR-D-2002817,2026-09-01 21:01:16,+25571475727,640023538897827,TZ-TAR-001,3G,tigo.internet,10.75,38.14,48.89,72,4.14,114.7,2.1,107.56
CDR-D-2002818,2026-09-06 18:18:10,+25571470534,640025129350848,TZ-BUK-001,3G,tigo.internet,11.25,49.65,60.9,64,3.47,126.7,0.65,133.97
CDR-D-2002819,2026-09-02 09:39:38,+25571475727,640023538897827,TZ-TAR-001,3G,tigo.internet,8.63,26.47,35.1,16,6.57,72.0,2.39,77.23
CDR-D-2002820,2026-09-02 03:21:50,+25565211957,640021564985269,TZ-TAB-001,3G,tigo.internet,21.35,67.49,88.84,49,1.84,125.9,0.94,195.45
CDR-D-2002821,2026-09-06 07:33:26,+25577548665,640021518849078,TZ-DAR-001,5G,tigo.corporate,487.72,2304.46,2792.18,27,145.24,27.6,0.04,6142.8
CDR-D-2002822,2026-09-06 06:36:46,+25577686095,640025498095763,TZ-KIL-001,4G,tigo.internet,110.95,594.58,705.53,35,28.05,54.0,0.26,1552.17
CDR-D-2002823,2026-09-06 10:37:05,+25567177103,640027656585531,TZ-KIL-001,4G,tigo.internet,13.16,52.38,65.54,48,64.7,41.5,0.12,144.19
CDR-D-2002824,2026-09-04 02:38:54,+25565927050,640021044833889,TZ-NJO-001,3G,tigo.internet,6.1,18.86,24.96,86,2.36,121.1,2.08,54.91
CDR-D-2002825,2026-09-03 18:31:01,+25565913934,640026795522649,TZ-ZNZ-004,4G,tigo.internet,67.34,224.9,292.23,7,22.99,35.8,0.22,642.91
CDR-D-2002826,2026-09-03 03:24:33,+25577100716,640023637688758,TZ-DAR-002,4G,tigo.internet,163.83,775.52,939.35,89,50.23,36.1,0.24,2066.57
CDR-D-2002827,2026-09-02 17:01:04,+25571869946,640026947922164,TZ-ZNZ-001,5G,tigo.internet,157.28,1206.72,1364.0,69,166.68,13.1,0.04,3000.79
CDR-D-2002828,2026-09-07 01:27:52,+25565269748,640026999053983,TZ-KIG-001,3G,tigo.pesa.app,18.27,77.31,95.58,43,3.24,113.7,1.61,0.0
CDR-D-2002829,2026-09-07 11:24:41,+25571537859,640026915482645,TZ-MWA-003,4G,tigo.pesa.app,59.67,212.94,272.61,42,16.26,52.8,0.05,0.0
CDR-D-2002830,2026-09-04 08:35:26,+25567675191,640022910594463,TZ-MWA-002,4G,tigo.internet,80.92,313.94,394.86,14,17.11,48.6,0.36,868.69
CDR-D-2002831,2026-09-02 21:40:45,+25577823415,640028948573913,TZ-DAR-011,4G,tigo.internet,80.99,337.2,418.19,57,22.61,29.8,0.41,920.01
CDR-D-2002832,2026-09-07 06:58:23,+25567302177,640024473829163,TZ-ARU-002,4G,tigo.mms,143.12,670.59,813.71,70,23.91,30.6,0.4,1790.16
CDR-D-2002833,2026-09-01 17:22:10,+25577439173,640022936540028,TZ-DAR-006,4G,tigo.internet,215.79,787.76,1003.55,28,46.74,36.4,0.37,2207.81
CDR-D-2002834,2026-09-05 17:11:51,+25571545555,640029684659369,TZ-ZNZ-004,4G,tigo.internet,56.4,226.03,282.43,89,29.5,47.3,0.28,621.35
CDR-D-2002835,2026-09-04 22:48:48,+25567140220,640022861342732,TZ-MBY-002,4G,tigo.corporate,158.19,627.17,785.36,23,59.38,29.4,0.06,1727.79
CDR-D-2002836,2026-09-07 23:34:01,+25565466718,640021468853596,TZ-KAH-001,4G,tigo.internet,52.31,288.88,341.19,23,19.67,47.4,0.37,750.61
CDR-D-2002837,2026-09-02 10:04:46,+25577801569,640024900179544,TZ-MWA-001,5G,tigo.internet,148.68,1102.04,1250.73,30,71.11,15.3,0.05,2751.6
CDR-D-2002838,2026-09-05 05:34:52,+25577955015,640027627266377,TZ-IRI-001,4G,tigo.internet,65.32,250.62,315.94,65,14.64,48.3,0.31,695.07
CDR-D-2002839,2026-09-06 08:42:44,+25571447688,640023020792127,TZ-DAR-011,4G,tigo.internet,193.86,850.14,1044.0,66,53.88,38.7,0.19,2296.8
CDR-D-2002840,2026-09-04 19:22:44,+25571525167,640029649635759,TZ-PWA-001,4G,tigo.corporate,6.64,29.81,36.45,13,45.32,47.3,0.4,80.2
CDR-D-2002841,2026-09-01 07:30:05,+25577258070,640026518878906,TZ-DAR-011,4G,tigo.internet,155.68,558.5,714.18,59,39.75,43.6,0.09,1571.19
CDR-D-2002842,2026-09-07 19:48:04,+25567833723,640027614170462,TZ-PWA-002,4G,tigo.corporate,194.84,920.67,1115.51,68,26.18,44.3,0.28,2454.12
CDR-D-2002843,2026-09-02 03:54:31,+25567387150,640027385051823,TZ-DAR-007,4G,tigo.internet,91.16,529.85,621.01,74,28.73,51.1,0.31,1366.21
CDR-D-2002844,2026-09-03 09:37:38,+25565611559,640023453846612,TZ-DOM-003,4G,tigo.internet,98.91,466.79,565.69,60,38.78,33.0,0.35,1244.53
CDR-D-2002845,2026-09-01 08:55:14,+25577708519,640024847761430,TZ-DAR-010,4G,tigo.internet,174.07,729.14,903.21,33,58.65,43.3,0.42,1987.06
CDR-D-2002846,2026-09-04 12:24:31,+25577858705,640027402059279,TZ-DOM-001,5G,tigo.internet,301.48,1947.31,2248.78,34,51.44,14.5,0.03,4947.32
CDR-D-2002847,2026-09-03 18:10:47,+25565405980,640023171512258,TZ-MWA-003,4G,tigo.pesa.app,107.78,567.15,674.93,50,50.93,33.2,0.44,0.0
CDR-D-2002848,2026-09-03 04:38:02,+25567116391,640027914398496,TZ-MBY-002,4G,tigo.internet,78.5,282.49,360.99,4,16.97,29.5,0.12,794.17
CDR-D-2002849,2026-09-07 11:53:53,+25565867324,640022860212181,TZ-SON-001,3G,tigo.internet,15.08,45.86,60.94,21,1.36,117.3,2.35,134.07
CDR-D-2002850,2026-09-02 06:16:21,+25567218881,640026728563635,TZ-TAN-001,4G,tigo.internet,67.16,376.16,443.31,72,12.47,50.5,0.17,975.29
CDR-D-2002851,2026-09-07 19:53:18,+25577935527,640025669015536,TZ-PWA-001,4G,tigo.internet,45.79,237.32,283.11,5,38.23,25.8,0.07,622.84
CDR-D-2002852,2026-09-01 00:23:04,+25565672092,640023373077218,TZ-DAR-003,5G,tigo.internet,108.41,692.94,801.34,16,246.13,25.2,0.13,1762.96
CDR-D-2002853,2026-09-07 14:07:27,+25571587506,640024462726923,TZ-DAR-011,4G,tigo.internet,221.23,761.56,982.79,23,32.57,40.8,0.1,2162.13
CDR-D-2002854,2026-09-06 20:13:53,+25567916101,640022081687203,TZ-ARU-003,4G,tigo.internet,80.17,531.8,611.97,28,62.97,39.6,0.23,1346.33
CDR-D-2002855,2026-09-01 17:44:36,+25571869946,640026947922164,TZ-ZNZ-001,5G,tigo.pesa.app,50.07,332.78,382.85,37,137.1,17.8,0.09,0.0
CDR-D-2002856,2026-09-07 08:10:37,+25571204291,640022108931441,TZ-DAR-011,4G,tigo.corporate,75.65,464.18,539.83,47,15.82,41.7,0.16,1187.63
CDR-D-2002857,2026-09-07 22:26:11,+25567492125,640024519045785,TZ-TAB-001,3G,tigo.internet,9.39,28.47,37.87,10,1.25,115.1,0.84,83.3
CDR-D-2002858,2026-09-05 03:43:43,+25567121838,640021330614006,TZ-PWA-001,4G,tigo.internet,36.53,185.69,222.22,52,12.75,31.7,0.09,488.89
CDR-D-2002859,2026-09-02 19:31:36,+25565615353,640022849761315,TZ-TND-001,3G,tigo.internet,16.62,44.2,60.82,89,4.59,94.7,2.39,133.81
CDR-D-2002860,2026-09-04 14:52:17,+25565619333,640021066970190,TZ-KIG-001,3G,tigo.internet,24.14,74.55,98.69,61,1.73,124.3,2.08,217.12
CDR-D-2002861,2026-09-07 07:10:56,+25577821211,640028329312966,TZ-ARU-002,4G,tigo.internet,125.24,636.84,762.08,19,47.31,49.3,0.09,1676.57
CDR-D-2002862,2026-09-01 06:40:39,+25567489759,640027947345952,TZ-MTW-001,4G,tigo.pesa.app,193.36,756.53,949.89,49,36.83,33.0,0.11,0.0
CDR-D-2002863,2026-09-04 02:37:11,+25577372660,640023307863942,TZ-KAH-001,4G,tigo.corporate,51.12,204.96,256.09,23,46.03,34.6,0.37,563.39
CDR-D-2002864,2026-09-03 11:34:48,+25565583694,640021666660868,TZ-DAR-009,4G,tigo.internet,120.82,518.8,639.63,71,54.53,27.9,0.15,1407.18
CDR-D-2002865,2026-09-06 05:13:26,+25571641386,640024218845963,TZ-DAR-003,5G,tigo.internet,65.64,472.83,538.48,15,216.61,21.2,0.12,1184.65
CDR-D-2002866,2026-09-07 21:01:02,+25571915509,640026936078258,TZ-TND-001,3G,tigo.pesa.app,7.93,29.97,37.9,21,1.97,133.1,0.87,0.0
CDR-D-2002867,2026-09-03 13:44:27,+25565103876,640023743483601,TZ-KIG-001,3G,tigo.internet,16.35,45.93,62.28,6,6.13,116.8,1.9,137.01
CDR-D-2002868,2026-09-07 15:38:28,+25571966713,640025014410308,TZ-MOR-001,4G,tigo.internet,156.55,888.64,1045.2,56,44.55,53.5,0.13,2299.43
CDR-D-2002869,2026-09-02 20:22:51,+25567584867,640026350622684,TZ-DAR-003,5G,tigo.internet,260.38,1520.47,1780.85,50,260.71,15.8,0.01,3917.87
CDR-D-2002870,2026-09-04 03:43:02,+25567287664,640027233249942,TZ-TAN-001,4G,tigo.pesa.app,65.95,412.43,478.38,66,31.05,41.1,0.36,0.0
CDR-D-2002871,2026-09-07 04:24:56,+25571564077,640029632663990,TZ-DAR-004,5G,tigo.internet,36.08,259.05,295.13,5,263.95,23.5,0.01,649.29
CDR-D-2002872,2026-09-02 01:17:20,+25577293385,640028129326560,TZ-TAB-001,3G,tigo.pesa.app,19.53,78.55,98.08,89,6.02,78.0,0.73,0.0
CDR-D-2002873,2026-09-06 12:28:34,+25567993891,640026903558431,TZ-ARU-003,4G,tigo.internet,25.99,116.09,142.08,41,54.16,43.5,0.24,312.58
CDR-D-2002874,2026-09-02 08:18:46,+25567382795,640026163456469,TZ-GEI-001,4G,tigo.internet,184.02,893.59,1077.61,32,12.12,25.9,0.28,2370.73
CDR-D-2002875,2026-09-04 23:58:47,+25577251239,640027815565318,TZ-DAR-005,4G,tigo.corporate,190.84,729.45,920.28,27,38.58,25.2,0.23,2024.63
CDR-D-2002876,2026-09-05 20:37:09,+25565144832,640024198865421,TZ-DAR-008,4G,tigo.internet,145.63,654.56,800.19,56,14.22,31.2,0.23,1760.41
CDR-D-2002877,2026-09-05 16:57:52,+25577367124,640021870109340,TZ-MTW-001,4G,tigo.internet,53.54,339.89,393.43,26,19.75,49.7,0.4,865.55
CDR-D-2002878,2026-09-01 23:55:17,+25577426592,640021848411797,TZ-MBY-002,4G,tigo.internet,100.25,389.52,489.77,24,43.12,50.7,0.14,1077.5
CDR-D-2002879,2026-09-03 02:32:41,+25571387552,640024995004351,TZ-KIL-001,4G,tigo.corporate,7.53,49.56,57.09,79,60.94,28.9,0.17,125.6
CDR-D-2002880,2026-09-03 12:45:56,+25565187496,640025036616886,TZ-IRI-001,4G,tigo.internet,126.22,706.81,833.02,76,28.3,44.6,0.19,1832.65
CDR-D-2002881,2026-09-07 13:16:20,+25565440786,640025916991713,TZ-SON-001,3G,tigo.internet,15.4,58.99,74.39,69,3.33,110.7,2.26,163.66
CDR-D-2002882,2026-09-04 18:40:02,+25565587888,640024593227236,TZ-DAR-011,4G,tigo.internet,53.47,299.27,352.74,33,48.02,42.4,0.25,776.02
CDR-D-2002883,2026-09-05 16:33:43,+25567638857,640021412129737,TZ-NJO-001,3G,tigo.internet,10.42,44.13,54.55,41,4.31,122.7,2.64,120.01
CDR-D-2002884,2026-09-04 17:25:47,+25567201866,640021950578005,TZ-TAB-001,3G,tigo.internet,15.92,44.03,59.95,61,6.39,76.2,2.12,131.88
CDR-D-2002885,2026-09-06 18:25:41,+25565775591,640024661549914,TZ-TAN-003,3G,tigo.pesa.app,19.95,55.24,75.2,30,6.92,111.9,2.78,0.0
CDR-D-2002886,2026-09-07 17:18:45,+25571756596,640022973888646,TZ-DAR-013,5G,tigo.internet,265.65,1252.14,1517.79,6,146.16,23.5,0.04,3339.13
CDR-D-2002887,2026-09-06 18:27:20,+25577985049,640029891010459,TZ-DOM-003,4G,tigo.internet,119.36,674.56,793.92,22,58.38,27.2,0.15,1746.62
CDR-D-2002888,2026-09-07 17:22:35,+25577120773,640028567428724,TZ-DAR-010,4G,tigo.internet,86.51,404.66,491.17,66,27.4,47.5,0.22,1080.56
CDR-D-2002889,2026-09-06 04:32:09,+25567271456,640025683197659,TZ-DAR-015,3G,tigo.corporate,6.73,19.84,26.57,32,5.37,84.0,0.95,58.46
CDR-D-2002890,2026-09-01 16:16:24,+25565629435,640023449142215,TZ-TAN-002,3G,tigo.internet,11.97,37.08,49.05,44,2.89,122.5,0.6,107.92
CDR-D-2002891,2026-09-06 03:12:32,+25571949884,640029868845806,TZ-MOR-001,4G,tigo.pesa.app,71.5,253.38,324.88,18,32.55,33.4,0.39,0.0
CDR-D-2002892,2026-09-01 15:44:10,+25565301224,640026236751117,TZ-SHI-001,3G,tigo.internet,14.47,66.09,80.56,15,6.08,110.1,1.2,177.24
CDR-D-2002893,2026-09-06 18:45:50,+25565419409,640027735563741,TZ-DAR-011,4G,tigo.internet,56.23,239.1,295.33,65,64.88,44.5,0.07,649.72
CDR-D-2002894,2026-09-06 05:37:42,+25565569063,640024839649408,TZ-KIL-001,4G,tigo.internet,26.37,93.28,119.65,80,48.92,49.8,0.19,263.23
CDR-D-2002895,2026-09-07 05:34:51,+25565658352,640026727034720,TZ-DAR-009,4G,tigo.internet,45.96,171.91,217.87,16,22.49,40.7,0.22,479.32
CDR-D-2002896,2026-09-05 01:05:15,+25577322675,640021719505873,TZ-DAR-015,3G,tigo.internet,16.31,49.25,65.56,75,2.56,105.9,1.61,144.23
CDR-D-2002897,2026-09-03 04:17:14,+25567346120,640025372837607,TZ-MTW-001,4G,tigo.pesa.app,136.44,611.58,748.02,8,26.22,35.6,0.45,0.0
CDR-D-2002898,2026-09-02 10:20:33,+25571355135,640025632753983,TZ-MBY-002,4G,tigo.corporate,105.27,541.73,647.0,25,24.96,38.3,0.2,1423.4
CDR-D-2002899,2026-09-06 08:46:53,+25565982608,640025824092354,TZ-DAR-011,4G,tigo.internet,72.89,261.73,334.62,77,24.79,49.6,0.08,736.17
CDR-D-2002900,2026-09-04 00:42:12,+25567479742,640023436297208,TZ-DOM-003,4G,tigo.internet,259.31,934.09,1193.4,59,60.2,28.7,0.2,2625.49
CDR-D-2002901,2026-09-06 22:06:17,+25565883041,640025683143581,TZ-DAR-003,5G,tigo.internet,77.82,346.74,424.55,4,115.31,15.1,0.04,934.02
CDR-D-2002902,2026-09-04 16:42:56,+25571909652,640029125023089,TZ-TAR-001,3G,tigo.pesa.app,16.1,54.4,70.5,57,6.5,80.5,0.56,0.0
CDR-D-2002903,2026-09-04 17:12:55,+25565563531,640023992485680,TZ-KIL-002,3G,tigo.pesa.app,2.47,9.79,12.26,46,1.93,136.8,0.55,0.0
CDR-D-2002904,2026-09-07 10:19:35,+25565244037,640025262101582,TZ-ZNZ-001,5G,tigo.internet,214.9,1620.85,1835.75,82,64.06,19.1,0.02,4038.66
CDR-D-2002905,2026-09-04 19:34:34,+25571738720,640023727210979,TZ-DOM-002,5G,tigo.internet,99.11,727.18,826.29,7,257.64,21.4,0.04,1817.84
CDR-D-2002906,2026-09-03 07:43:19,+25577730255,640022008716202,TZ-DOM-002,5G,tigo.internet,368.91,1669.28,2038.2,23,121.49,16.8,0.15,4484.03
CDR-D-2002907,2026-09-05 22:07:17,+25571974364,640022852934216,TZ-MWA-002,4G,tigo.internet,106.22,482.35,588.57,90,46.68,33.8,0.13,1294.85
CDR-D-2002908,2026-09-02 22:56:13,+25571837019,640027714024515,TZ-DAR-003,5G,tigo.internet,465.84,2556.2,3022.04,66,190.19,27.1,0.06,6648.48
CDR-D-2002909,2026-09-03 01:55:48,+25567435560,640023026690440,TZ-PEM-001,3G,tigo.internet,22.18,55.69,77.87,15,4.07,135.5,1.84,171.32
CDR-D-2002910,2026-09-07 00:00:18,+25577489616,640024789808025,TZ-MBY-002,4G,tigo.internet,158.45,531.54,690.0,80,25.25,28.7,0.08,1517.99
CDR-D-2002911,2026-09-02 12:11:37,+25571533843,640025610973669,TZ-MTW-001,4G,tigo.corporate,28.93,183.84,212.78,50,55.97,50.9,0.3,468.11
CDR-D-2002912,2026-09-01 02:10:29,+25577308865,640022141178010,TZ-DAR-008,4G,tigo.internet,72.46,281.46,353.91,46,46.88,46.5,0.15,778.61
CDR-D-2002913,2026-09-07 15:09:30,+25571302212,640023603225974,TZ-DAR-014,3G,tigo.internet,18.89,65.66,84.54,32,2.92,134.3,2.25,186.0
CDR-D-2002914,2026-09-07 17:33:14,+25577879241,640025590302102,TZ-DAR-011,4G,tigo.internet,105.79,490.12,595.91,48,53.16,44.7,0.14,1311.0
CDR-D-2002915,2026-09-01 08:21:03,+25571773662,640029727885096,TZ-GEI-001,4G,tigo.internet,9.13,41.7,50.82,13,59.65,27.4,0.43,111.81
CDR-D-2002916,2026-09-02 16:21:49,+25567139186,640027770086931,TZ-MWA-002,4G,tigo.mms,120.02,621.55,741.57,12,45.16,39.2,0.16,1631.45
CDR-D-2002917,2026-09-05 15:29:33,+25565436290,640026784409330,TZ-DAR-010,4G,tigo.internet,15.59,53.92,69.52,57,30.84,38.9,0.33,152.93
CDR-D-2002918,2026-09-04 11:53:21,+25571179802,640022789949373,TZ-DOM-001,5G,tigo.pesa.app,162.22,1286.91,1449.13,90,234.68,23.2,0.12,0.0
CDR-D-2002919,2026-09-04 20:50:58,+25577130914,640022832508021,TZ-MBY-001,4G,tigo.internet,141.64,804.49,946.13,86,22.24,41.5,0.33,2081.49
CDR-D-2002920,2026-09-06 11:39:14,+25571949884,640029868845806,TZ-MOR-001,4G,tigo.pesa.app,238.31,835.16,1073.47,4,61.4,48.5,0.44,0.0
CDR-D-2002921,2026-09-07 02:04:42,+25567987729,640024446206748,TZ-MBY-001,4G,tigo.internet,113.74,564.13,677.87,52,47.7,42.8,0.25,1491.31
CDR-D-2002922,2026-09-07 11:49:15,+25567309795,640027074433463,TZ-DAR-002,4G,tigo.internet,125.0,569.97,694.97,72,21.74,26.6,0.4,1528.94
CDR-D-2002923,2026-09-04 06:01:50,+25571124125,640024482166571,TZ-PWA-001,4G,tigo.internet,99.92,397.81,497.73,4,26.04,35.2,0.41,1095.01
CDR-D-2002924,2026-09-04 02:08:35,+25565821347,640024520856549,TZ-DAR-009,4G,tigo.internet,17.41,92.55,109.96,57,64.34,51.1,0.12,241.92
CDR-D-2002925,2026-09-03 14:34:30,+25577636556,640022341720625,TZ-DAR-011,4G,tigo.internet,100.73,579.72,680.45,51,25.34,40.9,0.25,1496.99
CDR-D-2002926,2026-09-06 21:11:43,+25567490963,640029237475801,TZ-ARU-002,4G,tigo.internet,75.84,379.01,454.85,20,29.02,54.2,0.18,1000.66
CDR-D-2002927,2026-09-02 20:26:47,+25565240800,640021049833464,TZ-DAR-009,4G,tigo.internet,136.79,593.23,730.01,64,21.52,44.9,0.42,1606.03
CDR-D-2002928,2026-09-06 15:17:40,+25571183854,640028170092009,TZ-DOM-002,5G,tigo.internet,65.0,265.2,330.2,50,140.33,15.6,0.15,726.44
CDR-D-2002929,2026-09-02 15:58:28,+25565717466,640028127372046,TZ-DOM-002,5G,tigo.internet,85.22,548.13,633.34,78,226.71,18.5,0.05,1393.35
CDR-D-2002930,2026-09-03 06:08:17,+25571116703,640022309263254,TZ-PEM-001,3G,tigo.internet,19.75,76.19,95.94,68,6.92,119.5,2.72,211.07
CDR-D-2002931,2026-09-07 17:44:14,+25567924584,640028513372284,TZ-DAR-003,5G,tigo.internet,515.32,2458.2,2973.53,36,117.55,18.3,0.08,6541.76
CDR-D-2002932,2026-09-01 14:36:26,+25567308894,640029587244082,TZ-SON-001,3G,tigo.internet,4.95,16.8,21.75,18,1.68,103.9,2.39,47.85
CDR-D-2002933,2026-09-02 04:34:32,+25571623147,640025699183813,TZ-DAR-006,4G,tigo.internet,33.39,134.27,167.65,71,50.36,32.4,0.13,368.84
CDR-D-2002934,2026-09-03 12:53:03,+25567614646,640027490269556,TZ-DOM-001,5G,tigo.internet,394.13,1823.08,2217.21,26,170.77,27.8,0.03,4877.87
CDR-D-2002935,2026-09-06 10:24:07,+25577929816,640024888501524,TZ-TAN-001,4G,tigo.internet,188.44,943.02,1131.45,7,64.7,35.7,0.44,2489.2
CDR-D-2002936,2026-09-02 22:34:28,+25565842501,640024520399955,TZ-KIL-002,3G,tigo.internet,20.43,70.14,90.57,21,5.29,95.3,2.31,199.26
CDR-D-2002937,2026-09-02 02:15:11,+25567580462,640028021444011,TZ-KIL-003,3G,tigo.corporate,11.47,57.22,68.69,74,4.44,71.0,1.34,151.11
CDR-D-2002938,2026-09-07 18:59:20,+25571487484,640029713788428,TZ-DAR-008,4G,tigo.internet,246.89,833.22,1080.1,42,57.31,25.9,0.2,2376.23
CDR-D-2002939,2026-09-01 04:06:21,+25571186558,640029375265373,TZ-DAR-007,4G,tigo.pesa.app,63.95,298.68,362.63,61,63.9,49.2,0.17,0.0
CDR-D-2002940,2026-09-02 04:56:49,+25577860448,640024973004177,TZ-KIG-001,3G,tigo.internet,22.57,62.78,85.35,14,6.87,105.7,0.74,187.76
CDR-D-2002941,2026-09-04 09:40:40,+25565412534,640025077921573,TZ-DAR-006,4G,tigo.internet,16.3,63.88,80.17,9,14.85,38.8,0.26,176.38
CDR-D-2002942,2026-09-04 12:56:36,+25567825443,640021381708520,TZ-SON-001,3G,tigo.pesa.app,11.13,28.89,40.02,69,5.65,92.9,1.65,0.0
CDR-D-2002943,2026-09-02 06:34:59,+25567400692,640029625656293,TZ-TAB-001,3G,tigo.corporate,9.93,44.81,54.74,82,6.7,81.0,2.47,120.42
CDR-D-2002944,2026-09-05 18:46:32,+25571771652,640023645901955,TZ-DAR-010,4G,tigo.internet,59.36,237.61,296.98,22,34.5,38.2,0.13,653.35
CDR-D-2002945,2026-09-04 16:45:07,+25577633188,640022554039848,TZ-DAR-013,5G,tigo.corporate,25.4,153.03,178.42,74,198.46,20.9,0.12,392.53
CDR-D-2002946,2026-09-04 01:44:26,+25567699853,640027450493016,TZ-DAR-009,4G,tigo.internet,137.45,707.24,844.69,55,52.51,28.2,0.38,1858.33
CDR-D-2002947,2026-09-05 03:54:08,+25577383023,640024000742597,TZ-SNG-001,3G,tigo.internet,4.95,12.48,17.43,67,6.15,106.1,0.77,38.35
CDR-D-2002948,2026-09-07 21:18:19,+25577892684,640022699985771,TZ-DAR-003,5G,tigo.internet,545.36,2303.31,2848.67,13,207.25,28.0,0.05,6267.08
CDR-D-2002949,2026-09-03 07:39:47,+25565419409,640027735563741,TZ-DAR-011,4G,tigo.internet,119.9,608.79,728.7,46,52.25,37.3,0.29,1603.13
CDR-D-2002950,2026-09-06 13:23:37,+25565257880,640022761091683,TZ-ARU-002,4G,tigo.corporate,136.66,466.87,603.53,16,57.05,37.2,0.16,1327.76
CDR-D-2002951,2026-09-06 10:50:15,+25571260778,640026918142780,TZ-MBY-001,4G,tigo.internet,176.83,722.06,898.89,11,28.14,46.1,0.41,1977.57
CDR-D-2002952,2026-09-02 20:19:25,+25571556112,640021561387824,TZ-ARU-001,5G,tigo.internet,63.13,404.83,467.95,32,120.68,14.7,0.1,1029.5
CDR-D-2002953,2026-09-01 11:00:42,+25565758589,640024213790202,TZ-ZNZ-004,4G,tigo.corporate,85.03,306.15,391.17,80,53.87,37.5,0.43,860.58
CDR-D-2002954,2026-09-03 05:17:09,+25577112581,640023896960280,TZ-DOM-003,4G,tigo.internet,255.61,898.62,1154.23,49,53.88,30.6,0.42,2539.3
CDR-D-2002955,2026-09-02 04:39:57,+25565244933,640028169652310,TZ-MOR-001,4G,tigo.corporate,174.59,687.06,861.65,65,51.9,45.3,0.4,1895.63
CDR-D-2002956,2026-09-02 19:47:57,+25567875501,640023674551397,TZ-ZNZ-002,4G,tigo.internet,114.58,707.81,822.39,26,22.32,32.7,0.22,1809.26
CDR-D-2002957,2026-09-02 14:10:50,+25577492292,640026974875750,TZ-DAR-006,4G,tigo.pesa.app,193.37,719.98,913.35,14,24.08,45.7,0.38,0.0
CDR-D-2002958,2026-09-01 23:38:51,+25577116929,640025326129844,TZ-MWA-002,4G,tigo.internet,150.66,849.12,999.78,81,45.86,48.7,0.19,2199.51
CDR-D-2002959,2026-09-02 13:03:41,+25567773088,640029403748506,TZ-MWA-003,4G,tigo.pesa.app,32.48,208.68,241.16,34,19.66,45.4,0.06,0.0
CDR-D-2002960,2026-09-02 01:10:54,+25567424526,640023744581207,TZ-PEM-001,3G,tigo.internet,17.63,52.37,70.0,41,4.86,131.0,2.67,153.99
CDR-D-2002961,2026-09-03 20:21:28,+25565547011,640029665789482,TZ-DAR-015,3G,tigo.internet,11.16,53.26,64.41,64,1.75,95.1,0.63,141.71
CDR-D-2002962,2026-09-06 21:16:05,+25567386643,640029878856075,TZ-MAR-001,3G,tigo.internet,5.11,21.65,26.77,63,6.96,119.1,2.09,58.88
CDR-D-2002963,2026-09-01 04:59:03,+25565906519,640024058220682,TZ-DAR-012,5G,tigo.internet,264.87,2100.87,2365.74,47,86.5,13.4,0.02,5204.63
CDR-D-2002964,2026-09-07 20:12:58,+25567244935,640026351134654,TZ-DAR-015,3G,tigo.internet,13.44,63.97,77.41,11,6.4,115.3,1.57,170.31
CDR-D-2002965,2026-09-06 21:50:38,+25565704864,640023144063281,TZ-DOM-003,4G,tigo.pesa.app,121.09,436.97,558.06,73,43.09,43.2,0.12,0.0
CDR-D-2002966,2026-09-07 06:31:27,+25565562104,640028812525969,TZ-DAR-008,4G,tigo.corporate,72.76,262.55,335.31,7,52.69,45.6,0.36,737.69
CDR-D-2002967,2026-09-06 07:57:11,+25577383023,640024000742597,TZ-SNG-001,3G,tigo.internet,7.52,20.61,28.12,50,3.47,66.5,0.55,61.87
CDR-D-2002968,2026-09-06 22:16:29,+25571704430,640028150791910,TZ-SNG-001,3G,tigo.internet,4.65,15.9,20.54,47,4.21,108.3,0.78,45.2
CDR-D-2002969,2026-09-05 16:45:27,+25565939030,640026651020291,TZ-DAR-006,4G,tigo.internet,7.71,39.59,47.3,49,61.62,33.1,0.22,104.05
CDR-D-2002970,2026-09-07 13:25:07,+25571792244,640023467704659,TZ-ZNZ-002,4G,tigo.internet,230.79,780.46,1011.26,37,49.01,25.9,0.21,2224.76
CDR-D-2002971,2026-09-07 04:15:32,+25567716006,640029795904190,TZ-KIG-001,3G,tigo.internet,12.72,44.25,56.97,4,4.49,72.1,1.88,125.33
CDR-D-2002972,2026-09-03 03:48:19,+25571387552,640024995004351,TZ-KIL-001,4G,tigo.internet,70.37,354.96,425.33,85,62.61,52.8,0.18,935.72
CDR-D-2002973,2026-09-03 22:19:53,+25577839485,640026932342612,TZ-DAR-007,4G,tigo.corporate,94.44,579.02,673.46,20,31.5,38.7,0.13,1481.6
CDR-D-2002974,2026-09-05 10:46:43,+25565112936,640029986384992,TZ-MWA-002,4G,tigo.internet,156.94,714.68,871.62,33,20.21,40.3,0.39,1917.56
CDR-D-2002975,2026-09-02 15:29:08,+25571362778,640022178758213,TZ-SNG-001,3G,tigo.corporate,20.98,66.53,87.51,60,3.68,129.7,2.72,192.52
CDR-D-2002976,2026-09-04 19:48:56,+25577557244,640026124128956,TZ-SNG-001,3G,tigo.internet,7.97,31.61,39.58,54,4.4,138.7,2.12,87.07
CDR-D-2002977,2026-09-05 23:02:34,+25571536774,640027801948900,TZ-SNG-001,3G,tigo.internet,20.64,72.36,93.01,60,2.33,133.7,1.15,204.61
CDR-D-2002978,2026-09-02 01:12:36,+25577819636,640022952887577,TZ-ZNZ-003,4G,tigo.internet,141.3,547.4,688.69,35,36.73,36.6,0.42,1515.12
CDR-D-2002979,2026-09-04 15:22:25,+25577800005,640028995059760,TZ-BUK-001,3G,tigo.internet,18.02,73.04,91.05,44,3.25,86.0,1.46,200.32
CDR-D-2002980,2026-09-06 17:58:58,+25567764662,640029471942713,TZ-DAR-009,4G,tigo.mms,121.46,458.96,580.41,3,64.21,33.4,0.45,1276.91
CDR-D-2002981,2026-09-06 03:58:12,+25565658352,640026727034720,TZ-DAR-009,4G,tigo.internet,218.41,885.11,1103.52,90,30.76,49.4,0.14,2427.74
CDR-D-2002982,2026-09-04 19:46:20,+25567779259,640021872395778,TZ-SON-001,3G,tigo.internet,7.85,37.89,45.74,50,4.2,113.6,1.35,100.62
CDR-D-2002983,2026-09-04 21:37:39,+25565861288,640029001594091,TZ-BUK-001,3G,tigo.internet,3.85,15.61,19.46,24,2.86,122.4,2.15,42.82
CDR-D-2002984,2026-09-05 00:17:15,+25565543721,640022601253857,TZ-DAR-010,4G,tigo.internet,75.34,456.04,531.38,41,20.06,33.8,0.27,1169.03
CDR-D-2002985,2026-09-05 04:12:58,+25571758169,640026503644761,TZ-ARU-002,4G,tigo.internet,127.4,743.4,870.8,69,45.09,40.2,0.24,1915.75
CDR-D-2002986,2026-09-06 17:50:05,+25567438548,640028852676046,TZ-NJO-001,3G,tigo.corporate,4.12,13.2,17.32,70,7.25,128.8,1.55,38.1
CDR-D-2002987,2026-09-06 14:35:57,+25565545807,640024227004325,TZ-DAR-008,4G,tigo.internet,145.04,788.4,933.44,82,30.08,36.4,0.45,2053.57
CDR-D-2002988,2026-09-04 18:27:10,+25565739760,640023845805571,TZ-TAN-001,4G,tigo.internet,177.13,887.83,1064.96,34,63.69,43.1,0.16,2342.91
CDR-D-2002989,2026-09-06 14:31:40,+25565610102,640025073704803,TZ-ZNZ-004,4G,tigo.internet,49.22,170.22,219.44,52,28.46,26.3,0.17,482.78
CDR-D-2002990,2026-09-06 10:47:00,+25577499941,640023837784389,TZ-DOM-001,5G,tigo.corporate,468.67,2862.39,3331.07,42,97.78,12.7,0.09,7328.34
CDR-D-2002991,2026-09-07 23:44:47,+25571684791,640025134302513,TZ-GEI-001,4G,tigo.pesa.app,98.75,597.99,696.74,90,52.27,52.7,0.45,0.0
CDR-D-2002992,2026-09-06 22:00:34,+25565599288,640027358555069,TZ-KIL-003,3G,tigo.internet,7.72,22.82,30.54,28,4.17,102.8,2.1,67.19
CDR-D-2002993,2026-09-02 17:57:01,+25577780714,640022362721798,TZ-TAN-002,3G,tigo.internet,8.1,32.19,40.29,43,2.82,101.3,1.55,88.63
CDR-D-2002994,2026-09-01 08:28:53,+25577623676,640024300760409,TZ-ARU-002,4G,tigo.internet,157.06,640.73,797.8,48,41.42,26.5,0.09,1755.15
CDR-D-2002995,2026-09-05 07:41:30,+25567321791,640021645277642,TZ-MTW-001,4G,tigo.internet,160.38,607.53,767.91,37,49.32,45.7,0.14,1689.4
CDR-D-2002996,2026-09-05 23:30:26,+25567308894,640029587244082,TZ-SON-001,3G,tigo.corporate,26.38,75.6,101.98,40,3.91,86.1,0.57,224.37
CDR-D-2002997,2026-09-01 05:53:55,+25567949602,640025412413776,TZ-NJO-001,3G,tigo.internet,13.13,55.53,68.66,58,6.62,94.7,1.02,151.06
CDR-D-2002998,2026-09-07 02:24:08,+25577943721,640021882973081,TZ-DAR-004,5G,tigo.internet,234.6,1488.43,1723.03,79,154.73,22.1,0.13,3790.67
CDR-D-2002999,2026-09-03 21:57:06,+25577929816,640024888501524,TZ-TAN-001,4G,tigo.corporate,129.18,763.65,892.84,59,34.1,48.3,0.1,1964.25
CDR-D-2003000,2026-09-07 16:17:54,+25565158579,640024208320641,TZ-KIL-001,4G,tigo.internet,125.96,638.51,764.47,56,26.79,25.2,0.35,1681.84
CDR-D-2003001,2026-09-02 13:33:34,+25567418886,640023298253978,TZ-MAR-001,3G,tigo.internet,14.08,39.56,53.64,83,3.7,73.3,1.0,118.01
CDR-D-2003002,2026-09-03 07:01:06,+25571699975,640024536156992,TZ-ZNZ-004,4G,tigo.internet,114.51,532.17,646.68,40,50.54,54.8,0.31,1422.69
CDR-D-2003003,2026-09-04 01:17:43,+25577713513,640023080515301,TZ-DAR-009,4G,tigo.internet,176.19,848.97,1025.16,49,38.75,25.9,0.17,2255.36
CDR-D-2003004,2026-09-04 05:53:36,+25567388660,640027455603331,TZ-SHI-001,3G,tigo.pesa.app,14.16,37.55,51.71,73,5.87,123.4,0.78,0.0
CDR-D-2003005,2026-09-04 13:27:15,+25567839525,640028979273911,TZ-KAH-001,4G,tigo.internet,250.13,935.14,1185.27,13,50.75,52.0,0.41,2607.58
CDR-D-2003006,2026-09-07 23:19:19,+25565815507,640023131057424,TZ-DAR-009,4G,tigo.internet,107.74,383.24,490.98,49,38.31,49.3,0.09,1080.15
CDR-D-2003007,2026-09-04 23:33:56,+25567739711,640023079537716,TZ-PEM-001,3G,tigo.internet,20.7,68.92,89.63,15,4.94,114.7,1.48,197.18
CDR-D-2003008,2026-09-05 09:51:29,+25567140220,640022861342732,TZ-MBY-002,4G,tigo.pesa.app,160.48,748.68,909.17,76,13.34,49.3,0.12,0.0
CDR-D-2003009,2026-09-02 16:48:05,+25565204904,640026126037320,TZ-DOM-003,4G,tigo.internet,8.9,33.45,42.35,68,36.95,38.7,0.35,93.17
CDR-D-2003010,2026-09-01 06:07:40,+25567482812,640028964269909,TZ-KIG-001,3G,tigo.internet,4.19,13.41,17.6,72,4.59,121.0,1.8,38.72
CDR-D-2003011,2026-09-05 18:16:37,+25571556112,640021561387824,TZ-ARU-001,5G,tigo.internet,259.8,1768.7,2028.5,36,268.77,19.2,0.03,4462.7
CDR-D-2003012,2026-09-05 10:34:25,+25565951138,640026953859063,TZ-MWA-002,4G,tigo.internet,11.75,45.12,56.87,7,36.32,37.7,0.18,125.11
CDR-D-2003013,2026-09-05 07:09:40,+25565321634,640024707754422,TZ-DAR-006,4G,tigo.internet,11.3,42.61,53.92,73,47.77,27.1,0.31,118.61
CDR-D-2003014,2026-09-02 14:25:15,+25571248766,640025173893550,TZ-KIL-001,4G,tigo.internet,60.91,326.55,387.46,71,59.67,50.9,0.29,852.41
CDR-D-2003015,2026-09-04 10:19:50,+25567894086,640021615024545,TZ-ARU-003,4G,tigo.internet,64.64,304.58,369.21,74,58.43,40.7,0.06,812.27
CDR-D-2003016,2026-09-07 12:35:30,+25567435581,640023598804887,TZ-TAN-002,3G,tigo.corporate,25.85,76.45,102.3,50,5.99,121.3,2.25,225.06
CDR-D-2003017,2026-09-03 20:40:43,+25565475125,640022749681616,TZ-PWA-001,4G,tigo.internet,148.96,549.47,698.43,25,62.85,39.2,0.1,1536.55
CDR-D-2003018,2026-09-01 10:10:28,+25567321791,640021645277642,TZ-MTW-001,4G,tigo.corporate,41.98,157.61,199.58,63,21.24,52.1,0.17,439.08
CDR-D-2003019,2026-09-01 08:57:00,+25577116929,640025326129844,TZ-MWA-002,4G,tigo.corporate,57.71,217.69,275.4,45,46.47,27.1,0.19,605.88
CDR-D-2003020,2026-09-07 14:32:11,+25567992919,640028157007197,TZ-MBY-002,4G,tigo.internet,85.21,308.43,393.64,27,35.64,53.3,0.43,866.02
CDR-D-2003021,2026-09-07 05:57:41,+25577997830,640028878855674,TZ-MWA-003,4G,tigo.internet,219.24,852.61,1071.85,4,53.05,35.4,0.3,2358.07
CDR-D-2003022,2026-09-03 01:05:23,+25567786128,640027803987709,TZ-ARU-002,4G,tigo.internet,20.54,82.11,102.65,79,25.86,33.9,0.35,225.83
CDR-D-2003023,2026-09-05 17:40:51,+25567740216,640027827476439,TZ-DAR-005,4G,tigo.internet,14.38,54.61,68.99,12,60.4,55.0,0.18,151.78
CDR-D-2003024,2026-09-04 04:15:50,+25577703853,640024358554365,TZ-DOM-003,4G,tigo.internet,186.05,735.65,921.7,36,21.2,28.7,0.41,2027.74
CDR-D-2003025,2026-09-04 13:22:14,+25565238579,640026001680218,TZ-DAR-005,4G,tigo.internet,165.22,656.51,821.74,80,55.92,39.1,0.26,1807.82
CDR-D-2003026,2026-09-07 10:39:45,+25565244818,640025875872347,TZ-ZNZ-002,4G,tigo.pesa.app,38.03,148.51,186.55,80,19.99,43.7,0.14,0.0
CDR-D-2003027,2026-09-06 12:44:54,+25565995940,640027594786332,TZ-MAR-001,3G,tigo.corporate,13.88,63.01,76.89,47,6.66,137.6,2.01,169.17
CDR-D-2003028,2026-09-04 20:52:40,+25577769952,640021418527641,TZ-KIL-002,3G,tigo.internet,22.0,59.16,81.16,3,5.81,78.1,0.67,178.55
CDR-D-2003029,2026-09-03 02:37:09,+25565562104,640028812525969,TZ-DAR-008,4G,tigo.internet,63.79,408.34,472.13,24,49.73,44.5,0.2,1038.68
CDR-D-2003030,2026-09-07 06:11:27,+25571240855,640024228195145,TZ-MBY-001,4G,tigo.pesa.app,78.3,311.49,389.8,90,43.79,37.2,0.29,0.0
CDR-D-2003031,2026-09-03 23:17:39,+25565178315,640025052536540,TZ-ARU-001,5G,tigo.internet,721.91,2933.58,3655.49,31,103.56,14.0,0.11,8042.09
CDR-D-2003032,2026-09-03 04:48:39,+25567244935,640026351134654,TZ-DAR-015,3G,tigo.internet,8.93,32.46,41.39,49,4.26,106.5,2.34,91.06
CDR-D-2003033,2026-09-05 00:13:19,+25571196783,640029403298062,TZ-SHI-001,3G,tigo.internet,19.22,59.11,78.33,34,4.28,125.1,1.38,172.32
CDR-D-2003034,2026-09-04 13:38:36,+25565965620,640028002154568,TZ-MOR-001,4G,tigo.internet,170.81,718.08,888.89,27,43.5,53.4,0.37,1955.57
CDR-D-2003035,2026-09-06 00:31:39,+25577522866,640024509431976,TZ-MWA-003,4G,tigo.internet,58.87,341.22,400.09,15,24.66,40.3,0.1,880.19
CDR-D-2003036,2026-09-07 08:01:04,+25571588002,640022317723211,TZ-SON-001,3G,tigo.internet,16.51,58.67,75.18,9,3.65,79.7,1.2,165.4
CDR-D-2003037,2026-09-04 15:40:54,+25577612438,640021718348264,TZ-DAR-011,4G,tigo.internet,17.91,66.45,84.36,37,26.64,28.1,0.17,185.59
CDR-D-2003038,2026-09-03 15:47:51,+25567764662,640029471942713,TZ-DAR-009,4G,tigo.pesa.app,191.92,779.02,970.93,45,16.01,50.8,0.44,0.0
CDR-D-2003039,2026-09-06 03:46:41,+25567572700,640026922713963,TZ-ARU-002,4G,tigo.internet,60.46,314.71,375.17,25,16.52,37.5,0.07,825.37
CDR-D-2003040,2026-09-06 08:42:52,+25565420012,640026607773451,TZ-DAR-006,4G,tigo.internet,232.39,881.49,1113.89,60,14.72,26.3,0.36,2450.55
CDR-D-2003041,2026-09-02 08:00:20,+25577832168,640023081821325,TZ-DAR-001,5G,tigo.internet,304.92,1369.66,1674.57,62,143.28,15.0,0.12,3684.06
CDR-D-2003042,2026-09-07 00:28:39,+25571227341,640029817654910,TZ-NJO-001,3G,tigo.internet,19.37,78.55,97.92,50,6.68,79.9,1.07,215.41
CDR-D-2003043,2026-09-06 13:44:18,+25577871523,640026281827528,TZ-MBY-001,4G,tigo.corporate,178.13,755.3,933.43,49,54.52,30.7,0.14,2053.54
CDR-D-2003044,2026-09-05 01:26:54,+25567220465,640028570333548,TZ-MBY-001,4G,tigo.internet,62.55,356.22,418.77,32,57.81,54.2,0.16,921.29
CDR-D-2003045,2026-09-04 17:53:18,+25577274739,640028257484586,TZ-MWA-002,4G,tigo.internet,224.21,818.71,1042.92,48,63.22,48.2,0.45,2294.42
CDR-D-2003046,2026-09-06 13:37:08,+25577670053,640029454334062,TZ-DAR-003,5G,tigo.internet,232.66,1031.12,1263.78,71,214.13,16.1,0.05,2780.31
CDR-D-2003047,2026-09-01 15:56:23,+25577785864,640022707272205,TZ-ZNZ-004,4G,tigo.internet,59.17,310.29,369.46,35,26.99,45.2,0.23,812.82
CDR-D-2003048,2026-09-04 16:22:01,+25565556065,640025464297388,TZ-MBY-002,4G,tigo.internet,219.56,915.91,1135.48,32,15.28,43.4,0.21,2498.05
CDR-D-2003049,2026-09-04 23:52:47,+25571730145,640028229625864,TZ-PWA-001,4G,tigo.internet,200.54,693.09,893.63,41,35.85,44.9,0.25,1965.98
CDR-D-2003050,2026-09-03 17:28:22,+25571360247,640028578226896,TZ-SNG-001,3G,tigo.internet,14.61,39.61,54.21,73,2.15,111.7,1.19,119.27
CDR-D-2003051,2026-09-06 09:45:53,+25577511284,640025974930815,TZ-DAR-011,4G,tigo.internet,168.94,650.45,819.38,50,12.52,30.8,0.21,1802.65
CDR-D-2003052,2026-09-05 12:05:31,+25571491172,640029415119956,TZ-DAR-006,4G,tigo.internet,89.2,413.88,503.09,86,26.65,53.0,0.11,1106.79
CDR-D-2003053,2026-09-03 08:14:53,+25577850151,640022112380464,TZ-BUK-001,3G,tigo.internet,22.2,81.22,103.42,35,4.88,98.1,1.51,227.53
CDR-D-2003054,2026-09-07 12:19:58,+25577599694,640027305029814,TZ-TAN-003,3G,tigo.internet,2.39,11.26,13.65,21,5.56,84.5,1.07,30.02
CDR-D-2003055,2026-09-06 17:12:25,+25565492843,640024903078968,TZ-DAR-013,5G,tigo.internet,685.71,2872.34,3558.04,81,189.39,13.2,0.01,7827.7
CDR-D-2003056,2026-09-04 03:39:19,+25577120773,640028567428724,TZ-DAR-010,4G,tigo.internet,20.35,75.52,95.87,15,42.62,36.0,0.37,210.92
CDR-D-2003057,2026-09-01 19:45:14,+25565736446,640022729067297,TZ-ARU-003,4G,tigo.pesa.app,144.45,795.74,940.19,70,16.92,27.9,0.12,0.0
CDR-D-2003058,2026-09-07 14:45:28,+25567286410,640023156207443,TZ-ARU-002,4G,tigo.internet,178.34,811.15,989.48,10,29.91,42.1,0.36,2176.86
CDR-D-2003059,2026-09-05 03:54:00,+25577112581,640023896960280,TZ-DOM-003,4G,tigo.internet,185.38,744.09,929.47,70,42.74,40.0,0.05,2044.84
CDR-D-2003060,2026-09-05 11:51:09,+25571480570,640027213172814,TZ-DAR-010,4G,tigo.corporate,49.54,252.87,302.41,52,27.57,49.1,0.29,665.31
CDR-D-2003061,2026-09-01 12:10:20,+25577194604,640028544069858,TZ-ARU-002,4G,tigo.pesa.app,62.87,255.94,318.81,36,32.88,32.4,0.1,0.0
CDR-D-2003062,2026-09-06 22:39:33,+25565861288,640029001594091,TZ-BUK-001,3G,tigo.pesa.app,7.85,33.08,40.93,59,7.07,96.0,1.12,0.0
CDR-D-2003063,2026-09-04 10:06:24,+25571543234,640025412340714,TZ-ZNZ-002,4G,tigo.corporate,53.72,201.03,254.75,64,18.65,35.1,0.3,560.44
CDR-D-2003064,2026-09-02 05:12:41,+25571543234,640025412340714,TZ-ZNZ-002,4G,tigo.internet,84.93,509.51,594.43,15,15.8,52.9,0.38,1307.75
CDR-D-2003065,2026-09-04 11:56:48,+25565364760,640027404238705,TZ-MOR-001,4G,tigo.pesa.app,54.42,291.34,345.76,8,32.71,40.4,0.42,0.0
CDR-D-2003066,2026-09-01 08:09:05,+25577813446,640027984434647,TZ-KIL-002,3G,tigo.pesa.app,8.7,42.1,50.8,43,5.18,109.9,0.55,0.0
CDR-D-2003067,2026-09-01 17:17:10,+25577532993,640022699984810,TZ-TAN-003,3G,tigo.internet,3.43,15.15,18.58,31,1.23,130.0,1.79,40.87
CDR-D-2003068,2026-09-05 18:32:57,+25571988324,640025756663747,TZ-DOM-003,4G,tigo.corporate,99.78,403.68,503.46,37,57.77,49.4,0.11,1107.6
CDR-D-2003069,2026-09-03 08:39:38,+25571650768,640029297920183,TZ-DAR-012,5G,tigo.internet,209.29,909.72,1119.01,37,148.91,18.1,0.1,2461.83
CDR-D-2003070,2026-09-02 00:39:19,+25565742818,640026510997463,TZ-KAH-001,4G,tigo.internet,67.87,393.74,461.61,55,52.46,44.3,0.16,1015.54
CDR-D-2003071,2026-09-06 08:38:53,+25571108454,640028282534126,TZ-MTW-001,4G,tigo.internet,127.52,617.47,744.99,35,20.32,47.6,0.16,1638.99
CDR-D-2003072,2026-09-05 12:11:21,+25567811710,640023456709521,TZ-DAR-003,5G,tigo.pesa.app,423.26,1973.7,2396.96,28,152.02,14.8,0.13,0.0
CDR-D-2003073,2026-09-06 12:20:15,+25567140220,640022861342732,TZ-MBY-002,4G,tigo.pesa.app,36.69,138.93,175.62,43,59.62,35.4,0.27,0.0
CDR-D-2003074,2026-09-05 12:57:02,+25567253541,640024605117440,TZ-NJO-001,3G,tigo.internet,5.01,15.11,20.12,25,7.22,90.4,1.4,44.26
CDR-D-2003075,2026-09-01 04:36:51,+25565956397,640028641714687,TZ-MWA-003,4G,tigo.corporate,5.7,35.25,40.95,27,52.07,49.9,0.19,90.09
CDR-D-2003076,2026-09-02 11:24:07,+25571401601,640027873709012,TZ-DAR-007,4G,tigo.internet,197.31,894.65,1091.97,13,50.28,49.0,0.06,2402.33
CDR-D-2003077,2026-09-03 14:56:18,+25565536135,640022732663107,TZ-ZNZ-004,4G,tigo.internet,40.09,144.64,184.73,54,42.13,53.5,0.08,406.42
CDR-D-2003078,2026-09-01 06:04:35,+25577181247,640028359619163,TZ-DAR-015,3G,tigo.internet,1.53,5.89,7.42,23,3.33,78.6,1.97,16.32
CDR-D-2003079,2026-09-06 11:14:03,+25565535214,640025760712372,TZ-NJO-001,3G,tigo.internet,27.41,78.9,106.3,4,4.48,95.2,1.31,233.86
CDR-D-2003080,2026-09-03 12:33:18,+25567923481,640027384985150,TZ-DAR-014,3G,tigo.pesa.app,12.0,55.48,67.47,65,3.18,120.6,2.23,0.0
CDR-D-2003081,2026-09-07 16:57:36,+25567116645,640024961067014,TZ-ZNZ-001,5G,tigo.internet,57.31,457.48,514.79,69,172.2,24.2,0.06,1132.53
CDR-D-2003082,2026-09-07 20:36:18,+25571340897,640024681542027,TZ-DAR-012,5G,tigo.pesa.app,160.77,750.44,911.2,85,270.13,22.6,0.01,0.0
CDR-D-2003083,2026-09-04 05:44:46,+25565976097,640021369702097,TZ-SNG-001,3G,tigo.pesa.app,15.56,40.12,55.68,10,5.39,100.4,2.35,0.0
CDR-D-2003084,2026-09-01 00:19:56,+25567531690,640027780484666,TZ-GEI-001,4G,tigo.internet,179.37,789.83,969.2,56,30.45,46.8,0.27,2132.24
CDR-D-2003085,2026-09-07 19:23:14,+25571738720,640023727210979,TZ-DOM-002,5G,tigo.internet,769.36,3155.6,3924.96,39,141.95,22.4,0.14,8634.92
CDR-D-2003086,2026-09-07 12:37:13,+25571294069,640022024862905,TZ-DAR-001,5G,tigo.pesa.app,615.67,2911.33,3527.0,36,114.83,27.2,0.1,0.0
CDR-D-2003087,2026-09-03 06:27:09,+25567305222,640021096845709,TZ-TAB-001,3G,tigo.internet,29.74,75.34,105.07,60,3.09,108.5,0.6,231.16
CDR-D-2003088,2026-09-04 11:01:16,+25565424536,640023605890125,TZ-TAR-001,3G,tigo.internet,23.51,63.59,87.09,7,6.67,119.2,1.49,191.6
CDR-D-2003089,2026-09-01 05:27:42,+25577474880,640028136453451,TZ-MWA-002,4G,tigo.internet,122.86,758.35,881.21,82,20.31,29.3,0.23,1938.66
CDR-D-2003090,2026-09-05 17:21:15,+25567322022,640023201397080,TZ-TND-001,3G,tigo.corporate,16.01,48.39,64.4,32,1.84,90.9,0.62,141.69
CDR-D-2003091,2026-09-07 12:49:08,+25565927895,640029561936242,TZ-MBY-001,4G,tigo.internet,83.74,317.19,400.94,37,32.41,30.4,0.08,882.06
CDR-D-2003092,2026-09-04 01:33:38,+25565861288,640029001594091,TZ-BUK-001,3G,tigo.pesa.app,4.73,18.39,23.11,5,3.63,125.7,1.88,0.0
CDR-D-2003093,2026-09-01 00:47:53,+25577706424,640026530469438,TZ-DAR-001,5G,tigo.internet,284.39,1510.79,1795.18,13,63.25,14.5,0.09,3949.41
CDR-D-2003094,2026-09-06 00:49:25,+25577894139,640029941564880,TZ-DOM-002,5G,tigo.internet,40.18,176.29,216.47,60,145.24,19.8,0.09,476.24
CDR-D-2003095,2026-09-03 21:11:13,+25571759675,640021413202112,TZ-DOM-001,5G,tigo.pesa.app,431.99,2984.47,3416.46,21,109.18,19.0,0.12,0.0
CDR-D-2003096,2026-09-04 02:32:36,+25577265969,640027995138043,TZ-MWA-003,4G,tigo.corporate,8.39,43.61,52.01,11,29.75,44.6,0.31,114.42
CDR-D-2003097,2026-09-05 16:15:46,+25565210338,640023501256025,TZ-DAR-006,4G,tigo.corporate,82.01,389.91,471.93,23,62.9,47.1,0.38,1038.24
CDR-D-2003098,2026-09-07 21:13:13,+25577355479,640021174800445,TZ-DAR-006,4G,tigo.internet,149.96,578.07,728.02,56,31.15,46.7,0.33,1601.65
CDR-D-2003099,2026-09-03 05:47:14,+25577990691,640029121545413,TZ-MOR-001,4G,tigo.internet,170.0,595.9,765.9,52,29.76,27.1,0.18,1684.98
CDR-D-2003100,2026-09-03 22:41:56,+25577787120,640023166860023,TZ-DAR-013,5G,tigo.internet,625.88,2742.98,3368.86,6,100.26,27.6,0.11,7411.5
CDR-D-2003101,2026-09-02 12:15:21,+25577324682,640023208691233,TZ-ZNZ-004,4G,tigo.internet,125.48,540.22,665.7,61,24.1,45.0,0.31,1464.55
CDR-D-2003102,2026-09-01 15:35:59,+25577171046,640026808867808,TZ-ZNZ-001,5G,tigo.internet,455.61,2960.29,3415.9,51,120.26,24.6,0.02,7514.98
CDR-D-2003103,2026-09-03 05:53:55,+25567231432,640021901260260,TZ-DAR-003,5G,tigo.internet,242.2,1715.76,1957.95,76,110.8,27.6,0.02,4307.49
CDR-D-2003104,2026-09-02 04:33:51,+25571736877,640024881785530,TZ-MWA-002,4G,tigo.internet,156.6,566.16,722.76,45,25.9,51.8,0.31,1590.08
CDR-D-2003105,2026-09-01 18:41:22,+25565494228,640028876335861,TZ-ZNZ-001,5G,tigo.internet,684.05,2853.72,3537.77,22,58.43,24.0,0.12,7783.1
CDR-D-2003106,2026-09-02 08:59:30,+25571317264,640026166847778,TZ-KAH-001,4G,tigo.internet,40.86,257.26,298.11,30,39.59,32.4,0.25,655.85
CDR-D-2003107,2026-09-01 07:40:55,+25567949602,640025412413776,TZ-NJO-001,3G,tigo.corporate,16.51,53.5,70.01,27,7.28,90.2,1.83,154.02
CDR-D-2003108,2026-09-02 03:38:21,+25567382795,640026163456469,TZ-GEI-001,4G,tigo.pesa.app,121.01,405.09,526.1,47,57.56,51.4,0.25,0.0
CDR-D-2003109,2026-09-05 19:58:52,+25577370473,640029530420568,TZ-DOM-003,4G,tigo.internet,100.41,647.69,748.1,57,29.62,44.0,0.25,1645.82
CDR-D-2003110,2026-09-06 20:09:46,+25567839525,640028979273911,TZ-KAH-001,4G,tigo.internet,143.93,607.73,751.66,21,58.11,46.8,0.27,1653.65
CDR-D-2003111,2026-09-02 15:56:24,+25567838237,640022916728422,TZ-DAR-012,5G,tigo.internet,175.81,1433.9,1609.71,54,47.24,24.4,0.07,3541.36
CDR-D-2003112,2026-09-06 06:17:34,+25571625245,640025539136501,TZ-TAB-001,3G,tigo.pesa.app,13.31,35.22,48.52,37,5.36,70.1,2.08,0.0
CDR-D-2003113,2026-09-03 06:07:31,+25567322022,640023201397080,TZ-TND-001,3G,tigo.corporate,17.94,51.8,69.74,28,4.98,122.0,1.95,153.42
CDR-D-2003114,2026-09-05 06:02:15,+25567330533,640029102064850,TZ-DAR-015,3G,tigo.pesa.app,16.53,80.68,97.22,25,4.52,136.9,0.55,0.0
CDR-D-2003115,2026-09-02 16:31:28,+25565789504,640021542747974,TZ-ZNZ-001,5G,tigo.internet,34.77,212.32,247.08,61,68.98,26.7,0.07,543.58
CDR-D-2003116,2026-09-02 06:33:25,+25567201866,640021950578005,TZ-TAB-001,3G,tigo.corporate,6.29,17.63,23.93,13,2.58,110.7,0.57,52.64
CDR-D-2003117,2026-09-04 20:11:46,+25565779020,640022211370833,TZ-DAR-010,4G,tigo.corporate,142.21,644.04,786.24,47,16.79,35.0,0.35,1729.74
CDR-D-2003118,2026-09-04 07:59:30,+25571979827,640024636537575,TZ-ZNZ-001,5G,tigo.internet,223.1,1386.8,1609.91,62,271.07,14.6,0.04,3541.8
CDR-D-2003119,2026-09-06 14:47:05,+25565143926,640025484003506,TZ-DAR-010,4G,tigo.corporate,51.38,237.74,289.12,68,55.55,28.1,0.28,636.05
CDR-D-2003120,2026-09-07 09:11:08,+25567913185,640026510697299,TZ-GEI-001,4G,tigo.internet,197.9,925.06,1122.96,21,13.83,30.9,0.22,2470.51
CDR-D-2003121,2026-09-07 23:31:20,+25565995113,640026933257157,TZ-SON-001,3G,tigo.internet,6.19,27.9,34.09,83,3.0,93.5,1.19,75.0
CDR-D-2003122,2026-09-07 08:40:51,+25571970645,640025588007201,TZ-MBY-001,4G,tigo.pesa.app,38.8,225.6,264.4,4,55.39,50.4,0.22,0.0
CDR-D-2003123,2026-09-05 23:16:59,+25571938139,640022363123471,TZ-MBY-002,4G,tigo.mms,10.18,59.95,70.13,87,44.8,52.3,0.18,154.29
CDR-D-2003124,2026-09-02 23:03:08,+25567137581,640026580427322,TZ-SHI-001,3G,tigo.pesa.app,10.79,41.07,51.87,11,3.19,92.9,0.72,0.0
CDR-D-2003125,2026-09-04 19:40:31,+25567278026,640029674596936,TZ-MWA-001,5G,tigo.internet,266.89,1301.98,1568.88,22,72.28,19.9,0.14,3451.53
CDR-D-2003126,2026-09-04 23:24:19,+25577403578,640025789633176,TZ-KIL-001,4G,tigo.internet,127.69,437.17,564.86,74,17.24,37.9,0.39,1242.7
CDR-D-2003127,2026-09-07 09:42:56,+25571447688,640023020792127,TZ-DAR-011,4G,tigo.internet,144.63,701.71,846.34,43,49.72,37.2,0.1,1861.95
CDR-D-2003128,2026-09-05 19:38:06,+25565154638,640021877118282,TZ-MAR-001,3G,tigo.internet,11.18,40.9,52.09,49,3.65,73.7,1.5,114.59
CDR-D-2003129,2026-09-04 19:40:11,+25577285225,640027846389041,TZ-DAR-008,4G,tigo.internet,212.29,749.05,961.35,73,41.28,47.0,0.09,2114.96
CDR-D-2003130,2026-09-05 05:42:50,+25577332060,640023685585090,TZ-KIL-002,3G,tigo.internet,4.42,20.17,24.59,82,2.17,78.2,2.38,54.1
CDR-D-2003131,2026-09-07 16:59:06,+25567780228,640026749782732,TZ-DOM-002,5G,tigo.corporate,70.86,306.72,377.58,59,66.89,18.0,0.03,830.67
CDR-D-2003132,2026-09-05 21:45:48,+25571266461,640027104899851,TZ-DOM-001,5G,tigo.internet,606.48,2647.69,3254.17,5,118.87,13.8,0.09,7159.17
CDR-D-2003133,2026-09-06 00:47:50,+25567146228,640025310195918,TZ-DOM-002,5G,tigo.internet,330.14,2429.68,2759.82,75,191.42,23.0,0.07,6071.61
CDR-D-2003134,2026-09-02 21:26:39,+25577755853,640029894308703,TZ-TAB-001,3G,tigo.internet,26.62,73.05,99.66,74,2.37,71.1,0.63,219.26
CDR-D-2003135,2026-09-01 15:49:16,+25577802374,640027717423384,TZ-ARU-002,4G,tigo.internet,86.51,440.91,527.43,66,16.42,49.3,0.06,1160.34
CDR-D-2003136,2026-09-04 21:07:54,+25565863124,640024220107677,TZ-DOM-002,5G,tigo.internet,147.18,828.16,975.33,52,177.68,26.3,0.15,2145.73
CDR-D-2003137,2026-09-01 12:08:13,+25567445200,640027558641561,TZ-MBY-002,4G,tigo.internet,48.09,178.25,226.34,72,30.49,51.4,0.22,497.95
CDR-D-2003138,2026-09-02 03:03:14,+25577948611,640021553155490,TZ-MWA-002,4G,tigo.internet,50.59,245.56,296.15,55,53.79,40.6,0.23,651.54
CDR-D-2003139,2026-09-02 10:57:36,+25567757685,640022357806226,TZ-DAR-004,5G,tigo.internet,56.93,318.84,375.77,18,255.79,20.3,0.15,826.7
CDR-D-2003140,2026-09-07 01:34:39,+25567749466,640024805765751,TZ-ARU-001,5G,tigo.corporate,369.41,3006.36,3375.76,60,59.92,17.1,0.14,7426.68
CDR-D-2003141,2026-09-01 13:37:07,+25565910389,640027991986741,TZ-DOM-003,4G,tigo.internet,59.15,198.14,257.29,72,48.07,51.5,0.12,566.05
CDR-D-2003142,2026-09-01 09:17:59,+25571151539,640029696334671,TZ-DAR-004,5G,tigo.internet,409.25,2932.35,3341.6,34,170.3,20.1,0.02,7351.51
CDR-D-2003143,2026-09-06 07:45:53,+25567875702,640024779805199,TZ-PEM-001,3G,tigo.internet,16.26,41.15,57.41,32,2.14,75.9,0.89,126.29
CDR-D-2003144,2026-09-07 17:25:29,+25567833723,640027614170462,TZ-PWA-002,4G,tigo.internet,32.04,151.24,183.29,68,61.06,50.5,0.14,403.23
CDR-D-2003145,2026-09-05 23:26:24,+25565130401,640023901232981,TZ-SNG-001,3G,tigo.pesa.app,13.36,39.53,52.9,47,6.17,79.5,1.94,0.0
CDR-D-2003146,2026-09-03 22:33:05,+25571907812,640029639044885,TZ-ARU-001,5G,tigo.pesa.app,25.29,157.5,182.79,47,113.35,18.0,0.1,0.0
CDR-D-2003147,2026-09-03 05:56:28,+25577491329,640029849565863,TZ-DAR-002,4G,tigo.internet,151.42,878.72,1030.14,71,47.53,34.9,0.2,2266.31
CDR-D-2003148,2026-09-03 02:13:38,+25577824038,640021343868435,TZ-SHI-001,3G,tigo.internet,2.14,6.21,8.35,82,1.29,97.2,1.02,18.38
CDR-D-2003149,2026-09-03 16:42:56,+25577835132,640022753617371,TZ-DOM-001,5G,tigo.internet,190.82,1105.0,1295.82,42,193.17,23.2,0.13,2850.8
CDR-D-2003150,2026-09-06 20:26:06,+25577979727,640027736142481,TZ-DAR-002,4G,tigo.corporate,129.39,742.45,871.84,89,14.13,27.7,0.22,1918.04
CDR-D-2003151,2026-09-01 18:18:19,+25567336288,640028851095587,TZ-DAR-013,5G,tigo.internet,455.07,2498.9,2953.97,73,221.84,19.9,0.08,6498.73
CDR-D-2003152,2026-09-03 02:06:13,+25577617033,640029082143437,TZ-IRI-001,4G,tigo.internet,261.24,877.77,1139.01,39,59.22,43.1,0.38,2505.82
CDR-D-2003153,2026-09-07 02:16:16,+25577604575,640028348547534,TZ-MWA-003,4G,tigo.internet,61.08,295.31,356.4,80,53.44,34.6,0.3,784.07
CDR-D-2003154,2026-09-04 02:38:46,+25565863209,640029108060197,TZ-MWA-002,4G,tigo.internet,109.19,431.42,540.61,87,30.11,35.6,0.18,1189.35
CDR-D-2003155,2026-09-07 02:55:58,+25567685126,640029119337640,TZ-DAR-005,4G,tigo.internet,138.73,580.54,719.26,48,29.88,32.0,0.36,1582.37
CDR-D-2003156,2026-09-07 14:08:05,+25567268252,640023063088799,TZ-DOM-002,5G,tigo.pesa.app,72.32,331.93,404.26,71,262.42,25.4,0.08,0.0
CDR-D-2003157,2026-09-07 12:16:22,+25577606877,640026464008146,TZ-PWA-002,4G,tigo.internet,15.84,86.48,102.32,17,44.73,44.6,0.07,225.1
CDR-D-2003158,2026-09-05 17:16:54,+25567105337,640027143189785,TZ-MAR-001,3G,tigo.internet,24.67,68.39,93.06,66,6.06,72.8,2.01,204.72
CDR-D-2003159,2026-09-02 00:09:45,+25571422722,640027657171838,TZ-DAR-002,4G,tigo.internet,10.35,35.15,45.5,89,56.05,32.5,0.05,100.1
CDR-D-2003160,2026-09-06 20:37:06,+25565312705,640029605108260,TZ-TAB-001,3G,tigo.internet,1.87,5.67,7.54,82,2.2,126.2,0.93,16.58
CDR-D-2003161,2026-09-07 23:09:00,+25565172222,640023281217890,TZ-MAR-001,3G,tigo.internet,1.88,5.16,7.04,72,4.38,73.2,2.2,15.49
CDR-D-2003162,2026-09-06 09:33:53,+25567712916,640028534977387,TZ-ARU-002,4G,tigo.internet,77.1,274.95,352.05,31,47.13,41.6,0.18,774.5
CDR-D-2003163,2026-09-06 06:06:09,+25565815123,640025726050504,TZ-ZNZ-001,5G,tigo.internet,29.78,188.8,218.58,85,90.38,27.8,0.04,480.88
CDR-D-2003164,2026-09-05 20:29:58,+25565197328,640023730248478,TZ-ZNZ-002,4G,tigo.internet,17.8,86.19,103.99,60,40.51,30.0,0.37,228.79
CDR-D-2003165,2026-09-03 23:48:47,+25565225245,640029644330231,TZ-MOR-001,4G,tigo.internet,133.24,506.76,640.0,25,20.06,54.2,0.35,1408.01
CDR-D-2003166,2026-09-02 20:53:48,+25577753453,640025921252890,TZ-DAR-006,4G,tigo.corporate,129.13,453.97,583.1,59,18.68,35.7,0.18,1282.83
CDR-D-2003167,2026-09-02 12:45:12,+25567189691,640025289839506,TZ-TND-001,3G,tigo.pesa.app,30.68,78.2,108.89,47,6.35,134.7,2.16,0.0
CDR-D-2003168,2026-09-03 01:42:27,+25577509735,640027406726525,TZ-DAR-002,4G,tigo.internet,89.24,446.12,535.36,46,24.8,37.8,0.15,1177.78
CDR-D-2003169,2026-09-05 08:37:40,+25565535214,640022070025912,TZ-KIL-003,3G,tigo.pesa.app,23.15,58.49,81.64,87,5.0,87.9,1.16,0.0
CDR-D-2003170,2026-09-03 15:24:46,+25571290580,640021175617484,TZ-DAR-007,4G,tigo.internet,201.71,887.49,1089.2,4,27.02,31.5,0.37,2396.24
CDR-D-2003171,2026-09-01 22:50:53,+25565226169,640023046572593,TZ-SON-001,3G,tigo.internet,20.94,67.59,88.53,29,1.74,124.0,2.79,194.77
CDR-D-2003172,2026-09-03 01:37:32,+25567177103,640027656585531,TZ-KIL-001,4G,tigo.internet,77.6,281.84,359.44,38,19.92,51.5,0.36,790.76
CDR-D-2003173,2026-09-02 19:24:46,+25565976097,640021369702097,TZ-SNG-001,3G,tigo.pesa.app,7.52,20.25,27.77,72,6.96,70.8,0.97,0.0
CDR-D-2003174,2026-09-02 10:49:42,+25577479580,640025284391408,TZ-NJO-001,3G,tigo.internet,18.08,67.24,85.32,59,6.25,133.2,1.22,187.7
CDR-D-2003175,2026-09-05 04:01:10,+25577629996,640022033921654,TZ-NJO-001,3G,tigo.internet,20.4,60.64,81.04,80,5.3,104.6,1.13,178.29
CDR-D-2003176,2026-09-03 13:18:50,+25567267011,640029955180489,TZ-PEM-001,3G,tigo.corporate,30.61,84.55,115.17,13,2.71,138.3,0.63,253.37
CDR-D-2003177,2026-09-04 21:12:55,+25571156620,640027383213464,TZ-DOM-002,5G,tigo.internet,133.27,687.68,820.95,62,169.93,23.7,0.06,1806.1
CDR-D-2003178,2026-09-04 12:28:26,+25567340500,640029952650911,TZ-ARU-001,5G,tigo.internet,384.32,2451.07,2835.4,20,170.92,16.6,0.07,6237.88
CDR-D-2003179,2026-09-05 12:50:31,+25567670977,640023981279224,TZ-DAR-008,4G,tigo.mms,140.66,609.25,749.91,86,21.92,31.4,0.33,1649.81
CDR-D-2003180,2026-09-02 22:54:02,+25577433219,640028788469970,TZ-MWA-001,5G,tigo.pesa.app,189.72,1031.08,1220.8,33,279.46,25.4,0.1,0.0
CDR-D-2003181,2026-09-06 07:54:51,+25565112936,640029986384992,TZ-MWA-002,4G,tigo.internet,238.85,910.63,1149.48,55,27.62,54.3,0.18,2528.85
CDR-D-2003182,2026-09-07 01:52:32,+25577343170,640024067853612,TZ-MWA-001,5G,tigo.internet,232.77,1426.95,1659.73,61,103.72,14.8,0.06,3651.4
CDR-D-2003183,2026-09-06 15:22:43,+25567466975,640028394104918,TZ-TAB-001,3G,tigo.pesa.app,8.76,36.6,45.36,37,6.78,115.2,0.55,0.0
CDR-D-2003184,2026-09-06 14:12:42,+25565925954,640023940614579,TZ-DAR-004,5G,tigo.corporate,31.87,213.3,245.17,68,223.27,19.7,0.05,539.38
CDR-D-2003185,2026-09-02 03:51:35,+25565300845,640027374584386,TZ-ZNZ-001,5G,tigo.internet,34.38,236.15,270.54,69,229.99,18.3,0.09,595.18
CDR-D-2003186,2026-09-02 20:08:30,+25571641386,640024218845963,TZ-DAR-003,5G,tigo.internet,563.07,2667.83,3230.9,66,53.71,20.1,0.11,7107.98
CDR-D-2003187,2026-09-01 18:59:37,+25567892182,640024519858899,TZ-ZNZ-004,4G,tigo.pesa.app,72.7,249.72,322.42,18,24.8,37.2,0.28,0.0
CDR-D-2003188,2026-09-03 11:56:48,+25577326956,640027835787787,TZ-ARU-001,5G,tigo.internet,523.43,2630.62,3154.06,11,231.55,18.3,0.09,6938.92
CDR-D-2003189,2026-09-02 00:16:07,+25571988324,640025756663747,TZ-DOM-003,4G,tigo.internet,158.05,739.78,897.84,56,57.24,51.7,0.21,1975.24
CDR-D-2003190,2026-09-06 14:55:12,+25571475727,640023538897827,TZ-TAR-001,3G,tigo.internet,8.46,37.38,45.84,64,2.74,105.5,1.62,100.84
CDR-D-2003191,2026-09-04 09:58:51,+25567741390,640023271782991,TZ-DAR-007,4G,tigo.internet,21.47,132.31,153.78,51,53.97,30.2,0.27,338.32
CDR-D-2003192,2026-09-03 11:08:37,+25571704430,640028150791910,TZ-SNG-001,3G,tigo.corporate,4.54,15.93,20.47,14,6.23,101.8,2.77,45.03
CDR-D-2003193,2026-09-07 19:23:25,+25567293595,640026588216930,TZ-ZNZ-004,4G,tigo.corporate,71.62,275.78,347.4,32,40.77,43.1,0.3,764.28
CDR-D-2003194,2026-09-03 07:07:04,+25567983456,640024709911999,TZ-MBY-001,4G,tigo.corporate,23.41,106.81,130.22,4,58.52,40.2,0.32,286.49
CDR-D-2003195,2026-09-01 00:23:59,+25577593975,640028460108930,TZ-SON-001,3G,tigo.pesa.app,19.82,57.96,77.78,53,1.56,81.4,2.41,0.0
CDR-D-2003196,2026-09-05 10:10:28,+25565499454,640027325684046,TZ-MWA-003,4G,tigo.internet,115.73,567.47,683.19,36,28.23,45.5,0.38,1503.02
CDR-D-2003197,2026-09-03 16:35:33,+25571993140,640027586857685,TZ-MBY-002,4G,tigo.internet,101.93,573.43,675.36,25,12.88,27.3,0.22,1485.8
CDR-D-2003198,2026-09-05 04:46:48,+25565460934,640023765321240,TZ-TAR-001,3G,tigo.internet,10.24,28.52,38.76,84,4.74,128.8,1.38,85.26
CDR-D-2003199,2026-09-03 10:50:46,+25571701804,640029257061242,TZ-MWA-003,4G,tigo.internet,143.88,768.88,912.76,7,53.54,44.9,0.3,2008.07
CDR-D-2003200,2026-09-07 05:45:20,+25567570700,640029206283313,TZ-DAR-012,5G,tigo.internet,189.78,1562.67,1752.45,50,259.3,23.9,0.11,3855.39
CDR-D-2003201,2026-09-01 18:39:07,+25577471921,640027744459607,TZ-DAR-010,4G,tigo.internet,68.62,308.54,377.16,89,27.47,45.7,0.16,829.76
CDR-D-2003202,2026-09-02 01:12:22,+25565143884,640024099552003,TZ-PWA-001,4G,tigo.mms,153.55,854.01,1007.56,14,18.35,32.9,0.41,2216.63
CDR-D-2003203,2026-09-02 14:00:44,+25565648501,640027132061410,TZ-MWA-001,5G,tigo.corporate,52.54,266.89,319.42,3,212.72,12.3,0.1,702.73
CDR-D-2003204,2026-09-04 08:35:30,+25577204555,640022962491159,TZ-MBY-001,4G,tigo.internet,65.21,311.69,376.91,84,54.66,49.2,0.08,829.19
CDR-D-2003205,2026-09-06 05:36:51,+25565950083,640028254773516,TZ-DAR-004,5G,tigo.corporate,264.09,1931.07,2195.16,10,171.57,18.5,0.13,4829.35
CDR-D-2003206,2026-09-04 21:37:08,+25567929527,640022035989065,TZ-DAR-001,5G,tigo.pesa.app,160.11,776.8,936.91,20,176.29,21.3,0.13,0.0
CDR-D-2003207,2026-09-01 23:33:47,+25571434617,640026333223513,TZ-KIL-002,3G,tigo.internet,24.78,73.37,98.16,17,3.33,130.4,1.0,215.94
CDR-D-2003208,2026-09-07 21:15:43,+25567937302,640021749459431,TZ-DAR-002,4G,tigo.corporate,86.17,449.98,536.15,35,41.7,45.5,0.14,1179.54
CDR-D-2003209,2026-09-05 22:50:26,+25577801569,640024900179544,TZ-MWA-001,5G,tigo.pesa.app,441.21,2344.19,2785.4,71,170.15,20.7,0.13,0.0
CDR-D-2003210,2026-09-02 12:16:57,+25565528459,640029841554539,TZ-PWA-002,4G,tigo.internet,92.04,487.8,579.83,57,43.66,48.7,0.07,1275.64
CDR-D-2003211,2026-09-05 09:59:56,+25571576773,640022449047673,TZ-DAR-014,3G,tigo.internet,16.37,66.6,82.97,9,3.14,107.9,1.39,182.53
CDR-D-2003212,2026-09-01 16:22:52,+25577285225,640027846389041,TZ-DAR-008,4G,tigo.corporate,21.32,76.26,97.58,64,17.49,46.6,0.14,214.68
CDR-D-2003213,2026-09-02 03:02:31,+25565562104,640028812525969,TZ-DAR-008,4G,tigo.corporate,145.44,922.73,1068.17,44,37.13,36.8,0.1,2349.98
CDR-D-2003214,2026-09-04 08:59:27,+25567839525,640028979273911,TZ-KAH-001,4G,tigo.internet,15.38,69.46,84.84,86,32.75,46.9,0.28,186.64
CDR-D-2003215,2026-09-01 09:49:44,+25567993891,640026903558431,TZ-ARU-003,4G,tigo.internet,69.34,236.78,306.12,5,53.59,50.5,0.42,673.47
CDR-D-2003216,2026-09-07 06:55:05,+25577936865,640023269449477,TZ-MTW-001,4G,tigo.internet,17.31,64.75,82.06,78,22.87,51.2,0.07,180.54
CDR-D-2003217,2026-09-06 01:30:28,+25565862398,640029473523940,TZ-ZNZ-003,4G,tigo.pesa.app,69.54,303.62,373.17,44,23.84,39.8,0.38,0.0
CDR-D-2003218,2026-09-02 14:54:04,+25565226124,640022928610987,TZ-MWA-002,4G,tigo.pesa.app,17.26,63.79,81.05,62,60.61,29.0,0.44,0.0
CDR-D-2003219,2026-09-02 06:37:59,+25567983788,640024731897202,TZ-TAB-001,3G,tigo.internet,12.93,34.36,47.29,59,4.35,134.1,1.08,104.04
CDR-D-2003220,2026-09-04 14:44:14,+25565166175,640024455101626,TZ-DAR-009,4G,tigo.internet,137.69,904.21,1041.9,10,15.73,31.5,0.26,2292.18
CDR-D-2003221,2026-09-05 01:17:28,+25571588002,640022317723211,TZ-SON-001,3G,tigo.internet,24.18,75.59,99.77,24,1.51,78.7,1.68,219.49
CDR-D-2003222,2026-09-02 09:00:21,+25577780714,640022362721798,TZ-TAN-002,3G,tigo.internet,22.66,77.18,99.83,12,2.13,92.8,1.77,219.63
CDR-D-2003223,2026-09-04 18:42:34,+25567479742,640023436297208,TZ-DOM-003,4G,tigo.corporate,102.74,458.22,560.96,73,30.31,33.2,0.18,1234.11
CDR-D-2003224,2026-09-07 02:56:49,+25571528644,640024801044279,TZ-PEM-001,3G,tigo.internet,4.07,12.66,16.73,54,2.37,92.2,1.05,36.8
CDR-D-2003225,2026-09-01 01:57:42,+25577170304,640025319029553,TZ-GEI-001,4G,tigo.pesa.app,44.22,204.42,248.64,31,17.54,43.9,0.26,0.0
CDR-D-2003226,2026-09-03 00:33:32,+25565994863,640023875420006,TZ-MOR-001,4G,tigo.internet,240.72,808.96,1049.67,82,51.6,30.6,0.14,2309.28
CDR-D-2003227,2026-09-06 23:37:06,+25567236369,640024208964711,TZ-KIL-003,3G,tigo.internet,14.13,50.12,64.24,73,2.21,131.3,2.61,141.34
CDR-D-2003228,2026-09-04 07:24:58,+25567430036,640026859140780,TZ-TAN-003,3G,tigo.pesa.app,6.12,23.34,29.45,88,2.68,119.6,0.74,0.0
CDR-D-2003229,2026-09-05 17:25:41,+25565257880,640022761091683,TZ-ARU-002,4G,tigo.internet,24.72,132.05,156.77,75,53.75,27.9,0.4,344.9
CDR-D-2003230,2026-09-03 17:22:22,+25565674721,640024534096467,TZ-PWA-001,4G,tigo.internet,16.23,73.73,89.96,82,15.93,47.9,0.34,197.92
CDR-D-2003231,2026-09-05 01:38:49,+25571141316,640021184146454,TZ-PWA-001,4G,tigo.internet,170.49,688.29,858.79,8,33.85,48.8,0.19,1889.33
CDR-D-2003232,2026-09-07 02:48:37,+25565138436,640027664045502,TZ-ZNZ-002,4G,tigo.pesa.app,56.0,304.38,360.38,35,34.56,39.7,0.11,0.0
CDR-D-2003233,2026-09-04 07:40:04,+25565528459,640029841554539,TZ-PWA-002,4G,tigo.internet,133.23,676.91,810.14,39,55.33,38.2,0.28,1782.31
CDR-D-2003234,2026-09-03 11:26:47,+25571702891,640024528828126,TZ-KIL-002,3G,tigo.internet,9.62,39.46,49.09,60,2.16,95.6,0.66,107.99
CDR-D-2003235,2026-09-05 12:16:19,+25565160101,640025529503814,TZ-DAR-013,5G,tigo.corporate,42.9,202.08,244.98,47,200.77,24.8,0.05,538.96
CDR-D-2003236,2026-09-03 20:12:26,+25567172306,640022465576748,TZ-KAH-001,4G,tigo.internet,81.93,540.34,622.27,15,33.26,34.4,0.17,1369.0
CDR-D-2003237,2026-09-07 00:48:20,+25577432061,640022549195708,TZ-DAR-006,4G,tigo.internet,188.2,777.97,966.17,52,15.77,29.1,0.26,2125.58
CDR-D-2003238,2026-09-03 21:58:23,+25565475125,640022749681616,TZ-PWA-001,4G,tigo.pesa.app,13.45,46.33,59.77,27,23.18,25.3,0.26,0.0
CDR-D-2003239,2026-09-02 13:42:16,+25571625245,640025539136501,TZ-TAB-001,3G,tigo.pesa.app,23.21,84.25,107.46,4,5.92,87.1,1.8,0.0
CDR-D-2003240,2026-09-03 23:02:24,+25565378196,640026717441860,TZ-KAH-001,4G,tigo.internet,148.83,632.57,781.4,50,18.38,27.7,0.27,1719.09
CDR-D-2003241,2026-09-02 06:16:48,+25571500464,640024115565294,TZ-PWA-002,4G,tigo.internet,44.76,178.33,223.09,25,24.09,48.5,0.22,490.8
CDR-D-2003242,2026-09-05 03:23:40,+25577706701,640028936809129,TZ-MOR-001,4G,tigo.internet,40.51,147.54,188.05,18,30.77,28.8,0.39,413.72
CDR-D-2003243,2026-09-03 07:36:36,+25577728896,640028268862104,TZ-MOR-001,4G,tigo.pesa.app,117.71,570.91,688.62,14,42.64,32.2,0.43,0.0
CDR-D-2003244,2026-09-01 08:42:32,+25571854500,640028822438146,TZ-DAR-015,3G,tigo.internet,28.67,78.31,106.98,84,1.3,113.9,2.33,235.36
CDR-D-2003245,2026-09-06 18:41:58,+25567983794,640021240251661,TZ-DOM-003,4G,tigo.internet,101.96,629.11,731.07,14,47.58,48.5,0.35,1608.35
CDR-D-2003246,2026-09-01 03:17:10,+25571331282,640023852325403,TZ-MBY-002,4G,tigo.internet,36.98,132.81,169.79,7,51.67,26.4,0.38,373.53
CDR-D-2003247,2026-09-01 17:47:15,+25577208310,640021112794026,TZ-DAR-001,5G,tigo.internet,361.7,1997.23,2358.93,54,58.18,23.0,0.09,5189.64
CDR-D-2003248,2026-09-07 17:44:21,+25565784343,640021692392816,TZ-DOM-001,5G,tigo.internet,177.27,1271.68,1448.95,81,232.12,26.0,0.09,3187.69
CDR-D-2003249,2026-09-07 02:53:07,+25571114463,640022126077199,TZ-MWA-001,5G,tigo.internet,192.53,1180.92,1373.45,37,46.23,23.2,0.09,3021.58
CDR-D-2003250,2026-09-06 01:11:10,+25565382154,640028093513594,TZ-MTW-001,4G,tigo.internet,87.8,382.26,470.05,9,26.98,42.2,0.18,1034.11
CDR-D-2003251,2026-09-06 02:37:11,+25567244935,640026351134654,TZ-DAR-015,3G,tigo.corporate,7.07,24.36,31.43,86,5.86,68.9,1.58,69.15
CDR-D-2003252,2026-09-03 11:37:19,+25565424500,640028663811838,TZ-KIL-002,3G,tigo.internet,14.49,40.05,54.55,84,6.94,119.5,2.24,120.0
CDR-D-2003253,2026-09-03 02:35:26,+25567623125,640027660157097,TZ-MTW-001,4G,tigo.pesa.app,23.59,120.69,144.28,76,64.87,38.7,0.3,0.0
CDR-D-2003254,2026-09-05 20:18:41,+25571857703,640028103123072,TZ-MTW-001,4G,tigo.internet,26.1,98.6,124.7,26,39.58,37.7,0.1,274.35
CDR-D-2003255,2026-09-05 04:14:26,+25577863481,640026041077282,TZ-MAR-001,3G,tigo.corporate,6.65,28.29,34.95,90,4.67,139.5,2.01,76.89
CDR-D-2003256,2026-09-07 13:21:23,+25571587506,640024462726923,TZ-DAR-011,4G,tigo.pesa.app,137.34,459.87,597.2,47,59.94,42.6,0.41,0.0
CDR-D-2003257,2026-09-01 04:52:38,+25567155699,640026800590025,TZ-DOM-002,5G,tigo.corporate,371.94,2256.56,2628.5,6,261.17,15.3,0.03,5782.69
CDR-D-2003258,2026-09-07 19:51:41,+25577716551,640026654385989,TZ-DAR-014,3G,tigo.corporate,15.76,51.42,67.18,76,1.69,65.6,0.61,147.8
CDR-D-2003259,2026-09-01 20:51:28,+25577614034,640027360670711,TZ-MWA-001,5G,tigo.internet,231.39,1295.34,1526.73,27,207.75,18.4,0.11,3358.81
CDR-D-2003260,2026-09-06 07:43:39,+25565215507,640026795403548,TZ-MWA-001,5G,tigo.mms,489.53,3157.11,3646.65,46,126.26,16.1,0.1,8022.63
CDR-D-2003261,2026-09-02 22:57:34,+25571487484,640029713788428,TZ-DAR-008,4G,tigo.corporate,190.42,858.77,1049.19,27,12.54,36.2,0.4,2308.22
CDR-D-2003262,2026-09-04 06:39:15,+25577631468,640026900423003,TZ-MWA-001,5G,tigo.internet,116.91,713.26,830.17,53,248.84,15.8,0.14,1826.37
CDR-D-2003263,2026-09-05 11:32:56,+25571481024,640027184949643,TZ-MOR-001,4G,tigo.pesa.app,51.35,329.2,380.56,83,33.73,46.0,0.21,0.0
CDR-D-2003264,2026-09-05 19:57:17,+25565547011,640029665789482,TZ-DAR-015,3G,tigo.pesa.app,9.63,37.94,47.57,66,3.31,74.8,1.68,0.0
CDR-D-2003265,2026-09-02 05:13:31,+25577244192,640021703457120,TZ-MWA-001,5G,tigo.internet,596.29,2577.19,3173.48,69,64.61,13.2,0.02,6981.66
CDR-D-2003266,2026-09-03 08:04:05,+25571724719,640025774643348,TZ-ZNZ-002,4G,tigo.corporate,101.47,641.77,743.24,35,61.2,39.2,0.23,1635.13
CDR-D-2003267,2026-09-06 14:01:29,+25571542981,640025823732987,TZ-MBY-001,4G,tigo.internet,68.65,408.29,476.94,42,57.55,35.9,0.06,1049.26
CDR-D-2003268,2026-09-01 06:10:21,+25567850689,640022943612110,TZ-MTW-001,4G,tigo.mms,166.78,576.99,743.77,58,41.12,36.5,0.3,1636.3
CDR-D-2003269,2026-09-02 03:54:57,+25567400692,640029625656293,TZ-TAB-001,3G,tigo.internet,11.05,29.77,40.82,16,6.57,118.2,1.66,89.8
CDR-D-2003270,2026-09-04 16:16:31,+25571759675,640021413202112,TZ-DOM-001,5G,tigo.internet,190.53,1169.81,1360.35,44,213.86,24.1,0.01,2992.76
CDR-D-2003271,2026-09-06 19:25:32,+25567670950,640023905778118,TZ-ARU-003,4G,tigo.internet,154.77,840.59,995.35,5,55.69,42.4,0.08,2189.78
CDR-D-2003272,2026-09-03 12:47:35,+25571706012,640024139249064,TZ-SHI-001,3G,tigo.internet,15.19,64.71,79.9,83,7.01,88.4,0.52,175.78
CDR-D-2003273,2026-09-05 02:57:31,+25577107246,640028115186493,TZ-DOM-001,5G,tigo.internet,166.31,1032.3,1198.61,25,222.49,22.9,0.12,2636.93
CDR-D-2003274,2026-09-05 13:59:34,+25567833723,640027614170462,TZ-PWA-002,4G,tigo.corporate,136.82,645.02,781.84,30,51.75,46.9,0.11,1720.04
CDR-D-2003275,2026-09-02 02:28:08,+25571829445,640026086370835,TZ-MWA-002,4G,tigo.corporate,19.19,100.41,119.6,41,53.17,31.8,0.39,263.13
CDR-D-2003276,2026-09-01 06:55:41,+25571504321,640021933998295,TZ-DOM-003,4G,tigo.pesa.app,117.29,431.2,548.49,79,48.93,38.6,0.27,0.0
CDR-D-2003277,2026-09-06 01:08:43,+25567489759,640027947345952,TZ-MTW-001,4G,tigo.internet,169.74,568.34,738.08,40,50.5,39.3,0.23,1623.78
CDR-D-2003278,2026-09-05 03:16:08,+25571481024,640027184949643,TZ-MOR-001,4G,tigo.pesa.app,260.09,935.91,1196.0,56,22.58,33.3,0.16,0.0
CDR-D-2003279,2026-09-04 03:22:53,+25567112266,640022757235114,TZ-PWA-001,4G,tigo.pesa.app,145.94,699.02,844.95,2,37.98,43.2,0.31,0.0
CDR-D-2003280,2026-09-01 13:47:31,+25571116703,640022309263254,TZ-PEM-001,3G,tigo.internet,20.16,57.9,78.05,18,1.26,137.9,1.37,171.72
CDR-D-2003281,2026-09-02 13:13:20,+25571268187,640029981540040,TZ-PWA-001,4G,tigo.pesa.app,125.71,721.35,847.06,59,26.45,33.2,0.13,0.0
CDR-D-2003282,2026-09-06 08:43:46,+25565599288,640027358555069,TZ-KIL-003,3G,tigo.internet,12.07,51.13,63.2,14,4.72,94.3,2.21,139.03
CDR-D-2003283,2026-09-01 05:58:52,+25577319401,640024123723470,TZ-IRI-001,4G,tigo.internet,84.4,526.31,610.7,14,54.55,46.6,0.22,1343.55
CDR-D-2003284,2026-09-04 23:18:28,+25577941235,640022881894932,TZ-ZNZ-002,4G,tigo.corporate,125.68,824.41,950.09,49,45.33,48.8,0.32,2090.19
CDR-D-2003285,2026-09-02 15:25:53,+25567395120,640024239681347,TZ-ZNZ-004,4G,tigo.internet,131.82,665.78,797.6,18,52.41,33.8,0.14,1754.72
CDR-D-2003286,2026-09-01 18:19:16,+25577678923,640023072183247,TZ-PEM-001,3G,tigo.internet,20.91,77.03,97.94,75,2.01,97.0,1.81,215.46
CDR-D-2003287,2026-09-06 20:01:27,+25571124125,640024482166571,TZ-PWA-001,4G,tigo.internet,169.98,591.9,761.88,65,27.23,36.1,0.09,1676.13
CDR-D-2003288,2026-09-04 20:17:22,+25577876619,640027892771428,TZ-SHI-001,3G,tigo.internet,1.83,6.05,7.87,89,3.41,127.1,1.34,17.32
CDR-D-2003289,2026-09-01 04:08:26,+25567236369,640024208964711,TZ-KIL-003,3G,tigo.internet,3.78,12.4,16.18,4,6.58,136.0,1.38,35.6
CDR-D-2003290,2026-09-03 21:14:15,+25571377120,640022063329832,TZ-MBY-002,4G,tigo.pesa.app,45.28,189.22,234.5,41,21.8,52.3,0.38,0.0
CDR-D-2003291,2026-09-07 12:16:58,+25577757724,640028738351331,TZ-ARU-003,4G,tigo.internet,49.9,269.99,319.88,22,39.46,27.9,0.29,703.75
CDR-D-2003292,2026-09-03 19:11:13,+25567346120,640025372837607,TZ-MTW-001,4G,tigo.internet,21.61,143.12,164.73,82,49.03,45.1,0.3,362.41
CDR-D-2003293,2026-09-07 23:07:17,+25565866151,640021818520766,TZ-DAR-007,4G,tigo.internet,169.47,863.98,1033.45,48,18.38,38.5,0.25,2273.58
CDR-D-2003294,2026-09-01 19:09:11,+25567309991,640029549825267,TZ-SNG-001,3G,tigo.pesa.app,15.03,61.15,76.18,88,1.43,79.0,1.01,0.0
CDR-D-2003295,2026-09-05 22:29:40,+25567679459,640022015168489,TZ-KIG-001,3G,tigo.corporate,4.51,15.4,19.91,48,4.62,91.3,0.59,43.8
CDR-D-2003296,2026-09-03 03:07:01,+25567243941,640022027708670,TZ-ARU-002,4G,tigo.internet,247.89,871.94,1119.83,53,16.21,48.7,0.44,2463.63
CDR-D-2003297,2026-09-07 22:16:12,+25577761679,640023507826917,TZ-DAR-015,3G,tigo.pesa.app,19.29,53.57,72.86,3,7.03,85.1,0.88,0.0
CDR-D-2003298,2026-09-03 04:55:54,+25577852293,640028408939222,TZ-DAR-006,4G,tigo.internet,14.17,77.16,91.33,61,59.61,33.0,0.07,200.93
CDR-D-2003299,2026-09-06 02:53:22,+25567430036,640026859140780,TZ-TAN-003,3G,tigo.internet,19.57,56.06,75.63,43,4.94,115.6,2.59,166.38
CDR-D-2003300,2026-09-06 04:09:23,+25565533020,640023965676060,TZ-DAR-004,5G,tigo.corporate,101.73,459.36,561.09,65,169.94,17.6,0.07,1234.4
CDR-D-2003301,2026-09-04 08:51:35,+25565169223,640027974637746,TZ-DAR-007,4G,tigo.internet,91.69,349.05,440.74,62,39.75,53.3,0.18,969.63
CDR-D-2003302,2026-09-06 13:46:02,+25571923914,640027059726570,TZ-KIL-003,3G,tigo.pesa.app,13.55,46.23,59.77,22,6.37,69.9,0.56,0.0
CDR-D-2003303,2026-09-07 19:24:34,+25571781180,640029660485827,TZ-MBY-002,4G,tigo.internet,8.32,47.7,56.02,46,63.33,35.3,0.38,123.24
CDR-D-2003304,2026-09-02 01:23:23,+25567275073,640022597167064,TZ-TAN-001,4G,tigo.corporate,105.86,439.57,545.44,27,53.91,42.4,0.41,1199.96
CDR-D-2003305,2026-09-05 05:59:18,+25565144887,640023871553289,TZ-IRI-001,4G,tigo.internet,127.68,580.26,707.93,38,60.76,34.7,0.27,1557.45
CDR-D-2003306,2026-09-03 18:51:58,+25565835165,640022691239817,TZ-TAN-003,3G,tigo.internet,3.77,17.56,21.33,65,2.37,84.0,1.73,46.92
CDR-D-2003307,2026-09-04 20:37:56,+25565611559,640023453846612,TZ-DOM-003,4G,tigo.internet,127.89,607.43,735.32,65,47.66,29.3,0.33,1617.7
CDR-D-2003308,2026-09-02 23:40:41,+25567320846,640021284448229,TZ-DAR-011,4G,tigo.internet,48.19,173.05,221.24,82,58.33,27.1,0.23,486.72
CDR-D-2003309,2026-09-07 20:06:13,+25565143926,640025484003506,TZ-DAR-010,4G,tigo.internet,198.28,684.99,883.27,24,64.39,48.3,0.24,1943.19
CDR-D-2003310,2026-09-01 10:31:06,+25565415508,640027993235236,TZ-DAR-010,4G,tigo.corporate,134.96,587.93,722.89,50,34.99,54.2,0.43,1590.35
CDR-D-2003311,2026-09-03 04:31:01,+25567309991,640029549825267,TZ-SNG-001,3G,tigo.internet,19.98,62.31,82.29,18,2.21,96.7,2.72,181.04
CDR-D-2003312,2026-09-02 12:59:21,+25567193653,640027054307581,TZ-ZNZ-003,4G,tigo.internet,84.65,325.44,410.09,84,26.87,46.7,0.21,902.21
CDR-D-2003313,2026-09-06 13:16:08,+25571593393,640023665691647,TZ-MWA-001,5G,tigo.pesa.app,123.59,897.32,1020.91,4,47.92,12.1,0.08,0.0
CDR-D-2003314,2026-09-02 01:52:41,+25577405407,640021140187131,TZ-PWA-002,4G,tigo.internet,39.75,182.62,222.37,73,52.46,39.8,0.2,489.22
CDR-D-2003315,2026-09-07 23:36:51,+25577624369,640021172893522,TZ-MAR-001,3G,tigo.internet,5.84,20.63,26.48,38,4.99,95.6,0.89,58.25
CDR-D-2003316,2026-09-02 09:49:35,+25567322022,640023201397080,TZ-TND-001,3G,tigo.internet,11.24,42.67,53.91,13,6.2,104.3,2.25,118.59
CDR-D-2003317,2026-09-04 11:05:02,+25571377120,640022063329832,TZ-MBY-002,4G,tigo.internet,84.27,418.54,502.81,38,24.41,26.8,0.23,1106.17
CDR-D-2003318,2026-09-01 09:46:59,+25565913848,640026126033644,TZ-KIL-002,3G,tigo.internet,3.34,10.94,14.28,32,4.06,126.6,1.06,31.42
CDR-D-2003319,2026-09-03 23:55:30,+25577811016,640023304513663,TZ-MBY-001,4G,tigo.internet,196.3,912.39,1108.69,63,50.13,35.1,0.38,2439.11
CDR-D-2003320,2026-09-05 17:06:42,+25577530321,640026805631767,TZ-DAR-012,5G,tigo.internet,618.94,2748.54,3367.48,33,221.44,20.2,0.05,7408.46
CDR-D-2003321,2026-09-03 20:42:33,+25565301224,640026236751117,TZ-SHI-001,3G,tigo.internet,10.29,40.32,50.61,79,4.39,119.5,2.36,111.34
CDR-D-2003322,2026-09-05 21:19:00,+25577863481,640026041077282,TZ-MAR-001,3G,tigo.corporate,18.6,61.38,79.98,79,2.93,111.7,1.47,175.96
CDR-D-2003323,2026-09-02 10:43:07,+25567526635,640021097634221,TZ-TAB-001,3G,tigo.corporate,7.59,27.59,35.19,71,6.57,96.8,1.24,77.41
CDR-D-2003324,2026-09-03 09:45:06,+25571698336,640025890868629,TZ-NJO-001,3G,tigo.pesa.app,25.8,69.0,94.8,7,4.59,89.9,1.41,0.0
CDR-D-2003325,2026-09-01 09:41:44,+25577286540,640026769647208,TZ-DAR-015,3G,tigo.internet,8.33,27.86,36.19,37,6.39,100.3,0.81,79.63
CDR-D-2003326,2026-09-02 15:48:45,+25571234425,640028889572098,TZ-DAR-007,4G,tigo.internet,103.02,478.54,581.56,45,37.82,31.1,0.36,1279.43
CDR-D-2003327,2026-09-04 06:38:53,+25565583694,640021666660868,TZ-DAR-009,4G,tigo.internet,66.88,331.57,398.45,30,48.7,34.4,0.31,876.58
CDR-D-2003328,2026-09-07 21:25:03,+25571311895,640025754765755,TZ-TAR-001,3G,tigo.internet,6.26,29.68,35.94,41,2.63,69.4,0.94,79.07
CDR-D-2003329,2026-09-07 22:26:37,+25577823415,640028948573913,TZ-DAR-011,4G,tigo.corporate,242.09,809.67,1051.76,4,61.54,50.3,0.12,2313.87
CDR-D-2003330,2026-09-07 10:10:29,+25577274739,640028257484586,TZ-MWA-002,4G,tigo.internet,210.65,796.97,1007.62,12,41.29,38.0,0.08,2216.77
CDR-D-2003331,2026-09-01 02:19:31,+25565908323,640029012328127,TZ-ZNZ-004,4G,tigo.internet,147.59,692.43,840.02,22,13.98,33.0,0.44,1848.04
CDR-D-2003332,2026-09-02 17:21:00,+25565309905,640023605238011,TZ-DAR-006,4G,tigo.internet,39.13,243.92,283.05,2,61.17,48.9,0.4,622.72
CDR-D-2003333,2026-09-02 12:46:35,+25565995940,640027594786332,TZ-MAR-001,3G,tigo.internet,8.23,25.96,34.19,71,5.45,115.8,0.86,75.22
CDR-D-2003334,2026-09-05 18:06:43,+25565950083,640028254773516,TZ-DAR-004,5G,tigo.pesa.app,82.95,688.79,771.74,35,147.07,17.6,0.13,0.0
CDR-D-2003335,2026-09-06 20:31:26,+25565927895,640029561936242,TZ-MBY-001,4G,tigo.pesa.app,126.31,568.81,695.12,67,41.43,47.7,0.21,0.0
CDR-D-2003336,2026-09-04 01:18:10,+25577285225,640027846389041,TZ-DAR-008,4G,tigo.internet,62.8,396.64,459.44,35,59.31,44.1,0.26,1010.78
CDR-D-2003337,2026-09-07 16:30:19,+25565274185,640028875273236,TZ-NJO-001,3G,tigo.pesa.app,17.5,67.92,85.42,58,6.73,116.3,0.85,0.0
CDR-D-2003338,2026-09-03 00:25:05,+25567670977,640023981279224,TZ-DAR-008,4G,tigo.internet,112.08,703.65,815.73,3,19.7,39.3,0.1,1794.6
CDR-D-2003339,2026-09-06 23:30:34,+25571911192,640029667651430,TZ-MWA-002,4G,tigo.corporate,93.99,557.48,651.46,9,33.43,49.4,0.12,1433.22
CDR-D-2003340,2026-09-02 10:57:49,+25577900117,640024875855229,TZ-TAN-003,3G,tigo.corporate,8.59,24.89,33.47,6,5.92,139.1,2.73,73.64
CDR-D-2003341,2026-09-05 20:39:04,+25577114923,640025573077595,TZ-MOR-001,4G,tigo.internet,252.58,870.99,1123.57,90,44.68,35.2,0.39,2471.86
CDR-D-2003342,2026-09-04 15:01:19,+25577816712,640028325529753,TZ-MTW-001,4G,tigo.internet,16.51,109.16,125.67,23,16.86,42.7,0.25,276.47
CDR-D-2003343,2026-09-05 02:15:36,+25571537859,640026915482645,TZ-MWA-003,4G,tigo.internet,98.69,473.25,571.93,6,23.36,47.7,0.25,1258.25
CDR-D-2003344,2026-09-05 04:33:53,+25567675191,640022910594463,TZ-MWA-002,4G,tigo.internet,137.75,743.83,881.58,16,43.87,46.0,0.16,1939.47
CDR-D-2003345,2026-09-06 01:37:21,+25567346120,640025372837607,TZ-MTW-001,4G,tigo.internet,193.55,813.82,1007.37,7,60.42,49.6,0.35,2216.21
CDR-D-2003346,2026-09-05 04:46:24,+25571740225,640029921805120,TZ-ARU-002,4G,tigo.corporate,165.12,910.22,1075.35,71,55.56,39.7,0.09,2365.76
CDR-D-2003347,2026-09-02 20:10:04,+25565833968,640024271332825,TZ-KAH-001,4G,tigo.corporate,181.28,892.93,1074.21,28,57.59,25.2,0.16,2363.26
CDR-D-2003348,2026-09-02 16:41:23,+25577616428,640024470249239,TZ-MBY-002,4G,tigo.pesa.app,18.15,71.09,89.24,20,30.7,40.9,0.16,0.0
CDR-D-2003349,2026-09-01 19:00:09,+25567693343,640025182609867,TZ-TAN-001,4G,tigo.internet,88.91,348.19,437.1,22,34.57,34.2,0.21,961.62
CDR-D-2003350,2026-09-02 21:21:06,+25577871523,640026281827528,TZ-MBY-001,4G,tigo.internet,102.46,448.03,550.49,38,33.69,48.4,0.32,1211.07
CDR-D-2003351,2026-09-03 02:46:30,+25571917326,640025592466298,TZ-DAR-015,3G,tigo.pesa.app,4.04,13.36,17.4,86,3.38,90.8,1.53,0.0
CDR-D-2003352,2026-09-04 05:48:51,+25577666881,640021616883914,TZ-KIL-003,3G,tigo.internet,9.21,30.55,39.77,62,3.08,97.1,2.3,87.49
CDR-D-2003353,2026-09-02 01:35:31,+25577320869,640026970267626,TZ-ARU-003,4G,tigo.pesa.app,24.23,158.64,182.87,33,32.11,36.6,0.39,0.0
CDR-D-2003354,2026-09-01 14:42:56,+25571487538,640027750678214,TZ-TAN-002,3G,tigo.internet,9.79,48.25,58.04,52,4.6,93.0,0.6,127.68
CDR-D-2003355,2026-09-01 14:58:19,+25567825443,640021381708520,TZ-SON-001,3G,tigo.internet,11.92,57.78,69.69,76,2.55,134.0,2.37,153.33
CDR-D-2003356,2026-09-04 08:01:53,+25567683316,640023194915392,TZ-ZNZ-004,4G,tigo.internet,197.89,905.33,1103.22,77,57.12,29.2,0.11,2427.07
CDR-D-2003357,2026-09-05 03:22:38,+25571449090,640023367704310,TZ-SHI-001,3G,tigo.internet,29.16,78.16,107.32,11,5.05,138.1,1.29,236.09
CDR-D-2003358,2026-09-05 08:22:24,+25565100487,640022631355498,TZ-DAR-009,4G,tigo.internet,153.62,893.66,1047.28,26,17.87,51.9,0.35,2304.01
CDR-D-2003359,2026-09-03 20:56:21,+25577801569,640024900179544,TZ-MWA-001,5G,tigo.internet,312.57,2245.13,2557.7,73,103.26,15.6,0.03,5626.93
CDR-D-2003360,2026-09-02 00:29:16,+25571340897,640024681542027,TZ-DAR-012,5G,tigo.corporate,280.95,1392.55,1673.5,2,65.16,27.5,0.03,3681.69
CDR-D-2003361,2026-09-01 21:20:34,+25571140611,640021890000799,TZ-DAR-006,4G,tigo.pesa.app,140.38,773.59,913.97,41,61.63,52.3,0.36,0.0
CDR-D-2003362,2026-09-02 19:15:59,+25571189814,640028438486479,TZ-DOM-002,5G,tigo.pesa.app,740.24,3130.3,3870.54,49,263.3,22.7,0.11,0.0
CDR-D-2003363,2026-09-01 16:25:24,+25571593002,640026550233140,TZ-KIL-003,3G,tigo.internet,14.83,58.88,73.71,38,2.04,118.2,1.56,162.16
CDR-D-2003364,2026-09-01 22:46:13,+25567303768,640024044608073,TZ-ZNZ-001,5G,tigo.internet,582.26,2794.73,3376.99,61,114.84,13.2,0.02,7429.38
CDR-D-2003365,2026-09-02 11:37:59,+25565792282,640023238756255,TZ-DAR-012,5G,tigo.internet,574.0,2742.07,3316.07,79,73.45,20.2,0.12,7295.36
CDR-D-2003366,2026-09-07 17:54:46,+25577787106,640022721212175,TZ-MWA-001,5G,tigo.internet,80.65,357.83,438.48,90,82.27,21.9,0.15,964.66
CDR-D-2003367,2026-09-01 08:24:14,+25565216006,640027746298485,TZ-TAB-001,3G,tigo.internet,25.14,69.19,94.32,83,7.22,135.8,1.67,207.51
CDR-D-2003368,2026-09-07 17:08:46,+25567925981,640027475684019,TZ-DAR-010,4G,tigo.pesa.app,52.22,303.12,355.34,87,48.83,36.4,0.36,0.0
CDR-D-2003369,2026-09-04 05:41:54,+25565533020,640023965676060,TZ-DAR-004,5G,tigo.internet,290.06,1533.18,1823.24,7,257.41,22.1,0.11,4011.13
CDR-D-2003370,2026-09-04 15:03:53,+25571491172,640029415119956,TZ-DAR-006,4G,tigo.internet,13.9,75.75,89.65,83,38.09,52.6,0.22,197.22
CDR-D-2003371,2026-09-02 00:44:52,+25565103876,640023743483601,TZ-KIG-001,3G,tigo.internet,6.02,29.3,35.32,32,6.16,104.1,0.85,77.71
CDR-D-2003372,2026-09-07 15:39:37,+25571556112,640021561387824,TZ-ARU-001,5G,tigo.internet,124.0,802.97,926.97,86,264.23,15.2,0.02,2039.34
CDR-D-2003373,2026-09-06 02:15:32,+25567921401,640021680052083,TZ-DAR-015,3G,tigo.internet,3.89,18.38,22.26,38,4.4,127.8,2.19,48.98
CDR-D-2003374,2026-09-04 15:48:17,+25577954886,640024196786163,TZ-KIL-003,3G,tigo.pesa.app,13.29,54.14,67.43,12,4.63,103.1,2.53,0.0
CDR-D-2003375,2026-09-03 03:02:15,+25571353495,640026887978829,TZ-DAR-013,5G,tigo.pesa.app,383.25,2207.91,2591.16,73,176.42,23.3,0.02,0.0
CDR-D-2003376,2026-09-01 00:06:20,+25577181247,640028359619163,TZ-DAR-015,3G,tigo.internet,13.25,52.78,66.03,15,5.74,93.5,1.69,145.27
CDR-D-2003377,2026-09-07 18:54:23,+25567761601,640029711293507,TZ-TAB-001,3G,tigo.pesa.app,20.44,57.37,77.8,67,6.87,125.8,1.21,0.0
CDR-D-2003378,2026-09-06 11:01:05,+25577263264,640025757968510,TZ-DOM-001,5G,tigo.internet,125.6,691.75,817.35,62,46.28,21.9,0.15,1798.17
CDR-D-2003379,2026-09-04 09:42:29,+25565231945,640025047101003,TZ-MBY-001,4G,tigo.pesa.app,53.98,333.24,387.22,45,24.53,25.4,0.3,0.0
CDR-D-2003380,2026-09-07 14:24:25,+25571704430,640028150791910,TZ-SNG-001,3G,tigo.internet,26.01,75.04,101.05,18,6.22,104.2,2.67,222.31
CDR-D-2003381,2026-09-03 08:48:55,+25567489759,640027947345952,TZ-MTW-001,4G,tigo.internet,157.67,763.83,921.49,34,13.65,52.0,0.16,2027.29
CDR-D-2003382,2026-09-03 18:41:02,+25577921794,640026684731034,TZ-ZNZ-004,4G,tigo.internet,159.46,727.43,886.89,61,44.61,38.9,0.07,1951.16
CDR-D-2003383,2026-09-04 17:09:45,+25577120773,640028567428724,TZ-DAR-010,4G,tigo.pesa.app,131.75,566.54,698.29,84,22.44,29.2,0.13,0.0
CDR-D-2003384,2026-09-06 04:23:46,+25571509420,640029045897249,TZ-MOR-001,4G,tigo.internet,189.19,892.18,1081.37,49,53.98,27.5,0.29,2379.01
CDR-D-2003385,2026-09-04 07:29:51,+25571925549,640023797168211,TZ-KIG-001,3G,tigo.corporate,16.53,76.74,93.28,73,4.16,128.2,1.04,205.21
CDR-D-2003386,2026-09-04 08:43:14,+25567117975,640021769945233,TZ-ARU-003,4G,tigo.internet,116.65,742.46,859.11,20,44.2,27.2,0.33,1890.05
CDR-D-2003387,2026-09-02 15:03:23,+25567474894,640029136934170,TZ-KIL-003,3G,tigo.internet,21.93,59.7,81.62,80,5.65,138.4,0.68,179.57
CDR-D-2003388,2026-09-03 11:08:18,+25577726680,640029461564269,TZ-SON-001,3G,tigo.internet,1.11,5.17,6.28,48,1.32,90.8,1.94,13.82
CDR-D-2003389,2026-09-07 12:31:51,+25567186554,640024201103712,TZ-ZNZ-004,4G,tigo.corporate,53.08,200.56,253.64,88,52.1,51.8,0.2,558.02
CDR-D-2003390,2026-09-06 06:25:24,+25567993891,640026903558431,TZ-ARU-003,4G,tigo.internet,61.51,270.68,332.19,10,52.73,48.4,0.32,730.82
CDR-D-2003391,2026-09-05 13:17:57,+25577315289,640022719329399,TZ-TAN-002,3G,tigo.internet,16.22,41.5,57.72,6,2.42,65.9,1.28,126.99
CDR-D-2003392,2026-09-04 16:06:15,+25567717456,640022734195515,TZ-NJO-001,3G,tigo.internet,3.56,14.0,17.56,77,4.55,115.0,2.45,38.63
CDR-D-2003393,2026-09-01 03:58:20,+25565431727,640027157381638,TZ-DOM-002,5G,tigo.pesa.app,217.62,918.34,1135.96,35,169.69,27.7,0.03,0.0
CDR-D-2003394,2026-09-05 02:34:03,+25567621282,640024320435651,TZ-PEM-001,3G,tigo.internet,6.84,22.25,29.09,44,4.8,73.2,0.53,64.01
CDR-D-2003395,2026-09-07 01:40:59,+25565568436,640028532327465,TZ-SON-001,3G,tigo.internet,21.44,55.16,76.6,18,1.83,111.3,1.73,168.52
CDR-D-2003396,2026-09-05 03:11:52,+25577429657,640028084809436,TZ-DOM-002,5G,tigo.internet,573.12,3008.99,3582.11,26,145.06,15.1,0.13,7880.63
CDR-D-2003397,2026-09-02 23:35:43,+25577433219,640028788469970,TZ-MWA-001,5G,tigo.internet,544.83,2480.33,3025.16,78,81.62,13.4,0.1,6655.34
CDR-D-2003398,2026-09-07 08:35:32,+25565985752,640025676658689,TZ-KAH-001,4G,tigo.internet,134.7,564.26,698.96,68,60.07,32.4,0.15,1537.71
CDR-D-2003399,2026-09-05 13:18:13,+25571638828,640023697368099,TZ-NJO-001,3G,tigo.pesa.app,5.7,23.48,29.18,68,1.91,138.6,1.12,0.0
CDR-D-2003400,2026-09-06 21:33:51,+25577852293,640028408939222,TZ-DAR-006,4G,tigo.internet,52.77,323.8,376.57,14,51.68,38.3,0.14,828.46
CDR-D-2003401,2026-09-01 17:58:51,+25565199178,640021477329638,TZ-DAR-006,4G,tigo.internet,203.74,845.22,1048.96,54,13.95,45.9,0.19,2307.71
CDR-D-2003402,2026-09-07 20:20:13,+25565497073,640027658684887,TZ-DAR-010,4G,tigo.internet,56.04,220.08,276.12,58,33.84,29.2,0.27,607.46
CDR-D-2003403,2026-09-07 13:56:44,+25567398767,640022580408536,TZ-DOM-002,5G,tigo.internet,530.92,2219.55,2750.47,79,272.07,23.0,0.05,6051.03
CDR-D-2003404,2026-09-06 14:08:50,+25565599288,640027358555069,TZ-KIL-003,3G,tigo.pesa.app,22.65,68.95,91.6,38,4.19,102.9,2.7,0.0
CDR-D-2003405,2026-09-02 20:04:06,+25565318964,640023606517080,TZ-TAN-003,3G,tigo.internet,4.02,14.26,18.28,89,6.29,85.5,0.57,40.22
CDR-D-2003406,2026-09-06 10:33:32,+25567531690,640027780484666,TZ-GEI-001,4G,tigo.corporate,60.09,222.92,283.0,85,24.71,51.6,0.12,622.61
CDR-D-2003407,2026-09-06 04:48:44,+25567213609,640023898400928,TZ-DAR-015,3G,tigo.pesa.app,7.43,24.63,32.06,3,4.22,114.1,2.09,0.0
CDR-D-2003408,2026-09-01 20:12:34,+25567740216,640027827476439,TZ-DAR-005,4G,tigo.mms,186.3,827.49,1013.78,23,63.35,39.5,0.15,2230.32
CDR-D-2003409,2026-09-07 20:42:53,+25567795634,640027384440186,TZ-TAR-001,3G,tigo.corporate,3.42,14.25,17.67,13,6.85,103.7,1.54,38.87
CDR-D-2003410,2026-09-04 11:06:35,+25565863209,640029108060197,TZ-MWA-002,4G,tigo.internet,99.94,354.9,454.84,88,19.37,54.8,0.43,1000.66
CDR-D-2003411,2026-09-07 00:18:46,+25577708059,640022362941028,TZ-ARU-003,4G,tigo.internet,95.38,427.14,522.51,50,34.01,25.4,0.25,1149.53
CDR-D-2003412,2026-09-03 17:00:22,+25577665148,640024148407142,TZ-DAR-013,5G,tigo.corporate,347.68,1614.42,1962.1,47,156.92,22.4,0.09,4316.62
CDR-D-2003413,2026-09-03 03:06:40,+25565405980,640023171512258,TZ-MWA-003,4G,tigo.pesa.app,198.65,776.87,975.52,40,33.18,28.4,0.3,0.0
CDR-D-2003414,2026-09-06 07:26:48,+25567403257,640021719442108,TZ-DOM-003,4G,tigo.corporate,35.93,192.45,228.39,84,58.27,35.7,0.18,502.45
CDR-D-2003415,2026-09-06 03:53:13,+25567679215,640026123481237,TZ-TND-001,3G,tigo.internet,9.54,36.95,46.49,55,3.55,100.9,1.26,102.28
CDR-D-2003416,2026-09-03 11:42:15,+25571728038,640026687206971,TZ-DAR-004,5G,tigo.internet,121.88,824.52,946.4,11,250.62,18.6,0.09,2082.07
CDR-D-2003417,2026-09-07 14:31:40,+25565919209,640023613963144,TZ-KIL-002,3G,tigo.internet,7.17,20.72,27.9,72,3.61,103.8,1.43,61.37
CDR-D-2003418,2026-09-01 18:10:51,+25565664781,640026138636031,TZ-KIG-001,3G,tigo.mms,12.95,42.23,55.18,48,4.71,75.8,2.6,121.4
CDR-D-2003419,2026-09-05 19:14:22,+25567145883,640023442983221,TZ-IRI-001,4G,tigo.internet,30.97,136.51,167.48,14,19.54,30.0,0.16,368.46
CDR-D-2003420,2026-09-07 10:05:47,+25565435757,640026618081021,TZ-BUK-001,3G,tigo.internet,16.08,41.88,57.96,66,2.69,120.1,2.16,127.51
CDR-D-2003421,2026-09-07 08:10:03,+25571480570,640027213172814,TZ-DAR-010,4G,tigo.internet,231.1,788.3,1019.4,49,59.67,45.8,0.23,2242.69
CDR-D-2003422,2026-09-03 14:40:41,+25577204555,640022962491159,TZ-MBY-001,4G,tigo.internet,16.07,57.74,73.8,12,50.75,37.0,0.2,162.37
CDR-D-2003423,2026-09-05 01:02:54,+25571938139,640022363123471,TZ-MBY-002,4G,tigo.internet,49.13,296.06,345.19,83,59.57,25.1,0.17,759.41
CDR-D-2003424,2026-09-03 02:03:59,+25567987729,640024446206748,TZ-MBY-001,4G,tigo.internet,68.73,354.79,423.51,26,21.62,38.9,0.1,931.72
CDR-D-2003425,2026-09-04 11:54:23,+25571110113,640024105721420,TZ-GEI-001,4G,tigo.pesa.app,5.76,25.11,30.87,51,58.07,29.6,0.17,0.0
CDR-D-2003426,2026-09-01 03:19:09,+25565664781,640026138636031,TZ-KIG-001,3G,tigo.corporate,17.34,81.24,98.58,90,2.19,125.5,0.55,216.88
CDR-D-2003427,2026-09-07 14:15:16,+25567778058,640022822019158,TZ-DAR-002,4G,tigo.internet,113.24,408.19,521.43,58,28.53,54.9,0.42,1147.14
CDR-D-2003428,2026-09-07 23:45:50,+25571780566,640026263212814,TZ-ARU-003,4G,tigo.corporate,99.84,647.18,747.02,66,52.77,46.0,0.43,1643.44
CDR-D-2003429,2026-09-02 14:07:19,+25577995304,640021313441038,TZ-KIG-001,3G,tigo.mms,32.68,82.71,115.39,45,4.56,123.7,0.76,253.86
CDR-D-2003430,2026-09-01 00:55:14,+25565216006,640027746298485,TZ-TAB-001,3G,tigo.corporate,18.26,69.79,88.05,22,6.52,132.1,2.32,193.7
CDR-D-2003431,2026-09-06 16:00:05,+25571880431,640024407284549,TZ-MAR-001,3G,tigo.internet,27.46,73.25,100.71,86,4.07,72.6,1.37,221.56
CDR-D-2003432,2026-09-05 15:52:02,+25571877444,640027213328054,TZ-ARU-002,4G,tigo.corporate,4.5,26.47,30.97,50,17.93,27.9,0.21,68.14
CDR-D-2003433,2026-09-07 15:32:59,+25565244933,640028169652310,TZ-MOR-001,4G,tigo.internet,150.07,818.11,968.18,44,46.92,45.6,0.42,2129.99
CDR-D-2003434,2026-09-03 09:39:18,+25565481969,640022986365191,TZ-DAR-005,4G,tigo.corporate,47.49,170.12,217.61,23,49.5,37.3,0.28,478.74
CDR-D-2003435,2026-09-01 10:18:58,+25565635715,640029121739999,TZ-DAR-010,4G,tigo.corporate,118.83,476.15,594.98,63,29.48,25.1,0.2,1308.96
CDR-D-2003436,2026-09-03 23:45:08,+25577753453,640025921252890,TZ-DAR-006,4G,tigo.internet,63.08,323.36,386.44,84,62.19,40.6,0.4,850.18
CDR-D-2003437,2026-09-05 11:44:12,+25571860583,640028334756553,TZ-KAH-001,4G,tigo.internet,127.91,793.02,920.93,40,64.18,26.5,0.1,2026.04
CDR-D-2003438,2026-09-05 08:34:15,+25571897376,640022308423044,TZ-DAR-015,3G,tigo.internet,4.6,13.07,17.67,53,1.45,89.0,2.11,38.87
CDR-D-2003439,2026-09-02 22:12:23,+25565799330,640025736462531,TZ-MTW-001,4G,tigo.internet,48.35,196.31,244.66,23,17.68,33.5,0.4,538.24
CDR-D-2003440,2026-09-02 19:25:21,+25571234425,640028889572098,TZ-DAR-007,4G,tigo.corporate,10.91,39.79,50.7,20,33.32,54.3,0.43,111.55
CDR-D-2003441,2026-09-04 22:09:19,+25565543623,640029372856246,TZ-ZNZ-001,5G,tigo.corporate,179.3,978.38,1157.68,14,93.34,20.8,0.11,2546.89
CDR-D-2003442,2026-09-03 22:26:34,+25577219879,640026490579087,TZ-DOM-003,4G,tigo.mms,129.91,689.42,819.34,83,32.47,52.7,0.21,1802.54
CDR-D-2003443,2026-09-02 07:57:50,+25577203996,640024717261214,TZ-ZNZ-002,4G,tigo.internet,170.29,853.45,1023.74,24,47.37,48.2,0.21,2252.23
CDR-D-2003444,2026-09-02 14:19:36,+25565547011,640029665789482,TZ-DAR-015,3G,tigo.internet,6.57,18.51,25.07,3,6.91,72.0,1.07,55.16
CDR-D-2003445,2026-09-02 13:51:14,+25567485397,640023639796200,TZ-MWA-001,5G,tigo.pesa.app,115.59,624.34,739.92,55,166.94,18.7,0.01,0.0
CDR-D-2003446,2026-09-03 20:43:37,+25567647860,640029115534388,TZ-ZNZ-001,5G,tigo.internet,606.42,2608.04,3214.46,21,162.41,23.9,0.04,7071.82
CDR-D-2003447,2026-09-05 05:50:53,+25571587506,640024462726923,TZ-DAR-011,4G,tigo.corporate,218.94,844.26,1063.2,50,63.49,33.2,0.3,2339.03
CDR-D-2003448,2026-09-06 18:52:47,+25567774206,640024837200484,TZ-TAN-003,3G,tigo.internet,3.69,13.2,16.88,60,2.55,84.9,2.03,37.14
CDR-D-2003449,2026-09-05 06:54:56,+25577534572,640023472487690,TZ-ZNZ-004,4G,tigo.internet,207.36,909.26,1116.62,59,33.95,52.5,0.24,2456.56
CDR-D-2003450,2026-09-05 15:33:14,+25571463737,640024726281358,TZ-SNG-001,3G,tigo.internet,4.13,18.13,22.27,75,6.9,113.2,2.13,48.99
CDR-D-2003451,2026-09-05 15:42:19,+25577492292,640026974875750,TZ-DAR-006,4G,tigo.corporate,88.03,388.53,476.56,48,14.32,48.6,0.36,1048.43
CDR-D-2003452,2026-09-01 00:19:37,+25571588002,640022317723211,TZ-SON-001,3G,tigo.internet,20.67,70.61,91.27,25,6.09,121.4,0.88,200.8
CDR-D-2003453,2026-09-04 11:45:17,+25565925954,640023940614579,TZ-DAR-004,5G,tigo.internet,143.72,835.22,978.95,2,234.96,17.7,0.07,2153.68
CDR-D-2003454,2026-09-07 08:45:57,+25565786393,640028178927766,TZ-PEM-001,3G,tigo.corporate,19.99,75.72,95.71,74,7.24,95.8,2.16,210.55
CDR-D-2003455,2026-09-07 01:53:03,+25567541315,640023841827734,TZ-MAR-001,3G,tigo.internet,3.86,16.57,20.43,14,6.19,80.6,1.76,44.94
CDR-D-2003456,2026-09-01 23:49:42,+25567115552,640028633387715,TZ-IRI-001,4G,tigo.internet,255.75,882.95,1138.7,74,49.7,27.6,0.4,2505.14
CDR-D-2003457,2026-09-06 13:56:24,+25577619647,640024259973452,TZ-KIL-003,3G,tigo.internet,17.26,49.2,66.46,21,5.31,99.4,2.55,146.22
CDR-D-2003458,2026-09-04 18:41:10,+25577752442,640024005092365,TZ-DAR-002,4G,tigo.internet,12.73,48.86,61.59,63,35.31,27.4,0.4,135.5
CDR-D-2003459,2026-09-07 22:44:30,+25571923914,640027059726570,TZ-KIL-003,3G,tigo.pesa.app,26.29,69.26,95.55,53,2.54,81.9,1.76,0.0
CDR-D-2003460,2026-09-04 09:26:08,+25565361662,640023977168607,TZ-MWA-001,5G,tigo.internet,193.78,1503.39,1697.17,23,111.48,12.1,0.02,3733.78
CDR-D-2003461,2026-09-05 01:06:42,+25565611559,640023453846612,TZ-DOM-003,4G,tigo.internet,128.36,435.03,563.39,88,49.33,51.2,0.09,1239.46
CDR-D-2003462,2026-09-04 03:01:03,+25565589943,640027815343287,TZ-DAR-007,4G,tigo.internet,171.52,873.27,1044.78,78,39.33,46.3,0.26,2298.52
CDR-D-2003463,2026-09-03 18:54:18,+25565447067,640027699500243,TZ-KIL-003,3G,tigo.corporate,2.85,7.82,10.67,60,3.4,122.2,2.79,23.47
CDR-D-2003464,2026-09-04 17:28:51,+25567430463,640029576406794,TZ-DOM-001,5G,tigo.internet,192.59,1223.27,1415.86,48,97.03,16.5,0.02,3114.9
CDR-D-2003465,2026-09-03 03:23:46,+25577114923,640025573077595,TZ-MOR-001,4G,tigo.internet,129.14,562.09,691.23,66,33.9,36.7,0.35,1520.7
CDR-D-2003466,2026-09-07 09:34:29,+25577101640,640027935554354,TZ-KIL-001,4G,tigo.corporate,198.65,743.57,942.22,43,21.87,54.3,0.27,2072.89
CDR-D-2003467,2026-09-02 05:05:31,+25567983788,640024731897202,TZ-TAB-001,3G,tigo.corporate,25.69,80.29,105.97,27,5.72,110.0,1.58,233.14
CDR-D-2003468,2026-09-05 06:25:35,+25571907812,640029639044885,TZ-ARU-001,5G,tigo.internet,147.32,1153.72,1301.04,89,108.48,26.2,0.1,2862.29
CDR-D-2003469,2026-09-01 10:23:46,+25567946331,640025845296568,TZ-ARU-001,5G,tigo.pesa.app,510.69,2330.55,2841.24,35,153.63,26.2,0.14,0.0
CDR-D-2003470,2026-09-05 03:49:03,+25567435581,640023598804887,TZ-TAN-002,3G,tigo.internet,3.03,8.04,11.07,22,7.01,129.5,1.44,24.35
CDR-D-2003471,2026-09-02 22:00:02,+25567267011,640029955180489,TZ-PEM-001,3G,tigo.internet,7.26,23.09,30.34,62,2.24,125.3,1.49,66.76
CDR-D-2003472,2026-09-05 16:42:25,+25565564920,640022557724698,TZ-KIG-001,3G,tigo.internet,7.72,24.88,32.6,9,1.64,65.7,2.35,71.72
CDR-D-2003473,2026-09-02 21:36:37,+25567438548,640028852676046,TZ-NJO-001,3G,tigo.corporate,23.76,75.95,99.71,34,4.78,91.5,1.45,219.36
CDR-D-2003474,2026-09-05 18:02:55,+25567472640,640027980313867,TZ-KIG-001,3G,tigo.internet,12.72,49.95,62.67,25,1.31,114.9,1.44,137.87
CDR-D-2003475,2026-09-01 19:04:28,+25565405980,640023171512258,TZ-MWA-003,4G,tigo.pesa.app,70.86,283.46,354.32,65,47.34,35.6,0.4,0.0
CDR-D-2003476,2026-09-04 08:41:24,+25565976097,640021369702097,TZ-SNG-001,3G,tigo.pesa.app,20.09,68.2,88.29,52,2.71,94.6,1.3,0.0
CDR-D-2003477,2026-09-03 04:32:30,+25577703853,640024358554365,TZ-DOM-003,4G,tigo.internet,68.51,269.87,338.38,28,51.11,45.8,0.42,744.43
CDR-D-2003478,2026-09-01 04:02:19,+25567417420,640028926139828,TZ-ZNZ-003,4G,tigo.internet,24.95,87.49,112.44,43,45.76,26.2,0.4,247.36
CDR-D-2003479,2026-09-05 13:09:17,+25565197429,640023011229698,TZ-MBY-001,4G,tigo.internet,128.07,594.2,722.27,20,21.12,50.8,0.2,1588.98
CDR-D-2003480,2026-09-06 12:57:03,+25565187496,640025036616886,TZ-IRI-001,4G,tigo.internet,86.45,337.68,424.13,42,63.76,43.0,0.42,933.09
CDR-D-2003481,2026-09-06 08:32:05,+25565736237,640027376034192,TZ-TND-001,3G,tigo.internet,21.52,81.38,102.89,54,3.82,102.6,1.92,226.36
CDR-D-2003482,2026-09-04 16:42:51,+25567364132,640021829270292,TZ-DAR-014,3G,tigo.corporate,9.31,25.21,34.53,68,6.59,133.3,1.04,75.96
CDR-D-2003483,2026-09-03 06:55:27,+25577882351,640028152161448,TZ-DOM-001,5G,tigo.pesa.app,272.45,1521.27,1793.72,54,136.5,24.2,0.09,0.0
CDR-D-2003484,2026-09-03 09:27:21,+25571449090,640023367704310,TZ-SHI-001,3G,tigo.pesa.app,14.7,70.35,85.06,29,4.73,118.0,2.12,0.0
CDR-D-2003485,2026-09-03 03:14:46,+25577388039,640023651030484,TZ-ZNZ-002,4G,tigo.internet,252.9,919.26,1172.16,35,39.04,37.3,0.31,2578.74
CDR-D-2003486,2026-09-03 13:08:47,+25567116391,640027914398496,TZ-MBY-002,4G,tigo.internet,61.48,225.12,286.6,86,26.72,32.7,0.29,630.53
CDR-D-2003487,2026-09-01 05:00:11,+25571970645,640025588007201,TZ-MBY-001,4G,tigo.internet,198.49,931.77,1130.26,25,15.93,25.5,0.08,2486.57
CDR-D-2003488,2026-09-03 00:03:47,+25565364178,640025119022697,TZ-ARU-002,4G,tigo.corporate,79.68,489.69,569.37,22,43.37,44.3,0.24,1252.61
CDR-D-2003489,2026-09-03 23:14:35,+25565628370,640028030335064,TZ-ZNZ-001,5G,tigo.corporate,414.5,2722.99,3137.49,2,196.62,25.9,0.12,6902.48
CDR-D-2003490,2026-09-05 22:29:53,+25577561457,640029365823349,TZ-DAR-009,4G,tigo.internet,146.84,792.15,938.99,63,15.42,53.1,0.41,2065.78
CDR-D-2003491,2026-09-07 23:54:28,+25567638857,640021412129737,TZ-NJO-001,3G,tigo.internet,8.03,33.17,41.2,40,1.45,126.8,0.98,90.64
CDR-D-2003492,2026-09-04 14:34:41,+25571425236,640028295757364,TZ-TAB-001,3G,tigo.internet,10.47,34.19,44.66,15,7.49,111.6,2.48,98.24
CDR-D-2003493,2026-09-07 09:02:21,+25577194546,640024110133535,TZ-ARU-003,4G,tigo.corporate,111.3,516.64,627.95,71,22.82,45.0,0.24,1381.48
CDR-D-2003494,2026-09-07 08:34:51,+25567967359,640025145057803,TZ-MWA-003,4G,tigo.internet,174.69,916.19,1090.88,32,60.16,43.4,0.14,2399.93
CDR-D-2003495,2026-09-04 19:20:14,+25567413791,640025883933127,TZ-DAR-011,4G,tigo.internet,130.22,656.49,786.71,4,50.87,39.4,0.12,1730.76
CDR-D-2003496,2026-09-02 02:59:07,+25567538897,640027032706313,TZ-NJO-001,3G,tigo.internet,9.58,30.89,40.47,8,4.18,133.2,1.95,89.03
CDR-D-2003497,2026-09-01 00:06:39,+25571897376,640022308423044,TZ-DAR-015,3G,tigo.internet,7.68,38.34,46.03,14,6.68,119.3,2.54,101.26
CDR-D-2003498,2026-09-06 16:59:46,+25567546173,640027658867789,TZ-DAR-013,5G,tigo.pesa.app,384.92,2506.84,2891.76,62,248.28,20.1,0.13,0.0
CDR-D-2003499,2026-09-05 05:38:26,+25577730255,640022008716202,TZ-DOM-002,5G,tigo.internet,361.4,2983.48,3344.88,23,185.6,20.4,0.06,7358.75
CDR-D-2003500,2026-09-07 15:24:38,+25567349825,640028087762657,TZ-TAB-001,3G,tigo.internet,11.44,57.03,68.47,69,3.51,119.8,1.1,150.64
CDR-D-2003501,2026-09-06 13:23:27,+25571963617,640023415802569,TZ-TAN-002,3G,tigo.internet,15.82,77.62,93.44,76,7.01,127.1,2.26,205.58
CDR-D-2003502,2026-09-06 15:20:15,+25565927895,640029561936242,TZ-MBY-001,4G,tigo.internet,116.82,467.37,584.19,31,57.94,52.2,0.18,1285.22
CDR-D-2003503,2026-09-07 10:55:16,+25577963495,640021417333635,TZ-ARU-001,5G,tigo.internet,212.15,1393.75,1605.9,60,247.8,19.0,0.04,3532.98
CDR-D-2003504,2026-09-02 02:32:34,+25565545807,640024227004325,TZ-DAR-008,4G,tigo.pesa.app,74.72,298.55,373.28,25,22.51,51.3,0.13,0.0
CDR-D-2003505,2026-09-05 08:16:03,+25567108286,640028846920528,TZ-MOR-001,4G,tigo.internet,67.89,380.94,448.83,28,36.57,45.9,0.3,987.42
CDR-D-2003506,2026-09-04 10:30:03,+25577535878,640028939746381,TZ-NJO-001,3G,tigo.internet,3.82,9.74,13.56,43,6.93,100.6,1.5,29.83
CDR-D-2003507,2026-09-04 01:55:50,+25571998348,640027767538527,TZ-KAH-001,4G,tigo.internet,116.53,529.31,645.84,73,50.52,36.7,0.08,1420.85
CDR-D-2003508,2026-09-03 21:01:55,+25577261528,640027074041090,TZ-BUK-001,3G,tigo.internet,27.41,83.87,111.28,41,5.79,74.9,2.34,244.82
CDR-D-2003509,2026-09-04 02:17:32,+25567813745,640022949597857,TZ-MWA-001,5G,tigo.internet,330.93,1511.35,1842.28,12,87.42,17.8,0.12,4053.02
CDR-D-2003510,2026-09-06 00:33:14,+25565740195,640023970715367,TZ-TAN-003,3G,tigo.internet,7.24,25.2,32.44,87,6.55,90.3,2.59,71.37
CDR-D-2003511,2026-09-07 06:58:41,+25571320638,640023146904864,TZ-DAR-014,3G,tigo.internet,31.27,79.21,110.48,35,3.88,126.6,1.1,243.05
CDR-D-2003512,2026-09-07 21:33:02,+25567116645,640024961067014,TZ-ZNZ-001,5G,tigo.pesa.app,321.82,1959.38,2281.19,68,242.34,27.3,0.08,0.0
CDR-D-2003513,2026-09-01 00:38:27,+25571736213,640028662385570,TZ-KIL-002,3G,tigo.internet,6.29,21.91,28.2,29,6.91,84.1,1.02,62.04
CDR-D-2003514,2026-09-01 02:18:20,+25577858705,640027402059279,TZ-DOM-001,5G,tigo.internet,418.23,2028.86,2447.09,22,231.79,14.8,0.04,5383.6
CDR-D-2003515,2026-09-07 16:13:24,+25571837019,640027714024515,TZ-DAR-003,5G,tigo.internet,293.85,2324.51,2618.36,42,77.81,24.2,0.06,5760.4
CDR-D-2003516,2026-09-01 13:12:54,+25571220294,640028168036130,TZ-ARU-001,5G,tigo.internet,128.79,834.59,963.39,53,203.38,19.6,0.11,2119.45
CDR-D-2003517,2026-09-01 15:45:28,+25567513064,640027372634805,TZ-TAR-001,3G,tigo.internet,5.93,20.84,26.77,31,2.05,70.1,1.11,58.9
CDR-D-2003518,2026-09-04 14:09:19,+25571585289,640021233415299,TZ-SHI-001,3G,tigo.internet,19.8,49.95,69.75,2,2.91,87.7,1.28,153.46
CDR-D-2003519,2026-09-03 02:27:43,+25565404283,640024441494580,TZ-DAR-003,5G,tigo.internet,498.09,2222.05,2720.14,2,114.2,15.8,0.1,5984.32
CDR-D-2003520,2026-09-05 20:23:18,+25571859687,640029523139706,TZ-BUK-001,3G,tigo.pesa.app,8.06,32.56,40.62,54,4.56,126.1,0.68,0.0
CDR-D-2003521,2026-09-05 05:29:37,+25565112936,640029986384992,TZ-MWA-002,4G,tigo.internet,53.14,330.81,383.95,61,32.14,53.8,0.13,844.69
CDR-D-2003522,2026-09-05 17:00:43,+25567882193,640026129924345,TZ-ZNZ-003,4G,tigo.pesa.app,27.62,111.03,138.65,72,17.36,53.7,0.44,0.0
CDR-D-2003523,2026-09-06 06:26:12,+25565494228,640028876335861,TZ-ZNZ-001,5G,tigo.internet,265.57,2117.57,2383.13,21,175.86,17.7,0.04,5242.89
CDR-D-2003524,2026-09-07 18:22:31,+25577907814,640025517226989,TZ-GEI-001,4G,tigo.pesa.app,107.5,451.3,558.8,29,29.06,49.5,0.07,0.0
CDR-D-2003525,2026-09-02 18:37:56,+25577665148,640024148407142,TZ-DAR-013,5G,tigo.internet,301.45,1395.2,1696.64,62,207.99,21.2,0.07,3732.62
CDR-D-2003526,2026-09-03 14:16:56,+25567211760,640025959736235,TZ-NJO-001,3G,tigo.pesa.app,1.74,7.9,9.64,21,1.92,81.6,0.69,0.0
CDR-D-2003527,2026-09-07 00:04:52,+25571993140,640027586857685,TZ-MBY-002,4G,tigo.internet,179.26,675.07,854.34,88,20.31,37.4,0.24,1879.54
CDR-D-2003528,2026-09-07 02:22:54,+25565197328,640023730248478,TZ-ZNZ-002,4G,tigo.internet,85.74,399.03,484.77,66,46.85,53.9,0.43,1066.49
CDR-D-2003529,2026-09-05 11:12:13,+25565906325,640029434381915,TZ-NJO-001,3G,tigo.pesa.app,10.17,43.75,53.92,58,2.58,79.6,2.46,0.0
CDR-D-2003530,2026-09-03 00:29:13,+25571977504,640029213466250,TZ-DOM-001,5G,tigo.internet,746.82,2993.8,3740.62,67,278.81,20.9,0.13,8229.37
CDR-D-2003531,2026-09-06 11:11:45,+25571234425,640028889572098,TZ-DAR-007,4G,tigo.internet,76.65,267.92,344.57,21,28.46,49.7,0.06,758.04
CDR-D-2003532,2026-09-05 04:42:22,+25577164329,640027484815168,TZ-MWA-001,5G,tigo.internet,313.13,1389.8,1702.93,66,275.1,26.4,0.1,3746.45
CDR-D-2003533,2026-09-05 01:33:52,+25571210592,640024074187947,TZ-SHI-001,3G,tigo.internet,16.99,44.37,61.36,43,1.34,107.4,1.17,134.99
CDR-D-2003534,2026-09-04 09:14:44,+25577468332,640029832382243,TZ-DAR-005,4G,tigo.internet,127.98,455.24,583.22,29,18.64,36.1,0.43,1283.09
CDR-D-2003535,2026-09-02 10:21:34,+25567717456,640022734195515,TZ-NJO-001,3G,tigo.internet,17.72,61.91,79.64,53,6.72,134.8,1.64,175.2
CDR-D-2003536,2026-09-02 20:33:28,+25565567723,640028414342463,TZ-DAR-012,5G,tigo.internet,281.93,1595.56,1877.49,7,228.71,25.3,0.07,4130.47
CDR-D-2003537,2026-09-03 05:29:25,+25565641704,640028235474949,TZ-DAR-012,5G,tigo.internet,299.53,2107.58,2407.11,84,153.89,15.6,0.1,5295.64
CDR-D-2003538,2026-09-04 14:47:29,+25567634363,640028340650878,TZ-PWA-001,4G,tigo.internet,38.61,199.49,238.1,53,21.21,28.4,0.2,523.81
CDR-D-2003539,2026-09-04 19:37:41,+25565478873,640026972537466,TZ-ZNZ-003,4G,tigo.internet,21.79,145.01,166.79,78,55.23,35.1,0.14,366.95
CDR-D-2003540,2026-09-03 19:58:03,+25577958271,640022653821070,TZ-ARU-001,5G,tigo.internet,454.96,2026.79,2481.75,2,86.45,15.6,0.12,5459.86
CDR-D-2003541,2026-09-04 20:27:09,+25565204727,640027387607079,TZ-PEM-001,3G,tigo.internet,2.25,6.66,8.92,55,4.9,103.4,0.78,19.62
CDR-D-2003542,2026-09-02 19:18:52,+25571504321,640021933998295,TZ-DOM-003,4G,tigo.internet,64.15,233.11,297.25,55,64.5,38.8,0.35,653.96
CDR-D-2003543,2026-09-03 01:21:53,+25565435757,640026618081021,TZ-BUK-001,3G,tigo.internet,14.67,47.12,61.79,25,6.89,135.3,1.1,135.94
CDR-D-2003544,2026-09-07 08:25:05,+25565160101,640025529503814,TZ-DAR-013,5G,tigo.internet,122.47,766.23,888.7,64,85.0,20.7,0.11,1955.14
CDR-D-2003545,2026-09-07 06:02:51,+25577268049,640024674668738,TZ-MWA-002,4G,tigo.corporate,165.43,578.92,744.35,68,51.93,29.7,0.38,1637.57
CDR-D-2003546,2026-09-02 05:05:12,+25577856287,640029797511791,TZ-DAR-009,4G,tigo.corporate,79.24,305.76,385.0,60,13.2,48.5,0.18,847.0
CDR-D-2003547,2026-09-05 05:54:06,+25571113595,640028489005480,TZ-IRI-001,4G,tigo.internet,112.9,413.82,526.72,18,64.92,33.1,0.45,1158.77
CDR-D-2003548,2026-09-02 02:46:48,+25571364168,640024621979605,TZ-MAR-001,3G,tigo.pesa.app,6.99,22.4,29.39,35,2.63,121.8,1.56,0.0
CDR-D-2003549,2026-09-03 22:50:30,+25571860053,640025201221330,TZ-DAR-010,4G,tigo.internet,149.34,685.34,834.68,51,43.95,51.6,0.18,1836.29
CDR-D-2003550,2026-09-06 02:05:03,+25577800005,640028995059760,TZ-BUK-001,3G,tigo.internet,29.6,76.37,105.97,37,7.12,120.7,1.55,233.12
CDR-D-2003551,2026-09-06 08:29:38,+25565154537,640023789173738,TZ-ZNZ-004,4G,tigo.corporate,139.26,819.88,959.14,86,30.52,31.7,0.08,2110.1
CDR-D-2003552,2026-09-04 23:59:19,+25567760891,640022684371781,TZ-DAR-012,5G,tigo.internet,328.93,1479.14,1808.08,25,125.07,15.4,0.14,3977.77
CDR-D-2003553,2026-09-07 21:02:07,+25565976097,640021369702097,TZ-SNG-001,3G,tigo.internet,14.51,41.92,56.43,63,4.76,104.5,2.62,124.14
CDR-D-2003554,2026-09-03 21:22:30,+25565638179,640027079202254,TZ-PWA-002,4G,tigo.internet,16.61,76.07,92.69,3,26.84,43.1,0.2,203.92
CDR-D-2003555,2026-09-04 01:28:38,+25567243941,640022027708670,TZ-ARU-002,4G,tigo.pesa.app,81.54,369.57,451.11,3,43.62,27.5,0.32,0.0
CDR-D-2003556,2026-09-01 22:27:25,+25565624203,640029982501269,TZ-MOR-001,4G,tigo.internet,27.63,182.8,210.43,8,61.74,37.8,0.13,462.95
CDR-D-2003557,2026-09-01 20:30:55,+25565789504,640021542747974,TZ-ZNZ-001,5G,tigo.internet,455.84,3165.39,3621.23,23,265.16,22.1,0.06,7966.71
CDR-D-2003558,2026-09-04 05:14:37,+25571189814,640028438486479,TZ-DOM-002,5G,tigo.internet,271.62,1816.54,2088.15,19,238.22,13.0,0.12,4593.94
CDR-D-2003559,2026-09-04 18:54:26,+25571524035,640028965451958,TZ-DAR-004,5G,tigo.internet,271.59,1185.12,1456.71,10,158.29,20.6,0.12,3204.77
CDR-D-2003560,2026-09-04 13:23:17,+25567268163,640029759180824,TZ-DAR-008,4G,tigo.internet,126.04,811.05,937.09,81,28.67,33.1,0.06,2061.59
CDR-D-2003561,2026-09-05 10:46:58,+25577569945,640024405620755,TZ-KIL-001,4G,tigo.internet,68.99,314.17,383.17,27,50.15,48.9,0.29,842.96
CDR-D-2003562,2026-09-07 09:44:33,+25567108948,640028602418921,TZ-SNG-001,3G,tigo.internet,3.82,14.61,18.44,78,3.34,66.1,1.82,40.56
CDR-D-2003563,2026-09-06 18:31:48,+25565736237,640027376034192,TZ-TND-001,3G,tigo.pesa.app,24.57,75.44,100.01,29,4.29,66.4,0.95,0.0
CDR-D-2003564,2026-09-07 16:20:23,+25567438548,640028852676046,TZ-NJO-001,3G,tigo.internet,6.43,17.02,23.45,85,4.65,108.8,2.07,51.59
CDR-D-2003565,2026-09-04 05:29:54,+25565492843,640024903078968,TZ-DAR-013,5G,tigo.internet,146.33,647.34,793.68,46,85.86,22.1,0.07,1746.09
CDR-D-2003566,2026-09-05 20:48:07,+25577194546,640024110133535,TZ-ARU-003,4G,tigo.internet,56.14,260.96,317.1,4,49.25,28.2,0.44,697.62
CDR-D-2003567,2026-09-01 00:15:57,+25571585968,640021362645516,TZ-ARU-002,4G,tigo.internet,17.94,70.76,88.7,88,27.67,52.1,0.33,195.14
CDR-D-2003568,2026-09-02 01:31:52,+25567516029,640022654593890,TZ-KIG-001,3G,tigo.internet,2.91,14.31,17.22,4,3.09,126.6,1.22,37.89
CDR-D-2003569,2026-09-05 17:51:54,+25567110048,640023081379485,TZ-NJO-001,3G,tigo.internet,24.61,75.92,100.53,35,2.71,124.4,0.66,221.16
CDR-D-2003570,2026-09-06 10:51:08,+25565547011,640029665789482,TZ-DAR-015,3G,tigo.internet,21.85,77.19,99.04,28,5.19,90.8,1.55,217.89
CDR-D-2003571,2026-09-02 06:24:17,+25567146037,640025188921469,TZ-ARU-002,4G,tigo.internet,116.59,512.61,629.2,17,29.42,53.6,0.26,1384.23
CDR-D-2003572,2026-09-03 09:00:54,+25571365503,640023515395117,TZ-ARU-002,4G,tigo.internet,55.36,322.06,377.42,29,12.77,46.1,0.09,830.33
CDR-D-2003573,2026-09-02 07:56:35,+25577686095,640025498095763,TZ-KIL-001,4G,tigo.internet,132.54,537.16,669.7,71,55.64,42.1,0.36,1473.35
CDR-D-2003574,2026-09-05 17:34:21,+25565435757,640026618081021,TZ-BUK-001,3G,tigo.internet,23.28,59.41,82.68,79,3.17,99.3,2.52,181.9
CDR-D-2003575,2026-09-06 04:32:06,+25567691881,640026537714388,TZ-ZNZ-004,4G,tigo.internet,192.23,743.99,936.22,2,44.71,49.3,0.4,2059.69
CDR-D-2003576,2026-09-05 08:22:52,+25571537859,640026915482645,TZ-MWA-003,4G,tigo.internet,171.03,736.99,908.02,15,48.15,48.1,0.34,1997.65
CDR-D-2003577,2026-09-06 15:57:27,+25565364760,640027404238705,TZ-MOR-001,4G,tigo.internet,82.6,413.71,496.31,17,49.83,44.9,0.38,1091.87
CDR-D-2003578,2026-09-05 19:04:17,+25571771652,640023645901955,TZ-DAR-010,4G,tigo.internet,152.8,545.4,698.2,61,43.88,36.7,0.08,1536.04
CDR-D-2003579,2026-09-03 06:51:01,+25565792282,640023238756255,TZ-DAR-012,5G,tigo.corporate,116.29,535.28,651.57,56,177.97,15.6,0.03,1433.46
CDR-D-2003580,2026-09-05 22:08:38,+25567287664,640027233249942,TZ-TAN-001,4G,tigo.pesa.app,35.37,197.77,233.14,10,62.83,54.8,0.31,0.0
CDR-D-2003581,2026-09-04 01:17:50,+25565628370,640028030335064,TZ-ZNZ-001,5G,tigo.internet,227.73,926.15,1153.88,85,265.18,24.1,0.11,2538.53
CDR-D-2003582,2026-09-05 12:49:43,+25565812711,640022632399901,TZ-ZNZ-001,5G,tigo.internet,194.88,1452.4,1647.28,33,200.79,12.6,0.14,3624.02
CDR-D-2003583,2026-09-07 00:08:38,+25577557485,640028405290236,TZ-PWA-002,4G,tigo.internet,145.43,658.12,803.55,75,27.09,47.2,0.33,1767.8
CDR-D-2003584,2026-09-07 21:47:54,+25565799946,640029558483771,TZ-DAR-015,3G,tigo.internet,17.66,75.17,92.83,13,2.06,124.2,2.32,204.23
CDR-D-2003585,2026-09-01 10:06:06,+25577658580,640022872211645,TZ-TAB-001,3G,tigo.internet,21.1,57.96,79.06,87,4.72,69.3,2.28,173.94
CDR-D-2003586,2026-09-06 00:54:50,+25565508856,640024550100615,TZ-TND-001,3G,tigo.internet,3.61,13.04,16.65,20,3.02,124.8,2.33,36.63
CDR-D-2003587,2026-09-01 13:46:53,+25567346120,640025372837607,TZ-MTW-001,4G,tigo.pesa.app,34.35,197.15,231.5,68,59.85,41.9,0.19,0.0
CDR-D-2003588,2026-09-03 03:17:57,+25565571413,640027838460497,TZ-DAR-005,4G,tigo.internet,123.32,639.29,762.6,63,48.61,31.3,0.23,1677.72
CDR-D-2003589,2026-09-01 20:56:54,+25565906519,640024058220682,TZ-DAR-012,5G,tigo.pesa.app,315.21,2203.28,2518.49,22,155.01,17.9,0.08,0.0
CDR-D-2003590,2026-09-02 09:44:01,+25571611265,640025237588145,TZ-DAR-011,4G,tigo.internet,236.58,934.59,1171.16,3,25.25,44.2,0.4,2576.56
CDR-D-2003591,2026-09-02 22:11:06,+25571706012,640024139249064,TZ-SHI-001,3G,tigo.internet,22.62,62.35,84.97,33,3.95,130.8,0.54,186.94
CDR-D-2003592,2026-09-02 03:53:52,+25577543824,640024843660761,TZ-TAN-001,4G,tigo.pesa.app,16.91,60.74,77.65,5,17.97,33.9,0.43,0.0
CDR-D-2003593,2026-09-01 11:44:14,+25567767254,640026265756641,TZ-ZNZ-002,4G,tigo.corporate,166.11,561.23,727.33,49,18.3,28.8,0.44,1600.14
CDR-D-2003594,2026-09-06 11:47:15,+25565312705,640029605108260,TZ-TAB-001,3G,tigo.internet,18.44,48.22,66.66,25,4.79,65.3,1.39,146.66
CDR-D-2003595,2026-09-07 17:19:14,+25571936677,640025535377233,TZ-PWA-001,4G,tigo.internet,120.51,689.11,809.62,50,22.33,31.1,0.25,1781.16
CDR-D-2003596,2026-09-05 14:18:09,+25565533020,640023965676060,TZ-DAR-004,5G,tigo.internet,655.35,2893.54,3548.89,89,106.75,27.0,0.15,7807.55
CDR-D-2003597,2026-09-04 11:34:31,+25565846389,640027594134964,TZ-DOM-003,4G,tigo.internet,48.12,272.29,320.41,61,31.81,50.6,0.33,704.91
CDR-D-2003598,2026-09-05 19:47:30,+25577183641,640026640042225,TZ-DAR-008,4G,tigo.corporate,117.26,744.73,861.99,8,48.06,42.4,0.26,1896.38
CDR-D-2003599,2026-09-07 06:43:00,+25577326956,640027835787787,TZ-ARU-001,5G,tigo.internet,180.05,905.14,1085.19,71,62.65,15.0,0.09,2387.42
CDR-D-2003600,2026-09-01 08:12:57,+25571374315,640029368508491,TZ-IRI-001,4G,tigo.internet,31.97,195.49,227.46,65,33.53,46.2,0.12,500.42
CDR-D-2003601,2026-09-06 22:14:01,+25567838237,640022916728422,TZ-DAR-012,5G,tigo.internet,536.61,2781.26,3317.87,12,187.47,19.2,0.11,7299.31
CDR-D-2003602,2026-09-01 21:08:20,+25565672713,640025013802920,TZ-DAR-012,5G,tigo.internet,33.94,175.97,209.9,50,249.19,14.2,0.03,461.78
CDR-D-2003603,2026-09-02 18:14:43,+25571139673,640028149427618,TZ-PEM-001,3G,tigo.internet,9.9,36.45,46.35,22,3.9,116.6,2.45,101.98
CDR-D-2003604,2026-09-02 20:46:12,+25565508856,640024550100615,TZ-TND-001,3G,tigo.mms,6.24,21.99,28.23,21,3.76,94.3,0.65,62.1
CDR-D-2003605,2026-09-03 06:44:00,+25577522866,640024509431976,TZ-MWA-003,4G,tigo.pesa.app,135.7,535.36,671.06,7,52.11,32.7,0.21,0.0
CDR-D-2003606,2026-09-06 09:05:54,+25577522866,640024509431976,TZ-MWA-003,4G,tigo.internet,69.0,334.83,403.83,53,36.78,40.2,0.32,888.43
CDR-D-2003607,2026-09-06 01:59:34,+25571771652,640023645901955,TZ-DAR-010,4G,tigo.internet,181.59,653.3,834.9,21,55.45,47.1,0.06,1836.77
CDR-D-2003608,2026-09-04 20:26:33,+25567213010,640023226892666,TZ-GEI-001,4G,tigo.internet,190.98,719.78,910.76,69,30.79,29.0,0.08,2003.68
CDR-D-2003609,2026-09-03 04:44:42,+25571156652,640028064623490,TZ-GEI-001,4G,tigo.internet,104.8,565.26,670.07,68,49.5,32.2,0.12,1474.15
CDR-D-2003610,2026-09-06 01:14:25,+25577116929,640025326129844,TZ-MWA-002,4G,tigo.internet,144.97,903.01,1047.98,62,12.88,34.1,0.18,2305.56
CDR-D-2003611,2026-09-03 06:17:53,+25565278887,640021635149757,TZ-DAR-003,5G,tigo.internet,126.64,751.73,878.37,6,187.71,27.8,0.05,1932.41
CDR-D-2003612,2026-09-03 20:33:20,+25567418886,640023298253978,TZ-MAR-001,3G,tigo.internet,8.5,23.84,32.34,75,2.3,70.8,2.56,71.16
CDR-D-2003613,2026-09-02 02:24:17,+25565889794,640021980034265,TZ-NJO-001,3G,tigo.internet,4.28,20.47,24.75,70,4.04,134.4,1.49,54.45
CDR-D-2003614,2026-09-05 21:56:14,+25571759675,640021413202112,TZ-DOM-001,5G,tigo.internet,197.93,887.34,1085.27,78,177.3,20.9,0.14,2387.6
CDR-D-2003615,2026-09-06 02:48:05,+25571608581,640022143209173,TZ-SON-001,3G,tigo.internet,19.91,61.75,81.67,48,4.69,114.3,0.5,179.67
CDR-D-2003616,2026-09-03 00:38:50,+25565833968,640024271332825,TZ-KAH-001,4G,tigo.internet,86.05,541.36,627.4,27,21.36,28.1,0.07,1380.29
CDR-D-2003617,2026-09-03 02:46:28,+25577398595,640025847023855,TZ-ARU-001,5G,tigo.internet,365.73,2323.59,2689.32,11,89.35,18.5,0.06,5916.5
CDR-D-2003618,2026-09-01 21:56:04,+25577752944,640026784307829,TZ-DAR-015,3G,tigo.internet,1.21,5.95,7.16,59,2.52,122.1,1.33,15.75
CDR-D-2003619,2026-09-05 08:49:56,+25565691353,640026719736115,TZ-MWA-002,4G,tigo.internet,84.4,304.63,389.03,31,55.73,51.0,0.12,855.87
CDR-D-2003620,2026-09-04 13:11:34,+25567147652,640028793362077,TZ-ZNZ-004,4G,tigo.mms,12.38,61.18,73.56,48,29.42,44.9,0.16,161.84
CDR-D-2003621,2026-09-01 07:49:01,+25565285973,640023424849408,TZ-TAB-001,3G,tigo.internet,11.31,32.6,43.91,28,5.81,126.2,2.14,96.59
CDR-D-2003622,2026-09-04 11:33:12,+25577559337,640023905625550,TZ-DAR-011,4G,tigo.corporate,103.07,428.43,531.5,53,15.19,34.3,0.08,1169.29
CDR-D-2003623,2026-09-04 02:29:51,+25567137581,640026580427322,TZ-SHI-001,3G,tigo.mms,19.62,61.81,81.43,6,6.47,90.1,2.22,179.14
CDR-D-2003624,2026-09-06 22:03:17,+25577990691,640029121545413,TZ-MOR-001,4G,tigo.internet,59.43,329.92,389.35,5,17.56,42.6,0.2,856.57
CDR-D-2003625,2026-09-01 01:58:17,+25577975355,640027142172699,TZ-ZNZ-003,4G,tigo.internet,186.32,626.67,812.99,61,15.45,31.4,0.4,1788.58
CDR-D-2003626,2026-09-02 14:53:00,+25571996151,640025119829469,TZ-TAB-001,3G,tigo.internet,23.8,60.89,84.69,31,2.15,129.8,0.56,186.32
CDR-D-2003627,2026-09-02 00:54:37,+25577355570,640025916199809,TZ-PEM-001,3G,tigo.internet,20.98,56.64,77.62,88,7.09,81.4,1.94,170.76
CDR-D-2003628,2026-09-02 22:35:46,+25567710224,640024147025728,TZ-MWA-002,4G,tigo.internet,22.02,89.07,111.1,38,58.95,26.7,0.14,244.41
CDR-D-2003629,2026-09-04 21:48:55,+25567382795,640026163456469,TZ-GEI-001,4G,tigo.internet,40.19,165.7,205.89,37,42.67,51.4,0.24,452.96
CDR-D-2003630,2026-09-05 09:23:06,+25565913848,640026126033644,TZ-KIL-002,3G,tigo.internet,23.65,61.78,85.43,74,3.0,88.1,2.58,187.94
CDR-D-2003631,2026-09-05 06:34:23,+25565497073,640027658684887,TZ-DAR-010,4G,tigo.internet,222.77,803.26,1026.03,51,19.54,37.6,0.33,2257.27
CDR-D-2003632,2026-09-02 05:20:35,+25577443254,640026204041308,TZ-KAH-001,4G,tigo.internet,18.6,111.81,130.41,18,21.69,33.9,0.36,286.91
CDR-D-2003633,2026-09-03 18:45:58,+25577808534,640027623993181,TZ-ARU-003,4G,tigo.corporate,42.46,274.64,317.11,16,26.4,33.2,0.19,697.64
CDR-D-2003634,2026-09-06 06:46:00,+25565350132,640025837082260,TZ-TAB-001,3G,tigo.internet,12.05,53.17,65.21,55,5.03,113.4,1.16,143.47
CDR-D-2003635,2026-09-03 00:25:50,+25577509735,640027406726525,TZ-DAR-002,4G,tigo.mms,174.99,764.24,939.23,67,42.89,53.5,0.1,2066.3
CDR-D-2003636,2026-09-03 04:14:37,+25567430463,640029576406794,TZ-DOM-001,5G,tigo.corporate,278.08,2194.5,2472.58,60,99.72,12.6,0.04,5439.67
CDR-D-2003637,2026-09-07 18:37:22,+25577889245,640028714753670,TZ-SNG-001,3G,tigo.internet,18.71,47.75,66.46,67,3.68,119.9,2.32,146.21
CDR-D-2003638,2026-09-06 08:06:01,+25565315829,640022904308418,TZ-DAR-007,4G,tigo.internet,138.48,504.15,642.63,55,37.14,31.1,0.33,1413.79
CDR-D-2003639,2026-09-03 08:46:11,+25567531204,640027193134742,TZ-KIG-001,3G,tigo.internet,6.27,16.2,22.47,63,4.37,121.0,1.55,49.44
CDR-D-2003640,2026-09-02 22:29:07,+25567786128,640027803987709,TZ-ARU-002,4G,tigo.pesa.app,44.34,161.86,206.19,70,29.53,37.8,0.07,0.0
CDR-D-2003641,2026-09-07 10:46:34,+25567983241,640027476052850,TZ-MTW-001,4G,tigo.pesa.app,197.76,928.41,1126.17,27,54.28,33.4,0.12,0.0
CDR-D-2003642,2026-09-05 22:16:18,+25571449090,640023367704310,TZ-SHI-001,3G,tigo.corporate,6.65,19.88,26.53,58,6.06,109.4,2.38,58.37
CDR-D-2003643,2026-09-01 09:49:07,+25567623125,640027660157097,TZ-MTW-001,4G,tigo.corporate,32.58,145.15,177.73,9,17.79,40.1,0.2,391.01
CDR-D-2003644,2026-09-04 21:05:56,+25577535878,640028939746381,TZ-NJO-001,3G,tigo.corporate,1.82,5.16,6.98,8,2.53,70.9,1.57,15.36
CDR-D-2003645,2026-09-02 06:01:00,+25571771652,640023645901955,TZ-DAR-010,4G,tigo.internet,143.34,602.46,745.79,83,46.63,50.2,0.43,1640.75
CDR-D-2003646,2026-09-05 16:02:04,+25565215159,640025719458685,TZ-PWA-001,4G,tigo.corporate,124.13,547.01,671.13,39,63.54,38.8,0.13,1476.49
CDR-D-2003647,2026-09-07 07:30:51,+25567244935,640026351134654,TZ-DAR-015,3G,tigo.mms,23.81,62.34,86.16,43,2.09,77.9,1.24,189.54
CDR-D-2003648,2026-09-06 11:36:41,+25571424620,640027695519305,TZ-NJO-001,3G,tigo.internet,9.14,32.36,41.5,55,4.01,137.1,0.98,91.3
CDR-D-2003649,2026-09-02 01:45:58,+25565978050,640021329942192,TZ-DAR-012,5G,tigo.internet,257.56,1908.34,2165.91,50,253.22,13.7,0.1,4765.0
CDR-D-2003650,2026-09-02 15:07:34,+25577769989,640022963288053,TZ-PWA-001,4G,tigo.internet,149.03,688.03,837.05,81,57.85,53.3,0.13,1841.52
CDR-D-2003651,2026-09-05 16:18:36,+25565583694,640021666660868,TZ-DAR-009,4G,tigo.pesa.app,233.38,830.19,1063.57,72,19.93,50.3,0.12,0.0
CDR-D-2003652,2026-09-07 05:25:43,+25565297831,640028146981710,TZ-DOM-001,5G,tigo.internet,162.87,1136.68,1299.55,43,210.52,18.3,0.06,2859.01
CDR-D-2003653,2026-09-05 16:21:20,+25577599694,640027305029814,TZ-TAN-003,3G,tigo.internet,5.17,16.51,21.68,88,7.06,73.9,2.13,47.7
CDR-D-2003654,2026-09-05 21:47:23,+25565833968,640024271332825,TZ-KAH-001,4G,tigo.internet,68.94,285.16,354.1,70,20.3,32.9,0.27,779.01
CDR-D-2003655,2026-09-05 14:09:48,+25577808029,640027351460539,TZ-DAR-009,4G,tigo.internet,61.8,383.05,444.85,24,34.89,35.1,0.09,978.67
CDR-D-2003656,2026-09-02 00:20:18,+25565571413,640027838460497,TZ-DAR-005,4G,tigo.corporate,11.52,47.02,58.55,35,61.41,30.8,0.29,128.8
CDR-D-2003657,2026-09-01 07:35:32,+25577903868,640028765601772,TZ-NJO-001,3G,tigo.internet,16.88,70.26,87.14,54,1.94,103.6,1.94,191.7
CDR-D-2003658,2026-09-02 16:29:13,+25571476712,640029931278947,TZ-DAR-012,5G,tigo.internet,298.36,2394.56,2692.92,66,212.39,13.7,0.08,5924.42
CDR-D-2003659,2026-09-07 20:09:59,+25565704864,640023144063281,TZ-DOM-003,4G,tigo.internet,149.73,573.72,723.45,49,20.29,32.3,0.35,1591.6
CDR-D-2003660,2026-09-03 00:26:04,+25577871523,640026281827528,TZ-MBY-001,4G,tigo.internet,167.86,670.29,838.16,66,12.87,41.3,0.35,1843.95
CDR-D-2003661,2026-09-05 14:58:21,+25571470534,640025129350848,TZ-BUK-001,3G,tigo.internet,23.51,64.46,87.97,79,6.39,125.9,1.75,193.53
CDR-D-2003662,2026-09-03 21:36:47,+25577815309,640025223195646,TZ-IRI-001,4G,tigo.internet,13.49,58.19,71.67,38,42.92,27.4,0.27,157.68
CDR-D-2003663,2026-09-01 23:57:22,+25565644719,640021417124022,TZ-MBY-002,4G,tigo.internet,111.32,502.06,613.38,64,20.53,28.5,0.08,1349.44
CDR-D-2003664,2026-09-03 15:14:05,+25565976097,640021369702097,TZ-SNG-001,3G,tigo.internet,7.7,26.54,34.24,24,2.05,99.5,2.41,75.33
CDR-D-2003665,2026-09-04 08:46:24,+25565216006,640027746298485,TZ-TAB-001,3G,tigo.internet,10.49,34.36,44.86,44,3.3,97.2,2.77,98.69
CDR-D-2003666,2026-09-01 01:07:56,+25567186554,640024201103712,TZ-ZNZ-004,4G,tigo.internet,236.51,931.12,1167.63,62,41.71,39.1,0.36,2568.78
CDR-D-2003667,2026-09-06 07:07:57,+25577749813,640023934040683,TZ-TND-001,3G,tigo.pesa.app,11.91,31.54,43.45,90,7.06,134.2,1.32,0.0
CDR-D-2003668,2026-09-01 16:28:22,+25571909539,640025762969204,TZ-ZNZ-002,4G,tigo.internet,101.17,472.86,574.02,25,32.99,48.5,0.43,1262.85
CDR-D-2003669,2026-09-02 05:35:49,+25567623956,640025277072865,TZ-DAR-014,3G,tigo.internet,6.52,17.02,23.53,58,1.73,129.2,1.69,51.77
CDR-D-2003670,2026-09-06 02:23:18,+25577612438,640021718348264,TZ-DAR-011,4G,tigo.internet,153.96,845.83,999.78,46,40.65,53.2,0.38,2199.52
CDR-D-2003671,2026-09-04 19:32:39,+25567988954,640024340450663,TZ-SHI-001,3G,tigo.internet,17.9,59.54,77.44,2,6.43,103.8,0.79,170.37
CDR-D-2003672,2026-09-03 08:47:28,+25565674721,640024534096467,TZ-PWA-001,4G,tigo.internet,154.19,727.18,881.37,64,22.25,27.1,0.38,1939.01
CDR-D-2003673,2026-09-03 09:49:39,+25571576133,640027516379744,TZ-KAH-001,4G,tigo.internet,150.05,779.65,929.7,58,26.88,45.4,0.41,2045.35
CDR-D-2003674,2026-09-07 11:31:51,+25567207186,640023166730459,TZ-KIL-002,3G,tigo.internet,5.48,14.18,19.66,75,3.41,137.4,0.73,43.25
CDR-D-2003675,2026-09-06 01:15:32,+25571693692,640029290458773,TZ-MBY-002,4G,tigo.internet,247.29,831.93,1079.22,47,33.17,31.3,0.44,2374.28
CDR-D-2003676,2026-09-06 09:04:32,+25567214705,640024378235671,TZ-PWA-002,4G,tigo.internet,158.8,741.97,900.77,84,32.99,38.1,0.42,1981.69
CDR-D-2003677,2026-09-05 20:08:59,+25565880788,640025045892188,TZ-DAR-004,5G,tigo.internet,224.09,1489.41,1713.5,60,190.92,18.7,0.13,3769.7
CDR-D-2003678,2026-09-03 16:34:28,+25565419409,640027735563741,TZ-DAR-011,4G,tigo.internet,65.61,366.43,432.04,54,46.5,40.4,0.35,950.49
CDR-D-2003679,2026-09-06 23:37:27,+25565816052,640026368890859,TZ-TAN-002,3G,tigo.pesa.app,20.76,83.77,104.53,23,4.59,79.6,1.74,0.0
CDR-D-2003680,2026-09-06 08:36:07,+25565419457,640026994451417,TZ-IRI-001,4G,tigo.internet,22.96,105.28,128.24,45,46.86,43.7,0.16,282.13
CDR-D-2003681,2026-09-04 20:16:38,+25567733801,640023468224333,TZ-DOM-001,5G,tigo.internet,145.99,1146.66,1292.65,83,172.51,14.6,0.02,2843.84
CDR-D-2003682,2026-09-02 02:36:38,+25571408824,640023764474604,TZ-ARU-002,4G,tigo.internet,213.19,907.82,1121.0,59,22.05,35.7,0.4,2466.2
CDR-D-2003683,2026-09-05 11:19:05,+25577491329,640029849565863,TZ-DAR-002,4G,tigo.internet,57.67,333.17,390.84,27,36.75,33.3,0.06,859.85
CDR-D-2003684,2026-09-07 03:18:05,+25571141316,640021184146454,TZ-PWA-001,4G,tigo.mms,213.48,804.39,1017.87,33,30.13,53.1,0.23,2239.32
CDR-D-2003685,2026-09-04 13:58:47,+25577828252,640021875155003,TZ-MAR-001,3G,tigo.internet,17.68,48.94,66.61,35,5.72,76.7,1.91,146.55
CDR-D-2003686,2026-09-05 18:23:08,+25571950360,640024067961943,TZ-MBY-001,4G,tigo.corporate,23.67,83.49,107.16,66,39.3,52.1,0.31,235.75
CDR-D-2003687,2026-09-05 20:40:00,+25565571413,640027838460497,TZ-DAR-005,4G,tigo.internet,140.56,490.11,630.67,61,26.89,43.5,0.3,1387.46
CDR-D-2003688,2026-09-03 23:20:09,+25565627918,640026382529470,TZ-KIL-001,4G,tigo.internet,122.81,634.47,757.28,51,30.38,25.6,0.2,1666.03
CDR-D-2003689,2026-09-01 20:18:54,+25571325465,640022407863065,TZ-TAN-003,3G,tigo.internet,16.56,46.94,63.51,7,3.73,81.7,1.77,139.71
CDR-D-2003690,2026-09-02 17:57:18,+25567531204,640027193134742,TZ-KIG-001,3G,tigo.internet,4.36,21.12,25.48,40,1.42,66.3,2.55,56.06
CDR-D-2003691,2026-09-03 01:09:51,+25567549112,640021724301196,TZ-KIL-001,4G,tigo.internet,100.1,428.66,528.76,83,48.8,38.6,0.18,1163.27
CDR-D-2003692,2026-09-01 06:47:20,+25565816052,640026368890859,TZ-TAN-002,3G,tigo.internet,31.22,78.25,109.47,62,2.29,67.7,2.38,240.84
CDR-D-2003693,2026-09-06 14:37:34,+25577863036,640027955867712,TZ-DOM-001,5G,tigo.internet,87.44,722.74,810.17,82,131.36,21.5,0.06,1782.38
CDR-D-2003694,2026-09-01 08:39:50,+25571721313,640029311022862,TZ-KIG-001,3G,tigo.internet,14.24,50.46,64.69,9,6.46,110.1,0.98,142.32
CDR-D-2003695,2026-09-05 15:50:44,+25571273659,640024037437944,TZ-DOM-001,5G,tigo.internet,328.01,1657.23,1985.23,48,180.98,14.5,0.06,4367.52
CDR-D-2003696,2026-09-06 01:04:52,+25565717024,640021945826486,TZ-DAR-005,4G,tigo.internet,119.43,447.89,567.32,62,35.44,36.5,0.17,1248.11
CDR-D-2003697,2026-09-02 20:23:41,+25571694822,640023160997637,TZ-BUK-001,3G,tigo.pesa.app,14.11,61.94,76.05,39,3.74,97.5,1.69,0.0
CDR-D-2003698,2026-09-06 01:37:31,+25571124125,640024482166571,TZ-PWA-001,4G,tigo.internet,243.31,824.66,1067.97,51,16.51,54.4,0.17,2349.53
CDR-D-2003699,2026-09-05 13:00:58,+25567147652,640028793362077,TZ-ZNZ-004,4G,tigo.internet,56.52,258.67,315.19,38,29.52,50.4,0.36,693.42
CDR-D-2003700,2026-09-05 23:56:35,+25565366366,640029149673063,TZ-BUK-001,3G,tigo.pesa.app,1.26,6.23,7.49,20,3.34,73.2,2.39,0.0
CDR-D-2003701,2026-09-01 18:12:36,+25571811267,640024686932034,TZ-DAR-012,5G,tigo.internet,129.86,602.21,732.07,80,154.82,22.5,0.05,1610.56
CDR-D-2003702,2026-09-01 22:43:44,+25571584887,640026146514161,TZ-KIL-001,4G,tigo.internet,59.06,238.72,297.78,62,58.68,30.9,0.29,655.11
CDR-D-2003703,2026-09-01 02:15:46,+25577706701,640028936809129,TZ-MOR-001,4G,tigo.internet,98.85,651.35,750.2,60,16.38,47.8,0.34,1650.44
CDR-D-2003704,2026-09-05 07:07:32,+25565883377,640022398806247,TZ-KIL-002,3G,tigo.internet,17.22,72.92,90.14,69,6.68,109.9,1.67,198.31
CDR-D-2003705,2026-09-07 22:09:27,+25565866151,640021818520766,TZ-DAR-007,4G,tigo.internet,40.28,154.34,194.62,61,39.69,36.1,0.39,428.16
CDR-D-2003706,2026-09-07 19:45:22,+25571585289,640021233415299,TZ-SHI-001,3G,tigo.internet,6.06,26.82,32.88,87,6.79,85.9,0.68,72.34
CDR-D-2003707,2026-09-03 00:04:36,+25577509735,640027406726525,TZ-DAR-002,4G,tigo.internet,139.06,512.95,652.0,18,52.13,41.6,0.13,1434.4
CDR-D-2003708,2026-09-07 09:27:21,+25565927050,640021044833889,TZ-NJO-001,3G,tigo.internet,17.49,53.75,71.24,4,6.83,113.7,2.03,156.73
CDR-D-2003709,2026-09-06 15:31:20,+25577130914,640022832508021,TZ-MBY-001,4G,tigo.internet,126.96,662.0,788.95,85,39.37,35.6,0.11,1735.7
CDR-D-2003710,2026-09-02 20:13:27,+25567161437,640021685583357,TZ-DAR-004,5G,tigo.internet,54.86,298.89,353.75,39,230.66,20.6,0.04,778.25
CDR-D-2003711,2026-09-07 19:50:14,+25571141316,640021184146454,TZ-PWA-001,4G,tigo.internet,153.43,838.09,991.52,30,57.6,41.9,0.22,2181.34
CDR-D-2003712,2026-09-07 16:45:09,+25565144832,640024198865421,TZ-DAR-008,4G,tigo.internet,33.4,183.84,217.23,25,60.15,39.7,0.4,477.91
CDR-D-2003713,2026-09-01 13:11:42,+25577402056,640024697532766,TZ-DAR-010,4G,tigo.internet,136.72,891.17,1027.89,45,38.46,30.8,0.42,2261.37
CDR-D-2003714,2026-09-07 14:30:34,+25571735604,640023392848202,TZ-ARU-001,5G,tigo.corporate,533.72,2445.15,2978.87,78,148.38,21.9,0.12,6553.52
CDR-D-2003715,2026-09-05 08:11:22,+25571862400,640022823212172,TZ-TND-001,3G,tigo.pesa.app,5.47,26.44,31.91,74,2.88,123.1,2.79,0.0
CDR-D-2003716,2026-09-05 01:16:52,+25567924584,640028513372284,TZ-DAR-003,5G,tigo.internet,288.39,1546.81,1835.19,66,126.87,20.8,0.05,4037.42
CDR-D-2003717,2026-09-05 05:37:53,+25565144832,640024198865421,TZ-DAR-008,4G,tigo.internet,104.35,401.88,506.23,31,13.08,34.7,0.1,1113.71
CDR-D-2003718,2026-09-01 09:23:51,+25565985510,640024365005756,TZ-MWA-001,5G,tigo.internet,469.1,2468.25,2937.35,77,78.19,12.1,0.03,6462.16
CDR-D-2003719,2026-09-03 03:53:11,+25565509777,640026117404598,TZ-KIG-001,3G,tigo.pesa.app,9.7,24.37,34.07,17,3.1,100.6,1.77,0.0
CDR-D-2003720,2026-09-04 20:36:10,+25567500567,640022104570218,TZ-DAR-006,4G,tigo.internet,114.98,505.35,620.33,78,12.35,32.7,0.39,1364.74
CDR-D-2003721,2026-09-01 05:05:12,+25571268100,640022581844680,TZ-MAR-001,3G,tigo.pesa.app,6.73,31.93,38.66,81,6.24,116.3,0.75,0.0
CDR-D-2003722,2026-09-04 18:40:26,+25577648830,640021998278217,TZ-ARU-001,5G,tigo.internet,47.77,358.14,405.91,68,279.09,18.7,0.1,893.01
CDR-D-2003723,2026-09-01 22:38:28,+25577801569,640024900179544,TZ-MWA-001,5G,tigo.mms,503.54,3191.37,3694.91,88,67.25,26.0,0.02,8128.8
CDR-D-2003724,2026-09-06 23:25:24,+25565875089,640025595336790,TZ-MWA-002,4G,tigo.corporate,135.04,619.19,754.24,23,54.21,53.7,0.31,1659.32
CDR-D-2003725,2026-09-05 18:50:08,+25567586208,640025431277186,TZ-SHI-001,3G,tigo.corporate,26.76,74.53,101.28,2,5.82,74.5,0.54,222.83
CDR-D-2003726,2026-09-03 17:19:42,+25567877093,640021223567941,TZ-MTW-001,4G,tigo.internet,46.61,226.32,272.92,15,38.48,51.2,0.34,600.43
CDR-D-2003727,2026-09-07 03:44:59,+25567430036,640026859140780,TZ-TAN-003,3G,tigo.internet,2.67,9.07,11.74,57,4.65,74.1,1.89,25.83
CDR-D-2003728,2026-09-04 14:10:34,+25577265969,640027995138043,TZ-MWA-003,4G,tigo.internet,166.62,879.71,1046.33,63,36.39,49.8,0.25,2301.93
CDR-D-2003729,2026-09-07 22:25:24,+25565985752,640025676658689,TZ-KAH-001,4G,tigo.pesa.app,152.81,865.97,1018.79,62,51.03,44.4,0.29,0.0
CDR-D-2003730,2026-09-03 05:49:10,+25571721313,640029311022862,TZ-KIG-001,3G,tigo.internet,1.51,5.4,6.92,16,4.78,103.5,2.76,15.22
CDR-D-2003731,2026-09-07 09:47:46,+25577569945,640024405620755,TZ-KIL-001,4G,tigo.internet,88.71,388.5,477.21,25,13.18,50.3,0.34,1049.85
CDR-D-2003732,2026-09-01 10:11:41,+25577710008,640023233866964,TZ-KAH-001,4G,tigo.internet,163.06,763.46,926.52,57,31.39,50.3,0.15,2038.34
CDR-D-2003733,2026-09-06 04:44:35,+25577604575,640028348547534,TZ-MWA-003,4G,tigo.pesa.app,105.01,374.42,479.43,88,25.03,44.4,0.24,0.0
CDR-D-2003734,2026-09-01 18:26:20,+25577907814,640025517226989,TZ-GEI-001,4G,tigo.internet,92.88,374.96,467.84,28,41.91,28.4,0.4,1029.24
CDR-D-2003735,2026-09-06 00:50:06,+25577217957,640026818005837,TZ-MTW-001,4G,tigo.internet,72.52,256.72,329.24,52,26.86,26.6,0.14,724.33
CDR-D-2003736,2026-09-02 01:31:24,+25577455652,640029065505125,TZ-ARU-001,5G,tigo.corporate,248.4,1465.89,1714.29,26,177.29,17.6,0.13,3771.44
CDR-D-2003737,2026-09-06 07:48:43,+25577403905,640023864261005,TZ-DOM-002,5G,tigo.internet,292.02,1356.68,1648.69,69,124.82,25.2,0.09,3627.13
CDR-D-2003738,2026-09-05 00:59:18,+25565751168,640024980273734,TZ-DAR-002,4G,tigo.pesa.app,154.2,943.79,1097.99,34,26.73,43.2,0.18,0.0
CDR-D-2003739,2026-09-05 08:23:03,+25571156620,640027383213464,TZ-DOM-002,5G,tigo.internet,520.78,2793.37,3314.15,41,72.83,12.3,0.14,7291.14
CDR-D-2003740,2026-09-03 01:06:45,+25565130401,640023901232981,TZ-SNG-001,3G,tigo.pesa.app,14.02,48.08,62.1,30,6.79,69.2,1.16,0.0
CDR-D-2003741,2026-09-05 08:20:28,+25565568383,640027983143830,TZ-TAN-001,4G,tigo.internet,8.48,41.93,50.4,62,24.83,44.6,0.15,110.89
CDR-D-2003742,2026-09-06 11:59:56,+25571552168,640023537521109,TZ-DAR-007,4G,tigo.internet,175.35,767.35,942.7,66,60.54,51.7,0.4,2073.93
CDR-D-2003743,2026-09-06 21:54:19,+25567907788,640027363409651,TZ-SHI-001,3G,tigo.internet,9.66,31.27,40.94,29,7.43,80.3,1.43,90.06
CDR-D-2003744,2026-09-01 15:07:51,+25577749208,640025470521233,TZ-DAR-009,4G,tigo.pesa.app,117.82,775.98,893.79,22,22.86,51.6,0.3,0.0
CDR-D-2003745,2026-09-01 14:44:09,+25565272529,640027529817193,TZ-MWA-003,4G,tigo.pesa.app,177.28,747.99,925.27,33,34.57,32.0,0.29,0.0
CDR-D-2003746,2026-09-04 22:25:04,+25577170304,640025319029553,TZ-GEI-001,4G,tigo.internet,114.36,740.12,854.49,42,40.61,53.1,0.44,1879.87
CDR-D-2003747,2026-09-06 03:55:07,+25571479895,640028100997954,TZ-DOM-001,5G,tigo.internet,283.33,1859.41,2142.74,76,81.31,26.2,0.05,4714.02
CDR-D-2003748,2026-09-07 22:46:35,+25565736237,640027376034192,TZ-TND-001,3G,tigo.pesa.app,1.29,6.23,7.52,81,7.21,138.9,1.25,0.0
CDR-D-2003749,2026-09-05 05:03:08,+25567283514,640025776996939,TZ-SHI-001,3G,tigo.internet,3.98,10.65,14.63,69,3.79,127.9,0.85,32.19
CDR-D-2003750,2026-09-07 03:48:21,+25577398595,640025847023855,TZ-ARU-001,5G,tigo.pesa.app,260.8,1956.98,2217.78,8,105.38,27.3,0.07,0.0
CDR-D-2003751,2026-09-07 17:42:47,+25577148381,640028497100471,TZ-TAN-002,3G,tigo.pesa.app,4.2,10.7,14.91,78,6.13,77.9,1.31,0.0
CDR-D-2003752,2026-09-07 11:10:36,+25577882351,640028152161448,TZ-DOM-001,5G,tigo.corporate,178.74,1435.61,1614.36,48,268.43,14.5,0.09,3551.59
CDR-D-2003753,2026-09-01 08:38:21,+25567293458,640024037119053,TZ-TAN-003,3G,tigo.internet,19.03,59.75,78.77,4,2.88,75.3,2.62,173.3
CDR-D-2003754,2026-09-06 22:09:08,+25567213132,640025376908082,TZ-BUK-001,3G,tigo.pesa.app,13.76,53.57,67.32,46,1.61,100.3,2.61,0.0
CDR-D-2003755,2026-09-02 06:41:54,+25577355570,640025916199809,TZ-PEM-001,3G,tigo.pesa.app,1.7,6.15,7.85,37,5.96,120.2,1.88,0.0
CDR-D-2003756,2026-09-05 11:41:44,+25565424500,640028663811838,TZ-KIL-002,3G,tigo.pesa.app,2.4,8.49,10.9,50,6.0,113.5,1.41,0.0
CDR-D-2003757,2026-09-04 18:30:29,+25565161775,640022397112924,TZ-ARU-001,5G,tigo.internet,101.97,590.48,692.45,20,159.11,12.9,0.1,1523.4
CDR-D-2003758,2026-09-04 04:38:01,+25577896651,640021483240056,TZ-TAR-001,3G,tigo.internet,17.53,61.61,79.14,76,2.35,96.7,2.52,174.1
CDR-D-2003759,2026-09-03 13:43:42,+25577293929,640023720442203,TZ-SON-001,3G,tigo.internet,10.15,38.88,49.03,38,3.76,84.3,1.05,107.88
CDR-D-2003760,2026-09-04 09:59:01,+25577990247,640022320748157,TZ-DAR-010,4G,tigo.pesa.app,46.58,196.48,243.06,64,36.33,33.0,0.39,0.0
CDR-D-2003761,2026-09-01 18:29:03,+25571311807,640025369429238,TZ-DOM-003,4G,tigo.internet,30.2,174.33,204.53,9,17.22,27.8,0.14,449.96
CDR-D-2003762,2026-09-02 17:58:34,+25577644098,640022994012789,TZ-SHI-001,3G,tigo.mms,2.35,8.46,10.81,77,2.47,74.8,2.73,23.78
CDR-D-2003763,2026-09-06 22:52:12,+25571823468,640025905881794,TZ-SON-001,3G,tigo.internet,10.08,35.48,45.56,81,4.22,117.1,0.81,100.23
CDR-D-2003764,2026-09-05 05:18:51,+25567147652,640028793362077,TZ-ZNZ-004,4G,tigo.corporate,225.95,812.33,1038.28,67,41.42,45.0,0.16,2284.22
CDR-D-2003765,2026-09-06 19:07:55,+25577633188,640022554039848,TZ-DAR-013,5G,tigo.internet,79.13,591.1,670.23,58,72.03,26.9,0.09,1474.51
CDR-D-2003766,2026-09-03 03:20:17,+25565226169,640023046572593,TZ-SON-001,3G,tigo.internet,27.99,76.07,104.06,68,5.66,136.3,0.54,228.92
CDR-D-2003767,2026-09-01 19:53:42,+25567494244,640021520825830,TZ-SNG-001,3G,tigo.internet,4.57,19.66,24.23,89,7.14,96.0,1.5,53.3
CDR-D-2003768,2026-09-07 13:06:06,+25577509735,640027406726525,TZ-DAR-002,4G,tigo.internet,175.37,833.26,1008.63,58,52.33,45.6,0.07,2218.98
CDR-D-2003769,2026-09-05 19:00:13,+25567975427,640028481445242,TZ-TAR-001,3G,tigo.corporate,9.79,32.72,42.51,83,1.55,100.5,2.37,93.51
CDR-D-2003770,2026-09-06 16:51:48,+25577429657,640028084809436,TZ-DOM-002,5G,tigo.internet,31.73,210.4,242.13,44,120.84,21.9,0.04,532.69
CDR-D-2003771,2026-09-03 11:42:45,+25577165431,640023033278918,TZ-MBY-002,4G,tigo.internet,51.88,204.77,256.65,7,14.77,48.9,0.27,564.64
CDR-D-2003772,2026-09-01 02:40:24,+25567767254,640026265756641,TZ-ZNZ-002,4G,tigo.internet,53.99,201.08,255.07,27,20.18,26.9,0.33,561.14
CDR-D-2003773,2026-09-06 20:55:40,+25577713513,640023080515301,TZ-DAR-009,4G,tigo.internet,50.6,268.93,319.54,77,51.74,45.7,0.4,702.98
CDR-D-2003774,2026-09-03 18:19:08,+25577217455,640023361117185,TZ-ZNZ-002,4G,tigo.internet,211.04,916.92,1127.96,16,41.33,33.1,0.26,2481.51
CDR-D-2003775,2026-09-04 08:00:37,+25571694822,640023160997637,TZ-BUK-001,3G,tigo.internet,17.78,62.97,80.75,75,6.23,107.2,1.05,177.66
CDR-D-2003776,2026-09-03 14:16:47,+25571504321,640021933998295,TZ-DOM-003,4G,tigo.internet,121.82,520.88,642.7,80,54.03,28.1,0.29,1413.95
CDR-D-2003777,2026-09-07 09:01:41,+25565855797,640026070264390,TZ-KIL-001,4G,tigo.internet,70.09,329.19,399.28,15,55.45,33.2,0.36,878.41
CDR-D-2003778,2026-09-03 16:34:03,+25565894586,640021878587567,TZ-PWA-001,4G,tigo.internet,148.4,698.31,846.71,49,21.71,29.8,0.37,1862.75
CDR-D-2003779,2026-09-07 23:50:52,+25565285973,640023424849408,TZ-TAB-001,3G,tigo.internet,13.18,58.85,72.04,23,7.13,92.2,1.63,158.48
CDR-D-2003780,2026-09-07 13:59:32,+25571194930,640024478233603,TZ-MWA-003,4G,tigo.pesa.app,191.11,698.37,889.48,81,38.1,43.3,0.34,0.0
CDR-D-2003781,2026-09-05 14:09:30,+25565977740,640021264739091,TZ-DAR-015,3G,tigo.internet,14.3,62.78,77.07,88,4.92,134.7,2.2,169.56
CDR-D-2003782,2026-09-06 23:47:20,+25571400748,640023082029167,TZ-TAN-001,4G,tigo.pesa.app,162.83,695.67,858.49,7,49.7,30.1,0.16,0.0
CDR-D-2003783,2026-09-02 16:43:08,+25577188759,640027901388916,TZ-DAR-012,5G,tigo.internet,320.07,1781.19,2101.25,77,116.5,15.2,0.09,4622.76
CDR-D-2003784,2026-09-03 07:38:51,+25571565992,640029112676784,TZ-DAR-008,4G,tigo.internet,15.68,55.6,71.28,5,16.49,49.3,0.05,156.81
CDR-D-2003785,2026-09-01 11:40:03,+25565166175,640024455101626,TZ-DAR-009,4G,tigo.corporate,48.37,194.16,242.53,17,64.11,27.6,0.17,533.56
CDR-D-2003786,2026-09-03 16:37:27,+25565690462,640025073211715,TZ-TAB-001,3G,tigo.internet,7.0,21.39,28.39,76,4.81,124.8,2.55,62.46
CDR-D-2003787,2026-09-03 11:14:23,+25565866151,640021818520766,TZ-DAR-007,4G,tigo.internet,78.68,353.15,431.83,7,32.52,27.0,0.31,950.02
CDR-D-2003788,2026-09-01 18:44:07,+25567172306,640022465576748,TZ-KAH-001,4G,tigo.corporate,71.44,382.22,453.66,59,31.18,53.7,0.17,998.05
CDR-D-2003789,2026-09-06 13:05:59,+25577100519,640026457800493,TZ-PWA-002,4G,tigo.internet,124.65,463.95,588.6,86,63.35,47.7,0.1,1294.91
CDR-D-2003790,2026-09-03 12:31:17,+25567466975,640028394104918,TZ-TAB-001,3G,tigo.internet,5.55,26.83,32.39,89,6.75,135.3,1.93,71.26
CDR-D-2003791,2026-09-04 10:40:32,+25577284076,640025566932954,TZ-IRI-001,4G,tigo.internet,192.31,845.81,1038.12,62,13.27,44.6,0.11,2283.86
CDR-D-2003792,2026-09-07 21:57:20,+25565497875,640029694199134,TZ-ARU-003,4G,tigo.internet,46.56,295.73,342.29,70,13.9,52.9,0.42,753.03
CDR-D-2003793,2026-09-03 16:08:41,+25577310416,640027916193949,TZ-MBY-001,4G,tigo.pesa.app,152.71,923.06,1075.77,48,23.45,41.2,0.1,0.0
CDR-D-2003794,2026-09-06 02:36:56,+25565211957,640021564985269,TZ-TAB-001,3G,tigo.pesa.app,22.6,68.99,91.59,89,3.89,94.4,0.67,0.0
CDR-D-2003795,2026-09-03 00:02:33,+25577409531,640021654602021,TZ-NJO-001,3G,tigo.internet,10.88,45.39,56.27,19,4.95,65.3,1.43,123.8
CDR-D-2003796,2026-09-06 12:51:20,+25567811710,640023456709521,TZ-DAR-003,5G,tigo.internet,104.95,433.63,538.58,65,195.34,18.3,0.05,1184.87
CDR-D-2003797,2026-09-06 09:05:47,+25577850435,640022323586087,TZ-DOM-002,5G,tigo.internet,165.43,1373.24,1538.67,60,137.56,13.7,0.04,3385.07
CDR-D-2003798,2026-09-06 19:41:22,+25577321659,640029831336766,TZ-TAR-001,3G,tigo.internet,8.14,32.04,40.17,42,4.1,78.5,1.93,88.38
CDR-D-2003799,2026-09-01 20:01:57,+25571314915,640027301072967,TZ-DAR-014,3G,tigo.internet,14.07,42.69,56.76,76,6.86,78.4,2.0,124.86
CDR-D-2003800,2026-09-03 05:14:00,+25577147899,640025501335775,TZ-MAR-001,3G,tigo.internet,3.46,10.01,13.47,36,1.66,72.3,1.43,29.64
CDR-D-2003801,2026-09-07 17:12:58,+25565956397,640028641714687,TZ-MWA-003,4G,tigo.internet,25.0,138.51,163.51,89,22.96,31.2,0.2,359.72
CDR-D-2003802,2026-09-04 12:12:23,+25571179802,640022789949373,TZ-DOM-001,5G,tigo.internet,619.76,2648.39,3268.15,60,185.85,21.0,0.13,7189.94
CDR-D-2003803,2026-09-01 15:06:15,+25567530016,640022936755326,TZ-NJO-001,3G,tigo.internet,16.02,47.02,63.04,6,7.42,95.1,2.75,138.69
CDR-D-2003804,2026-09-07 23:56:52,+25577308050,640023624656441,TZ-KIL-003,3G,tigo.internet,7.42,28.53,35.95,50,6.71,80.2,0.91,79.08
CDR-D-2003805,2026-09-05 05:28:09,+25567875702,640024779805199,TZ-PEM-001,3G,tigo.internet,17.35,49.06,66.41,49,6.07,88.7,2.28,146.11
CDR-D-2003806,2026-09-01 16:11:24,+25565115063,640024408903107,TZ-DAR-008,4G,tigo.internet,147.75,825.35,973.09,46,53.09,28.1,0.08,2140.81
CDR-D-2003807,2026-09-02 06:56:39,+25565779068,640023253473926,TZ-DAR-009,4G,tigo.internet,55.0,290.59,345.59,40,64.79,51.8,0.09,760.3
CDR-D-2003808,2026-09-02 10:26:01,+25571272620,640021229657132,TZ-ZNZ-002,4G,tigo.internet,222.07,821.59,1043.66,8,21.27,48.6,0.07,2296.06
CDR-D-2003809,2026-09-01 12:34:24,+25577367124,640021870109340,TZ-MTW-001,4G,tigo.pesa.app,120.29,684.06,804.35,21,37.69,34.4,0.18,0.0
CDR-D-2003810,2026-09-01 17:02:33,+25571194930,640024478233603,TZ-MWA-003,4G,tigo.pesa.app,122.2,531.61,653.81,84,41.66,50.8,0.13,0.0
CDR-D-2003811,2026-09-03 18:18:36,+25571699569,640022642416330,TZ-DAR-013,5G,tigo.internet,486.52,2437.18,2923.71,66,196.64,25.6,0.03,6432.15
CDR-D-2003812,2026-09-02 12:29:35,+25567711177,640027917243133,TZ-TND-001,3G,tigo.internet,11.21,43.37,54.58,22,5.57,134.4,1.78,120.09
CDR-D-2003813,2026-09-04 06:56:22,+25567489759,640027947345952,TZ-MTW-001,4G,tigo.corporate,94.93,512.62,607.55,79,34.98,30.5,0.2,1336.61
CDR-D-2003814,2026-09-04 23:39:53,+25565714825,640025050851541,TZ-TAN-002,3G,tigo.internet,12.75,36.24,48.99,84,2.14,77.1,2.01,107.77
CDR-D-2003815,2026-09-06 16:49:59,+25567291551,640026254560263,TZ-DAR-011,4G,tigo.pesa.app,56.58,289.99,346.57,32,48.04,39.7,0.09,0.0
CDR-D-2003816,2026-09-03 12:17:03,+25567317523,640022155131949,TZ-TND-001,3G,tigo.internet,22.32,81.03,103.35,9,7.5,67.1,1.97,227.36
CDR-D-2003817,2026-09-06 21:41:10,+25567516029,640022654593890,TZ-KIG-001,3G,tigo.pesa.app,1.84,8.18,10.02,18,1.22,113.5,2.05,0.0
CDR-D-2003818,2026-09-03 14:41:56,+25577819678,640024332482152,TZ-DAR-014,3G,tigo.pesa.app,12.61,45.88,58.49,21,2.89,121.6,1.88,0.0
CDR-D-2003819,2026-09-06 13:02:16,+25565730645,640022644360541,TZ-GEI-001,4G,tigo.internet,8.53,34.52,43.05,42,49.43,42.2,0.12,94.71
CDR-D-2003820,2026-09-02 14:45:27,+25571869946,640026947922164,TZ-ZNZ-001,5G,tigo.internet,86.18,491.99,578.16,32,174.6,24.2,0.07,1271.96
CDR-D-2003821,2026-09-03 20:51:42,+25577493214,640026349956494,TZ-PWA-002,4G,tigo.internet,128.74,643.99,772.73,14,41.64,45.7,0.25,1700.0
CDR-D-2003822,2026-09-06 21:35:35,+25571520124,640026607283971,TZ-IRI-001,4G,tigo.internet,55.18,366.13,421.31,88,31.18,29.8,0.34,926.87
CDR-D-2003823,2026-09-05 11:36:01,+25571426558,640027340417431,TZ-ZNZ-001,5G,tigo.internet,469.95,2540.78,3010.73,83,226.66,20.5,0.13,6623.6
CDR-D-2003824,2026-09-01 02:44:40,+25577153457,640027509328939,TZ-TND-001,3G,tigo.corporate,10.51,36.58,47.09,71,3.8,92.4,1.84,103.6
CDR-D-2003825,2026-09-06 16:06:06,+25577479021,640024241716107,TZ-SON-001,3G,tigo.internet,5.65,19.12,24.77,14,1.34,136.1,2.03,54.5
CDR-D-2003826,2026-09-01 13:18:54,+25571900185,640025983503547,TZ-KIG-001,3G,tigo.corporate,3.2,8.25,11.46,82,1.51,122.9,1.62,25.2
CDR-D-2003827,2026-09-01 21:06:47,+25577553515,640027051406106,TZ-IRI-001,4G,tigo.internet,28.32,147.83,176.14,14,20.33,35.9,0.26,387.51
CDR-D-2003828,2026-09-02 05:03:15,+25567346120,640025372837607,TZ-MTW-001,4G,tigo.internet,69.41,444.71,514.12,32,17.63,34.6,0.44,1131.06
CDR-D-2003829,2026-09-06 11:09:28,+25571966713,640025014410308,TZ-MOR-001,4G,tigo.internet,253.17,856.74,1109.91,26,21.25,52.6,0.13,2441.81
CDR-D-2003830,2026-09-07 13:54:18,+25567291551,640026254560263,TZ-DAR-011,4G,tigo.internet,54.82,230.9,285.72,18,44.24,32.8,0.36,628.58
CDR-D-2003831,2026-09-04 00:46:07,+25565481969,640022986365191,TZ-DAR-005,4G,tigo.corporate,251.92,849.11,1101.02,51,64.53,38.3,0.19,2422.25
CDR-D-2003832,2026-09-01 20:43:25,+25577171046,640026808867808,TZ-ZNZ-001,5G,tigo.internet,45.99,222.82,268.81,77,248.35,19.2,0.08,591.38
CDR-D-2003833,2026-09-03 20:37:03,+25565815507,640023131057424,TZ-DAR-009,4G,tigo.internet,99.07,523.02,622.1,64,53.03,31.6,0.05,1368.61
CDR-D-2003834,2026-09-02 00:13:56,+25565187496,640025036616886,TZ-IRI-001,4G,tigo.corporate,59.67,301.36,361.03,14,20.62,40.5,0.1,794.27
CDR-D-2003835,2026-09-02 19:08:32,+25577821211,640028329312966,TZ-ARU-002,4G,tigo.internet,284.03,947.25,1231.28,40,41.55,54.3,0.08,2708.82
CDR-D-2003836,2026-09-02 03:13:38,+25571168941,640026623360831,TZ-ARU-001,5G,tigo.corporate,287.37,1190.76,1478.13,13,113.95,13.4,0.05,3251.89
CDR-D-2003837,2026-09-04 11:24:58,+25577909508,640027652478210,TZ-MWA-002,4G,tigo.internet,96.18,502.79,598.97,80,14.67,44.1,0.18,1317.74
CDR-D-2003838,2026-09-01 06:49:57,+25567327337,640023195155142,TZ-ZNZ-002,4G,tigo.internet,165.99,765.57,931.55,8,15.89,40.3,0.21,2049.42
CDR-D-2003839,2026-09-01 00:27:17,+25571364168,640024621979605,TZ-MAR-001,3G,tigo.pesa.app,3.15,9.93,13.08,74,4.4,81.7,0.97,0.0
CDR-D-2003840,2026-09-01 04:37:17,+25567317523,640022155131949,TZ-TND-001,3G,tigo.corporate,7.94,20.59,28.53,69,4.51,131.9,2.73,62.77
CDR-D-2003841,2026-09-04 23:28:50,+25565265603,640024935462811,TZ-DAR-005,4G,tigo.pesa.app,82.78,393.37,476.15,59,22.37,43.1,0.07,0.0
CDR-D-2003842,2026-09-02 23:09:17,+25571811267,640024686932034,TZ-DAR-012,5G,tigo.corporate,393.96,3076.98,3470.94,11,75.81,17.5,0.06,7636.07
CDR-D-2003843,2026-09-06 02:21:01,+25571620248,640022546720356,TZ-DOM-003,4G,tigo.mms,44.65,253.06,297.7,44,59.74,35.4,0.08,654.94
CDR-D-2003844,2026-09-04 03:54:07,+25567899614,640024968635883,TZ-DAR-010,4G,tigo.pesa.app,127.48,497.43,624.92,54,54.35,50.6,0.1,0.0
CDR-D-2003845,2026-09-01 08:47:25,+25577614034,640027360670711,TZ-MWA-001,5G,tigo.internet,435.63,1842.24,2277.87,42,266.95,23.4,0.03,5011.3
CDR-D-2003846,2026-09-01 07:09:08,+25571804758,640025870268582,TZ-KIL-002,3G,tigo.internet,2.76,9.16,11.92,9,2.26,90.5,1.31,26.22
CDR-D-2003847,2026-09-07 23:28:31,+25565312460,640029422491915,TZ-DAR-011,4G,tigo.pesa.app,192.91,901.67,1094.57,57,23.53,32.0,0.43,0.0
CDR-D-2003848,2026-09-03 00:37:31,+25567675092,640029319042718,TZ-DAR-007,4G,tigo.internet,66.02,259.74,325.76,30,34.37,29.1,0.26,716.67
CDR-D-2003849,2026-09-07 09:38:53,+25565133616,640027886395561,TZ-DAR-015,3G,tigo.internet,1.75,6.17,7.92,80,4.0,72.5,1.02,17.42
CDR-D-2003850,2026-09-04 00:45:15,+25571426558,640027340417431,TZ-ZNZ-001,5G,tigo.corporate,476.85,2400.39,2877.24,54,223.67,14.4,0.02,6329.94
CDR-D-2003851,2026-09-02 00:31:07,+25565286717,640022826411454,TZ-TND-001,3G,tigo.internet,2.65,12.55,15.2,58,6.07,107.9,2.23,33.43
CDR-D-2003852,2026-09-07 05:50:21,+25565499454,640027325684046,TZ-MWA-003,4G,tigo.internet,142.56,756.44,899.0,13,22.36,38.6,0.24,1977.79
CDR-D-2003853,2026-09-04 01:08:57,+25567430036,640026859140780,TZ-TAN-003,3G,tigo.pesa.app,13.36,37.47,50.83,58,5.58,90.0,1.18,0.0
CDR-D-2003854,2026-09-03 15:09:01,+25577816712,640028325529753,TZ-MTW-001,4G,tigo.internet,62.17,319.5,381.67,19,41.87,47.1,0.05,839.67
CDR-D-2003855,2026-09-05 14:16:29,+25571924758,640028652281649,TZ-DAR-007,4G,tigo.internet,57.5,352.47,409.97,2,56.34,37.1,0.44,901.93
CDR-D-2003856,2026-09-06 14:37:19,+25567347565,640023557863130,TZ-DAR-009,4G,tigo.mms,190.46,707.37,897.83,44,42.73,28.5,0.4,1975.22
CDR-D-2003857,2026-09-02 21:06:02,+25577744793,640021067198189,TZ-DAR-004,5G,tigo.internet,221.42,1235.08,1456.5,45,92.06,12.7,0.13,3204.31
CDR-D-2003858,2026-09-03 16:11:34,+25567108286,640028846920528,TZ-MOR-001,4G,tigo.internet,210.21,930.71,1140.91,69,57.28,54.6,0.15,2510.01
CDR-D-2003859,2026-09-03 06:30:39,+25571108454,640028282534126,TZ-MTW-001,4G,tigo.internet,78.43,280.17,358.6,11,47.74,31.7,0.37,788.92
CDR-D-2003860,2026-09-07 03:51:40,+25571287356,640024671376399,TZ-DAR-011,4G,tigo.internet,170.48,858.58,1029.07,28,19.2,49.1,0.28,2263.95
CDR-D-2003861,2026-09-01 00:48:31,+25571596221,640023274581865,TZ-TAN-001,4G,tigo.mms,137.03,553.93,690.96,63,23.57,39.8,0.35,1520.11
CDR-D-2003862,2026-09-07 05:49:00,+25567478662,640029391882993,TZ-DAR-002,4G,tigo.mms,164.16,667.96,832.12,68,19.4,52.3,0.17,1830.67
CDR-D-2003863,2026-09-02 11:04:25,+25577343459,640028131455756,TZ-ZNZ-004,4G,tigo.internet,142.14,560.03,702.17,46,57.22,28.2,0.23,1544.78
CDR-D-2003864,2026-09-06 11:34:55,+25577533321,640021232804774,TZ-DOM-002,5G,tigo.internet,284.71,1248.62,1533.33,82,251.24,16.1,0.05,3373.33
CDR-D-2003865,2026-09-02 05:41:41,+25571377120,640022063329832,TZ-MBY-002,4G,tigo.internet,76.2,404.38,480.59,4,46.39,34.9,0.07,1057.29
CDR-D-2003866,2026-09-06 17:53:34,+25571804758,640025870268582,TZ-KIL-002,3G,tigo.internet,16.46,69.09,85.55,41,3.94,118.0,1.97,188.22
CDR-D-2003867,2026-09-05 23:57:24,+25565178315,640025052536540,TZ-ARU-001,5G,tigo.corporate,60.8,292.5,353.29,87,197.09,23.0,0.05,777.24
CDR-D-2003868,2026-09-03 05:51:49,+25571770513,640027039004351,TZ-BUK-001,3G,tigo.corporate,10.12,30.0,40.12,67,2.63,95.5,2.6,88.27
CDR-D-2003869,2026-09-07 19:52:48,+25565799946,640029558483771,TZ-DAR-015,3G,tigo.pesa.app,16.34,51.09,67.43,40,2.97,87.9,2.28,0.0
CDR-D-2003870,2026-09-03 15:46:27,+25567584172,640022940955281,TZ-MBY-001,4G,tigo.internet,109.89,427.43,537.32,52,30.96,40.5,0.08,1182.1
CDR-D-2003871,2026-09-05 02:05:18,+25577865859,640021835882089,TZ-ARU-002,4G,tigo.pesa.app,154.58,517.29,671.87,31,56.12,37.9,0.26,0.0
CDR-D-2003872,2026-09-03 22:33:53,+25571592879,640024210581718,TZ-DAR-003,5G,tigo.internet,89.33,376.49,465.82,89,268.59,22.8,0.01,1024.79
CDR-D-2003873,2026-09-01 21:30:49,+25567716006,640029795904190,TZ-KIG-001,3G,tigo.internet,12.21,55.17,67.38,29,6.93,83.3,1.68,148.24
CDR-D-2003874,2026-09-06 18:30:58,+25571706012,640024139249064,TZ-SHI-001,3G,tigo.internet,25.64,81.98,107.62,6,6.67,136.5,2.23,236.76
CDR-D-2003875,2026-09-07 16:55:42,+25565556641,640028088660633,TZ-PWA-001,4G,tigo.internet,181.02,833.93,1014.95,83,16.35,34.3,0.18,2232.9
CDR-D-2003876,2026-09-02 21:19:38,+25571549350,640028529833811,TZ-MOR-001,4G,tigo.internet,153.45,944.61,1098.06,65,44.22,51.7,0.41,2415.72
CDR-D-2003877,2026-09-01 23:49:43,+25571596221,640023274581865,TZ-TAN-001,4G,tigo.pesa.app,139.08,878.58,1017.66,22,48.48,40.7,0.22,0.0
CDR-D-2003878,2026-09-05 01:42:44,+25571950360,640024067961943,TZ-MBY-001,4G,tigo.internet,78.03,342.09,420.12,76,62.47,36.4,0.26,924.27
CDR-D-2003879,2026-09-03 07:56:29,+25565465249,640026634526139,TZ-ZNZ-002,4G,tigo.pesa.app,51.49,276.82,328.31,47,17.96,30.2,0.36,0.0
CDR-D-2003880,2026-09-01 07:10:59,+25567628597,640029080510951,TZ-MWA-003,4G,tigo.internet,183.65,755.63,939.28,10,25.37,30.6,0.26,2066.42
CDR-D-2003881,2026-09-01 21:35:25,+25571470534,640025129350848,TZ-BUK-001,3G,tigo.corporate,21.39,81.14,102.53,38,5.9,82.3,1.7,225.57
CDR-D-2003882,2026-09-07 06:59:25,+25565318964,640023606517080,TZ-TAN-003,3G,tigo.pesa.app,24.29,84.74,109.03,37,4.16,109.1,0.53,0.0
CDR-D-2003883,2026-09-02 11:16:24,+25567116391,640027914398496,TZ-MBY-002,4G,tigo.pesa.app,155.23,523.7,678.93,84,19.24,44.7,0.13,0.0
CDR-D-2003884,2026-09-03 09:50:53,+25565352164,640024899835735,TZ-PWA-002,4G,tigo.internet,142.72,773.06,915.78,7,25.5,50.0,0.4,2014.71
CDR-D-2003885,2026-09-06 12:27:31,+25571891775,640021500275778,TZ-DAR-002,4G,tigo.internet,116.78,762.27,879.05,68,52.43,53.6,0.23,1933.91
CDR-D-2003886,2026-09-03 11:19:49,+25577308050,640023624656441,TZ-KIL-003,3G,tigo.internet,9.73,27.14,36.86,11,1.95,136.7,0.89,81.1
CDR-D-2003887,2026-09-06 07:24:01,+25571644566,640023979360096,TZ-DAR-013,5G,tigo.internet,55.56,351.41,406.97,66,240.52,27.5,0.12,895.33
CDR-D-2003888,2026-09-05 21:12:44,+25577217957,640026818005837,TZ-MTW-001,4G,tigo.internet,41.41,235.71,277.12,55,51.69,42.9,0.27,609.66
CDR-D-2003889,2026-09-07 22:02:49,+25565288655,640029059101113,TZ-SHI-001,3G,tigo.internet,11.41,35.43,46.84,11,6.26,115.0,2.73,103.05
CDR-D-2003890,2026-09-05 02:28:02,+25577858705,640027402059279,TZ-DOM-001,5G,tigo.internet,184.92,894.29,1079.21,64,224.2,13.6,0.08,2374.26
CDR-D-2003891,2026-09-02 01:39:24,+25567683316,640023194915392,TZ-ZNZ-004,4G,tigo.mms,195.18,729.54,924.73,47,53.63,45.1,0.44,2034.4
CDR-D-2003892,2026-09-04 09:21:19,+25567762201,640028150869292,TZ-PWA-001,4G,tigo.corporate,32.9,115.61,148.51,84,62.39,53.1,0.18,326.72
CDR-D-2003893,2026-09-05 17:12:00,+25577862008,640022196045940,TZ-MWA-002,4G,tigo.internet,101.72,505.4,607.12,66,28.13,29.4,0.32,1335.66
CDR-D-2003894,2026-09-03 12:03:37,+25567298202,640029613425697,TZ-SON-001,3G,tigo.internet,15.93,63.92,79.85,85,2.33,130.2,1.95,175.67
CDR-D-2003895,2026-09-02 16:35:43,+25571491172,640029415119956,TZ-DAR-006,4G,tigo.internet,27.09,133.5,160.59,82,20.53,29.8,0.13,353.31
CDR-D-2003896,2026-09-05 20:28:48,+25567500567,640022104570218,TZ-DAR-006,4G,tigo.internet,205.47,873.12,1078.59,82,41.09,32.4,0.25,2372.9
CDR-D-2003897,2026-09-03 13:36:13,+25571311807,640025369429238,TZ-DOM-003,4G,tigo.internet,150.18,690.99,841.17,55,37.26,26.3,0.2,1850.58
CDR-D-2003898,2026-09-01 00:47:52,+25565404283,640024441494580,TZ-DAR-003,5G,tigo.internet,696.72,2829.42,3526.14,62,158.18,19.6,0.09,7757.51
CDR-D-2003899,2026-09-07 04:15:02,+25567349825,640028087762657,TZ-TAB-001,3G,tigo.internet,7.08,32.38,39.47,8,6.48,120.9,2.19,86.82
CDR-D-2003900,2026-09-05 09:14:40,+25571925549,640023797168211,TZ-KIG-001,3G,tigo.internet,21.27,56.7,77.98,17,1.4,74.9,2.68,171.55
CDR-D-2003901,2026-09-01 10:34:58,+25571360247,640028578226896,TZ-SNG-001,3G,tigo.pesa.app,7.46,36.79,44.25,14,5.97,127.9,1.51,0.0
CDR-D-2003902,2026-09-02 15:41:18,+25571721313,640029311022862,TZ-KIG-001,3G,tigo.internet,25.88,76.54,102.42,25,5.35,115.4,0.72,225.33
CDR-D-2003903,2026-09-01 15:05:00,+25565752483,640023294043548,TZ-GEI-001,4G,tigo.corporate,79.65,472.98,552.63,52,32.29,29.5,0.25,1215.78
CDR-D-2003904,2026-09-04 12:28:47,+25565543623,640029372856246,TZ-ZNZ-001,5G,tigo.corporate,143.07,882.61,1025.68,72,48.08,12.5,0.02,2256.49
CDR-D-2003905,2026-09-01 05:03:05,+25571759675,640021413202112,TZ-DOM-001,5G,tigo.corporate,525.79,3121.61,3647.4,16,231.58,21.3,0.14,8024.28
CDR-D-2003906,2026-09-06 05:17:38,+25567451367,640022846920487,TZ-DOM-003,4G,tigo.corporate,154.84,600.5,755.34,55,53.81,40.0,0.36,1661.74
CDR-D-2003907,2026-09-02 02:14:47,+25565784343,640021692392816,TZ-DOM-001,5G,tigo.internet,58.47,429.03,487.5,23,142.99,21.7,0.13,1072.5
CDR-D-2003908,2026-09-06 17:11:08,+25577153357,640021856458337,TZ-MWA-003,4G,tigo.corporate,165.43,602.77,768.2,46,17.44,39.5,0.17,1690.04
CDR-D-2003909,2026-09-05 07:50:40,+25567325306,640023502618368,TZ-DOM-003,4G,tigo.corporate,92.14,371.03,463.17,65,12.58,42.3,0.37,1018.97
CDR-D-2003910,2026-09-06 21:16:54,+25567749466,640024805765751,TZ-ARU-001,5G,tigo.internet,79.87,461.54,541.4,16,272.67,25.3,0.07,1191.09
CDR-D-2003911,2026-09-01 08:34:50,+25571650768,640029297920183,TZ-DAR-012,5G,tigo.internet,282.37,2134.86,2417.22,70,84.54,15.5,0.04,5317.89
CDR-D-2003912,2026-09-07 16:58:38,+25565449497,640028399650163,TZ-IRI-001,4G,tigo.mms,177.31,917.09,1094.4,53,28.43,32.9,0.24,2407.68
CDR-D-2003913,2026-09-07 12:46:22,+25567147652,640028793362077,TZ-ZNZ-004,4G,tigo.internet,29.89,107.03,136.92,38,30.2,52.3,0.07,301.22
CDR-D-2003914,2026-09-07 13:39:12,+25577325272,640022889197205,TZ-PWA-002,4G,tigo.internet,24.56,100.85,125.41,58,30.63,27.4,0.35,275.9
CDR-D-2003915,2026-09-02 22:12:22,+25577557861,640027545252618,TZ-DAR-014,3G,tigo.internet,17.19,72.78,89.97,66,4.75,129.2,1.61,197.93
CDR-D-2003916,2026-09-01 17:32:03,+25571461939,640022846465000,TZ-KIL-003,3G,tigo.internet,5.84,16.42,22.26,23,3.37,107.2,0.94,48.97
CDR-D-2003917,2026-09-04 04:01:16,+25571113595,640028489005480,TZ-IRI-001,4G,tigo.mms,216.66,905.73,1122.39,9,45.25,27.1,0.18,2469.25
CDR-D-2003918,2026-09-07 19:41:37,+25577944013,640027045485090,TZ-MWA-002,4G,tigo.corporate,104.25,500.26,604.51,64,48.75,31.9,0.29,1329.91
CDR-D-2003919,2026-09-02 10:16:50,+25565535214,640025760712372,TZ-NJO-001,3G,tigo.internet,6.04,20.37,26.41,16,7.17,102.5,1.31,58.11
CDR-D-2003920,2026-09-03 20:53:27,+25565112936,640029986384992,TZ-MWA-002,4G,tigo.internet,207.39,770.66,978.05,16,30.14,31.4,0.13,2151.71
CDR-D-2003921,2026-09-03 15:44:45,+25577990247,640022320748157,TZ-DAR-010,4G,tigo.internet,114.79,524.37,639.16,25,34.42,51.4,0.21,1406.15
CDR-D-2003922,2026-09-04 23:37:30,+25567614379,640027657887271,TZ-MOR-001,4G,tigo.internet,56.86,225.0,281.86,27,35.02,43.7,0.12,620.09
CDR-D-2003923,2026-09-02 17:41:17,+25565274185,640028875273236,TZ-NJO-001,3G,tigo.internet,1.89,5.66,7.56,58,2.07,84.9,0.8,16.63
CDR-D-2003924,2026-09-01 23:45:22,+25565683397,640029847550931,TZ-MWA-002,4G,tigo.pesa.app,192.3,674.0,866.3,34,38.45,26.4,0.15,0.0
CDR-D-2003925,2026-09-05 11:14:52,+25565567896,640021683855081,TZ-DAR-015,3G,tigo.internet,14.3,71.16,85.46,38,2.97,125.6,0.79,188.01
CDR-D-2003926,2026-09-01 17:42:58,+25567521730,640027133865128,TZ-MWA-003,4G,tigo.internet,145.1,701.03,846.13,26,47.49,50.0,0.26,1861.49
CDR-D-2003927,2026-09-03 22:41:22,+25567699853,640027450493016,TZ-DAR-009,4G,tigo.internet,164.95,632.71,797.66,17,35.2,41.2,0.12,1754.85
CDR-D-2003928,2026-09-03 11:15:43,+25571778712,640025655805246,TZ-DAR-003,5G,tigo.internet,198.31,1627.36,1825.67,55,83.83,21.0,0.02,4016.48
CDR-D-2003929,2026-09-05 20:45:27,+25565199178,640021477329638,TZ-DAR-006,4G,tigo.pesa.app,143.14,619.27,762.41,43,33.66,38.7,0.41,0.0
CDR-D-2003930,2026-09-07 15:01:06,+25577648830,640021998278217,TZ-ARU-001,5G,tigo.corporate,285.12,1352.18,1637.3,27,90.06,26.7,0.02,3602.07
CDR-D-2003931,2026-09-01 18:39:45,+25571537859,640026915482645,TZ-MWA-003,4G,tigo.corporate,196.95,884.23,1081.18,65,64.71,53.1,0.45,2378.59
CDR-D-2003932,2026-09-07 06:10:59,+25567297509,640024287687478,TZ-DAR-002,4G,tigo.pesa.app,75.87,417.11,492.98,34,45.24,29.4,0.12,0.0
CDR-D-2003933,2026-09-06 21:32:59,+25565404561,640025475641477,TZ-KIG-001,3G,tigo.pesa.app,9.63,29.05,38.68,2,3.72,104.4,2.67,0.0
CDR-D-2003934,2026-09-07 22:30:57,+25571317062,640027775750049,TZ-GEI-001,4G,tigo.internet,113.82,429.94,543.76,88,25.41,43.4,0.29,1196.26
CDR-D-2003935,2026-09-02 16:42:23,+25565262383,640023890512098,TZ-DOM-003,4G,tigo.internet,131.02,636.76,767.79,87,38.21,47.9,0.08,1689.13
CDR-D-2003936,2026-09-02 00:18:46,+25571639704,640029886818084,TZ-MWA-002,4G,tigo.internet,75.68,386.0,461.67,50,28.86,53.8,0.41,1015.68
CDR-D-2003937,2026-09-05 01:44:07,+25577244192,640021703457120,TZ-MWA-001,5G,tigo.internet,716.66,2956.46,3673.12,76,104.41,27.3,0.13,8080.87
CDR-D-2003938,2026-09-06 09:37:37,+25565211957,640021564985269,TZ-TAB-001,3G,tigo.internet,10.1,38.96,49.06,24,1.29,113.9,0.82,107.93
CDR-D-2003939,2026-09-02 09:03:01,+25571625245,640025539136501,TZ-TAB-001,3G,tigo.internet,18.52,78.16,96.67,9,7.09,75.4,2.3,212.68
CDR-D-2003940,2026-09-04 05:52:07,+25567388660,640027455603331,TZ-SHI-001,3G,tigo.internet,22.85,68.19,91.04,37,5.47,103.2,1.33,200.28
CDR-D-2003941,2026-09-03 18:36:31,+25571425236,640028295757364,TZ-TAB-001,3G,tigo.internet,4.99,24.37,29.37,36,1.23,133.7,2.07,64.6
CDR-D-2003942,2026-09-03 05:46:37,+25571463737,640024726281358,TZ-SNG-001,3G,tigo.internet,24.7,77.95,102.65,78,3.48,119.2,0.73,225.84
CDR-D-2003943,2026-09-01 12:25:31,+25571928373,640023818626841,TZ-ZNZ-003,4G,tigo.pesa.app,140.84,553.82,694.66,17,17.29,49.1,0.41,0.0
CDR-D-2003944,2026-09-02 19:25:34,+25565717024,640021945826486,TZ-DAR-005,4G,tigo.internet,41.41,155.67,197.08,35,63.03,27.3,0.08,433.57
CDR-D-2003945,2026-09-01 10:16:19,+25571110113,640024105721420,TZ-GEI-001,4G,tigo.internet,11.14,44.33,55.47,24,27.95,39.7,0.37,122.04
CDR-D-2003946,2026-09-07 15:51:49,+25567693343,640025182609867,TZ-TAN-001,4G,tigo.internet,142.02,892.66,1034.68,90,45.11,50.8,0.34,2276.29
CDR-D-2003947,2026-09-06 14:55:45,+25571156620,640027383213464,TZ-DOM-002,5G,tigo.internet,115.75,900.95,1016.7,84,152.86,18.8,0.04,2236.74
CDR-D-2003948,2026-09-02 21:05:35,+25567293595,640026588216930,TZ-ZNZ-004,4G,tigo.internet,214.97,793.14,1008.11,88,61.11,25.7,0.36,2217.85
CDR-D-2003949,2026-09-05 04:09:39,+25577805486,640024266466941,TZ-DAR-003,5G,tigo.internet,626.56,3088.58,3715.14,64,91.21,17.3,0.11,8173.31
CDR-D-2003950,2026-09-06 06:39:13,+25577863036,640027955867712,TZ-DOM-001,5G,tigo.corporate,126.64,749.86,876.5,43,244.52,20.5,0.08,1928.31
CDR-D-2003951,2026-09-02 03:07:31,+25565411870,640024823580587,TZ-DAR-003,5G,tigo.pesa.app,169.95,770.48,940.43,66,160.15,20.5,0.04,0.0
CDR-D-2003952,2026-09-02 22:07:32,+25565803175,640022509825605,TZ-MAR-001,3G,tigo.pesa.app,10.24,39.66,49.9,48,3.89,132.3,1.84,0.0
CDR-D-2003953,2026-09-01 18:20:08,+25571969070,640024618907753,TZ-IRI-001,4G,tigo.internet,109.2,489.48,598.68,29,14.34,52.4,0.38,1317.1
CDR-D-2003954,2026-09-06 01:38:56,+25567283514,640025776996939,TZ-SHI-001,3G,tigo.internet,16.36,54.88,71.24,67,5.57,130.0,2.76,156.73
CDR-D-2003955,2026-09-01 05:11:42,+25577725935,640025602730904,TZ-PWA-001,4G,tigo.corporate,196.73,761.45,958.18,26,55.07,35.7,0.21,2108.0
CDR-D-2003956,2026-09-02 12:41:17,+25567778058,640022822019158,TZ-DAR-002,4G,tigo.internet,158.14,572.46,730.6,72,24.48,53.7,0.36,1607.32
CDR-D-2003957,2026-09-03 17:06:44,+25565974625,640027850677534,TZ-TAN-001,4G,tigo.pesa.app,113.93,626.56,740.48,18,43.82,30.7,0.21,0.0
CDR-D-2003958,2026-09-01 16:31:03,+25565674721,640024534096467,TZ-PWA-001,4G,tigo.corporate,14.78,61.12,75.91,43,64.31,48.5,0.21,167.0
CDR-D-2003959,2026-09-02 09:45:34,+25565180913,640024384950377,TZ-DAR-010,4G,tigo.corporate,165.89,657.92,823.8,80,64.2,32.1,0.36,1812.37
CDR-D-2003960,2026-09-07 02:53:01,+25565789504,640021542747974,TZ-ZNZ-001,5G,tigo.pesa.app,253.49,1117.79,1371.27,12,68.07,18.3,0.12,0.0
CDR-D-2003961,2026-09-01 00:00:33,+25577130914,640022832508021,TZ-MBY-001,4G,tigo.internet,168.38,875.45,1043.83,55,17.98,50.1,0.35,2296.43
CDR-D-2003962,2026-09-01 06:08:42,+25577894139,640029941564880,TZ-DOM-002,5G,tigo.corporate,486.99,2112.72,2599.71,39,129.62,27.1,0.04,5719.36
CDR-D-2003963,2026-09-03 14:12:05,+25565663876,640029899689747,TZ-DAR-012,5G,tigo.corporate,378.47,2926.49,3304.96,19,200.63,14.7,0.03,7270.91
CDR-D-2003964,2026-09-02 11:57:43,+25577898625,640028901585274,TZ-DAR-010,4G,tigo.internet,144.73,519.56,664.28,5,18.31,44.9,0.06,1461.42
CDR-D-2003965,2026-09-02 19:31:49,+25565405980,640023171512258,TZ-MWA-003,4G,tigo.internet,216.02,811.21,1027.23,84,31.22,43.2,0.36,2259.91
CDR-D-2003966,2026-09-01 03:29:21,+25565982608,640025824092354,TZ-DAR-011,4G,tigo.pesa.app,67.8,393.73,461.53,64,29.88,26.2,0.24,0.0
CDR-D-2003967,2026-09-06 12:21:02,+25565463656,640029514255777,TZ-ARU-002,4G,tigo.internet,180.68,860.99,1041.67,69,14.67,40.2,0.35,2291.68
CDR-D-2003968,2026-09-05 22:44:17,+25571288056,640022721959126,TZ-DAR-013,5G,tigo.pesa.app,256.65,1389.19,1645.85,43,64.01,18.3,0.06,0.0
CDR-D-2003969,2026-09-04 15:40:53,+25565894586,640021878587567,TZ-PWA-001,4G,tigo.mms,24.4,123.54,147.93,5,46.85,32.2,0.4,325.45
CDR-D-2003970,2026-09-05 03:24:18,+25577310416,640027916193949,TZ-MBY-001,4G,tigo.internet,135.19,552.58,687.77,12,32.34,26.6,0.36,1513.1
CDR-D-2003971,2026-09-06 12:09:39,+25577756912,640021542934161,TZ-SHI-001,3G,tigo.internet,11.4,49.82,61.23,56,6.47,73.4,1.26,134.7
CDR-D-2003972,2026-09-02 22:59:48,+25567814956,640026595603986,TZ-KAH-001,4G,tigo.pesa.app,22.21,127.49,149.7,9,12.72,26.9,0.27,0.0
CDR-D-2003973,2026-09-06 08:50:21,+25567350280,640026435772945,TZ-DAR-001,5G,tigo.internet,146.4,710.69,857.09,64,178.7,12.8,0.13,1885.6
CDR-D-2003974,2026-09-05 04:20:08,+25565254127,640024374115502,TZ-TND-001,3G,tigo.corporate,10.38,27.76,38.14,21,2.53,76.4,2.2,83.91
CDR-D-2003975,2026-09-06 02:07:22,+25571792244,640023467704659,TZ-ZNZ-002,4G,tigo.internet,133.93,730.26,864.18,41,36.75,36.1,0.34,1901.2
CDR-D-2003976,2026-09-01 09:36:10,+25567675191,640022910594463,TZ-MWA-002,4G,tigo.internet,223.68,892.94,1116.62,11,45.37,25.7,0.07,2456.56
CDR-D-2003977,2026-09-04 17:40:09,+25567424526,640023744581207,TZ-PEM-001,3G,tigo.internet,28.79,84.35,113.15,12,6.61,68.2,0.96,248.92
CDR-D-2003978,2026-09-05 14:16:32,+25577835132,640022753617371,TZ-DOM-001,5G,tigo.pesa.app,33.81,242.43,276.24,20,228.86,20.1,0.03,0.0
CDR-D-2003979,2026-09-03 00:13:03,+25577761679,640023507826917,TZ-DAR-015,3G,tigo.internet,27.12,69.96,97.07,66,2.71,70.2,2.78,213.56
CDR-D-2003980,2026-09-04 15:51:27,+25571992744,640027652264884,TZ-ARU-002,4G,tigo.mms,160.54,700.39,860.93,6,33.42,41.8,0.07,1894.04
CDR-D-2003981,2026-09-07 01:31:08,+25577217455,640023361117185,TZ-ZNZ-002,4G,tigo.pesa.app,243.25,852.21,1095.46,56,29.5,46.0,0.05,0.0
CDR-D-2003982,2026-09-04 16:43:18,+25565152427,640024079402141,TZ-BUK-001,3G,tigo.internet,13.69,39.84,53.53,69,2.45,88.0,2.05,117.76
CDR-D-2003983,2026-09-05 22:35:42,+25567993891,640026903558431,TZ-ARU-003,4G,tigo.internet,114.97,668.83,783.8,24,53.89,50.1,0.11,1724.35
CDR-D-2003984,2026-09-02 19:34:20,+25577593975,640028460108930,TZ-SON-001,3G,tigo.corporate,13.17,37.94,51.11,58,6.49,122.3,2.45,112.44
CDR-D-2003985,2026-09-03 00:49:38,+25565204727,640027387607079,TZ-PEM-001,3G,tigo.internet,2.85,8.39,11.24,15,2.38,69.3,0.93,24.72
CDR-D-2003986,2026-09-04 11:21:34,+25567784733,640028063693463,TZ-DAR-011,4G,tigo.internet,141.41,615.49,756.9,40,39.83,40.3,0.1,1665.17
CDR-D-2003987,2026-09-04 01:36:16,+25565627918,640026382529470,TZ-KIL-001,4G,tigo.internet,235.7,896.32,1132.02,30,52.27,34.5,0.08,2490.44
CDR-D-2003988,2026-09-02 09:29:19,+25571537859,640026915482645,TZ-MWA-003,4G,tigo.internet,106.5,604.88,711.38,2,18.14,54.8,0.44,1565.03
CDR-D-2003989,2026-09-01 16:20:59,+25571256900,640022211374001,TZ-TAR-001,3G,tigo.pesa.app,28.39,78.76,107.15,41,1.77,133.3,2.2,0.0
CDR-D-2003990,2026-09-07 02:16:31,+25577402056,640024697532766,TZ-DAR-010,4G,tigo.internet,167.42,886.44,1053.86,29,21.81,41.4,0.34,2318.49
CDR-D-2003991,2026-09-03 08:33:31,+25567675191,640022910594463,TZ-MWA-002,4G,tigo.internet,125.91,584.97,710.89,86,25.79,36.9,0.06,1563.95
CDR-D-2003992,2026-09-05 23:00:28,+25567517654,640021128591125,TZ-DAR-014,3G,tigo.internet,8.04,22.71,30.75,6,4.47,84.0,1.14,67.66
CDR-D-2003993,2026-09-01 09:15:27,+25565982277,640024921003983,TZ-TAN-001,4G,tigo.internet,96.15,487.29,583.44,5,35.68,40.9,0.06,1283.57
CDR-D-2003994,2026-09-04 21:30:27,+25567116645,640024961067014,TZ-ZNZ-001,5G,tigo.internet,107.49,469.1,576.59,59,131.11,26.8,0.03,1268.5
CDR-D-2003995,2026-09-02 16:23:02,+25571920664,640021547762075,TZ-DAR-004,5G,tigo.internet,130.44,644.43,774.87,58,278.29,26.6,0.07,1704.71
CDR-D-2003996,2026-09-06 00:34:30,+25577929816,640024888501524,TZ-TAN-001,4G,tigo.internet,68.79,434.61,503.39,65,55.16,30.1,0.4,1107.47
CDR-D-2003997,2026-09-03 16:07:42,+25565257880,640022761091683,TZ-ARU-002,4G,tigo.internet,45.16,237.32,282.48,19,30.15,49.4,0.38,621.45
CDR-D-2003998,2026-09-06 23:28:28,+25565517303,640021326139851,TZ-DAR-010,4G,tigo.internet,23.08,124.35,147.43,3,29.6,53.9,0.19,324.35
CDR-D-2003999,2026-09-03 19:52:57,+25567983788,640024731897202,TZ-TAB-001,3G,tigo.internet,3.23,10.62,13.85,44,6.45,116.9,0.81,30.47
CDR-D-2004000,2026-09-04 11:50:51,+25571859984,640029194526349,TZ-DAR-004,5G,tigo.pesa.app,377.62,2903.77,3281.39,37,52.81,20.5,0.07,0.0
CDR-D-2004001,2026-09-02 00:17:36,+25577637966,640021269576948,TZ-TAN-001,4G,tigo.corporate,224.88,944.86,1169.74,20,38.6,43.2,0.41,2573.42
CDR-D-2004002,2026-09-02 00:03:08,+25571593393,640023665691647,TZ-MWA-001,5G,tigo.internet,343.27,2587.11,2930.37,78,218.08,18.7,0.13,6446.82
CDR-D-2004003,2026-09-07 20:36:16,+25567108286,640028846920528,TZ-MOR-001,4G,tigo.internet,197.86,687.43,885.29,50,31.16,44.4,0.18,1947.63
CDR-D-2004004,2026-09-07 08:36:22,+25565799486,640023189865928,TZ-MBY-002,4G,tigo.internet,86.51,312.62,399.13,62,24.13,31.9,0.26,878.09
CDR-D-2004005,2026-09-04 12:01:38,+25577398042,640025771840898,TZ-DAR-010,4G,tigo.corporate,134.14,600.18,734.32,21,29.76,29.5,0.08,1615.51
CDR-D-2004006,2026-09-03 04:27:51,+25571359214,640021877434572,TZ-KIL-003,3G,tigo.internet,11.94,33.58,45.52,72,3.42,75.9,1.32,100.15
CDR-D-2004007,2026-09-04 21:10:42,+25567669408,640021141312095,TZ-KIL-003,3G,tigo.internet,17.18,78.71,95.89,60,1.38,124.5,2.18,210.95
CDR-D-2004008,2026-09-04 12:19:05,+25567803055,640027615076397,TZ-TAN-001,4G,tigo.internet,34.74,151.67,186.4,48,49.74,30.7,0.3,410.08
CDR-D-2004009,2026-09-03 01:44:50,+25577367124,640021870109340,TZ-MTW-001,4G,tigo.internet,7.64,31.82,39.46,15,24.15,43.5,0.14,86.81
CDR-D-2004010,2026-09-04 16:31:21,+25577530321,640026805631767,TZ-DAR-012,5G,tigo.internet,407.33,1940.18,2347.51,63,196.55,20.4,0.13,5164.51
CDR-D-2004011,2026-09-05 23:19:09,+25567472724,640023162277965,TZ-DAR-006,4G,tigo.pesa.app,185.45,635.75,821.19,35,45.99,42.7,0.36,0.0
CDR-D-2004012,2026-09-07 20:24:13,+25567598372,640028357617586,TZ-MBY-002,4G,tigo.internet,227.35,768.95,996.3,27,52.57,43.4,0.3,2191.86
CDR-D-2004013,2026-09-06 00:00:42,+25571641386,640024218845963,TZ-DAR-003,5G,tigo.mms,194.32,1208.43,1402.75,69,57.43,26.6,0.14,3086.05
CDR-D-2004014,2026-09-05 14:29:30,+25565238579,640026001680218,TZ-DAR-005,4G,tigo.internet,126.88,743.86,870.74,86,26.75,46.4,0.06,1915.63
CDR-D-2004015,2026-09-02 09:17:43,+25567983794,640021240251661,TZ-DOM-003,4G,tigo.internet,121.79,490.45,612.24,18,18.72,41.5,0.25,1346.93
CDR-D-2004016,2026-09-06 08:51:10,+25571639704,640029886818084,TZ-MWA-002,4G,tigo.internet,215.18,761.09,976.28,20,38.68,49.3,0.21,2147.81
CDR-D-2004017,2026-09-04 10:24:38,+25567833602,640025074682264,TZ-MOR-001,4G,tigo.internet,10.26,40.12,50.37,15,14.48,44.7,0.16,110.82
CDR-D-2004018,2026-09-07 22:51:31,+25567595043,640022988055189,TZ-ARU-001,5G,tigo.corporate,577.58,2887.5,3465.08,34,157.76,13.9,0.06,7623.17
CDR-D-2004019,2026-09-01 08:42:21,+25571559378,640027425896687,TZ-MWA-001,5G,tigo.internet,339.31,1574.56,1913.87,24,126.44,12.0,0.02,4210.51
CDR-D-2004020,2026-09-04 21:21:54,+25577892684,640022699985771,TZ-DAR-003,5G,tigo.internet,509.53,2992.73,3502.26,76,161.31,24.4,0.03,7704.96
CDR-D-2004021,2026-09-06 12:37:58,+25571130710,640021962134345,TZ-DAR-015,3G,tigo.internet,20.92,52.64,73.56,76,3.74,94.5,2.32,161.83
CDR-D-2004022,2026-09-02 09:49:44,+25571869946,640026947922164,TZ-ZNZ-001,5G,tigo.pesa.app,216.16,1217.44,1433.6,83,98.79,20.1,0.1,0.0
CDR-D-2004023,2026-09-02 01:14:22,+25565478756,640028151456771,TZ-DAR-001,5G,tigo.internet,682.56,2803.64,3486.2,73,89.91,26.6,0.15,7669.64
CDR-D-2004024,2026-09-04 08:18:02,+25567546173,640027658867789,TZ-DAR-013,5G,tigo.internet,321.36,1672.57,1993.93,55,234.99,16.5,0.1,4386.64
CDR-D-2004025,2026-09-05 11:25:19,+25577834680,640025341842641,TZ-MWA-001,5G,tigo.internet,658.44,2931.66,3590.1,16,183.32,17.0,0.09,7898.21
CDR-D-2004026,2026-09-06 01:21:23,+25565913934,640026795522649,TZ-ZNZ-004,4G,tigo.internet,225.36,922.54,1147.9,26,26.96,31.7,0.31,2525.39
CDR-D-2004027,2026-09-01 09:07:20,+25571576773,640022449047673,TZ-DAR-014,3G,tigo.corporate,2.58,7.71,10.29,15,6.53,120.3,0.96,22.65
CDR-D-2004028,2026-09-03 14:16:24,+25565535214,640025760712372,TZ-NJO-001,3G,tigo.pesa.app,6.5,17.99,24.49,26,4.52,98.0,1.48,0.0
CDR-D-2004029,2026-09-03 04:31:59,+25577922149,640023381395514,TZ-MOR-001,4G,tigo.internet,171.5,926.58,1098.08,17,24.26,50.0,0.12,2415.78
CDR-D-2004030,2026-09-05 20:57:21,+25565864148,640024041530477,TZ-TAN-001,4G,tigo.internet,19.59,101.99,121.58,13,15.35,49.7,0.21,267.48
CDR-D-2004031,2026-09-05 05:35:47,+25567913185,640026510697299,TZ-GEI-001,4G,tigo.internet,117.21,392.6,509.81,32,47.92,41.2,0.21,1121.58
CDR-D-2004032,2026-09-01 05:41:40,+25565158579,640024208320641,TZ-KIL-001,4G,tigo.corporate,20.97,100.22,121.18,71,39.14,33.3,0.17,266.6
CDR-D-2004033,2026-09-02 09:02:58,+25571880431,640024407284549,TZ-MAR-001,3G,tigo.internet,3.7,10.42,14.12,3,5.03,138.9,1.16,31.06
CDR-D-2004034,2026-09-05 02:25:39,+25571545555,640029684659369,TZ-ZNZ-004,4G,tigo.internet,130.31,697.36,827.67,87,30.63,42.9,0.31,1820.87
CDR-D-2004035,2026-09-01 22:38:01,+25567236369,640024208964711,TZ-KIL-003,3G,tigo.corporate,16.86,59.11,75.97,51,5.84,80.8,0.93,167.14
CDR-D-2004036,2026-09-05 16:57:32,+25571860583,640028334756553,TZ-KAH-001,4G,tigo.internet,117.9,512.19,630.09,53,30.75,44.2,0.21,1386.2
CDR-D-2004037,2026-09-05 14:43:26,+25565704864,640023144063281,TZ-DOM-003,4G,tigo.internet,208.88,733.09,941.97,79,32.06,39.1,0.38,2072.32
CDR-D-2004038,2026-09-02 02:59:44,+25565411870,640024823580587,TZ-DAR-003,5G,tigo.internet,392.84,2674.63,3067.47,17,164.94,12.6,0.13,6748.43
CDR-D-2004039,2026-09-03 08:19:59,+25571587506,640024462726923,TZ-DAR-011,4G,tigo.internet,164.54,863.57,1028.11,32,46.56,32.5,0.35,2261.85
CDR-D-2004040,2026-09-02 05:40:10,+25567231113,640028366710477,TZ-TAN-003,3G,tigo.internet,13.52,66.5,80.02,80,6.54,77.6,1.13,176.03
CDR-D-2004041,2026-09-07 20:35:48,+25577326956,640027835787787,TZ-ARU-001,5G,tigo.internet,185.02,1061.0,1246.02,33,81.14,26.2,0.04,2741.24
CDR-D-2004042,2026-09-04 04:52:38,+25567585494,640027633342225,TZ-ZNZ-002,4G,tigo.corporate,16.59,63.91,80.5,49,40.38,29.2,0.23,177.1
CDR-D-2004043,2026-09-06 12:14:07,+25577284076,640025566932954,TZ-IRI-001,4G,tigo.internet,174.38,875.7,1050.08,39,44.32,37.2,0.37,2310.19
CDR-D-2004044,2026-09-02 00:02:27,+25565767542,640025464285982,TZ-ARU-001,5G,tigo.internet,219.41,1576.34,1795.75,83,171.66,22.7,0.11,3950.65
CDR-D-2004045,2026-09-02 19:11:14,+25577107246,640028115186493,TZ-DOM-001,5G,tigo.corporate,126.25,846.96,973.21,39,80.34,19.4,0.11,2141.06
CDR-D-2004046,2026-09-04 13:47:03,+25567274721,640027935632899,TZ-KAH-001,4G,tigo.internet,61.65,243.62,305.27,25,37.11,52.4,0.23,671.6
CDR-D-2004047,2026-09-07 11:18:12,+25565760120,640023201784149,TZ-TAB-001,3G,tigo.internet,18.24,80.29,98.53,4,6.16,84.0,1.34,216.76
CDR-D-2004048,2026-09-01 02:20:00,+25577472932,640021670474924,TZ-DOM-003,4G,tigo.internet,63.07,274.13,337.2,45,41.65,30.0,0.41,741.83
CDR-D-2004049,2026-09-04 04:54:22,+25565397917,640023515465308,TZ-BUK-001,3G,tigo.internet,22.95,69.82,92.77,34,2.59,103.2,2.28,204.09
CDR-D-2004050,2026-09-05 03:09:40,+25567286410,640023156207443,TZ-ARU-002,4G,tigo.internet,76.66,316.2,392.85,61,43.58,27.3,0.13,864.27
CDR-D-2004051,2026-09-05 04:52:05,+25571224249,640024969217513,TZ-MBY-002,4G,tigo.internet,11.49,47.72,59.21,48,63.74,29.5,0.32,130.26
CDR-D-2004052,2026-09-06 17:38:19,+25577319401,640024123723470,TZ-IRI-001,4G,tigo.pesa.app,104.76,417.59,522.35,53,44.57,37.3,0.4,0.0
CDR-D-2004053,2026-09-06 10:35:39,+25577511284,640025974930815,TZ-DAR-011,4G,tigo.internet,159.17,613.91,773.08,21,47.96,38.8,0.24,1700.77
CDR-D-2004054,2026-09-02 00:07:09,+25577935527,640025669015536,TZ-PWA-001,4G,tigo.internet,135.53,618.88,754.41,12,19.0,30.5,0.08,1659.7
CDR-D-2004055,2026-09-01 07:43:26,+25571972831,640023079834001,TZ-MOR-001,4G,tigo.internet,18.98,84.69,103.67,20,54.9,46.8,0.07,228.07
CDR-D-2004056,2026-09-01 10:48:37,+25567390870,640027967780181,TZ-GEI-001,4G,tigo.pesa.app,89.15,437.12,526.28,22,38.49,49.1,0.34,0.0
CDR-D-2004057,2026-09-02 02:55:34,+25571857168,640024919706735,TZ-DOM-001,5G,tigo.corporate,94.11,484.21,578.32,90,203.27,14.8,0.01,1272.29
CDR-D-2004058,2026-09-02 18:23:45,+25565389982,640025120590842,TZ-DAR-007,4G,tigo.internet,242.84,928.44,1171.28,48,54.8,37.4,0.13,2576.81
CDR-D-2004059,2026-09-05 17:22:24,+25571860583,640028334756553,TZ-KAH-001,4G,tigo.internet,176.22,921.57,1097.79,76,56.38,38.7,0.07,2415.14
CDR-D-2004060,2026-09-01 01:58:22,+25571391334,640022817174845,TZ-PWA-001,4G,tigo.pesa.app,142.07,694.96,837.04,61,61.68,36.5,0.15,0.0
CDR-D-2004061,2026-09-06 13:50:57,+25571837019,640027714024515,TZ-DAR-003,5G,tigo.internet,254.28,1726.27,1980.55,69,45.18,14.9,0.1,4357.21
CDR-D-2004062,2026-09-06 19:41:35,+25567803055,640027615076397,TZ-TAN-001,4G,tigo.internet,76.46,463.63,540.09,51,42.06,40.0,0.4,1188.19
CDR-D-2004063,2026-09-03 05:30:56,+25571773067,640022215838266,TZ-IRI-001,4G,tigo.pesa.app,143.08,491.76,634.84,35,51.76,43.7,0.21,0.0
CDR-D-2004064,2026-09-07 07:06:42,+25565361662,640023977168607,TZ-MWA-001,5G,tigo.internet,94.97,461.03,556.01,14,154.83,24.6,0.14,1223.22
CDR-D-2004065,2026-09-02 07:31:15,+25571559378,640027425896687,TZ-MWA-001,5G,tigo.pesa.app,425.53,2355.63,2781.16,10,112.43,20.7,0.06,0.0
CDR-D-2004066,2026-09-05 06:51:06,+25571829445,640026086370835,TZ-MWA-002,4G,tigo.internet,38.3,143.2,181.5,53,29.28,28.9,0.24,399.3
CDR-D-2004067,2026-09-05 21:56:47,+25565628370,640028030335064,TZ-ZNZ-001,5G,tigo.internet,114.94,584.19,699.12,9,83.96,21.7,0.02,1538.07
CDR-D-2004068,2026-09-06 17:59:44,+25567591341,640024171685974,TZ-DAR-003,5G,tigo.internet,231.12,1177.17,1408.29,80,92.85,13.6,0.07,3098.23
CDR-D-2004069,2026-09-01 07:32:13,+25567784733,640028063693463,TZ-DAR-011,4G,tigo.internet,102.06,657.36,759.41,63,58.31,44.8,0.37,1670.71
CDR-D-2004070,2026-09-06 07:40:18,+25565995113,640026933257157,TZ-SON-001,3G,tigo.internet,21.23,76.2,97.42,56,5.01,135.1,2.43,214.33
CDR-D-2004071,2026-09-07 21:25:40,+25565144887,640023871553289,TZ-IRI-001,4G,tigo.internet,13.77,47.92,61.69,22,25.45,37.6,0.1,135.72
CDR-D-2004072,2026-09-02 06:38:17,+25577629996,640022033921654,TZ-NJO-001,3G,tigo.internet,11.72,52.12,63.84,64,2.11,95.4,1.61,140.46
CDR-D-2004073,2026-09-02 01:54:52,+25565167348,640027076811348,TZ-PEM-001,3G,tigo.internet,5.03,15.37,20.39,66,2.84,122.0,0.99,44.87
CDR-D-2004074,2026-09-05 07:46:50,+25577468611,640029432088993,TZ-TAB-001,3G,tigo.internet,16.73,75.31,92.04,82,1.53,113.6,0.56,202.5
CDR-D-2004075,2026-09-06 10:35:05,+25577388253,640023637213943,TZ-MBY-001,4G,tigo.internet,8.64,40.3,48.94,31,19.18,39.1,0.3,107.68
CDR-D-2004076,2026-09-02 00:17:22,+25565878476,640022670255496,TZ-NJO-001,3G,tigo.internet,22.9,67.66,90.56,46,5.88,124.1,2.22,199.23
CDR-D-2004077,2026-09-01 20:41:04,+25577612855,640022138185235,TZ-PWA-002,4G,tigo.internet,165.44,580.53,745.98,74,59.7,28.6,0.19,1641.15
CDR-D-2004078,2026-09-02 05:21:46,+25577343170,640024067853612,TZ-MWA-001,5G,tigo.internet,223.25,1204.83,1428.08,10,220.29,20.4,0.06,3141.77
CDR-D-2004079,2026-09-02 19:29:04,+25567293458,640024037119053,TZ-TAN-003,3G,tigo.internet,25.85,78.62,104.48,71,1.62,108.6,1.1,229.85
CDR-D-2004080,2026-09-04 20:41:27,+25577824038,640021343868435,TZ-SHI-001,3G,tigo.internet,16.31,75.78,92.08,71,1.57,70.1,1.97,202.59
CDR-D-2004081,2026-09-05 04:20:43,+25571400748,640023082029167,TZ-TAN-001,4G,tigo.internet,195.61,934.33,1129.94,18,38.42,51.8,0.24,2485.87
CDR-D-2004082,2026-09-04 15:46:35,+25577871043,640021813743830,TZ-DAR-005,4G,tigo.pesa.app,38.01,136.82,174.83,49,41.78,51.3,0.3,0.0
CDR-D-2004083,2026-09-07 17:15:30,+25567413791,640025883933127,TZ-DAR-011,4G,tigo.corporate,115.52,544.41,659.93,22,29.02,41.6,0.35,1451.84
CDR-D-2004084,2026-09-02 10:26:46,+25565466718,640021468853596,TZ-KAH-001,4G,tigo.internet,174.26,693.24,867.5,78,60.95,29.7,0.17,1908.51
CDR-D-2004085,2026-09-03 01:23:37,+25571857168,640024919706735,TZ-DOM-001,5G,tigo.corporate,509.2,2180.17,2689.37,77,126.29,17.4,0.02,5916.61
CDR-D-2004086,2026-09-04 11:21:26,+25567101531,640023065961960,TZ-TAN-001,4G,tigo.internet,173.25,701.45,874.7,31,33.38,29.2,0.16,1924.35
CDR-D-2004087,2026-09-07 19:21:51,+25567767254,640026265756641,TZ-ZNZ-002,4G,tigo.pesa.app,194.8,887.84,1082.64,47,20.72,27.1,0.37,0.0
CDR-D-2004088,2026-09-04 17:14:19,+25571108454,640028282534126,TZ-MTW-001,4G,tigo.internet,218.81,889.42,1108.23,27,36.77,48.1,0.15,2438.1
CDR-D-2004089,2026-09-06 20:53:47,+25571424620,640027695519305,TZ-NJO-001,3G,tigo.internet,12.83,42.51,55.34,45,1.61,77.9,2.4,121.76
CDR-D-2004090,2026-09-02 03:28:25,+25567847362,640028055515912,TZ-TAR-001,3G,tigo.pesa.app,7.29,19.0,26.29,79,3.19,114.1,1.18,0.0
CDR-D-2004091,2026-09-05 13:14:08,+25565508856,640024550100615,TZ-TND-001,3G,tigo.mms,18.14,47.01,65.15,76,4.65,66.4,1.8,143.32
CDR-D-2004092,2026-09-06 19:53:23,+25567146037,640025188921469,TZ-ARU-002,4G,tigo.pesa.app,23.85,122.32,146.17,51,43.53,43.2,0.36,0.0
CDR-D-2004093,2026-09-03 04:06:46,+25577101655,640021416056343,TZ-KIL-001,4G,tigo.internet,64.3,395.88,460.18,85,60.05,32.0,0.3,1012.4
CDR-D-2004094,2026-09-01 03:55:45,+25565167348,640027076811348,TZ-PEM-001,3G,tigo.internet,10.13,29.33,39.46,75,5.58,85.0,0.83,86.81
CDR-D-2004095,2026-09-04 10:45:37,+25567303768,640024044608073,TZ-ZNZ-001,5G,tigo.internet,211.55,1552.36,1763.91,65,265.75,27.1,0.06,3880.6
CDR-D-2004096,2026-09-03 05:50:29,+25565626883,640027266170179,TZ-PWA-001,4G,tigo.internet,23.19,109.02,132.21,45,46.74,31.0,0.21,290.87
CDR-D-2004097,2026-09-05 05:31:44,+25577403905,640023864261005,TZ-DOM-002,5G,tigo.internet,45.78,193.76,239.54,45,195.18,17.7,0.1,526.98
CDR-D-2004098,2026-09-02 10:02:37,+25577808029,640027351460539,TZ-DAR-009,4G,tigo.internet,118.48,423.47,541.95,72,62.98,50.5,0.45,1192.29
CDR-D-2004099,2026-09-01 22:11:56,+25567988954,640024340450663,TZ-SHI-001,3G,tigo.pesa.app,14.21,67.99,82.2,24,4.48,127.7,1.04,0.0
CDR-D-2004100,2026-09-03 18:31:42,+25577658580,640022872211645,TZ-TAB-001,3G,tigo.internet,8.56,38.76,47.32,73,6.08,67.3,0.91,104.09
CDR-D-2004101,2026-09-03 19:40:32,+25567162796,640029695949463,TZ-MBY-001,4G,tigo.internet,20.01,73.91,93.92,61,41.16,47.8,0.07,206.63
CDR-D-2004102,2026-09-05 06:04:37,+25577308865,640022141178010,TZ-DAR-008,4G,tigo.internet,188.46,697.72,886.18,61,23.52,47.1,0.31,1949.59
CDR-D-2004103,2026-09-05 22:26:59,+25571596221,640023274581865,TZ-TAN-001,4G,tigo.internet,144.86,857.29,1002.16,21,63.21,30.0,0.23,2204.74
CDR-D-2004104,2026-09-01 23:20:00,+25577625465,640023192202822,TZ-MBY-001,4G,tigo.pesa.app,116.72,690.77,807.49,29,32.05,43.8,0.41,0.0
CDR-D-2004105,2026-09-02 15:19:55,+25571586501,640022824643661,TZ-DAR-003,5G,tigo.internet,41.39,237.54,278.94,25,134.73,27.4,0.09,613.66
CDR-D-2004106,2026-09-07 09:17:03,+25577780714,640022362721798,TZ-TAN-002,3G,tigo.pesa.app,16.98,50.89,67.87,44,5.72,86.2,2.31,0.0
CDR-D-2004107,2026-09-01 03:09:17,+25571156652,640028064623490,TZ-GEI-001,4G,tigo.internet,109.68,723.22,832.9,55,20.04,50.4,0.3,1832.38
CDR-D-2004108,2026-09-07 16:34:50,+25567448588,640027628981661,TZ-PEM-001,3G,tigo.pesa.app,11.59,43.14,54.73,36,7.27,83.0,1.93,0.0
CDR-D-2004109,2026-09-07 12:06:23,+25567882193,640026129924345,TZ-ZNZ-003,4G,tigo.internet,33.7,190.92,224.62,41,38.96,49.1,0.19,494.17
CDR-D-2004110,2026-09-02 00:33:49,+25577821211,640028329312966,TZ-ARU-002,4G,tigo.pesa.app,112.37,702.05,814.41,53,40.2,41.6,0.41,0.0
CDR-D-2004111,2026-09-05 15:51:30,+25577935527,640025669015536,TZ-PWA-001,4G,tigo.pesa.app,280.1,936.33,1216.43,74,41.85,28.8,0.16,0.0
CDR-D-2004112,2026-09-03 23:46:16,+25567199696,640021359438635,TZ-PEM-001,3G,tigo.internet,1.66,7.06,8.73,59,6.74,128.8,1.71,19.2
CDR-D-2004113,2026-09-01 09:22:53,+25565571796,640024217898231,TZ-PWA-002,4G,tigo.internet,38.18,139.78,177.96,82,57.43,42.7,0.31,391.52
CDR-D-2004114,2026-09-04 15:51:08,+25567307212,640029041060090,TZ-KIL-001,4G,tigo.internet,33.54,124.04,157.59,86,62.94,29.4,0.44,346.69
CDR-D-2004115,2026-09-05 13:16:18,+25567274721,640027935632899,TZ-KAH-001,4G,tigo.pesa.app,74.76,280.27,355.03,46,58.3,50.2,0.15,0.0
CDR-D-2004116,2026-09-06 23:41:56,+25577244192,640021703457120,TZ-MWA-001,5G,tigo.internet,156.34,805.12,961.47,88,180.45,12.5,0.03,2115.22
CDR-D-2004117,2026-09-06 06:46:53,+25577101655,640021416056343,TZ-KIL-001,4G,tigo.internet,119.89,417.58,537.48,81,30.17,27.1,0.12,1182.45
CDR-D-2004118,2026-09-06 17:31:40,+25571928373,640023818626841,TZ-ZNZ-003,4G,tigo.internet,45.15,238.05,283.2,34,39.31,28.0,0.29,623.05
CDR-D-2004119,2026-09-03 18:24:48,+25571963955,640022526788512,TZ-PEM-001,3G,tigo.internet,1.77,8.54,10.31,15,2.41,121.3,2.52,22.68
CDR-D-2004120,2026-09-06 06:36:01,+25571365503,640023515395117,TZ-ARU-002,4G,tigo.internet,41.27,160.79,202.06,44,58.8,25.1,0.09,444.53
CDR-D-2004121,2026-09-02 19:03:31,+25565300845,640027374584386,TZ-ZNZ-001,5G,tigo.internet,101.65,491.25,592.91,50,243.89,24.0,0.14,1304.4
CDR-D-2004122,2026-09-01 14:10:14,+25571817041,640024353660389,TZ-MTW-001,4G,tigo.pesa.app,174.48,812.5,986.97,2,58.61,54.6,0.23,0.0
CDR-D-2004123,2026-09-06 10:09:33,+25567916101,640022081687203,TZ-ARU-003,4G,tigo.mms,135.45,634.8,770.26,71,19.25,54.8,0.35,1694.57
CDR-D-2004124,2026-09-07 10:30:31,+25565517303,640021326139851,TZ-DAR-010,4G,tigo.pesa.app,126.28,829.28,955.56,34,61.69,41.6,0.33,0.0
CDR-D-2004125,2026-09-05 08:30:46,+25567658224,640023857879268,TZ-DAR-012,5G,tigo.pesa.app,148.92,808.99,957.91,61,108.88,12.8,0.07,0.0
CDR-D-2004126,2026-09-02 03:03:01,+25567683902,640021691910650,TZ-MBY-001,4G,tigo.corporate,222.65,849.97,1072.62,90,64.54,38.5,0.36,2359.77
CDR-D-2004127,2026-09-04 22:36:07,+25571650768,640029297920183,TZ-DAR-012,5G,tigo.internet,247.62,1252.43,1500.05,88,105.2,24.1,0.06,3300.11
CDR-D-2004128,2026-09-05 15:21:11,+25571792371,640023433388223,TZ-PWA-001,4G,tigo.internet,246.12,922.19,1168.31,43,18.19,49.6,0.24,2570.28
CDR-D-2004129,2026-09-06 14:15:00,+25565714867,640024735313433,TZ-DAR-010,4G,tigo.internet,139.96,587.3,727.26,69,62.2,28.6,0.16,1599.97
CDR-D-2004130,2026-09-02 18:44:39,+25567128996,640021740422125,TZ-DAR-010,4G,tigo.internet,177.69,808.99,986.68,44,57.47,28.4,0.37,2170.69
CDR-D-2004131,2026-09-04 06:26:31,+25565787277,640027439149233,TZ-ZNZ-003,4G,tigo.internet,277.96,927.67,1205.63,6,25.76,33.7,0.23,2652.38
CDR-D-2004132,2026-09-06 15:53:05,+25565144832,640024198865421,TZ-DAR-008,4G,tigo.internet,109.37,633.06,742.43,9,43.41,34.3,0.39,1633.35
CDR-D-2004133,2026-09-06 07:35:31,+25577286049,640027911193831,TZ-DAR-009,4G,tigo.mms,57.33,328.05,385.38,45,58.08,50.9,0.36,847.83
CDR-D-2004134,2026-09-07 23:25:41,+25565867324,640022860212181,TZ-SON-001,3G,tigo.pesa.app,21.19,61.66,82.85,44,6.87,83.4,2.24,0.0
CDR-D-2004135,2026-09-06 15:06:05,+25571615711,640021473029049,TZ-DAR-006,4G,tigo.pesa.app,145.73,917.85,1063.58,23,22.21,33.5,0.25,0.0
CDR-D-2004136,2026-09-06 04:59:57,+25567108286,640028846920528,TZ-MOR-001,4G,tigo.pesa.app,203.91,736.06,939.97,63,34.19,39.5,0.15,0.0
CDR-D-2004137,2026-09-06 23:53:20,+25571353495,640026887978829,TZ-DAR-013,5G,tigo.internet,502.11,2421.91,2924.02,84,252.3,14.7,0.09,6432.84
CDR-D-2004138,2026-09-03 06:17:21,+25571551313,640025806644397,TZ-TND-001,3G,tigo.corporate,4.15,19.65,23.79,41,6.97,139.3,2.15,52.34
CDR-D-2004139,2026-09-04 03:50:45,+25565567896,640021683855081,TZ-DAR-015,3G,tigo.internet,23.24,69.5,92.75,37,6.28,66.6,1.37,204.05
CDR-D-2004140,2026-09-07 09:21:44,+25571112210,640028940731272,TZ-TAN-001,4G,tigo.internet,142.18,547.29,689.46,51,35.38,27.1,0.12,1516.82
CDR-D-2004141,2026-09-07 14:19:17,+25565812711,640022632399901,TZ-ZNZ-001,5G,tigo.pesa.app,312.64,1423.82,1736.46,52,215.17,23.1,0.15,0.0
CDR-D-2004142,2026-09-02 12:37:45,+25577499841,640022677769486,TZ-TAN-003,3G,tigo.internet,11.11,31.17,42.28,80,3.24,119.3,0.91,93.02
CDR-D-2004143,2026-09-01 06:00:52,+25577432441,640027355707297,TZ-KIL-003,3G,tigo.corporate,23.53,71.53,95.06,76,2.94,86.1,0.77,209.13
CDR-D-2004144,2026-09-07 20:04:15,+25567297731,640027702529931,TZ-DAR-015,3G,tigo.pesa.app,2.02,6.26,8.27,44,5.82,110.8,0.74,0.0
CDR-D-2004145,2026-09-05 15:10:02,+25571641386,640024218845963,TZ-DAR-003,5G,tigo.corporate,274.33,2076.94,2351.27,37,192.49,27.0,0.08,5172.8
CDR-D-2004146,2026-09-05 16:01:55,+25577626449,640022567069461,TZ-DAR-001,5G,tigo.pesa.app,109.19,663.55,772.74,41,83.9,15.0,0.09,0.0
CDR-D-2004147,2026-09-05 14:22:15,+25577244192,640021703457120,TZ-MWA-001,5G,tigo.internet,51.32,308.03,359.34,42,144.72,16.9,0.14,790.55
CDR-D-2004148,2026-09-06 14:30:15,+25567894086,640021615024545,TZ-ARU-003,4G,tigo.internet,137.42,697.19,834.61,11,56.57,31.0,0.1,1836.14
CDR-D-2004149,2026-09-07 22:06:26,+25577493214,640026349956494,TZ-PWA-002,4G,tigo.pesa.app,159.53,939.66,1099.2,28,58.59,54.1,0.26,0.0
CDR-D-2004150,2026-09-03 03:16:28,+25565556065,640025464297388,TZ-MBY-002,4G,tigo.internet,163.06,735.58,898.64,48,17.36,42.9,0.11,1977.0
CDR-D-2004151,2026-09-07 18:15:12,+25577985049,640029891010459,TZ-DOM-003,4G,tigo.internet,102.8,398.92,501.72,13,17.6,39.8,0.42,1103.79
CDR-D-2004152,2026-09-02 23:33:35,+25565814827,640028418324922,TZ-MOR-001,4G,tigo.internet,57.39,254.42,311.81,17,35.78,51.6,0.36,685.98
CDR-D-2004153,2026-09-07 16:37:06,+25565122613,640027648364190,TZ-TAR-001,3G,tigo.internet,20.71,74.84,95.55,80,6.19,116.1,2.01,210.21
CDR-D-2004154,2026-09-02 15:29:03,+25577396376,640027763780950,TZ-DOM-001,5G,tigo.internet,363.23,2283.87,2647.1,53,132.66,22.7,0.09,5823.62
CDR-D-2004155,2026-09-04 21:52:54,+25577871043,640021813743830,TZ-DAR-005,4G,tigo.internet,178.23,907.2,1085.43,6,30.85,47.6,0.26,2387.95
CDR-D-2004156,2026-09-04 15:32:25,+25565598560,640024756438921,TZ-SHI-001,3G,tigo.internet,23.38,83.09,106.47,15,5.53,139.4,2.33,234.24
CDR-D-2004157,2026-09-05 02:14:44,+25577872918,640021857561275,TZ-ARU-003,4G,tigo.internet,96.39,614.9,711.29,49,43.03,37.4,0.42,1564.84
CDR-D-2004158,2026-09-01 06:38:20,+25571259652,640024846569158,TZ-SNG-001,3G,tigo.internet,23.16,67.27,90.43,14,6.87,134.5,0.73,198.94
CDR-D-2004159,2026-09-05 14:01:00,+25577894139,640029941564880,TZ-DOM-002,5G,tigo.internet,219.62,1248.64,1468.26,4,205.81,27.2,0.12,3230.17
CDR-D-2004160,2026-09-07 15:12:29,+25567613317,640021687842448,TZ-ZNZ-001,5G,tigo.corporate,235.41,1719.0,1954.4,32,76.36,25.8,0.02,4299.69
CDR-D-2004161,2026-09-02 20:41:50,+25567993891,640026903558431,TZ-ARU-003,4G,tigo.internet,228.07,786.75,1014.82,69,56.98,29.7,0.33,2232.59
CDR-D-2004162,2026-09-04 15:30:26,+25567636538,640026676402384,TZ-DAR-003,5G,tigo.pesa.app,446.06,1929.68,2375.74,90,155.56,20.4,0.06,0.0
CDR-D-2004163,2026-09-05 05:52:05,+25577785864,640022707272205,TZ-ZNZ-004,4G,tigo.pesa.app,82.92,421.29,504.21,26,45.76,41.8,0.31,0.0
CDR-D-2004164,2026-09-05 21:17:56,+25565152427,640024079402141,TZ-BUK-001,3G,tigo.internet,17.14,62.19,79.34,44,6.08,78.7,1.77,174.55
CDR-D-2004165,2026-09-06 00:02:45,+25567833723,640027614170462,TZ-PWA-002,4G,tigo.corporate,108.4,415.02,523.42,27,41.93,45.9,0.31,1151.53
CDR-D-2004166,2026-09-01 21:59:24,+25577426592,640021848411797,TZ-MBY-002,4G,tigo.internet,126.8,714.21,841.02,77,41.89,51.2,0.39,1850.24
CDR-D-2004167,2026-09-05 23:06:37,+25567861253,640026300607425,TZ-DAR-015,3G,tigo.internet,7.97,22.99,30.96,9,2.31,125.1,1.54,68.11
CDR-D-2004168,2026-09-04 15:30:47,+25571357232,640027329335818,TZ-KIL-001,4G,tigo.internet,200.74,839.54,1040.28,50,16.0,28.5,0.45,2288.61
CDR-D-2004169,2026-09-07 03:20:08,+25567478662,640029391882993,TZ-DAR-002,4G,tigo.internet,205.9,816.3,1022.2,3,59.83,33.4,0.19,2248.83
CDR-D-2004170,2026-09-05 02:10:34,+25577990247,640022320748157,TZ-DAR-010,4G,tigo.internet,111.96,400.73,512.69,31,29.18,28.1,0.29,1127.93
CDR-D-2004171,2026-09-06 12:06:09,+25567155699,640026800590025,TZ-DOM-002,5G,tigo.pesa.app,323.99,1574.02,1898.01,64,71.86,21.1,0.06,0.0
CDR-D-2004172,2026-09-01 15:04:16,+25577636556,640022341720625,TZ-DAR-011,4G,tigo.internet,56.63,255.61,312.24,73,52.08,35.3,0.06,686.94
CDR-D-2004173,2026-09-03 15:23:44,+25567511704,640026520672499,TZ-DAR-014,3G,tigo.pesa.app,13.64,50.43,64.07,7,7.13,111.1,2.04,0.0
CDR-D-2004174,2026-09-07 08:36:09,+25565535214,640025760712372,TZ-NJO-001,3G,tigo.pesa.app,19.31,66.88,86.19,36,4.09,93.7,2.4,0.0
CDR-D-2004175,2026-09-04 13:25:49,+25567647860,640029115534388,TZ-ZNZ-001,5G,tigo.corporate,279.37,1191.1,1470.47,13,52.43,26.6,0.13,3235.03
CDR-D-2004176,2026-09-05 10:12:43,+25571520169,640023367183914,TZ-DAR-007,4G,tigo.internet,41.49,154.85,196.34,82,13.9,46.1,0.38,431.95
CDR-D-2004177,2026-09-07 19:32:25,+25577728896,640028268862104,TZ-MOR-001,4G,tigo.corporate,16.56,75.62,92.19,36,53.21,26.6,0.2,202.81
CDR-D-2004178,2026-09-04 05:42:53,+25567636538,640026676402384,TZ-DAR-003,5G,tigo.internet,426.34,2822.06,3248.4,19,255.15,23.9,0.1,7146.49
CDR-D-2004179,2026-09-06 03:32:54,+25577544280,640024421221951,TZ-KIG-001,3G,tigo.pesa.app,15.09,68.57,83.66,16,6.82,133.1,0.99,0.0
CDR-D-2004180,2026-09-05 13:43:06,+25567147652,640028793362077,TZ-ZNZ-004,4G,tigo.internet,121.3,513.4,634.69,30,25.07,37.5,0.18,1396.32
CDR-D-2004181,2026-09-06 13:52:00,+25577990247,640022320748157,TZ-DAR-010,4G,tigo.internet,103.34,528.07,631.4,7,30.49,35.4,0.05,1389.09
CDR-D-2004182,2026-09-04 00:08:27,+25567214705,640024378235671,TZ-PWA-002,4G,tigo.internet,91.98,323.52,415.5,25,31.55,30.8,0.19,914.1
CDR-D-2004183,2026-09-02 17:58:50,+25577935527,640025669015536,TZ-PWA-001,4G,tigo.internet,122.57,486.38,608.95,19,18.13,27.5,0.35,1339.7
CDR-D-2004184,2026-09-06 22:49:31,+25567946331,640025845296568,TZ-ARU-001,5G,tigo.internet,284.48,1576.55,1861.03,77,191.15,20.1,0.05,4094.27
CDR-D-2004185,2026-09-02 19:28:20,+25577489616,640024789808025,TZ-MBY-002,4G,tigo.internet,211.08,725.54,936.62,24,14.67,40.3,0.29,2060.57
CDR-D-2004186,2026-09-07 06:11:53,+25565615353,640022849761315,TZ-TND-001,3G,tigo.internet,18.91,76.63,95.54,76,2.7,92.9,2.28,210.2
CDR-D-2004187,2026-09-07 12:49:25,+25577116730,640027830384141,TZ-DAR-002,4G,tigo.corporate,165.44,662.39,827.83,65,31.01,39.2,0.16,1821.22
CDR-D-2004188,2026-09-04 09:20:02,+25577268049,640024674668738,TZ-MWA-002,4G,tigo.internet,87.53,564.51,652.04,69,61.81,32.9,0.39,1434.49
CDR-D-2004189,2026-09-02 16:50:32,+25571525167,640029649635759,TZ-PWA-001,4G,tigo.internet,93.59,358.66,452.26,47,61.24,40.8,0.11,994.96
CDR-D-2004190,2026-09-01 03:14:29,+25567309991,640029549825267,TZ-SNG-001,3G,tigo.internet,17.59,72.46,90.05,15,7.16,81.4,0.69,198.12
CDR-D-2004191,2026-09-06 08:23:01,+25577612438,640021718348264,TZ-DAR-011,4G,tigo.internet,16.37,93.65,110.02,23,56.39,26.3,0.08,242.04
CDR-D-2004192,2026-09-04 03:34:17,+25567278026,640029674596936,TZ-MWA-001,5G,tigo.internet,89.43,509.37,598.8,11,241.03,17.9,0.1,1317.36
CDR-D-2004193,2026-09-03 00:38:38,+25577805486,640024266466941,TZ-DAR-003,5G,tigo.internet,312.42,1311.47,1623.9,58,203.5,15.4,0.04,3572.57
CDR-D-2004194,2026-09-06 13:13:50,+25577747518,640024611538856,TZ-TAR-001,3G,tigo.internet,13.21,47.08,60.29,81,3.31,122.5,2.57,132.65
CDR-D-2004195,2026-09-04 12:34:33,+25571644566,640023979360096,TZ-DAR-013,5G,tigo.internet,335.76,2268.59,2604.35,56,200.93,21.4,0.05,5729.57
CDR-D-2004196,2026-09-01 11:50:23,+25571360400,640022291067101,TZ-TAR-001,3G,tigo.internet,11.97,36.91,48.89,66,4.69,111.4,0.73,107.55
CDR-D-2004197,2026-09-03 21:10:44,+25571699975,640024536156992,TZ-ZNZ-004,4G,tigo.internet,36.81,165.38,202.19,30,36.38,41.6,0.12,444.82
CDR-D-2004198,2026-09-04 03:00:09,+25565100601,640026528492618,TZ-GEI-001,4G,tigo.internet,19.33,116.23,135.57,77,56.41,31.2,0.29,298.25
CDR-D-2004199,2026-09-03 23:59:15,+25571650768,640029297920183,TZ-DAR-012,5G,tigo.internet,304.88,2197.14,2502.01,15,100.42,15.9,0.1,5504.43
CDR-D-2004200,2026-09-03 03:53:55,+25571897376,640022308423044,TZ-DAR-015,3G,tigo.internet,30.63,76.62,107.25,17,4.61,126.5,0.54,235.96
CDR-D-2004201,2026-09-05 05:12:51,+25567773088,640029403748506,TZ-MWA-003,4G,tigo.internet,63.46,238.7,302.16,22,60.91,26.8,0.29,664.76
CDR-D-2004202,2026-09-05 02:54:19,+25577703853,640024358554365,TZ-DOM-003,4G,tigo.internet,201.85,921.18,1123.03,67,46.81,52.7,0.37,2470.67
CDR-D-2004203,2026-09-05 23:19:22,+25571186558,640029375265373,TZ-DAR-007,4G,tigo.internet,142.41,671.39,813.79,71,38.25,30.7,0.27,1790.34
CDR-D-2004204,2026-09-07 13:49:36,+25565704875,640028646369354,TZ-KIL-002,3G,tigo.internet,19.25,63.62,82.87,76,1.44,129.6,1.59,182.32
CDR-D-2004205,2026-09-04 04:35:26,+25565312460,640029422491915,TZ-DAR-011,4G,tigo.internet,38.94,162.1,201.04,15,17.77,42.0,0.22,442.3
CDR-D-2004206,2026-09-06 08:56:52,+25571360400,640022291067101,TZ-TAR-001,3G,tigo.internet,23.93,77.34,101.26,57,5.94,114.8,0.57,222.78
CDR-D-2004207,2026-09-04 10:28:43,+25571562976,640028573538960,TZ-MBY-002,4G,tigo.internet,194.88,653.73,848.62,57,21.04,38.4,0.24,1866.95
CDR-D-2004208,2026-09-03 05:28:43,+25565828664,640027238476297,TZ-TAN-003,3G,tigo.pesa.app,21.44,58.79,80.23,18,7.0,134.0,1.82,0.0
CDR-D-2004209,2026-09-05 22:05:27,+25565497875,640029694199134,TZ-ARU-003,4G,tigo.corporate,8.39,47.11,55.51,61,39.91,38.0,0.09,122.12
CDR-D-2004210,2026-09-05 13:38:29,+25565857135,640027390188891,TZ-TAB-001,3G,tigo.internet,13.9,50.91,64.81,8,1.31,80.2,2.76,142.58
CDR-D-2004211,2026-09-04 07:40:05,+25565869575,640028265726536,TZ-TAB-001,3G,tigo.corporate,12.06,34.08,46.14,85,7.15,79.5,2.44,101.51
CDR-D-2004212,2026-09-04 00:21:15,+25571520124,640026607283971,TZ-IRI-001,4G,tigo.internet,116.16,504.36,620.53,2,39.75,48.7,0.17,1365.16
CDR-D-2004213,2026-09-06 13:17:40,+25567464032,640025679598896,TZ-KIG-001,3G,tigo.pesa.app,2.62,8.34,10.96,33,2.19,105.0,1.76,0.0
CDR-D-2004214,2026-09-01 07:29:37,+25577852293,640028408939222,TZ-DAR-006,4G,tigo.internet,70.74,471.31,542.04,68,34.53,42.8,0.37,1192.49
CDR-D-2004215,2026-09-07 07:48:58,+25577369705,640024787892674,TZ-MWA-001,5G,tigo.corporate,656.86,2985.9,3642.76,44,112.74,24.7,0.02,8014.07
CDR-D-2004216,2026-09-07 06:36:48,+25565730645,640022644360541,TZ-GEI-001,4G,tigo.internet,197.31,755.55,952.85,20,43.38,51.6,0.44,2096.28
CDR-D-2004217,2026-09-04 19:51:59,+25565115063,640024408903107,TZ-DAR-008,4G,tigo.internet,79.55,525.43,604.98,89,51.52,53.4,0.08,1330.95
CDR-D-2004218,2026-09-02 23:40:36,+25571362778,640022178758213,TZ-SNG-001,3G,tigo.internet,18.3,63.44,81.74,10,3.14,119.6,1.4,179.83
CDR-D-2004219,2026-09-03 15:04:07,+25577521195,640028524625316,TZ-MBY-001,4G,tigo.internet,43.78,213.49,257.27,90,52.48,48.6,0.39,566.0
CDR-D-2004220,2026-09-07 08:30:29,+25571112210,640028940731272,TZ-TAN-001,4G,tigo.internet,205.66,792.81,998.47,5,64.56,29.8,0.29,2196.64
CDR-D-2004221,2026-09-04 01:45:13,+25577414754,640025758202336,TZ-MAR-001,3G,tigo.pesa.app,17.62,48.31,65.92,20,4.75,127.5,2.47,0.0
CDR-D-2004222,2026-09-07 06:54:00,+25571749838,640028975021081,TZ-TAR-001,3G,tigo.pesa.app,13.78,36.11,49.89,31,3.06,125.2,1.4,0.0
CDR-D-2004223,2026-09-06 23:11:06,+25565596925,640026784033506,TZ-DAR-015,3G,tigo.internet,13.66,39.51,53.17,26,5.15,73.9,2.58,116.97
CDR-D-2004224,2026-09-07 01:02:30,+25565419409,640027735563741,TZ-DAR-011,4G,tigo.internet,154.13,854.67,1008.81,78,20.99,52.6,0.09,2219.38
CDR-D-2004225,2026-09-01 08:05:59,+25567949602,640025412413776,TZ-NJO-001,3G,tigo.internet,9.06,24.03,33.09,22,1.87,122.9,1.74,72.79
CDR-D-2004226,2026-09-04 21:22:05,+25565815507,640023131057424,TZ-DAR-009,4G,tigo.internet,113.3,635.82,749.13,59,27.9,34.1,0.43,1648.08
CDR-D-2004227,2026-09-03 01:39:30,+25567253541,640024605117440,TZ-NJO-001,3G,tigo.internet,24.61,67.68,92.29,87,3.3,115.7,1.52,203.03
CDR-D-2004228,2026-09-07 03:40:53,+25571401601,640027873709012,TZ-DAR-007,4G,tigo.internet,60.16,304.24,364.4,50,48.93,40.8,0.26,801.68
CDR-D-2004229,2026-09-03 07:23:54,+25565812711,640022632399901,TZ-ZNZ-001,5G,tigo.internet,226.43,1043.59,1270.02,46,273.06,25.1,0.14,2794.05
CDR-D-2004230,2026-09-01 09:03:25,+25567516869,640028962027840,TZ-MWA-003,4G,tigo.internet,240.0,917.55,1157.55,8,63.51,47.7,0.08,2546.6
CDR-D-2004231,2026-09-02 08:40:28,+25565145939,640021549034032,TZ-DOM-002,5G,tigo.internet,369.19,1490.66,1859.84,26,97.97,13.2,0.01,4091.65
CDR-D-2004232,2026-09-05 22:40:01,+25571110113,640024105721420,TZ-GEI-001,4G,tigo.internet,74.59,458.26,532.85,48,62.78,39.1,0.19,1172.27
CDR-D-2004233,2026-09-02 09:57:41,+25571837520,640029498435585,TZ-ARU-001,5G,tigo.corporate,268.13,1090.33,1358.45,3,217.22,13.3,0.03,2988.6
CDR-D-2004234,2026-09-02 09:22:44,+25565627918,640026382529470,TZ-KIL-001,4G,tigo.pesa.app,68.81,252.46,321.27,12,59.99,35.6,0.11,0.0
CDR-D-2004235,2026-09-01 18:15:58,+25571562976,640028573538960,TZ-MBY-002,4G,tigo.internet,141.82,618.46,760.28,84,20.28,27.8,0.15,1672.61
CDR-D-2004236,2026-09-06 18:28:38,+25571500464,640024115565294,TZ-PWA-002,4G,tigo.pesa.app,231.02,838.01,1069.04,19,27.11,44.4,0.17,0.0
CDR-D-2004237,2026-09-02 14:47:15,+25565617530,640025446846255,TZ-SHI-001,3G,tigo.corporate,17.72,66.36,84.08,26,6.86,72.7,2.07,184.97
CDR-D-2004238,2026-09-06 01:36:03,+25571447688,640023020792127,TZ-DAR-011,4G,tigo.internet,132.64,480.22,612.85,31,51.22,36.0,0.22,1348.27
CDR-D-2004239,2026-09-05 08:22:15,+25565244818,640025875872347,TZ-ZNZ-002,4G,tigo.internet,61.03,256.59,317.62,3,16.33,53.7,0.32,698.75
CDR-D-2004240,2026-09-03 02:37:34,+25565760120,640023201784149,TZ-TAB-001,3G,tigo.mms,13.18,37.8,50.97,24,5.78,123.6,2.34,112.14
CDR-D-2004241,2026-09-02 20:27:33,+25567429196,640028173711511,TZ-PWA-002,4G,tigo.internet,157.57,540.51,698.08,37,29.26,54.2,0.3,1535.78
CDR-D-2004242,2026-09-06 10:32:29,+25567857526,640026094508552,TZ-DAR-010,4G,tigo.internet,114.34,724.59,838.93,11,53.97,36.6,0.22,1845.64
CDR-D-2004243,2026-09-06 12:54:13,+25571900185,640025983503547,TZ-KIG-001,3G,tigo.internet,5.33,19.15,24.48,68,1.67,115.6,2.02,53.86
CDR-D-2004244,2026-09-06 09:08:59,+25565418395,640027385863902,TZ-SNG-001,3G,tigo.internet,15.3,75.37,90.66,85,6.13,108.0,1.54,199.46
CDR-D-2004245,2026-09-05 04:54:33,+25571186243,640026704212255,TZ-KAH-001,4G,tigo.internet,164.28,564.97,729.26,36,62.5,53.2,0.2,1604.37
CDR-D-2004246,2026-09-06 01:58:00,+25567414295,640029973421080,TZ-KIL-001,4G,tigo.pesa.app,148.53,538.48,687.02,36,47.56,46.6,0.1,0.0
CDR-D-2004247,2026-09-03 10:27:53,+25565564920,640022557724698,TZ-KIG-001,3G,tigo.corporate,19.22,84.71,103.93,27,4.94,129.8,2.73,228.65
CDR-D-2004248,2026-09-05 09:26:26,+25571196783,640029403298062,TZ-SHI-001,3G,tigo.internet,5.59,26.42,32.01,87,6.46,112.4,2.36,70.42
CDR-D-2004249,2026-09-03 06:01:41,+25577168637,640023079500806,TZ-SNG-001,3G,tigo.internet,9.4,27.75,37.15,22,1.5,86.0,1.34,81.73
CDR-D-2004250,2026-09-03 15:31:18,+25577120324,640029383431259,TZ-PWA-001,4G,tigo.pesa.app,59.65,302.82,362.47,81,46.74,47.4,0.45,0.0
CDR-D-2004251,2026-09-02 11:25:31,+25571501078,640026837342064,TZ-ARU-001,5G,tigo.internet,479.75,1967.07,2446.82,26,261.44,19.4,0.08,5383.01
CDR-D-2004252,2026-09-05 01:13:54,+25567350280,640026435772945,TZ-DAR-001,5G,tigo.internet,94.84,467.51,562.36,5,188.09,15.4,0.06,1237.18
CDR-D-2004253,2026-09-06 17:26:43,+25567675191,640022910594463,TZ-MWA-002,4G,tigo.internet,8.14,34.68,42.82,34,57.74,34.4,0.31,94.2
CDR-D-2004254,2026-09-01 23:49:01,+25567987729,640024446206748,TZ-MBY-001,4G,tigo.internet,231.57,854.94,1086.51,35,36.45,27.7,0.14,2390.32
CDR-D-2004255,2026-09-01 18:01:58,+25567336540,640025946548987,TZ-MBY-001,4G,tigo.internet,165.1,763.65,928.75,23,22.78,25.3,0.09,2043.24
CDR-D-2004256,2026-09-04 12:19:57,+25565859767,640025451959254,TZ-TAB-001,3G,tigo.pesa.app,18.44,48.94,67.38,55,3.5,126.9,2.01,0.0
CDR-D-2004257,2026-09-02 09:38:37,+25577611833,640027061419749,TZ-TAR-001,3G,tigo.mms,17.49,51.07,68.57,16,3.4,128.9,0.94,150.85
CDR-D-2004258,2026-09-06 21:36:57,+25571706012,640024139249064,TZ-SHI-001,3G,tigo.internet,1.79,5.23,7.03,29,3.43,126.0,1.88,15.46
CDR-D-2004259,2026-09-03 12:05:33,+25567438548,640028852676046,TZ-NJO-001,3G,tigo.internet,2.85,10.09,12.95,62,4.52,94.5,1.19,28.48
CDR-D-2004260,2026-09-02 08:39:16,+25565781571,640022296502486,TZ-DAR-011,4G,tigo.pesa.app,141.14,591.56,732.7,13,54.45,47.1,0.43,0.0
CDR-D-2004261,2026-09-01 19:13:44,+25565466718,640021468853596,TZ-KAH-001,4G,tigo.internet,80.95,448.11,529.06,20,27.29,35.2,0.35,1163.93
CDR-D-2004262,2026-09-03 23:16:51,+25577816712,640028325529753,TZ-MTW-001,4G,tigo.pesa.app,141.37,585.41,726.78,61,27.06,50.8,0.35,0.0
CDR-D-2004263,2026-09-06 02:35:04,+25571114800,640028188100401,TZ-TAN-002,3G,tigo.pesa.app,11.62,52.93,64.55,36,4.39,134.3,0.88,0.0
CDR-D-2004264,2026-09-06 03:12:38,+25567836201,640021456650521,TZ-PWA-002,4G,tigo.pesa.app,33.5,124.08,157.59,9,26.32,45.0,0.28,0.0
CDR-D-2004265,2026-09-07 02:25:40,+25571487470,640026486345845,TZ-TAN-003,3G,tigo.pesa.app,5.6,25.87,31.46,15,6.4,134.2,2.5,0.0
CDR-D-2004266,2026-09-03 22:22:12,+25571909539,640025762969204,TZ-ZNZ-002,4G,tigo.internet,114.81,420.66,535.47,75,15.46,52.9,0.17,1178.04
CDR-D-2004267,2026-09-05 18:01:30,+25567435581,640023598804887,TZ-TAN-002,3G,tigo.pesa.app,16.41,55.48,71.89,89,6.15,127.2,1.59,0.0
CDR-D-2004268,2026-09-01 13:14:50,+25567271456,640025683197659,TZ-DAR-015,3G,tigo.internet,12.81,40.14,52.95,54,1.28,69.5,2.15,116.49
CDR-D-2004269,2026-09-05 21:56:17,+25571454366,640025428082088,TZ-DAR-013,5G,tigo.pesa.app,193.21,861.92,1055.13,28,189.63,19.1,0.14,0.0
CDR-D-2004270,2026-09-05 12:23:12,+25567400692,640029625656293,TZ-TAB-001,3G,tigo.internet,9.76,38.76,48.52,73,2.28,109.8,2.54,106.75
CDR-D-2004271,2026-09-05 15:56:29,+25571806402,640028251009913,TZ-DAR-014,3G,tigo.pesa.app,11.03,33.19,44.22,14,4.13,121.6,0.58,0.0
CDR-D-2004272,2026-09-05 04:58:52,+25571260778,640026918142780,TZ-MBY-001,4G,tigo.internet,130.76,685.65,816.41,25,16.64,32.4,0.32,1796.11
CDR-D-2004273,2026-09-01 20:24:13,+25571441649,640021780778941,TZ-DAR-011,4G,tigo.internet,15.21,55.86,71.07,38,49.13,45.5,0.06,156.35
CDR-D-2004274,2026-09-07 12:30:51,+25567283514,640025776996939,TZ-SHI-001,3G,tigo.internet,26.15,69.06,95.21,78,3.55,79.7,2.33,209.46
CDR-D-2004275,2026-09-02 02:45:19,+25577805486,640024266466941,TZ-DAR-003,5G,tigo.internet,446.92,1913.51,2360.43,32,192.71,22.5,0.08,5192.95
CDR-D-2004276,2026-09-05 03:50:34,+25567150106,640026994007154,TZ-MWA-003,4G,tigo.pesa.app,194.23,669.15,863.38,12,33.37,42.7,0.39,0.0
CDR-D-2004277,2026-09-04 22:08:37,+25565285973,640023424849408,TZ-TAB-001,3G,tigo.internet,14.99,71.6,86.59,37,5.62,129.8,1.3,190.51
CDR-D-2004278,2026-09-05 23:50:22,+25571157174,640027671625956,TZ-SHI-001,3G,tigo.internet,32.82,82.57,115.4,49,2.24,131.7,1.59,253.87
CDR-D-2004279,2026-09-06 05:46:01,+25571287356,640024671376399,TZ-DAR-011,4G,tigo.internet,159.07,558.22,717.29,58,19.0,27.6,0.32,1578.04
CDR-D-2004280,2026-09-03 14:01:42,+25567641422,640028148953034,TZ-ZNZ-002,4G,tigo.internet,81.15,370.67,451.82,30,31.82,34.5,0.25,994.01
CDR-D-2004281,2026-09-06 09:13:54,+25565901351,640029785727315,TZ-SON-001,3G,tigo.corporate,17.18,57.2,74.38,77,5.39,82.9,0.87,163.65
CDR-D-2004282,2026-09-03 08:29:33,+25567623019,640024892537570,TZ-ARU-002,4G,tigo.internet,172.67,915.34,1088.01,81,46.16,45.4,0.31,2393.62
CDR-D-2004283,2026-09-04 00:57:20,+25571248725,640026508136828,TZ-KIL-003,3G,tigo.internet,5.67,17.9,23.57,53,4.69,118.9,2.25,51.86
CDR-D-2004284,2026-09-02 21:51:48,+25565278887,640021635149757,TZ-DAR-003,5G,tigo.internet,117.96,940.32,1058.28,40,236.77,18.8,0.1,2328.22
CDR-D-2004285,2026-09-03 08:24:52,+25577922149,640023381395514,TZ-MOR-001,4G,tigo.corporate,190.25,711.84,902.09,71,53.55,51.0,0.3,1984.59
CDR-D-2004286,2026-09-04 08:39:34,+25577258070,640026518878906,TZ-DAR-011,4G,tigo.pesa.app,43.15,191.47,234.63,23,24.56,32.5,0.43,0.0
CDR-D-2004287,2026-09-03 05:00:13,+25571197716,640024554178984,TZ-DAR-015,3G,tigo.internet,5.73,24.98,30.71,83,5.6,93.7,1.36,67.57
CDR-D-2004288,2026-09-01 21:18:46,+25577852293,640028408939222,TZ-DAR-006,4G,tigo.corporate,22.84,105.67,128.51,74,20.09,50.9,0.4,282.73
CDR-D-2004289,2026-09-03 11:26:04,+25567243941,640022027708670,TZ-ARU-002,4G,tigo.internet,179.21,621.95,801.15,81,24.21,45.2,0.35,1762.54
CDR-D-2004290,2026-09-02 02:29:58,+25571220294,640028168036130,TZ-ARU-001,5G,tigo.internet,152.89,618.59,771.48,68,256.38,27.6,0.11,1697.26
CDR-D-2004291,2026-09-04 21:42:23,+25565145939,640021549034032,TZ-DOM-002,5G,tigo.internet,134.23,575.71,709.94,41,241.44,19.5,0.03,1561.87
CDR-D-2004292,2026-09-06 07:15:31,+25567613317,640021687842448,TZ-ZNZ-001,5G,tigo.internet,498.05,3071.5,3569.55,42,216.07,24.7,0.08,7853.01
CDR-D-2004293,2026-09-06 01:44:31,+25565516869,640023194318630,TZ-TAR-001,3G,tigo.internet,30.78,83.85,114.63,46,7.38,82.2,2.06,252.18
CDR-D-2004294,2026-09-01 03:06:23,+25577818437,640027075558807,TZ-BUK-001,3G,tigo.pesa.app,28.16,70.62,98.78,53,2.89,122.4,0.95,0.0
CDR-D-2004295,2026-09-07 22:10:00,+25565141115,640029084772460,TZ-MAR-001,3G,tigo.pesa.app,6.56,27.87,34.43,63,1.79,120.9,1.68,0.0
CDR-D-2004296,2026-09-02 02:03:29,+25577379901,640028832777853,TZ-DAR-002,4G,tigo.internet,47.27,241.23,288.5,36,25.21,42.8,0.16,634.7
CDR-D-2004297,2026-09-04 20:11:05,+25565833968,640024271332825,TZ-KAH-001,4G,tigo.internet,40.72,200.61,241.33,63,60.24,45.8,0.11,530.92
CDR-D-2004298,2026-09-06 06:17:43,+25567435581,640023598804887,TZ-TAN-002,3G,tigo.internet,16.47,68.93,85.4,80,5.27,103.7,1.78,187.89
CDR-D-2004299,2026-09-05 03:57:05,+25571204291,640022108931441,TZ-DAR-011,4G,tigo.internet,196.64,682.96,879.6,21,40.83,54.1,0.09,1935.12
CDR-D-2004300,2026-09-04 09:43:45,+25567685126,640029119337640,TZ-DAR-005,4G,tigo.internet,134.89,849.4,984.29,68,30.86,36.6,0.07,2165.44
CDR-D-2004301,2026-09-05 19:45:57,+25565617530,640025446846255,TZ-SHI-001,3G,tigo.mms,8.94,30.44,39.39,80,4.03,131.8,0.95,86.65
CDR-D-2004302,2026-09-07 08:06:37,+25577387813,640029624715092,TZ-DAR-015,3G,tigo.internet,5.57,19.32,24.9,46,6.61,129.1,0.69,54.78
CDR-D-2004303,2026-09-06 16:46:23,+25565573209,640024632522232,TZ-KIL-002,3G,tigo.internet,2.96,8.44,11.41,4,6.69,94.7,2.26,25.09
CDR-D-2004304,2026-09-01 17:21:04,+25577766076,640029769785826,TZ-MTW-001,4G,tigo.corporate,51.88,176.54,228.41,79,27.91,48.8,0.16,502.51
CDR-D-2004305,2026-09-02 10:11:11,+25571641386,640024218845963,TZ-DAR-003,5G,tigo.internet,686.38,3018.2,3704.58,62,55.66,15.4,0.09,8150.07
CDR-D-2004306,2026-09-02 17:17:40,+25567146228,640025310195918,TZ-DOM-002,5G,tigo.internet,536.09,2313.48,2849.56,10,63.16,24.5,0.01,6269.04
CDR-D-2004307,2026-09-05 21:48:15,+25565130401,640023901232981,TZ-SNG-001,3G,tigo.internet,9.17,40.2,49.37,12,1.27,125.8,1.36,108.61
CDR-D-2004308,2026-09-04 08:28:34,+25571571706,640028492970833,TZ-DAR-002,4G,tigo.internet,225.37,899.47,1124.83,22,52.83,34.9,0.34,2474.63
CDR-D-2004309,2026-09-03 00:00:30,+25567128996,640021740422125,TZ-DAR-010,4G,tigo.internet,231.71,857.86,1089.57,43,21.2,34.5,0.42,2397.05
CDR-D-2004310,2026-09-06 14:48:31,+25571842470,640025113699666,TZ-DOM-003,4G,tigo.internet,42.06,229.72,271.78,27,34.36,45.7,0.31,597.92
CDR-D-2004311,2026-09-04 10:20:44,+25571699975,640024536156992,TZ-ZNZ-004,4G,tigo.internet,28.25,114.69,142.94,65,46.14,47.6,0.15,314.47
CDR-D-2004312,2026-09-07 03:48:13,+25565340654,640027797813054,TZ-DAR-011,4G,tigo.internet,127.52,794.57,922.09,5,27.34,45.3,0.41,2028.61
CDR-D-2004313,2026-09-03 20:57:57,+25571209116,640025447868483,TZ-DAR-015,3G,tigo.internet,23.69,60.77,84.46,35,4.98,118.3,1.66,185.82
CDR-D-2004314,2026-09-06 11:38:20,+25577858705,640027402059279,TZ-DOM-001,5G,tigo.internet,411.61,2917.31,3328.92,32,58.91,18.0,0.11,7323.63
CDR-D-2004315,2026-09-07 08:39:05,+25567185257,640027568016720,TZ-PEM-001,3G,tigo.internet,31.54,79.2,110.75,59,7.4,100.0,2.26,243.64
CDR-D-2004316,2026-09-06 04:35:21,+25565564920,640022557724698,TZ-KIG-001,3G,tigo.internet,4.61,16.17,20.79,51,4.12,74.2,2.2,45.73
CDR-D-2004317,2026-09-07 11:33:49,+25571493914,640028565000642,TZ-ARU-002,4G,tigo.internet,83.5,325.94,409.44,47,28.41,38.2,0.27,900.76
CDR-D-2004318,2026-09-05 21:09:00,+25565166175,640024455101626,TZ-DAR-009,4G,tigo.internet,143.4,688.7,832.1,14,63.87,48.7,0.35,1830.62
CDR-D-2004319,2026-09-03 23:58:11,+25577322086,640023962958940,TZ-DAR-015,3G,tigo.corporate,7.95,25.58,33.53,2,4.28,78.0,1.12,73.76
CDR-D-2004320,2026-09-07 08:26:31,+25571317062,640027775750049,TZ-GEI-001,4G,tigo.internet,122.77,545.56,668.33,44,58.19,53.2,0.31,1470.33
CDR-D-2004321,2026-09-05 01:38:16,+25567580995,640022700780709,TZ-DAR-012,5G,tigo.internet,416.82,3139.66,3556.48,56,216.89,14.1,0.08,7824.25
CDR-D-2004322,2026-09-03 05:41:38,+25565827981,640024431481733,TZ-SON-001,3G,tigo.corporate,7.98,21.96,29.94,21,1.43,96.5,2.19,65.87
CDR-D-2004323,2026-09-02 16:41:24,+25567108286,640028846920528,TZ-MOR-001,4G,tigo.internet,63.93,354.98,418.91,15,19.18,29.8,0.37,921.6
CDR-D-2004324,2026-09-03 17:20:07,+25565856215,640022879792991,TZ-MOR-001,4G,tigo.corporate,110.57,734.81,845.38,85,53.06,32.0,0.12,1859.83
CDR-D-2004325,2026-09-07 14:14:58,+25565200198,640028699244299,TZ-ZNZ-003,4G,tigo.internet,216.52,909.72,1126.25,68,41.49,32.9,0.28,2477.74
CDR-D-2004326,2026-09-06 15:24:31,+25565967977,640021032545020,TZ-KIL-003,3G,tigo.internet,17.18,53.76,70.94,66,4.14,67.0,0.53,156.07
CDR-D-2004327,2026-09-07 10:16:14,+25567546173,640027658867789,TZ-DAR-013,5G,tigo.pesa.app,159.07,1146.85,1305.92,79,69.98,18.4,0.02,0.0
CDR-D-2004328,2026-09-07 23:05:28,+25571646453,640026190240924,TZ-ZNZ-003,4G,tigo.internet,109.22,720.16,829.38,20,45.5,31.5,0.44,1824.64
CDR-D-2004329,2026-09-06 10:26:17,+25571583607,640027674841448,TZ-TND-001,3G,tigo.internet,3.81,11.26,15.08,59,3.01,82.5,0.67,33.17
CDR-D-2004330,2026-09-07 21:51:09,+25571304753,640021852290085,TZ-ZNZ-001,5G,tigo.internet,340.37,2338.76,2679.13,68,79.63,14.6,0.04,5894.08
CDR-D-2004331,2026-09-07 11:51:50,+25565901351,640029785727315,TZ-SON-001,3G,tigo.internet,2.31,8.92,11.23,45,3.51,106.7,2.37,24.71
CDR-D-2004332,2026-09-03 08:31:59,+25571963955,640022526788512,TZ-PEM-001,3G,tigo.internet,19.62,71.52,91.14,75,2.37,91.2,0.74,200.5
CDR-D-2004333,2026-09-01 06:33:33,+25567838237,640022916728422,TZ-DAR-012,5G,tigo.corporate,261.59,1543.09,1804.68,35,191.74,22.8,0.02,3970.29
CDR-D-2004334,2026-09-02 16:09:48,+25577551758,640025049072489,TZ-DAR-015,3G,tigo.pesa.app,29.53,79.44,108.96,44,4.64,132.5,1.34,0.0
CDR-D-2004335,2026-09-06 08:50:58,+25565456717,640023605585995,TZ-DAR-009,4G,tigo.pesa.app,225.18,835.28,1060.46,32,44.59,54.9,0.15,0.0
CDR-D-2004336,2026-09-04 17:09:27,+25571998348,640027767538527,TZ-KAH-001,4G,tigo.internet,75.52,390.58,466.1,85,51.5,47.7,0.12,1025.43
CDR-D-2004337,2026-09-05 12:26:27,+25565545790,640021610900200,TZ-MWA-003,4G,tigo.internet,39.31,196.58,235.89,38,21.37,39.8,0.1,518.96
CDR-D-2004338,2026-09-01 22:12:39,+25571197716,640024554178984,TZ-DAR-015,3G,tigo.pesa.app,21.2,67.51,88.71,40,4.3,138.2,1.68,0.0
CDR-D-2004339,2026-09-03 09:26:46,+25567302177,640024473829163,TZ-ARU-002,4G,tigo.internet,151.91,590.4,742.31,73,55.66,54.0,0.27,1633.08
CDR-D-2004340,2026-09-05 07:14:03,+25577852293,640028408939222,TZ-DAR-006,4G,tigo.internet,100.46,408.58,509.05,33,48.19,49.2,0.19,1119.91
CDR-D-2004341,2026-09-05 19:42:05,+25571698336,640025890868629,TZ-NJO-001,3G,tigo.internet,3.38,8.55,11.93,85,4.64,119.2,0.78,26.24
CDR-D-2004342,2026-09-07 13:28:36,+25577168637,640023079500806,TZ-SNG-001,3G,tigo.corporate,16.28,79.59,95.87,9,3.03,92.1,1.14,210.92
CDR-D-2004343,2026-09-07 01:18:58,+25571163098,640027365941525,TZ-KAH-001,4G,tigo.internet,106.44,416.59,523.03,39,55.16,33.8,0.21,1150.66
CDR-D-2004344,2026-09-02 00:15:49,+25571740225,640029921805120,TZ-ARU-002,4G,tigo.internet,170.13,706.3,876.43,84,26.02,48.9,0.36,1928.14
CDR-D-2004345,2026-09-03 22:18:13,+25567570700,640029206283313,TZ-DAR-012,5G,tigo.internet,66.92,379.99,446.91,75,111.48,26.2,0.04,983.19
CDR-D-2004346,2026-09-07 17:48:37,+25565151295,640021793881710,TZ-KAH-001,4G,tigo.corporate,184.64,703.99,888.63,70,44.36,32.7,0.26,1954.98
CDR-D-2004347,2026-09-02 08:46:04,+25577387813,640029624715092,TZ-DAR-015,3G,tigo.pesa.app,20.57,64.2,84.76,20,5.99,97.2,2.03,0.0
CDR-D-2004348,2026-09-04 17:53:39,+25565876764,640023185386258,TZ-DAR-012,5G,tigo.pesa.app,82.18,394.37,476.55,11,171.74,18.3,0.08,0.0
CDR-D-2004349,2026-09-03 21:05:52,+25571608581,640022143209173,TZ-SON-001,3G,tigo.internet,3.78,15.94,19.72,52,5.69,97.2,2.49,43.38
CDR-D-2004350,2026-09-07 17:38:24,+25571756596,640022973888646,TZ-DAR-013,5G,tigo.internet,69.4,411.45,480.85,84,127.9,20.2,0.02,1057.88
CDR-D-2004351,2026-09-07 22:48:44,+25571288056,640022721959126,TZ-DAR-013,5G,tigo.corporate,385.1,2311.52,2696.63,62,144.72,27.7,0.05,5932.58
CDR-D-2004352,2026-09-05 18:29:58,+25577637966,640021269576948,TZ-TAN-001,4G,tigo.pesa.app,113.99,596.58,710.57,67,18.4,53.0,0.36,0.0
CDR-D-2004353,2026-09-03 18:03:40,+25565592584,640024193557045,TZ-DAR-001,5G,tigo.corporate,361.7,1790.21,2151.91,88,125.43,15.9,0.11,4734.21
CDR-D-2004354,2026-09-02 07:37:43,+25567179721,640026061557739,TZ-NJO-001,3G,tigo.internet,8.52,27.36,35.88,55,6.71,136.8,2.05,78.93
CDR-D-2004355,2026-09-06 05:55:36,+25565285715,640029500935186,TZ-ARU-003,4G,tigo.internet,79.94,402.5,482.44,8,30.73,51.7,0.36,1061.36
CDR-D-2004356,2026-09-06 04:39:06,+25577816712,640028325529753,TZ-MTW-001,4G,tigo.corporate,135.33,897.49,1032.83,30,16.43,30.3,0.33,2272.22
CDR-D-2004357,2026-09-04 03:31:14,+25577147899,640025501335775,TZ-MAR-001,3G,tigo.internet,15.09,73.84,88.92,44,4.47,99.7,2.28,195.63
CDR-D-2004358,2026-09-02 03:50:35,+25577649435,640021357561213,TZ-DAR-015,3G,tigo.internet,6.47,31.99,38.46,12,3.89,110.9,2.7,84.61
CDR-D-2004359,2026-09-02 06:16:36,+25577261528,640027074041090,TZ-BUK-001,3G,tigo.internet,16.43,72.93,89.36,31,7.01,133.5,1.5,196.59
CDR-D-2004360,2026-09-04 04:22:24,+25567448588,640027628981661,TZ-PEM-001,3G,tigo.internet,13.59,44.75,58.35,50,4.87,82.1,0.77,128.36
CDR-D-2004361,2026-09-07 08:20:35,+25571641386,640024218845963,TZ-DAR-003,5G,tigo.pesa.app,417.49,1774.16,2191.65,10,259.15,15.7,0.11,0.0
CDR-D-2004362,2026-09-05 02:42:38,+25571457137,640027853087029,TZ-DOM-002,5G,tigo.internet,293.37,2295.08,2588.46,62,205.43,22.0,0.02,5694.6
CDR-D-2004363,2026-09-05 16:10:40,+25577105842,640027441658392,TZ-ZNZ-002,4G,tigo.internet,45.82,225.75,271.57,38,17.39,49.0,0.05,597.45
CDR-D-2004364,2026-09-07 08:02:21,+25567387150,640027385051823,TZ-DAR-007,4G,tigo.internet,216.91,750.98,967.89,51,18.63,53.4,0.17,2129.36
CDR-D-2004365,2026-09-01 18:21:41,+25571240855,640024228195145,TZ-MBY-001,4G,tigo.internet,15.86,60.74,76.6,15,19.01,31.6,0.14,168.53
CDR-D-2004366,2026-09-05 19:56:49,+25577486469,640028674417535,TZ-TAN-002,3G,tigo.internet,12.8,45.64,58.43,53,4.93,106.1,2.67,128.56
CDR-D-2004367,2026-09-06 04:16:36,+25577544114,640026863779898,TZ-ARU-003,4G,tigo.internet,14.62,61.87,76.49,76,47.11,44.5,0.24,168.28
CDR-D-2004368,2026-09-02 10:25:56,+25567987729,640024446206748,TZ-MBY-001,4G,tigo.internet,198.22,693.11,891.33,78,12.41,27.8,0.16,1960.93
CDR-D-2004369,2026-09-06 17:42:55,+25577923353,640021378134712,TZ-DAR-003,5G,tigo.corporate,327.69,1959.72,2287.4,61,231.94,21.0,0.06,5032.29
CDR-D-2004370,2026-09-02 23:31:38,+25565736446,640022729067297,TZ-ARU-003,4G,tigo.corporate,83.98,344.05,428.04,80,26.73,50.8,0.31,941.68
CDR-D-2004371,2026-09-07 04:13:46,+25571294069,640022024862905,TZ-DAR-001,5G,tigo.mms,289.54,1252.63,1542.18,23,133.03,12.2,0.02,3392.79
CDR-D-2004372,2026-09-03 21:48:02,+25577854124,640028264535316,TZ-MBY-001,4G,tigo.internet,26.61,119.51,146.11,5,35.82,32.9,0.06,321.45
CDR-D-2004373,2026-09-07 03:52:37,+25565269748,640026999053983,TZ-KIG-001,3G,tigo.internet,18.33,81.24,99.57,29,3.6,127.6,1.11,219.06
CDR-D-2004374,2026-09-02 20:33:48,+25567773088,640029403748506,TZ-MWA-003,4G,tigo.internet,91.93,355.52,447.45,90,18.45,48.0,0.26,984.38
CDR-D-2004375,2026-09-05 07:56:51,+25565974625,640027850677534,TZ-TAN-001,4G,tigo.internet,189.91,720.73,910.64,33,35.71,25.2,0.17,2003.41
CDR-D-2004376,2026-09-01 19:54:17,+25565318742,640026394175396,TZ-ZNZ-003,4G,tigo.internet,215.41,811.06,1026.48,13,53.86,51.7,0.17,2258.25
CDR-D-2004377,2026-09-04 17:37:01,+25577636556,640022341720625,TZ-DAR-011,4G,tigo.internet,29.23,139.64,168.88,7,64.31,30.8,0.24,371.53
CDR-D-2004378,2026-09-01 21:09:54,+25571479895,640028100997954,TZ-DOM-001,5G,tigo.pesa.app,59.01,447.54,506.55,12,197.34,13.6,0.02,0.0
CDR-D-2004379,2026-09-05 20:36:35,+25565568436,640028532327465,TZ-SON-001,3G,tigo.internet,13.92,68.8,82.72,32,4.26,131.7,0.64,181.99
CDR-D-2004380,2026-09-05 03:18:21,+25565143926,640025484003506,TZ-DAR-010,4G,tigo.internet,110.64,519.86,630.5,36,16.73,48.5,0.28,1387.09
CDR-D-2004381,2026-09-02 15:27:41,+25571728692,640025393036949,TZ-DAR-002,4G,tigo.internet,75.97,461.84,537.81,26,28.52,40.8,0.38,1183.19
CDR-D-2004382,2026-09-05 00:40:28,+25577708059,640022362941028,TZ-ARU-003,4G,tigo.internet,89.27,549.9,639.17,45,30.8,48.4,0.25,1406.18
CDR-D-2004383,2026-09-04 18:22:46,+25565226889,640021103548562,TZ-KIL-001,4G,tigo.internet,150.69,783.27,933.96,74,48.65,33.8,0.13,2054.71
CDR-D-2004384,2026-09-07 07:14:01,+25565565087,640028357853916,TZ-TAN-001,4G,tigo.internet,21.65,136.46,158.11,52,24.68,43.9,0.39,347.84
CDR-D-2004385,2026-09-03 21:21:16,+25565494228,640028876335861,TZ-ZNZ-001,5G,tigo.pesa.app,327.65,1382.64,1710.29,66,206.98,16.9,0.03,0.0
CDR-D-2004386,2026-09-05 23:06:32,+25571564077,640029632663990,TZ-DAR-004,5G,tigo.pesa.app,73.27,390.38,463.65,11,70.38,20.9,0.1,0.0
CDR-D-2004387,2026-09-02 19:06:20,+25565154537,640023789173738,TZ-ZNZ-004,4G,tigo.corporate,5.85,32.53,38.37,28,45.27,30.6,0.25,84.42
CDR-D-2004388,2026-09-07 02:05:25,+25565714867,640024735313433,TZ-DAR-010,4G,tigo.internet,85.11,448.12,533.22,35,61.37,50.3,0.31,1173.09
CDR-D-2004389,2026-09-03 19:26:40,+25577112581,640023896960280,TZ-DOM-003,4G,tigo.internet,117.27,491.08,608.34,53,62.49,50.6,0.18,1338.35
CDR-D-2004390,2026-09-06 03:55:30,+25565828664,640027238476297,TZ-TAN-003,3G,tigo.internet,7.63,23.42,31.06,79,7.34,97.8,1.39,68.32
CDR-D-2004391,2026-09-03 17:46:07,+25565361662,640023977168607,TZ-MWA-001,5G,tigo.internet,203.23,816.43,1019.65,79,74.48,12.1,0.1,2243.24
CDR-D-2004392,2026-09-01 14:57:52,+25577194546,640024110133535,TZ-ARU-003,4G,tigo.internet,68.77,327.68,396.45,44,51.82,47.0,0.43,872.19
CDR-D-2004393,2026-09-06 04:14:10,+25567350280,640026435772945,TZ-DAR-001,5G,tigo.internet,318.51,1386.37,1704.89,33,227.18,19.3,0.11,3750.75
CDR-D-2004394,2026-09-03 23:13:22,+25577532458,640029646924796,TZ-ZNZ-002,4G,tigo.internet,5.0,26.92,31.93,50,52.15,41.9,0.17,70.24
CDR-D-2004395,2026-09-05 15:54:35,+25577827658,640028115232441,TZ-DAR-007,4G,tigo.internet,108.89,613.76,722.65,33,36.44,51.5,0.17,1589.84
CDR-D-2004396,2026-09-02 18:24:27,+25565217395,640029686198371,TZ-DOM-001,5G,tigo.internet,622.18,3166.5,3788.68,10,125.74,14.3,0.1,8335.11
CDR-D-2004397,2026-09-02 15:37:24,+25565244892,640028991678061,TZ-NJO-001,3G,tigo.internet,18.69,66.5,85.19,46,3.05,88.4,1.58,187.42
CDR-D-2004398,2026-09-03 04:00:23,+25567752788,640024930488077,TZ-DOM-003,4G,tigo.internet,182.89,634.78,817.66,44,63.63,30.3,0.27,1798.86
CDR-D-2004399,2026-09-01 00:04:57,+25565785280,640028989870040,TZ-KAH-001,4G,tigo.internet,34.6,153.16,187.76,27,51.64,26.3,0.14,413.06
CDR-D-2004400,2026-09-07 14:10:18,+25577375594,640029773224781,TZ-DAR-007,4G,tigo.internet,94.34,484.57,578.91,71,36.14,27.3,0.24,1273.61
CDR-D-2004401,2026-09-02 09:30:26,+25567236384,640028928570600,TZ-ARU-001,5G,tigo.internet,248.29,1345.74,1594.03,5,259.91,21.5,0.13,3506.86
CDR-D-2004402,2026-09-02 07:05:04,+25567364132,640021829270292,TZ-DAR-014,3G,tigo.pesa.app,2.1,5.98,8.08,39,7.0,118.6,0.91,0.0
CDR-D-2004403,2026-09-01 10:02:21,+25571711868,640023063511828,TZ-DAR-002,4G,tigo.internet,118.47,397.49,515.95,38,41.88,36.5,0.2,1135.1
CDR-D-2004404,2026-09-07 03:11:32,+25567387150,640027385051823,TZ-DAR-007,4G,tigo.internet,26.18,161.71,187.89,81,48.37,25.9,0.36,413.35
CDR-D-2004405,2026-09-04 13:28:02,+25565478756,640028151456771,TZ-DAR-001,5G,tigo.internet,238.73,961.23,1199.96,50,196.56,24.1,0.04,2639.9
CDR-D-2004406,2026-09-01 19:40:19,+25571107704,640027910817577,TZ-ARU-001,5G,tigo.corporate,485.74,2402.89,2888.62,70,93.98,12.3,0.08,6354.96
CDR-D-2004407,2026-09-07 15:54:47,+25577164329,640027484815168,TZ-MWA-001,5G,tigo.internet,173.74,1340.52,1514.26,70,143.01,22.3,0.13,3331.37
CDR-D-2004408,2026-09-03 20:16:53,+25567475876,640026904897514,TZ-DAR-012,5G,tigo.internet,231.49,1825.21,2056.7,81,157.02,25.7,0.06,4524.74
CDR-D-2004409,2026-09-02 02:21:36,+25571699975,640024536156992,TZ-ZNZ-004,4G,tigo.internet,112.39,554.76,667.15,89,23.98,36.7,0.16,1467.73
CDR-D-2004410,2026-09-05 23:04:23,+25577146670,640027465926508,TZ-GEI-001,4G,tigo.internet,26.37,153.01,179.38,5,33.11,40.4,0.32,394.64
CDR-D-2004411,2026-09-06 18:43:16,+25565315621,640028606317217,TZ-DAR-011,4G,tigo.internet,16.47,103.67,120.14,29,42.67,47.9,0.34,264.31
CDR-D-2004412,2026-09-03 20:52:20,+25565163029,640022219828872,TZ-TAN-001,4G,tigo.pesa.app,91.52,498.41,589.93,34,24.21,25.5,0.17,0.0
CDR-D-2004413,2026-09-04 22:17:44,+25567838237,640022916728422,TZ-DAR-012,5G,tigo.pesa.app,316.38,1869.13,2185.51,72,180.94,15.8,0.12,0.0
CDR-D-2004414,2026-09-06 05:27:46,+25571974364,640022852934216,TZ-MWA-002,4G,tigo.mms,14.69,59.8,74.49,63,16.52,45.3,0.18,163.89
CDR-D-2004415,2026-09-06 14:29:06,+25565161775,640022397112924,TZ-ARU-001,5G,tigo.pesa.app,338.82,2730.32,3069.14,90,76.86,24.8,0.05,0.0
CDR-D-2004416,2026-09-01 17:42:13,+25565216006,640027746298485,TZ-TAB-001,3G,tigo.internet,23.13,72.17,95.3,73,3.34,105.4,1.72,209.66
CDR-D-2004417,2026-09-05 16:14:42,+25565624112,640028215463132,TZ-SON-001,3G,tigo.internet,11.15,44.04,55.19,64,3.23,72.8,1.05,121.42
CDR-D-2004418,2026-09-06 19:57:33,+25565169223,640027974637746,TZ-DAR-007,4G,tigo.internet,11.79,39.37,51.15,9,46.89,54.2,0.15,112.54
CDR-D-2004419,2026-09-03 12:00:33,+25567779259,640021872395778,TZ-SON-001,3G,tigo.pesa.app,7.07,33.36,40.43,65,2.9,123.1,1.79,0.0
CDR-D-2004420,2026-09-05 00:45:41,+25565167348,640027076811348,TZ-PEM-001,3G,tigo.internet,11.39,40.15,51.54,27,7.44,79.4,1.05,113.39
CDR-D-2004421,2026-09-04 13:57:12,+25565144832,640024198865421,TZ-DAR-008,4G,tigo.internet,136.98,731.13,868.11,4,55.07,35.4,0.39,1909.85
CDR-D-2004422,2026-09-03 07:19:14,+25571702891,640024528828126,TZ-KIL-002,3G,tigo.internet,13.0,32.73,45.73,86,3.35,110.2,2.24,100.61
CDR-D-2004423,2026-09-07 11:19:13,+25565163029,640022219828872,TZ-TAN-001,4G,tigo.pesa.app,168.38,644.03,812.42,18,26.97,39.5,0.39,0.0
CDR-D-2004424,2026-09-07 23:57:25,+25577619647,640024259973452,TZ-KIL-003,3G,tigo.internet,4.87,18.68,23.54,42,1.48,81.5,2.4,51.8
CDR-D-2004425,2026-09-03 09:57:53,+25577244192,640021703457120,TZ-MWA-001,5G,tigo.corporate,67.35,365.24,432.59,50,119.99,12.9,0.03,951.7
CDR-D-2004426,2026-09-04 17:23:28,+25577244192,640021703457120,TZ-MWA-001,5G,tigo.internet,248.26,2043.93,2292.18,87,217.73,17.4,0.1,5042.81
CDR-D-2004427,2026-09-02 22:24:05,+25577874415,640024647375561,TZ-DAR-015,3G,tigo.internet,2.48,6.92,9.4,39,4.87,130.3,0.8,20.67
CDR-D-2004428,2026-09-02 04:43:53,+25565781571,640022296502486,TZ-DAR-011,4G,tigo.internet,184.7,783.87,968.57,47,46.89,26.7,0.22,2130.86
CDR-D-2004429,2026-09-06 20:43:42,+25567298202,640029613425697,TZ-SON-001,3G,tigo.corporate,30.15,77.62,107.77,56,4.4,101.9,0.75,237.09
CDR-D-2004430,2026-09-07 02:45:07,+25565267457,640028788828039,TZ-TAN-003,3G,tigo.internet,2.53,10.58,13.11,32,5.64,78.1,2.48,28.85
CDR-D-2004431,2026-09-01 12:00:06,+25567949602,640025412413776,TZ-NJO-001,3G,tigo.pesa.app,8.67,32.24,40.91,37,2.14,139.4,1.73,0.0
CDR-D-2004432,2026-09-05 13:43:37,+25565714825,640025050851541,TZ-TAN-002,3G,tigo.internet,8.41,28.17,36.59,66,4.17,127.1,1.88,80.49
CDR-D-2004433,2026-09-01 17:49:20,+25567613317,640021687842448,TZ-ZNZ-001,5G,tigo.internet,250.02,1538.07,1788.09,13,98.57,21.3,0.02,3933.8
CDR-D-2004434,2026-09-05 05:58:26,+25571470534,640025129350848,TZ-BUK-001,3G,tigo.internet,7.67,28.29,35.96,30,6.04,136.7,0.56,79.12
CDR-D-2004435,2026-09-02 00:10:09,+25577969793,640024572255055,TZ-SON-001,3G,tigo.internet,9.99,25.5,35.48,54,1.92,138.8,0.51,78.06
CDR-D-2004436,2026-09-03 19:14:10,+25577343170,640024067853612,TZ-MWA-001,5G,tigo.corporate,166.01,971.75,1137.77,28,73.9,13.4,0.06,2503.09
CDR-D-2004437,2026-09-04 20:20:11,+25577983981,640029232015048,TZ-PEM-001,3G,tigo.internet,17.05,62.87,79.92,52,5.19,119.0,2.15,175.82
CDR-D-2004438,2026-09-01 13:07:05,+25567283514,640025776996939,TZ-SHI-001,3G,tigo.corporate,11.3,37.63,48.93,41,6.99,125.1,2.7,107.66
CDR-D-2004439,2026-09-05 08:49:55,+25577785864,640022707272205,TZ-ZNZ-004,4G,tigo.corporate,90.52,413.95,504.47,9,24.48,51.8,0.42,1109.84
CDR-D-2004440,2026-09-03 17:41:56,+25565252438,640025348303725,TZ-DOM-003,4G,tigo.internet,119.6,622.0,741.6,84,21.1,35.8,0.18,1631.53
CDR-D-2004441,2026-09-03 15:00:35,+25565364178,640025119022697,TZ-ARU-002,4G,tigo.internet,15.01,50.46,65.47,68,63.1,54.3,0.3,144.02
CDR-D-2004442,2026-09-01 21:42:28,+25571116703,640022309263254,TZ-PEM-001,3G,tigo.internet,9.31,33.33,42.65,3,4.93,131.0,0.85,93.82
CDR-D-2004443,2026-09-02 22:54:19,+25577648830,640021998278217,TZ-ARU-001,5G,tigo.internet,467.26,2242.71,2709.97,37,256.47,21.4,0.04,5961.94
CDR-D-2004444,2026-09-01 00:37:49,+25571996151,640025119829469,TZ-TAB-001,3G,tigo.internet,17.94,48.29,66.23,59,2.93,135.4,2.0,145.71
CDR-D-2004445,2026-09-03 13:46:52,+25577923353,640021378134712,TZ-DAR-003,5G,tigo.internet,289.3,1244.88,1534.18,63,78.35,16.5,0.04,3375.2
CDR-D-2004446,2026-09-02 07:04:56,+25571210592,640024074187947,TZ-SHI-001,3G,tigo.corporate,12.89,49.6,62.49,88,4.69,113.6,0.81,137.48
CDR-D-2004447,2026-09-07 21:50:35,+25565297831,640028146981710,TZ-DOM-001,5G,tigo.internet,216.04,1657.96,1874.0,68,222.42,27.1,0.06,4122.8
CDR-D-2004448,2026-09-02 10:40:10,+25567325306,640023502618368,TZ-DOM-003,4G,tigo.corporate,106.41,400.19,506.59,12,44.82,27.6,0.26,1114.51
CDR-D-2004449,2026-09-03 20:57:10,+25577530033,640023835463608,TZ-KIL-002,3G,tigo.internet,14.38,46.99,61.38,65,1.28,72.5,2.21,135.03
CDR-D-2004450,2026-09-01 16:15:53,+25565645792,640021286813210,TZ-ZNZ-003,4G,tigo.pesa.app,34.53,152.41,186.93,8,31.78,50.2,0.38,0.0
CDR-D-2004451,2026-09-06 23:20:27,+25571329540,640022684876851,TZ-KIL-002,3G,tigo.internet,5.89,23.67,29.56,70,3.65,87.1,1.67,65.03
CDR-D-2004452,2026-09-01 17:54:46,+25567336540,640025946548987,TZ-MBY-001,4G,tigo.internet,86.13,467.41,553.54,72,29.18,45.3,0.32,1217.8
CDR-D-2004453,2026-09-01 09:49:45,+25565704864,640023144063281,TZ-DOM-003,4G,tigo.internet,258.18,941.55,1199.72,2,26.33,33.5,0.23,2639.39
CDR-D-2004454,2026-09-06 20:04:22,+25577324682,640023208691233,TZ-ZNZ-004,4G,tigo.internet,234.8,906.33,1141.13,66,43.4,27.2,0.17,2510.48
CDR-D-2004455,2026-09-06 10:30:31,+25567795634,640027384440186,TZ-TAR-001,3G,tigo.internet,17.36,66.76,84.12,54,6.9,89.4,0.6,185.06
CDR-D-2004456,2026-09-05 17:46:34,+25571113595,640028489005480,TZ-IRI-001,4G,tigo.pesa.app,28.94,135.93,164.87,85,13.14,37.5,0.23,0.0
CDR-D-2004457,2026-09-07 07:04:51,+25565169223,640027974637746,TZ-DAR-007,4G,tigo.internet,154.0,643.18,797.18,43,51.25,52.0,0.33,1753.8
CDR-D-2004458,2026-09-06 23:17:00,+25571742321,640021523893241,TZ-MWA-002,4G,tigo.internet,202.69,862.28,1064.97,83,49.56,54.4,0.28,2342.93
CDR-D-2004459,2026-09-01 20:06:53,+25571156620,640027383213464,TZ-DOM-002,5G,tigo.corporate,345.51,2189.64,2535.15,19,64.13,18.9,0.12,5577.33
CDR-D-2004460,2026-09-01 18:25:39,+25565644719,640021417124022,TZ-MBY-002,4G,tigo.internet,165.61,624.65,790.26,50,54.93,30.4,0.35,1738.56
CDR-D-2004461,2026-09-07 18:14:46,+25567838237,640022916728422,TZ-DAR-012,5G,tigo.internet,195.17,1182.32,1377.49,86,133.93,14.3,0.11,3030.48
CDR-D-2004462,2026-09-01 10:00:15,+25565736237,640027376034192,TZ-TND-001,3G,tigo.internet,9.63,35.71,45.34,49,3.62,91.9,2.22,99.76
CDR-D-2004463,2026-09-01 13:42:01,+25571141316,640021184146454,TZ-PWA-001,4G,tigo.internet,201.75,715.79,917.55,11,32.71,33.5,0.37,2018.6
CDR-D-2004464,2026-09-01 20:32:52,+25577404704,640022838081369,TZ-NJO-001,3G,tigo.internet,3.79,11.09,14.88,18,3.51,71.0,2.77,32.74
CDR-D-2004465,2026-09-01 12:21:36,+25577230208,640029129026739,TZ-ZNZ-004,4G,tigo.internet,39.04,165.47,204.51,2,50.28,38.5,0.37,449.92
CDR-D-2004466,2026-09-02 08:29:53,+25571517955,640023764023878,TZ-KIL-001,4G,tigo.internet,120.99,607.74,728.73,22,60.0,38.8,0.17,1603.21
CDR-D-2004467,2026-09-03 09:31:56,+25567993891,640026903558431,TZ-ARU-003,4G,tigo.internet,127.79,826.7,954.48,43,22.52,40.3,0.25,2099.86
CDR-D-2004468,2026-09-03 14:18:56,+25567336540,640025946548987,TZ-MBY-001,4G,tigo.internet,171.75,686.87,858.62,86,25.01,32.7,0.17,1888.96
CDR-D-2004469,2026-09-06 06:04:14,+25565828664,640027238476297,TZ-TAN-003,3G,tigo.internet,13.87,49.52,63.39,79,4.88,107.6,0.56,139.46
CDR-D-2004470,2026-09-03 02:53:24,+25577730255,640022008716202,TZ-DOM-002,5G,tigo.internet,741.09,3158.87,3899.97,21,134.08,14.1,0.06,8579.92
CDR-D-2004471,2026-09-03 18:24:18,+25567685126,640029119337640,TZ-DAR-005,4G,tigo.internet,171.59,916.19,1087.78,79,27.84,45.3,0.12,2393.12
CDR-D-2004472,2026-09-01 16:53:22,+25577931145,640029329737841,TZ-MTW-001,4G,tigo.internet,203.99,784.43,988.42,55,55.36,52.2,0.35,2174.53
CDR-D-2004473,2026-09-07 02:14:33,+25565122613,640027648364190,TZ-TAR-001,3G,tigo.internet,7.99,21.92,29.91,40,3.95,68.9,1.8,65.8
CDR-D-2004474,2026-09-01 15:48:36,+25565447067,640027699500243,TZ-KIL-003,3G,tigo.internet,8.49,23.93,32.41,58,3.17,79.3,0.85,71.3
CDR-D-2004475,2026-09-07 00:37:35,+25571322096,640025025070544,TZ-KIL-003,3G,tigo.internet,2.46,7.21,9.68,69,7.04,95.4,0.61,21.29
CDR-D-2004476,2026-09-07 22:26:15,+25567774206,640024837200484,TZ-TAN-003,3G,tigo.internet,12.59,50.83,63.42,41,2.8,107.6,1.53,139.51
CDR-D-2004477,2026-09-04 09:11:56,+25567916101,640022081687203,TZ-ARU-003,4G,tigo.internet,210.64,895.96,1106.6,40,61.63,36.7,0.09,2434.53
CDR-D-2004478,2026-09-03 17:21:33,+25571182300,640028144352013,TZ-ARU-001,5G,tigo.internet,58.72,461.54,520.26,67,65.6,17.1,0.07,1144.57
CDR-D-2004479,2026-09-07 01:38:50,+25567320846,640021284448229,TZ-DAR-011,4G,tigo.internet,93.01,322.7,415.71,88,55.62,44.9,0.29,914.57
CDR-D-2004480,2026-09-03 02:45:20,+25577387813,640029624715092,TZ-DAR-015,3G,tigo.internet,3.89,18.57,22.47,61,5.32,92.9,0.56,49.42
CDR-D-2004481,2026-09-06 12:50:16,+25577457207,640024401248572,TZ-MWA-003,4G,tigo.internet,122.37,570.39,692.76,46,31.26,45.4,0.26,1524.07
CDR-D-2004482,2026-09-06 13:24:12,+25565315621,640028606317217,TZ-DAR-011,4G,tigo.internet,249.99,847.52,1097.51,78,27.98,45.1,0.07,2414.52
CDR-D-2004483,2026-09-01 23:11:31,+25567146228,640025310195918,TZ-DOM-002,5G,tigo.corporate,431.34,1744.5,2175.85,24,140.47,25.2,0.07,4786.86
CDR-D-2004484,2026-09-02 12:01:01,+25577804505,640023397657114,TZ-ZNZ-004,4G,tigo.corporate,165.01,603.15,768.16,21,54.31,25.6,0.42,1689.95
CDR-D-2004485,2026-09-02 04:11:19,+25565950083,640028254773516,TZ-DAR-004,5G,tigo.corporate,317.19,1807.8,2124.99,45,234.68,15.6,0.06,4674.98
CDR-D-2004486,2026-09-03 08:13:35,+25567701975,640025672946587,TZ-KIG-001,3G,tigo.internet,14.3,53.51,67.81,22,7.36,103.4,1.01,149.17
CDR-D-2004487,2026-09-05 13:28:15,+25571949884,640029868845806,TZ-MOR-001,4G,tigo.internet,128.71,512.52,641.22,48,32.69,48.5,0.13,1410.69
CDR-D-2004488,2026-09-01 19:56:29,+25567815234,640029355465756,TZ-DAR-014,3G,tigo.corporate,7.11,34.52,41.62,26,6.98,125.8,1.21,91.57
CDR-D-2004489,2026-09-07 11:02:38,+25567764662,640029471942713,TZ-DAR-009,4G,tigo.internet,62.74,354.21,416.95,61,59.56,26.5,0.05,917.28
CDR-D-2004490,2026-09-02 06:50:38,+25577941235,640022881894932,TZ-ZNZ-002,4G,tigo.internet,156.92,816.22,973.14,60,31.06,41.1,0.14,2140.9
CDR-D-2004491,2026-09-02 18:10:53,+25577631468,640026900423003,TZ-MWA-001,5G,tigo.internet,387.63,2378.01,2765.64,70,229.4,12.1,0.07,6084.41
CDR-D-2004492,2026-09-03 21:06:09,+25571988324,640025756663747,TZ-DOM-003,4G,tigo.internet,219.23,925.66,1144.88,5,50.3,45.9,0.41,2518.74
CDR-D-2004493,2026-09-01 13:22:50,+25571932371,640026128488126,TZ-TAR-001,3G,tigo.internet,7.05,23.57,30.62,20,1.73,109.2,1.97,67.37
CDR-D-2004494,2026-09-05 02:51:45,+25571481024,640027184949643,TZ-MOR-001,4G,tigo.internet,116.12,540.93,657.05,56,22.42,31.3,0.44,1445.51
CDR-D-2004495,2026-09-06 02:08:09,+25577948611,640021553155490,TZ-MWA-002,4G,tigo.internet,62.99,367.65,430.64,66,36.7,43.1,0.37,947.41
CDR-D-2004496,2026-09-07 19:59:31,+25565785280,640028989870040,TZ-KAH-001,4G,tigo.corporate,29.37,124.45,153.82,22,57.32,50.8,0.38,338.41
CDR-D-2004497,2026-09-07 06:09:16,+25565179688,640022043030161,TZ-DAR-003,5G,tigo.internet,344.61,2786.86,3131.47,67,100.87,23.1,0.05,6889.24
CDR-D-2004498,2026-09-01 01:04:08,+25567430036,640026859140780,TZ-TAN-003,3G,tigo.internet,12.39,41.96,54.35,45,4.57,102.1,2.16,119.57
CDR-D-2004499,2026-09-01 05:41:27,+25577208310,640021112794026,TZ-DAR-001,5G,tigo.internet,283.57,1915.33,2198.9,82,110.88,14.2,0.13,4837.58
CDR-D-2004500,2026-09-01 03:13:59,+25565985752,640025676658689,TZ-KAH-001,4G,tigo.internet,24.87,97.07,121.95,69,12.14,38.6,0.39,268.28
CDR-D-2004501,2026-09-07 11:07:39,+25577509992,640023540114135,TZ-KIL-003,3G,tigo.internet,2.31,6.1,8.41,9,1.69,104.2,0.54,18.51
CDR-D-2004502,2026-09-02 22:44:06,+25565927050,640021044833889,TZ-NJO-001,3G,tigo.pesa.app,9.78,43.73,53.51,24,7.06,124.0,1.72,0.0
CDR-D-2004503,2026-09-07 19:07:27,+25577504848,640025884526046,TZ-DAR-005,4G,tigo.corporate,72.33,297.76,370.09,61,40.27,41.1,0.36,814.2
CDR-D-2004504,2026-09-01 15:36:11,+25577112581,640023896960280,TZ-DOM-003,4G,tigo.internet,134.31,498.57,632.88,3,32.81,31.5,0.23,1392.33
CDR-D-2004505,2026-09-07 14:15:58,+25565238579,640026001680218,TZ-DAR-005,4G,tigo.internet,109.7,423.76,533.46,47,13.4,39.2,0.19,1173.62
CDR-D-2004506,2026-09-01 20:21:30,+25577244192,640021703457120,TZ-MWA-001,5G,tigo.internet,138.01,885.77,1023.78,69,201.75,16.7,0.05,2252.32
CDR-D-2004507,2026-09-06 11:04:11,+25565568383,640027983143830,TZ-TAN-001,4G,tigo.internet,199.03,892.26,1091.29,79,16.72,34.5,0.15,2400.83
CDR-D-2004508,2026-09-04 00:15:27,+25565571413,640027838460497,TZ-DAR-005,4G,tigo.pesa.app,68.82,312.16,380.97,23,18.94,52.9,0.26,0.0
CDR-D-2004509,2026-09-06 00:02:03,+25565596427,640022463309671,TZ-DAR-003,5G,tigo.internet,289.08,1366.26,1655.34,3,227.34,21.2,0.08,3641.75
CDR-D-2004510,2026-09-03 11:26:22,+25567402982,640026273542227,TZ-ARU-002,4G,tigo.internet,201.93,716.1,918.03,65,12.5,26.4,0.11,2019.66
CDR-D-2004511,2026-09-03 07:07:15,+25571824424,640026810639622,TZ-GEI-001,4G,tigo.internet,14.99,57.63,72.62,81,18.88,52.2,0.42,159.77
CDR-D-2004512,2026-09-06 01:15:50,+25567155699,640026800590025,TZ-DOM-002,5G,tigo.internet,131.53,1083.78,1215.31,27,233.45,17.4,0.02,2673.67
CDR-D-2004513,2026-09-05 11:56:18,+25567146037,640025188921469,TZ-ARU-002,4G,tigo.internet,205.08,897.56,1102.65,40,37.09,45.4,0.38,2425.82
CDR-D-2004514,2026-09-05 20:38:16,+25567414295,640029973421080,TZ-KIL-001,4G,tigo.pesa.app,34.71,154.83,189.55,52,58.77,25.6,0.39,0.0
CDR-D-2004515,2026-09-06 20:34:58,+25571256900,640022211374001,TZ-TAR-001,3G,tigo.internet,10.1,43.48,53.58,69,2.91,139.3,2.68,117.87
CDR-D-2004516,2026-09-03 06:28:38,+25577800005,640028995059760,TZ-BUK-001,3G,tigo.internet,3.46,12.8,16.25,56,2.73,119.8,2.66,35.76
CDR-D-2004517,2026-09-07 19:08:22,+25565197429,640023011229698,TZ-MBY-001,4G,tigo.pesa.app,109.63,405.45,515.08,73,16.94,30.2,0.1,0.0
CDR-D-2004518,2026-09-03 19:44:53,+25565154537,640023789173738,TZ-ZNZ-004,4G,tigo.internet,52.48,193.32,245.79,12,27.62,39.6,0.23,540.75
CDR-D-2004519,2026-09-01 19:00:09,+25571936677,640025535377233,TZ-PWA-001,4G,tigo.internet,90.47,420.86,511.33,48,42.71,47.8,0.25,1124.94
CDR-D-2004520,2026-09-02 11:49:40,+25567466975,640028394104918,TZ-TAB-001,3G,tigo.pesa.app,13.23,64.83,78.05,69,6.74,126.3,1.58,0.0
CDR-D-2004521,2026-09-07 13:15:57,+25571424620,640027695519305,TZ-NJO-001,3G,tigo.internet,9.36,29.48,38.84,33,5.83,74.4,0.51,85.45
CDR-D-2004522,2026-09-03 19:24:57,+25567531204,640027193134742,TZ-KIG-001,3G,tigo.internet,6.06,18.39,24.46,90,3.31,84.8,2.66,53.8
CDR-D-2004523,2026-09-03 10:16:41,+25565288655,640029059101113,TZ-SHI-001,3G,tigo.pesa.app,1.48,5.43,6.91,29,1.39,94.8,1.11,0.0
CDR-D-2004524,2026-09-07 22:12:07,+25567929822,640021627276995,TZ-MWA-003,4G,tigo.internet,5.85,29.18,35.03,80,41.79,43.3,0.3,77.06
CDR-D-2004525,2026-09-03 12:05:49,+25565419409,640027735563741,TZ-DAR-011,4G,tigo.internet,240.57,940.44,1181.01,30,57.9,48.0,0.35,2598.23
CDR-D-2004526,2026-09-02 17:27:02,+25567364583,640027123345775,TZ-DAR-002,4G,tigo.pesa.app,125.97,562.78,688.75,46,12.07,29.0,0.05,0.0
CDR-D-2004527,2026-09-04 20:29:56,+25571422722,640027657171838,TZ-DAR-002,4G,tigo.internet,35.04,129.86,164.9,69,50.11,41.8,0.4,362.79
CDR-D-2004528,2026-09-02 10:14:08,+25577761679,640023507826917,TZ-DAR-015,3G,tigo.pesa.app,10.8,51.44,62.24,28,6.81,72.0,2.39,0.0
CDR-D-2004529,2026-09-06 09:41:17,+25577958160,640027539441086,TZ-ZNZ-001,5G,tigo.corporate,790.72,3168.35,3959.06,26,195.75,24.8,0.03,8709.94
CDR-D-2004530,2026-09-05 09:00:55,+25577492292,640026974875750,TZ-DAR-006,4G,tigo.internet,123.68,506.1,629.78,51,24.87,45.9,0.37,1385.52
CDR-D-2004531,2026-09-06 02:33:18,+25571295472,640029447304615,TZ-ZNZ-003,4G,tigo.internet,118.91,509.1,628.02,42,12.95,40.2,0.19,1381.64
CDR-D-2004532,2026-09-04 22:21:08,+25577788159,640028899980156,TZ-ZNZ-001,5G,tigo.internet,150.04,955.51,1105.55,49,87.88,26.4,0.14,2432.21
CDR-D-2004533,2026-09-04 21:57:59,+25571842470,640025113699666,TZ-DOM-003,4G,tigo.internet,42.24,269.65,311.89,18,37.78,29.3,0.24,686.16
CDR-D-2004534,2026-09-03 21:41:59,+25577816712,640028325529753,TZ-MTW-001,4G,tigo.internet,59.91,363.51,423.43,39,44.64,29.3,0.07,931.54
CDR-D-2004535,2026-09-04 15:09:25,+25577544280,640024421221951,TZ-KIG-001,3G,tigo.pesa.app,21.33,61.02,82.34,46,5.46,106.7,2.72,0.0
CDR-D-2004536,2026-09-05 16:10:03,+25565805477,640022333241445,TZ-PEM-001,3G,tigo.internet,3.86,16.88,20.74,64,6.73,67.8,1.86,45.63
CDR-D-2004537,2026-09-07 15:53:33,+25571447688,640023020792127,TZ-DAR-011,4G,tigo.internet,152.21,947.08,1099.29,70,25.53,32.0,0.09,2418.44
CDR-D-2004538,2026-09-05 02:52:06,+25565701568,640024857962086,TZ-MWA-002,4G,tigo.internet,18.08,70.8,88.88,11,54.64,45.1,0.17,195.54
CDR-D-2004539,2026-09-05 10:23:23,+25577312511,640025723086286,TZ-TAN-001,4G,tigo.internet,152.99,599.19,752.18,28,51.84,28.4,0.17,1654.8
CDR-D-2004540,2026-09-07 04:03:00,+25571699975,640024536156992,TZ-ZNZ-004,4G,tigo.internet,112.32,530.16,642.49,22,15.47,28.2,0.43,1413.47
CDR-D-2004541,2026-09-02 13:59:42,+25577130573,640022453723061,TZ-MBY-002,4G,tigo.internet,173.65,841.34,1015.0,41,28.79,28.3,0.34,2232.99
CDR-D-2004542,2026-09-03 09:22:55,+25571891775,640021500275778,TZ-DAR-002,4G,tigo.internet,75.64,284.97,360.61,77,37.74,33.8,0.07,793.33
CDR-D-2004543,2026-09-03 21:19:02,+25577649435,640021357561213,TZ-DAR-015,3G,tigo.internet,20.49,71.63,92.12,28,3.99,70.7,2.14,202.66
CDR-D-2004544,2026-09-04 15:51:02,+25567211760,640025959736235,TZ-NJO-001,3G,tigo.internet,21.46,80.48,101.94,41,6.43,88.0,0.71,224.27
CDR-D-2004545,2026-09-02 06:58:38,+25571591868,640022086680310,TZ-DAR-014,3G,tigo.mms,7.68,22.13,29.82,48,5.35,92.0,2.13,65.6
CDR-D-2004546,2026-09-04 18:52:26,+25571551313,640025806644397,TZ-TND-001,3G,tigo.internet,4.27,13.06,17.33,45,7.36,138.7,0.73,38.13
CDR-D-2004547,2026-09-07 15:23:05,+25577882351,640028152161448,TZ-DOM-001,5G,tigo.pesa.app,194.85,1209.05,1403.9,47,173.27,12.5,0.04,0.0
CDR-D-2004548,2026-09-01 15:58:04,+25565626883,640027266170179,TZ-PWA-001,4G,tigo.pesa.app,19.46,79.6,99.05,33,14.59,36.4,0.09,0.0
CDR-D-2004549,2026-09-03 11:40:32,+25567894086,640021615024545,TZ-ARU-003,4G,tigo.corporate,231.65,790.24,1021.89,71,12.31,52.6,0.23,2248.16
CDR-D-2004550,2026-09-03 02:33:30,+25565745414,640027739255769,TZ-TAB-001,3G,tigo.pesa.app,2.46,8.8,11.26,70,2.15,95.2,1.67,0.0
CDR-D-2004551,2026-09-01 03:27:26,+25571481024,640027184949643,TZ-MOR-001,4G,tigo.corporate,70.19,349.5,419.68,12,16.32,27.1,0.34,923.3
CDR-D-2004552,2026-09-04 08:21:52,+25565711561,640022301188571,TZ-KIL-003,3G,tigo.internet,3.69,12.43,16.12,62,5.42,71.6,0.98,35.47
CDR-D-2004553,2026-09-05 19:26:17,+25565846389,640027594134964,TZ-DOM-003,4G,tigo.internet,122.16,545.35,667.51,90,33.73,33.5,0.15,1468.52
CDR-D-2004554,2026-09-07 00:30:07,+25571295472,640029447304615,TZ-ZNZ-003,4G,tigo.corporate,66.94,380.23,447.17,46,30.13,44.6,0.09,983.78
CDR-D-2004555,2026-09-05 05:21:59,+25565934375,640022420535159,TZ-SON-001,3G,tigo.internet,24.21,60.95,85.16,80,4.07,115.5,1.44,187.34
CDR-D-2004556,2026-09-02 22:07:57,+25577648830,640021998278217,TZ-ARU-001,5G,tigo.internet,331.99,2207.64,2539.62,51,101.8,24.2,0.07,5587.17
CDR-D-2004557,2026-09-06 13:21:23,+25565939030,640026651020291,TZ-DAR-006,4G,tigo.internet,131.11,732.55,863.66,28,52.62,36.5,0.09,1900.05
CDR-D-2004558,2026-09-06 23:52:49,+25567951706,640023943119201,TZ-PWA-002,4G,tigo.internet,82.88,344.6,427.49,5,52.53,51.0,0.21,940.47
CDR-D-2004559,2026-09-02 00:42:23,+25577556329,640023341267390,TZ-KAH-001,4G,tigo.internet,23.5,99.67,123.18,21,25.18,25.8,0.16,270.99
CDR-D-2004560,2026-09-06 20:37:07,+25567429196,640028173711511,TZ-PWA-002,4G,tigo.internet,124.98,820.37,945.34,12,26.35,51.7,0.11,2079.76
CDR-D-2004561,2026-09-06 12:11:27,+25577879241,640025590302102,TZ-DAR-011,4G,tigo.pesa.app,3.91,25.87,29.78,52,31.77,54.9,0.17,0.0
CDR-D-2004562,2026-09-05 00:52:57,+25571248766,640025173893550,TZ-KIL-001,4G,tigo.internet,77.47,369.12,446.58,8,47.29,45.7,0.22,982.48
CDR-D-2004563,2026-09-01 20:44:18,+25567725850,640023313993297,TZ-NJO-001,3G,tigo.mms,14.37,66.07,80.45,10,5.46,122.3,1.78,176.98
CDR-D-2004564,2026-09-02 10:12:18,+25567121838,640021330614006,TZ-PWA-001,4G,tigo.internet,135.73,895.64,1031.37,45,48.5,31.0,0.38,2269.01
CDR-D-2004565,2026-09-01 11:15:34,+25565816514,640024297076131,TZ-DOM-003,4G,tigo.internet,86.53,493.01,579.54,20,64.92,28.0,0.22,1274.99
CDR-D-2004566,2026-09-07 06:36:20,+25571343545,640026572069519,TZ-MWA-002,4G,tigo.internet,27.03,163.85,190.87,23,30.87,45.4,0.18,419.92
CDR-D-2004567,2026-09-07 10:24:32,+25567454584,640025643541357,TZ-IRI-001,4G,tigo.corporate,50.5,300.56,351.06,32,25.49,53.1,0.08,772.33
CDR-D-2004568,2026-09-02 05:02:15,+25567218733,640023916554137,TZ-MBY-002,4G,tigo.corporate,78.4,279.17,357.57,37,51.41,45.0,0.4,786.66
CDR-D-2004569,2026-09-05 15:13:32,+25571615711,640021473029049,TZ-DAR-006,4G,tigo.internet,128.5,773.71,902.22,15,12.66,32.9,0.42,1984.88
CDR-D-2004570,2026-09-02 10:03:01,+25565569063,640024839649408,TZ-KIL-001,4G,tigo.corporate,99.68,348.49,448.17,23,29.47,36.7,0.43,985.97
CDR-D-2004571,2026-09-03 07:40:26,+25567803055,640027615076397,TZ-TAN-001,4G,tigo.mms,90.46,490.73,581.19,7,34.62,32.4,0.41,1278.62
CDR-D-2004572,2026-09-07 00:56:34,+25565690462,640025073211715,TZ-TAB-001,3G,tigo.internet,21.54,81.53,103.07,52,1.34,119.3,1.66,226.76
CDR-D-2004573,2026-09-03 12:27:42,+25571823468,640025905881794,TZ-SON-001,3G,tigo.internet,1.95,8.04,9.99,62,1.7,116.5,1.51,21.97
CDR-D-2004574,2026-09-06 01:43:54,+25567624288,640023939637388,TZ-SHI-001,3G,tigo.pesa.app,9.9,30.81,40.71,72,7.48,102.5,1.3,0.0
CDR-D-2004575,2026-09-04 03:42:03,+25567364583,640027123345775,TZ-DAR-002,4G,tigo.internet,110.49,602.22,712.71,32,30.78,52.0,0.09,1567.96
CDR-D-2004576,2026-09-06 15:19:50,+25565565087,640028357853916,TZ-TAN-001,4G,tigo.pesa.app,147.88,575.19,723.07,85,41.89,40.8,0.4,0.0
CDR-D-2004577,2026-09-04 12:31:01,+25571988324,640025756663747,TZ-DOM-003,4G,tigo.corporate,95.7,433.13,528.82,24,48.77,34.3,0.36,1163.41
CDR-D-2004578,2026-09-05 21:36:12,+25567513064,640027372634805,TZ-TAR-001,3G,tigo.corporate,25.21,74.13,99.34,21,2.94,91.9,0.89,218.54
CDR-D-2004579,2026-09-04 00:14:34,+25567825443,640021381708520,TZ-SON-001,3G,tigo.pesa.app,17.83,62.38,80.21,35,5.37,84.0,0.9,0.0
CDR-D-2004580,2026-09-03 09:55:01,+25565982277,640024921003983,TZ-TAN-001,4G,tigo.internet,224.23,828.97,1053.2,53,39.81,40.0,0.21,2317.04
CDR-D-2004581,2026-09-06 08:37:13,+25571189915,640021092196090,TZ-DAR-010,4G,tigo.internet,112.86,648.64,761.51,90,57.81,39.8,0.14,1675.31
CDR-D-2004582,2026-09-01 22:53:45,+25571701804,640029257061242,TZ-MWA-003,4G,tigo.internet,204.01,730.06,934.06,80,49.82,43.1,0.3,2054.93
CDR-D-2004583,2026-09-06 15:02:45,+25571977504,640029213466250,TZ-DOM-001,5G,tigo.internet,140.33,586.11,726.44,28,220.08,19.7,0.1,1598.17
CDR-D-2004584,2026-09-05 14:41:15,+25567739711,640023079537716,TZ-PEM-001,3G,tigo.pesa.app,16.75,49.72,66.47,56,5.9,139.1,0.68,0.0
CDR-D-2004585,2026-09-06 19:32:40,+25577670053,640029454334062,TZ-DAR-003,5G,tigo.internet,191.96,1015.35,1207.31,8,233.93,27.6,0.01,2656.08
CDR-D-2004586,2026-09-05 23:17:20,+25567105337,640027143189785,TZ-MAR-001,3G,tigo.corporate,6.0,22.36,28.37,85,5.86,106.3,1.58,62.41
CDR-D-2004587,2026-09-02 15:55:23,+25565736237,640027376034192,TZ-TND-001,3G,tigo.internet,4.33,17.11,21.44,62,3.4,104.1,1.13,47.17
CDR-D-2004588,2026-09-07 14:26:51,+25567585884,640027048207695,TZ-TAN-003,3G,tigo.internet,4.63,20.42,25.05,8,3.11,86.4,1.94,55.11
CDR-D-2004589,2026-09-04 03:20:48,+25571492901,640024752728579,TZ-DAR-015,3G,tigo.pesa.app,19.14,67.02,86.16,32,1.52,101.3,2.7,0.0
CDR-D-2004590,2026-09-03 02:34:31,+25567150106,640026994007154,TZ-MWA-003,4G,tigo.internet,159.73,730.01,889.74,2,19.11,51.6,0.4,1957.43
CDR-D-2004591,2026-09-05 13:33:37,+25577511284,640025974930815,TZ-DAR-011,4G,tigo.internet,160.96,545.65,706.61,20,12.38,54.4,0.25,1554.53
CDR-D-2004592,2026-09-04 18:23:42,+25567526635,640021097634221,TZ-TAB-001,3G,tigo.internet,6.09,18.84,24.93,90,2.45,104.1,0.68,54.85
CDR-D-2004593,2026-09-05 21:39:11,+25571234425,640028889572098,TZ-DAR-007,4G,tigo.pesa.app,14.31,53.93,68.24,72,56.75,49.8,0.13,0.0
CDR-D-2004594,2026-09-03 11:44:25,+25565456637,640029261957016,TZ-TAR-001,3G,tigo.internet,5.07,25.01,30.08,23,2.53,117.3,2.77,66.17
CDR-D-2004595,2026-09-07 22:13:10,+25577752944,640026784307829,TZ-DAR-015,3G,tigo.internet,8.46,26.66,35.12,2,1.88,83.4,0.63,77.26
CDR-D-2004596,2026-09-07 15:08:17,+25567309991,640029549825267,TZ-SNG-001,3G,tigo.pesa.app,13.53,53.3,66.83,73,4.25,100.3,2.46,0.0
CDR-D-2004597,2026-09-03 01:37:38,+25571611265,640025237588145,TZ-DAR-011,4G,tigo.internet,49.94,266.44,316.37,75,61.25,50.3,0.44,696.02
CDR-D-2004598,2026-09-02 04:45:27,+25567297509,640024287687478,TZ-DAR-002,4G,tigo.corporate,95.73,566.57,662.3,31,62.82,28.2,0.13,1457.06
CDR-D-2004599,2026-09-02 19:33:33,+25567737846,640021637088959,TZ-TAB-001,3G,tigo.internet,16.25,79.39,95.64,64,6.91,94.7,1.74,210.41
CDR-D-2004600,2026-09-03 19:16:52,+25577345224,640028550030472,TZ-DOM-001,5G,tigo.internet,249.07,1982.95,2232.02,33,204.68,17.9,0.13,4910.45
CDR-D-2004601,2026-09-04 12:45:55,+25577808534,640027623993181,TZ-ARU-003,4G,tigo.internet,9.13,46.33,55.46,29,13.86,27.4,0.36,122.0
CDR-D-2004602,2026-09-03 23:56:16,+25571359214,640021877434572,TZ-KIL-003,3G,tigo.internet,15.27,47.6,62.87,54,4.96,70.2,2.64,138.31
CDR-D-2004603,2026-09-05 21:45:17,+25567518612,640023657059704,TZ-DAR-003,5G,tigo.internet,685.73,2851.18,3536.91,82,131.96,14.7,0.03,7781.2
CDR-D-2004604,2026-09-06 21:10:33,+25571491172,640029415119956,TZ-DAR-006,4G,tigo.internet,183.95,861.52,1045.47,12,23.09,33.4,0.17,2300.03
CDR-D-2004605,2026-09-02 22:53:42,+25565424500,640028663811838,TZ-KIL-002,3G,tigo.internet,31.79,80.53,112.32,10,7.19,105.1,1.32,247.1
CDR-D-2004606,2026-09-06 10:13:06,+25567495489,640023589530484,TZ-ARU-002,4G,tigo.internet,97.97,541.17,639.14,36,14.26,53.2,0.42,1406.11
CDR-D-2004607,2026-09-02 16:43:49,+25571391334,640022817174845,TZ-PWA-001,4G,tigo.internet,240.03,929.73,1169.77,70,37.13,48.2,0.16,2573.48
CDR-D-2004608,2026-09-02 04:37:42,+25565994863,640023875420006,TZ-MOR-001,4G,tigo.pesa.app,110.1,548.56,658.67,81,12.16,41.4,0.1,0.0
CDR-D-2004609,2026-09-06 00:38:38,+25577882351,640028152161448,TZ-DOM-001,5G,tigo.internet,494.15,2428.69,2922.84,30,144.06,23.9,0.11,6430.25
CDR-D-2004610,2026-09-02 19:04:53,+25567636538,640026676402384,TZ-DAR-003,5G,tigo.pesa.app,508.5,2320.28,2828.78,53,53.91,21.4,0.14,0.0
CDR-D-2004611,2026-09-07 14:47:50,+25565985510,640024365005756,TZ-MWA-001,5G,tigo.pesa.app,373.03,2201.05,2574.08,75,167.47,22.2,0.14,0.0
CDR-D-2004612,2026-09-03 06:22:31,+25567778058,640022822019158,TZ-DAR-002,4G,tigo.internet,89.53,330.81,420.34,42,30.48,53.9,0.29,924.74
CDR-D-2004613,2026-09-03 02:12:45,+25577599694,640027305029814,TZ-TAN-003,3G,tigo.internet,26.65,69.32,95.97,46,2.17,76.5,1.74,211.14
CDR-D-2004614,2026-09-02 17:54:52,+25567485397,640023639796200,TZ-MWA-001,5G,tigo.internet,521.41,2402.24,2923.65,86,126.21,14.9,0.09,6432.03
CDR-D-2004615,2026-09-04 02:04:03,+25571625245,640025539136501,TZ-TAB-001,3G,tigo.corporate,23.21,58.05,81.26,10,7.39,128.6,2.31,178.77
CDR-D-2004616,2026-09-06 10:14:55,+25567786128,640027803987709,TZ-ARU-002,4G,tigo.corporate,121.39,500.98,622.36,69,26.13,51.9,0.42,1369.2
CDR-D-2004617,2026-09-04 02:02:23,+25567464032,640025679598896,TZ-KIG-001,3G,tigo.internet,18.11,67.08,85.2,35,2.33,81.9,0.77,187.44
CDR-D-2004618,2026-09-03 16:07:35,+25571413048,640025858839243,TZ-SHI-001,3G,tigo.corporate,18.22,48.15,66.37,21,4.03,119.7,0.77,146.02
CDR-D-2004619,2026-09-04 13:57:27,+25577589215,640027057014664,TZ-MBY-001,4G,tigo.mms,176.58,636.56,813.14,69,50.84,45.6,0.08,1788.91
CDR-D-2004620,2026-09-04 12:11:41,+25567983456,640024709911999,TZ-MBY-001,4G,tigo.internet,132.72,707.51,840.23,67,29.75,30.6,0.41,1848.51
CDR-D-2004621,2026-09-03 07:15:14,+25571110113,640024105721420,TZ-GEI-001,4G,tigo.corporate,215.0,749.8,964.8,79,40.15,28.6,0.22,2122.56
CDR-D-2004622,2026-09-03 20:27:03,+25567538897,640027032706313,TZ-NJO-001,3G,tigo.internet,6.82,29.29,36.12,39,2.85,117.0,1.52,79.46
CDR-D-2004623,2026-09-03 01:20:39,+25567722217,640028398297717,TZ-DAR-012,5G,tigo.corporate,132.3,791.29,923.59,2,76.28,27.9,0.03,2031.9
CDR-D-2004624,2026-09-06 00:38:41,+25565925954,640023940614579,TZ-DAR-004,5G,tigo.pesa.app,361.89,1567.75,1929.64,14,55.85,18.1,0.02,0.0
CDR-D-2004625,2026-09-07 20:50:41,+25571924758,640028652281649,TZ-DAR-007,4G,tigo.pesa.app,63.72,228.34,292.05,22,47.91,29.0,0.4,0.0
CDR-D-2004626,2026-09-02 19:50:33,+25577670053,640029454334062,TZ-DAR-003,5G,tigo.corporate,218.29,1592.06,1810.35,6,200.87,25.4,0.1,3982.77
CDR-D-2004627,2026-09-04 15:03:53,+25565411870,640024823580587,TZ-DAR-003,5G,tigo.corporate,90.93,553.68,644.61,45,191.11,14.8,0.09,1418.14
CDR-D-2004628,2026-09-03 16:39:08,+25571168941,640026623360831,TZ-ARU-001,5G,tigo.internet,239.88,1319.2,1559.08,83,183.87,18.1,0.08,3429.98
CDR-D-2004629,2026-09-07 08:23:43,+25565704875,640028646369354,TZ-KIL-002,3G,tigo.internet,8.83,37.38,46.21,80,6.55,109.0,1.49,101.67
CDR-D-2004630,2026-09-01 00:05:51,+25567283514,640025776996939,TZ-SHI-001,3G,tigo.internet,5.0,22.45,27.45,68,3.71,118.1,2.05,60.39
CDR-D-2004631,2026-09-07 07:35:52,+25567795634,640027384440186,TZ-TAR-001,3G,tigo.internet,23.34,62.21,85.55,76,5.82,129.1,1.27,188.21
CDR-D-2004632,2026-09-04 15:20:09,+25577819678,640024332482152,TZ-DAR-014,3G,tigo.internet,19.71,71.9,91.6,60,4.94,110.7,2.46,201.52
CDR-D-2004633,2026-09-04 11:22:38,+25571124125,640024482166571,TZ-PWA-001,4G,tigo.internet,64.78,223.56,288.34,28,12.18,52.1,0.32,634.36
CDR-D-2004634,2026-09-05 21:45:52,+25571304753,640021852290085,TZ-ZNZ-001,5G,tigo.internet,175.58,846.51,1022.09,57,260.57,20.0,0.09,2248.61
CDR-D-2004635,2026-09-03 01:34:05,+25571414849,640024052772528,TZ-ZNZ-003,4G,tigo.pesa.app,16.04,81.23,97.27,89,22.66,47.3,0.28,0.0
CDR-D-2004636,2026-09-07 14:21:25,+25565285973,640023424849408,TZ-TAB-001,3G,tigo.pesa.app,21.29,65.99,87.29,29,3.42,100.0,1.76,0.0
CDR-D-2004637,2026-09-01 08:39:59,+25571189814,640028438486479,TZ-DOM-002,5G,tigo.pesa.app,152.44,863.23,1015.67,51,178.77,25.5,0.06,0.0
CDR-D-2004638,2026-09-02 12:15:13,+25577633188,640022554039848,TZ-DAR-013,5G,tigo.internet,61.66,499.95,561.61,15,77.17,20.3,0.13,1235.53
CDR-D-2004639,2026-09-07 13:40:22,+25565927050,640021044833889,TZ-NJO-001,3G,tigo.pesa.app,11.04,44.87,55.91,69,2.83,108.3,2.7,0.0
CDR-D-2004640,2026-09-01 20:35:02,+25571917939,640021130341144,TZ-MTW-001,4G,tigo.internet,234.42,860.67,1095.09,43,53.46,25.5,0.16,2409.2
CDR-D-2004641,2026-09-04 23:24:31,+25567623956,640025277072865,TZ-DAR-014,3G,tigo.internet,15.66,71.86,87.52,53,4.75,80.4,0.78,192.54
CDR-D-2004642,2026-09-01 10:05:55,+25571443226,640023834277289,TZ-NJO-001,3G,tigo.internet,9.06,23.83,32.89,40,6.35,110.6,1.5,72.35
CDR-D-2004643,2026-09-03 07:35:23,+25571179802,640022789949373,TZ-DOM-001,5G,tigo.internet,326.09,1409.41,1735.49,27,276.5,12.8,0.08,3818.09
CDR-D-2004644,2026-09-07 05:25:32,+25577780130,640026333405410,TZ-DAR-008,4G,tigo.internet,161.06,838.46,999.51,17,49.01,52.7,0.12,2198.93
CDR-D-2004645,2026-09-07 08:35:45,+25567584867,640026350622684,TZ-DAR-003,5G,tigo.internet,44.67,305.25,349.92,64,148.38,23.6,0.06,769.82
CDR-D-2004646,2026-09-01 04:03:44,+25571641386,640024218845963,TZ-DAR-003,5G,tigo.pesa.app,147.69,1174.4,1322.08,42,94.96,23.8,0.06,0.0
CDR-D-2004647,2026-09-01 20:00:00,+25565909606,640024306720589,TZ-DAR-012,5G,tigo.internet,47.14,251.2,298.34,56,140.56,25.8,0.04,656.36
CDR-D-2004648,2026-09-07 15:28:50,+25571879521,640029287521677,TZ-NJO-001,3G,tigo.corporate,25.59,67.9,93.49,34,4.37,94.8,2.38,205.68
CDR-D-2004649,2026-09-04 13:30:45,+25565938403,640027075798574,TZ-DAR-013,5G,tigo.internet,348.92,2410.85,2759.77,71,126.19,19.3,0.09,6071.49
CDR-D-2004650,2026-09-03 16:40:07,+25565556641,640028088660633,TZ-PWA-001,4G,tigo.internet,163.34,885.39,1048.73,10,32.35,48.8,0.35,2307.2
CDR-D-2004651,2026-09-04 06:52:48,+25567106887,640021952996130,TZ-DOM-003,4G,tigo.internet,70.71,447.35,518.06,11,50.99,34.3,0.05,1139.74
CDR-D-2004652,2026-09-02 07:39:51,+25571476712,640029931278947,TZ-DAR-012,5G,tigo.internet,127.81,624.83,752.64,70,241.92,26.7,0.02,1655.81
CDR-D-2004653,2026-09-05 07:16:01,+25565424536,640023605890125,TZ-TAR-001,3G,tigo.internet,14.57,51.37,65.94,28,4.17,129.9,1.17,145.08
CDR-D-2004654,2026-09-01 18:58:20,+25571742321,640021523893241,TZ-MWA-002,4G,tigo.corporate,123.71,428.83,552.55,51,35.39,42.7,0.39,1215.6
CDR-D-2004655,2026-09-02 06:23:15,+25571693692,640029290458773,TZ-MBY-002,4G,tigo.internet,188.09,886.69,1074.78,2,19.01,51.6,0.13,2364.52
CDR-D-2004656,2026-09-01 23:11:41,+25567797694,640022713189716,TZ-ZNZ-002,4G,tigo.corporate,65.84,337.46,403.3,26,59.73,31.0,0.35,887.26
CDR-D-2004657,2026-09-04 01:00:54,+25567112266,640022757235114,TZ-PWA-001,4G,tigo.corporate,97.57,467.02,564.58,59,61.71,37.6,0.42,1242.09
CDR-D-2004658,2026-09-07 22:28:50,+25571996777,640029543880001,TZ-ARU-002,4G,tigo.internet,265.22,910.74,1175.96,43,12.77,52.9,0.15,2587.1
CDR-D-2004659,2026-09-05 03:23:28,+25565695578,640024229171556,TZ-MOR-001,4G,tigo.internet,169.87,588.18,758.05,2,12.58,30.5,0.35,1667.7
CDR-D-2004660,2026-09-03 01:07:10,+25567797118,640025952255182,TZ-BUK-001,3G,tigo.internet,14.86,38.83,53.69,89,6.49,94.9,1.17,118.12
CDR-D-2004661,2026-09-02 01:30:57,+25567549112,640021724301196,TZ-KIL-001,4G,tigo.internet,40.21,149.67,189.88,36,28.32,48.3,0.25,417.73
CDR-D-2004662,2026-09-06 23:16:31,+25567955792,640025250149467,TZ-ARU-002,4G,tigo.internet,103.38,437.24,540.61,43,23.41,28.5,0.41,1189.35
CDR-D-2004663,2026-09-03 10:43:20,+25565792282,640023238756255,TZ-DAR-012,5G,tigo.internet,155.74,760.97,916.71,72,63.11,14.0,0.11,2016.77
CDR-D-2004664,2026-09-01 19:54:15,+25577325272,640022889197205,TZ-PWA-002,4G,tigo.internet,132.56,696.48,829.04,68,31.21,53.5,0.34,1823.88
CDR-D-2004665,2026-09-01 20:58:35,+25577544280,640024421221951,TZ-KIG-001,3G,tigo.internet,3.4,13.47,16.87,61,1.41,87.8,2.34,37.12
CDR-D-2004666,2026-09-05 07:48:12,+25567521730,640027133865128,TZ-MWA-003,4G,tigo.internet,157.23,726.13,883.37,69,62.72,32.0,0.19,1943.41
CDR-D-2004667,2026-09-07 02:16:40,+25567541315,640023841827734,TZ-MAR-001,3G,tigo.pesa.app,11.66,31.01,42.67,17,3.54,119.3,2.18,0.0
CDR-D-2004668,2026-09-02 07:09:43,+25567674213,640029635366717,TZ-MWA-003,4G,tigo.internet,119.88,415.3,535.18,9,59.18,55.0,0.07,1177.4
CDR-D-2004669,2026-09-05 15:11:50,+25567494244,640021520825830,TZ-SNG-001,3G,tigo.internet,5.64,17.06,22.7,58,5.29,117.3,1.92,49.95
CDR-D-2004670,2026-09-03 07:36:33,+25577443254,640026204041308,TZ-KAH-001,4G,tigo.internet,61.21,206.85,268.06,80,27.89,34.2,0.39,589.73
CDR-D-2004671,2026-09-07 19:02:55,+25565994863,640023875420006,TZ-MOR-001,4G,tigo.corporate,122.73,800.45,923.18,43,51.6,54.6,0.4,2031.0
CDR-D-2004672,2026-09-01 16:54:09,+25565711561,640022301188571,TZ-KIL-003,3G,tigo.internet,12.7,37.51,50.21,46,3.04,75.1,1.07,110.46
CDR-D-2004673,2026-09-07 01:42:23,+25577472932,640021670474924,TZ-DOM-003,4G,tigo.pesa.app,60.01,344.04,404.05,26,64.85,29.1,0.07,0.0
CDR-D-2004674,2026-09-06 22:40:07,+25567236384,640028928570600,TZ-ARU-001,5G,tigo.internet,74.55,495.3,569.84,68,273.31,12.8,0.08,1253.66
CDR-D-2004675,2026-09-03 04:39:44,+25565496252,640022466684707,TZ-DAR-008,4G,tigo.internet,88.5,353.57,442.07,56,15.02,26.3,0.2,972.56
CDR-D-2004676,2026-09-03 11:06:32,+25567929822,640021627276995,TZ-MWA-003,4G,tigo.internet,44.13,238.71,282.84,27,63.63,32.2,0.21,622.25
CDR-D-2004677,2026-09-03 22:52:04,+25567526635,640021097634221,TZ-TAB-001,3G,tigo.mms,6.44,24.47,30.92,28,6.4,121.2,2.12,68.01
CDR-D-2004678,2026-09-01 06:25:04,+25577112581,640023896960280,TZ-DOM-003,4G,tigo.internet,199.25,870.14,1069.4,75,53.44,47.4,0.17,2352.67
CDR-D-2004679,2026-09-03 11:03:23,+25565625986,640026761334796,TZ-ZNZ-001,5G,tigo.corporate,180.9,933.26,1114.16,34,101.82,14.3,0.06,2451.16
CDR-D-2004680,2026-09-07 14:59:14,+25565312705,640029605108260,TZ-TAB-001,3G,tigo.internet,10.19,45.42,55.62,16,6.99,118.3,1.5,122.36
CDR-D-2004681,2026-09-05 03:32:53,+25577871043,640021813743830,TZ-DAR-005,4G,tigo.pesa.app,88.46,410.21,498.67,43,50.03,27.4,0.05,0.0
CDR-D-2004682,2026-09-02 23:38:49,+25571854717,640029160639027,TZ-DAR-013,5G,tigo.internet,353.45,2898.72,3252.17,42,174.85,15.3,0.12,7154.78
CDR-D-2004683,2026-09-01 06:40:46,+25571971776,640025952163720,TZ-TAR-001,3G,tigo.internet,9.69,46.77,56.46,5,4.02,69.0,2.3,124.21
CDR-D-2004684,2026-09-02 08:28:09,+25577818437,640027075558807,TZ-BUK-001,3G,tigo.pesa.app,2.35,9.74,12.09,76,3.43,124.9,1.26,0.0
CDR-D-2004685,2026-09-01 16:09:10,+25577553515,640027051406106,TZ-IRI-001,4G,tigo.internet,211.41,741.89,953.29,55,21.94,32.5,0.36,2097.25
CDR-D-2004686,2026-09-07 06:20:21,+25577219879,640026490579087,TZ-DOM-003,4G,tigo.pesa.app,140.69,695.5,836.19,54,60.61,31.7,0.28,0.0
CDR-D-2004687,2026-09-07 04:56:24,+25565244892,640028991678061,TZ-NJO-001,3G,tigo.internet,15.54,57.95,73.49,59,1.85,100.3,1.44,161.69
CDR-D-2004688,2026-09-03 02:34:34,+25577728896,640028268862104,TZ-MOR-001,4G,tigo.internet,79.75,318.19,397.94,25,45.74,38.2,0.09,875.46
CDR-D-2004689,2026-09-03 22:49:56,+25577101640,640027935554354,TZ-KIL-001,4G,tigo.internet,190.12,655.41,845.54,43,14.19,43.2,0.2,1860.18
CDR-D-2004690,2026-09-07 15:54:05,+25577752442,640024005092365,TZ-DAR-002,4G,tigo.internet,43.64,219.61,263.24,33,30.6,31.1,0.24,579.14
CDR-D-2004691,2026-09-06 03:49:36,+25567813745,640022949597857,TZ-MWA-001,5G,tigo.corporate,760.92,3058.72,3819.63,36,87.17,18.8,0.11,8403.19
CDR-D-2004692,2026-09-02 02:35:53,+25571105621,640027956377623,TZ-DAR-012,5G,tigo.internet,193.73,1056.4,1250.13,44,95.03,17.2,0.12,2750.28
CDR-D-2004693,2026-09-03 14:12:43,+25565105433,640025973319056,TZ-DAR-004,5G,tigo.internet,116.57,487.94,604.51,47,237.1,15.1,0.12,1329.93
CDR-D-2004694,2026-09-02 08:54:00,+25577493262,640027929459291,TZ-DAR-001,5G,tigo.internet,273.05,1150.89,1423.93,41,102.93,16.4,0.1,3132.65
CDR-D-2004695,2026-09-06 01:14:47,+25571223602,640024109822170,TZ-KAH-001,4G,tigo.internet,87.31,497.11,584.42,60,61.5,26.5,0.34,1285.72
CDR-D-2004696,2026-09-02 23:44:53,+25567516869,640028962027840,TZ-MWA-003,4G,tigo.internet,191.61,939.0,1130.61,72,51.14,43.0,0.19,2487.34
CDR-D-2004697,2026-09-02 21:47:00,+25571447688,640023020792127,TZ-DAR-011,4G,tigo.internet,138.36,662.5,800.86,50,28.5,47.1,0.23,1761.89
CDR-D-2004698,2026-09-04 17:36:15,+25577530321,640026805631767,TZ-DAR-012,5G,tigo.internet,212.05,950.73,1162.78,59,75.22,18.9,0.11,2558.11
CDR-D-2004699,2026-09-04 00:42:53,+25565899199,640023698470384,TZ-MBY-001,4G,tigo.internet,194.52,831.81,1026.33,83,57.06,38.1,0.24,2257.92
CDR-D-2004700,2026-09-07 22:40:36,+25571528379,640028354809424,TZ-ZNZ-004,4G,tigo.internet,159.26,675.8,835.06,31,54.42,31.9,0.38,1837.13
CDR-D-2004701,2026-09-06 06:37:40,+25565543410,640021936338890,TZ-SNG-001,3G,tigo.internet,15.61,60.9,76.51,46,1.27,113.8,0.6,168.32
CDR-D-2004702,2026-09-06 07:24:27,+25571155164,640021668210614,TZ-MWA-003,4G,tigo.internet,177.9,824.92,1002.82,22,41.16,51.1,0.32,2206.2
CDR-D-2004703,2026-09-01 06:31:41,+25571576919,640025673181221,TZ-DAR-001,5G,tigo.corporate,296.66,1269.72,1566.38,7,110.14,15.4,0.06,3446.04
CDR-D-2004704,2026-09-04 07:15:51,+25577130573,640022453723061,TZ-MBY-002,4G,tigo.internet,100.06,406.27,506.32,9,31.28,46.7,0.28,1113.91
CDR-D-2004705,2026-09-06 06:57:06,+25577943721,640021882973081,TZ-DAR-004,5G,tigo.corporate,51.29,214.98,266.26,13,276.08,12.5,0.13,585.78
CDR-D-2004706,2026-09-07 04:02:23,+25577332142,640027833655625,TZ-TAR-001,3G,tigo.internet,9.75,27.59,37.33,82,6.22,87.2,1.38,82.13
CDR-D-2004707,2026-09-01 11:24:31,+25565714867,640024735313433,TZ-DAR-010,4G,tigo.pesa.app,162.01,654.51,816.51,58,30.97,51.5,0.36,0.0
CDR-D-2004708,2026-09-05 13:08:56,+25567850689,640022943612110,TZ-MTW-001,4G,tigo.internet,32.87,122.18,155.06,13,29.71,34.6,0.12,341.12
CDR-D-2004709,2026-09-04 23:01:38,+25567779259,640021872395778,TZ-SON-001,3G,tigo.internet,18.52,57.34,75.86,86,6.14,76.3,1.41,166.89
CDR-D-2004710,2026-09-02 21:12:13,+25565431727,640027157381638,TZ-DOM-002,5G,tigo.mms,210.42,1664.79,1875.21,79,50.51,12.4,0.14,4125.47
CDR-D-2004711,2026-09-03 10:10:25,+25567387150,640027385051823,TZ-DAR-007,4G,tigo.pesa.app,146.37,820.26,966.62,13,22.97,36.8,0.29,0.0
CDR-D-2004712,2026-09-04 23:35:03,+25577472039,640021746087503,TZ-DAR-002,4G,tigo.pesa.app,69.77,265.21,334.98,31,36.75,49.1,0.12,0.0
CDR-D-2004713,2026-09-07 15:26:20,+25567230620,640023646900831,TZ-MOR-001,4G,tigo.internet,118.74,589.9,708.64,77,27.59,54.7,0.43,1559.0
CDR-D-2004714,2026-09-06 23:58:37,+25565978050,640021329942192,TZ-DAR-012,5G,tigo.pesa.app,343.61,1450.69,1794.3,6,274.33,18.3,0.06,0.0
CDR-D-2004715,2026-09-07 08:59:27,+25567538897,640027032706313,TZ-NJO-001,3G,tigo.internet,3.22,11.69,14.91,64,4.69,93.9,1.29,32.8
CDR-D-2004716,2026-09-04 18:54:18,+25571992744,640027652264884,TZ-ARU-002,4G,tigo.internet,26.22,117.96,144.18,84,61.43,37.8,0.43,317.2
CDR-D-2004717,2026-09-03 12:49:26,+25571414849,640024052772528,TZ-ZNZ-003,4G,tigo.internet,51.21,173.85,225.06,31,30.02,45.4,0.36,495.12
CDR-D-2004718,2026-09-03 15:15:00,+25567731347,640023012051673,TZ-ZNZ-003,4G,tigo.internet,155.69,927.64,1083.33,29,50.6,44.9,0.42,2383.32
CDR-D-2004719,2026-09-02 16:20:30,+25567438548,640028852676046,TZ-NJO-001,3G,tigo.pesa.app,21.4,81.84,103.25,36,5.97,81.5,2.36,0.0
CDR-D-2004720,2026-09-01 02:08:16,+25571475727,640023538897827,TZ-TAR-001,3G,tigo.internet,4.33,10.93,15.26,14,6.66,84.6,1.45,33.58
CDR-D-2004721,2026-09-04 16:24:19,+25565599288,640027358555069,TZ-KIL-003,3G,tigo.internet,16.96,78.82,95.77,79,6.78,104.7,2.2,210.7
CDR-D-2004722,2026-09-07 05:43:02,+25565977740,640021264739091,TZ-DAR-015,3G,tigo.pesa.app,6.45,20.96,27.41,37,6.25,128.7,1.6,0.0
CDR-D-2004723,2026-09-02 20:52:08,+25571650768,640029297920183,TZ-DAR-012,5G,tigo.corporate,208.82,1327.25,1536.07,88,151.14,17.9,0.13,3379.36
CDR-D-2004724,2026-09-07 16:34:36,+25565406616,640027003585379,TZ-ZNZ-001,5G,tigo.internet,254.46,1609.8,1864.26,38,254.61,24.7,0.1,4101.37
CDR-D-2004725,2026-09-04 22:09:38,+25577853443,640024631443296,TZ-MOR-001,4G,tigo.corporate,160.59,647.23,807.82,24,40.27,53.8,0.39,1777.21
CDR-D-2004726,2026-09-07 07:01:07,+25567623125,640027660157097,TZ-MTW-001,4G,tigo.internet,15.29,96.3,111.59,7,29.38,54.8,0.17,245.5
CDR-D-2004727,2026-09-04 10:29:04,+25571461939,640022846465000,TZ-KIL-003,3G,tigo.corporate,3.41,9.9,13.31,68,5.44,138.9,1.61,29.27
CDR-D-2004728,2026-09-07 17:45:25,+25565543410,640021936338890,TZ-SNG-001,3G,tigo.internet,17.93,83.49,101.43,26,3.86,133.9,2.46,223.14
CDR-D-2004729,2026-09-02 20:29:56,+25567286410,640023156207443,TZ-ARU-002,4G,tigo.pesa.app,64.44,417.63,482.07,88,48.4,32.9,0.07,0.0
CDR-D-2004730,2026-09-01 20:19:16,+25567275073,640022597167064,TZ-TAN-001,4G,tigo.internet,144.51,528.06,672.57,68,14.96,50.8,0.2,1479.65
CDR-D-2004731,2026-09-03 17:20:32,+25571387552,640024995004351,TZ-KIL-001,4G,tigo.pesa.app,75.46,301.96,377.42,16,50.09,52.8,0.22,0.0
CDR-D-2004732,2026-09-05 07:37:39,+25577986827,640022570991899,TZ-NJO-001,3G,tigo.corporate,11.68,40.88,52.56,27,2.6,91.2,2.74,115.63
CDR-D-2004733,2026-09-06 05:51:54,+25577752944,640026784307829,TZ-DAR-015,3G,tigo.internet,6.49,26.64,33.13,57,5.35,129.8,0.8,72.88
CDR-D-2004734,2026-09-05 03:46:58,+25565876764,640023185386258,TZ-DAR-012,5G,tigo.internet,166.28,804.67,970.96,40,47.73,13.2,0.13,2136.1
CDR-D-2004735,2026-09-05 17:35:21,+25567518612,640023657059704,TZ-DAR-003,5G,tigo.internet,645.93,2630.9,3276.83,45,145.1,17.7,0.1,7209.03
CDR-D-2004736,2026-09-01 09:21:00,+25567907756,640026186758088,TZ-TAN-003,3G,tigo.internet,4.87,21.55,26.42,19,6.51,96.7,1.55,58.12
CDR-D-2004737,2026-09-03 18:50:52,+25567779259,640021872395778,TZ-SON-001,3G,tigo.internet,19.29,61.78,81.07,59,1.79,115.2,0.65,178.36
CDR-D-2004738,2026-09-03 00:50:46,+25571520967,640027763447547,TZ-PWA-002,4G,tigo.internet,78.54,517.49,596.03,31,50.46,28.8,0.31,1311.27
CDR-D-2004739,2026-09-07 08:41:46,+25571593002,640026550233140,TZ-KIL-003,3G,tigo.internet,2.1,7.2,9.3,21,7.49,77.1,1.08,20.46
CDR-D-2004740,2026-09-03 15:27:29,+25571240855,640024228195145,TZ-MBY-001,4G,tigo.internet,235.58,945.47,1181.05,43,16.71,37.4,0.25,2598.3
CDR-D-2004741,2026-09-02 16:37:32,+25567302177,640024473829163,TZ-ARU-002,4G,tigo.internet,44.73,293.96,338.69,57,61.95,37.6,0.1,745.12
CDR-D-2004742,2026-09-05 21:43:14,+25577468332,640029832382243,TZ-DAR-005,4G,tigo.internet,18.74,104.35,123.1,73,37.5,30.2,0.12,270.81
CDR-D-2004743,2026-09-03 02:00:57,+25567270395,640028913915028,TZ-KIG-001,3G,tigo.internet,25.96,70.92,96.88,4,6.11,91.5,2.09,213.13
CDR-D-2004744,2026-09-01 15:53:35,+25565318742,640026394175396,TZ-ZNZ-003,4G,tigo.internet,118.38,411.15,529.52,15,14.98,53.0,0.06,1164.95
CDR-D-2004745,2026-09-06 14:36:15,+25565635715,640029121739999,TZ-DAR-010,4G,tigo.corporate,176.22,619.35,795.57,60,55.2,51.5,0.39,1750.25
CDR-D-2004746,2026-09-05 00:48:49,+25567448588,640027628981661,TZ-PEM-001,3G,tigo.internet,13.69,43.17,56.86,58,7.34,81.5,2.14,125.1
CDR-D-2004747,2026-09-03 13:21:01,+25567988954,640024340450663,TZ-SHI-001,3G,tigo.internet,11.42,37.08,48.5,27,4.6,106.9,0.92,106.7
CDR-D-2004748,2026-09-03 19:22:06,+25571780154,640026880283365,TZ-TAN-002,3G,tigo.internet,4.57,21.87,26.44,24,6.29,68.5,2.01,58.16
CDR-D-2004749,2026-09-02 04:11:00,+25567121838,640021330614006,TZ-PWA-001,4G,tigo.internet,28.03,146.18,174.21,64,12.99,37.0,0.43,383.27
CDR-D-2004750,2026-09-05 22:36:40,+25577165646,640025288282161,TZ-KIG-001,3G,tigo.internet,13.82,36.63,50.45,50,3.36,87.2,1.65,110.99
CDR-D-2004751,2026-09-07 22:37:42,+25567810277,640021642037497,TZ-ARU-003,4G,tigo.internet,125.86,735.68,861.54,12,63.82,52.1,0.31,1895.39
CDR-D-2004752,2026-09-02 10:55:34,+25571575606,640025557342313,TZ-DAR-001,5G,tigo.internet,586.01,2574.75,3160.76,80,83.15,24.3,0.11,6953.67
CDR-D-2004753,2026-09-06 10:29:18,+25567511704,640026520672499,TZ-DAR-014,3G,tigo.pesa.app,30.78,80.71,111.49,3,1.84,119.2,2.47,0.0
CDR-D-2004754,2026-09-03 12:43:07,+25571862400,640022823212172,TZ-TND-001,3G,tigo.internet,2.61,10.59,13.2,38,6.77,112.0,0.8,29.03
CDR-D-2004755,2026-09-03 08:54:33,+25565717466,640028127372046,TZ-DOM-002,5G,tigo.pesa.app,753.56,3183.31,3936.86,45,85.04,21.2,0.05,0.0
CDR-D-2004756,2026-09-06 23:48:17,+25567624288,640023939637388,TZ-SHI-001,3G,tigo.pesa.app,18.14,62.57,80.7,15,3.49,104.5,0.79,0.0
CDR-D-2004757,2026-09-05 13:32:57,+25577839485,640026932342612,TZ-DAR-007,4G,tigo.internet,23.96,90.82,114.78,90,39.08,40.5,0.19,252.52
CDR-D-2004758,2026-09-01 18:39:42,+25567128996,640021740422125,TZ-DAR-010,4G,tigo.internet,131.87,817.93,949.8,87,50.96,45.0,0.39,2089.55
CDR-D-2004759,2026-09-03 18:59:22,+25565625986,640026761334796,TZ-ZNZ-001,5G,tigo.internet,175.27,1193.22,1368.49,67,261.33,22.2,0.13,3010.68
CDR-D-2004760,2026-09-01 02:42:02,+25571857886,640025861330704,TZ-PWA-001,4G,tigo.internet,241.37,835.59,1076.96,71,64.37,30.5,0.26,2369.32
CDR-D-2004761,2026-09-05 12:27:35,+25567200488,640021617262027,TZ-DAR-011,4G,tigo.corporate,127.09,554.16,681.25,83,47.84,50.3,0.23,1498.75
CDR-D-2004762,2026-09-05 23:21:57,+25565231945,640025047101003,TZ-MBY-001,4G,tigo.internet,250.1,889.98,1140.09,37,47.17,40.9,0.28,2508.19
CDR-D-2004763,2026-09-01 14:42:47,+25567482812,640028964269909,TZ-KIG-001,3G,tigo.mms,31.44,79.63,111.06,31,2.24,73.6,2.52,244.34
CDR-D-2004764,2026-09-07 19:22:22,+25567382795,640026163456469,TZ-GEI-001,4G,tigo.internet,21.27,83.13,104.41,54,31.84,42.9,0.36,229.7
CDR-D-2004765,2026-09-03 06:17:10,+25577174905,640029934205769,TZ-DAR-003,5G,tigo.internet,293.72,1731.27,2024.99,35,244.38,23.6,0.06,4454.98
CDR-D-2004766,2026-09-05 01:33:44,+25577871043,640021813743830,TZ-DAR-005,4G,tigo.internet,135.32,500.63,635.95,59,17.49,28.7,0.36,1399.09
CDR-D-2004767,2026-09-07 20:36:46,+25571272620,640021229657132,TZ-ZNZ-002,4G,tigo.corporate,137.11,468.81,605.92,75,63.54,51.3,0.14,1333.03
CDR-D-2004768,2026-09-02 18:10:33,+25577174905,640029934205769,TZ-DAR-003,5G,tigo.internet,379.18,2651.18,3030.36,63,118.68,19.0,0.12,6666.79
CDR-D-2004769,2026-09-05 07:42:33,+25577183902,640026839359948,TZ-ZNZ-004,4G,tigo.internet,19.78,131.18,150.96,18,22.44,53.3,0.32,332.11
CDR-D-2004770,2026-09-05 04:03:05,+25577320869,640026970267626,TZ-ARU-003,4G,tigo.internet,158.77,674.26,833.02,47,27.33,31.6,0.44,1832.65
CDR-D-2004771,2026-09-03 09:36:44,+25567311824,640025946387490,TZ-MWA-003,4G,tigo.internet,190.81,859.15,1049.96,75,56.41,28.1,0.13,2309.91
CDR-D-2004772,2026-09-07 12:21:17,+25567585494,640027633342225,TZ-ZNZ-002,4G,tigo.internet,236.29,939.86,1176.15,71,62.24,40.9,0.23,2587.52
CDR-D-2004773,2026-09-05 04:24:31,+25577835132,640022753617371,TZ-DOM-001,5G,tigo.corporate,89.58,456.26,545.84,56,263.78,19.8,0.05,1200.84
CDR-D-2004774,2026-09-02 13:51:04,+25577589215,640027057014664,TZ-MBY-001,4G,tigo.internet,112.87,487.27,600.14,43,53.44,49.0,0.35,1320.32
CDR-D-2004775,2026-09-01 14:39:10,+25577608608,640023025030698,TZ-DAR-004,5G,tigo.internet,384.15,1724.01,2108.16,68,215.06,20.6,0.1,4637.96
CDR-D-2004776,2026-09-02 08:25:18,+25577491329,640029849565863,TZ-DAR-002,4G,tigo.corporate,248.01,866.44,1114.45,69,53.81,31.2,0.43,2451.79
CDR-D-2004777,2026-09-04 13:28:12,+25567731347,640023012051673,TZ-ZNZ-003,4G,tigo.internet,72.01,317.53,389.54,69,18.75,54.2,0.13,857.0
CDR-D-2004778,2026-09-05 19:17:03,+25565521769,640027985763912,TZ-KIL-002,3G,tigo.internet,5.8,18.55,24.36,57,5.55,111.8,1.04,53.58
CDR-D-2004779,2026-09-05 05:00:30,+25567636538,640026676402384,TZ-DAR-003,5G,tigo.corporate,222.27,1175.77,1398.04,8,262.94,24.2,0.08,3075.68
CDR-D-2004780,2026-09-06 16:43:43,+25577308865,640022141178010,TZ-DAR-008,4G,tigo.internet,46.59,221.41,268.0,13,29.14,52.2,0.31,589.61
CDR-D-2004781,2026-09-01 02:50:02,+25567627217,640024958087064,TZ-ZNZ-001,5G,tigo.internet,184.98,805.57,990.55,7,49.29,23.4,0.04,2179.22
CDR-D-2004782,2026-09-06 02:49:30,+25577806850,640026527129795,TZ-BUK-001,3G,tigo.internet,30.26,84.45,114.71,19,5.68,77.3,1.5,252.35
CDR-D-2004783,2026-09-04 05:23:55,+25571162099,640028538395894,TZ-PWA-001,4G,tigo.internet,42.03,155.75,197.78,36,21.17,26.7,0.14,435.11
CDR-D-2004784,2026-09-07 14:26:17,+25571571706,640028492970833,TZ-DAR-002,4G,tigo.internet,181.69,707.02,888.71,68,62.16,51.1,0.17,1955.17
CDR-D-2004785,2026-09-02 08:41:04,+25577631265,640028046301787,TZ-IRI-001,4G,tigo.pesa.app,113.88,695.44,809.32,8,18.27,52.6,0.29,0.0
CDR-D-2004786,2026-09-03 21:09:43,+25565799946,640029558483771,TZ-DAR-015,3G,tigo.internet,9.62,33.52,43.14,85,6.17,134.1,1.88,94.9
CDR-D-2004787,2026-09-01 14:54:31,+25577827658,640028115232441,TZ-DAR-007,4G,tigo.internet,100.2,463.68,563.88,55,55.93,27.8,0.06,1240.53
CDR-D-2004788,2026-09-02 12:07:15,+25567786224,640021383539822,TZ-SNG-001,3G,tigo.internet,3.75,18.13,21.87,72,6.22,121.0,0.85,48.12
CDR-D-2004789,2026-09-01 15:42:15,+25567340500,640029952650911,TZ-ARU-001,5G,tigo.pesa.app,39.92,324.18,364.1,55,74.68,13.2,0.14,0.0
CDR-D-2004790,2026-09-03 12:37:02,+25565615353,640022849761315,TZ-TND-001,3G,tigo.corporate,18.41,48.36,66.77,6,6.01,78.8,0.94,146.88
CDR-D-2004791,2026-09-06 14:23:05,+25571585289,640021233415299,TZ-SHI-001,3G,tigo.pesa.app,11.96,36.62,48.58,90,5.05,108.7,1.98,0.0
CDR-D-2004792,2026-09-05 12:04:16,+25567623956,640025277072865,TZ-DAR-014,3G,tigo.internet,26.36,79.02,105.38,24,2.39,133.2,1.53,231.84
CDR-D-2004793,2026-09-02 02:29:51,+25567921401,640021680052083,TZ-DAR-015,3G,tigo.corporate,27.37,80.03,107.4,81,7.39,121.7,1.17,236.29
CDR-D-2004794,2026-09-02 15:27:51,+25571773662,640029727885096,TZ-GEI-001,4G,tigo.corporate,174.39,896.68,1071.07,7,46.48,33.3,0.22,2356.35
CDR-D-2004795,2026-09-02 11:34:00,+25565869933,640029921512797,TZ-DOM-003,4G,tigo.internet,138.94,759.81,898.75,65,44.07,49.2,0.08,1977.25
CDR-D-2004796,2026-09-06 00:56:13,+25577631265,640028046301787,TZ-IRI-001,4G,tigo.internet,164.4,716.48,880.89,51,54.98,37.3,0.21,1937.96
CDR-D-2004797,2026-09-06 14:06:20,+25565285715,640029500935186,TZ-ARU-003,4G,tigo.internet,171.95,574.55,746.5,78,56.53,45.7,0.38,1642.3
CDR-D-2004798,2026-09-03 16:58:07,+25565567896,640021683855081,TZ-DAR-015,3G,tigo.internet,5.9,17.51,23.4,78,1.67,68.4,2.62,51.48
CDR-D-2004799,2026-09-06 04:27:23,+25565775591,640024661549914,TZ-TAN-003,3G,tigo.internet,22.49,66.51,88.99,20,5.56,96.5,1.57,195.78
CDR-D-2004800,2026-09-05 04:14:18,+25577787106,640022721212175,TZ-MWA-001,5G,tigo.pesa.app,383.54,2930.8,3314.34,3,95.5,23.1,0.07,0.0
CDR-D-2004801,2026-09-07 17:42:48,+25565641704,640028235474949,TZ-DAR-012,5G,tigo.internet,222.36,1352.44,1574.8,19,113.6,22.0,0.13,3464.55
CDR-D-2004802,2026-09-06 13:23:35,+25567479167,640022115406331,TZ-BUK-001,3G,tigo.internet,8.18,38.92,47.11,79,3.57,77.9,1.57,103.64
CDR-D-2004803,2026-09-05 09:05:51,+25567403257,640021719442108,TZ-DOM-003,4G,tigo.internet,61.16,353.15,414.31,21,34.3,37.3,0.41,911.48
CDR-D-2004804,2026-09-06 22:03:44,+25577801569,640024900179544,TZ-MWA-001,5G,tigo.pesa.app,293.2,2382.49,2675.69,43,96.58,28.0,0.14,0.0
CDR-D-2004805,2026-09-02 11:34:26,+25567697144,640021817657540,TZ-KIL-003,3G,tigo.corporate,22.72,69.41,92.13,56,1.41,97.8,2.66,202.69
CDR-D-2004806,2026-09-04 07:01:15,+25571736877,640024881785530,TZ-MWA-002,4G,tigo.internet,149.29,652.55,801.84,27,43.02,42.0,0.43,1764.05
CDR-D-2004807,2026-09-02 01:07:53,+25577649435,640021357561213,TZ-DAR-015,3G,tigo.internet,8.43,21.43,29.85,43,4.18,95.6,2.28,65.68
CDR-D-2004808,2026-09-07 02:03:38,+25567395442,640023597724331,TZ-DAR-004,5G,tigo.internet,26.2,181.44,207.63,4,256.3,27.7,0.1,456.8
CDR-D-2004809,2026-09-04 19:45:56,+25577805486,640024266466941,TZ-DAR-003,5G,tigo.internet,589.4,2652.22,3241.61,90,137.74,16.6,0.04,7131.55
CDR-D-2004810,2026-09-05 11:43:07,+25571441649,640021780778941,TZ-DAR-011,4G,tigo.internet,85.44,552.32,637.76,40,48.03,36.5,0.25,1403.07
CDR-D-2004811,2026-09-07 06:16:42,+25571792371,640023433388223,TZ-PWA-001,4G,tigo.internet,178.02,646.51,824.52,67,21.4,32.4,0.4,1813.95
CDR-D-2004812,2026-09-02 00:00:35,+25571952679,640026542943838,TZ-DAR-009,4G,tigo.pesa.app,115.43,388.03,503.46,11,29.29,39.1,0.32,0.0
CDR-D-2004813,2026-09-07 03:15:40,+25571294069,640022024862905,TZ-DAR-001,5G,tigo.internet,87.53,523.12,610.65,61,193.78,20.6,0.05,1343.42
CDR-D-2004814,2026-09-02 01:56:17,+25571449090,640023367704310,TZ-SHI-001,3G,tigo.pesa.app,8.45,40.24,48.69,39,1.25,133.1,1.61,0.0
CDR-D-2004815,2026-09-03 17:51:55,+25571728692,640025393036949,TZ-DAR-002,4G,tigo.internet,179.38,665.97,845.34,30,62.34,36.0,0.38,1859.75
CDR-D-2004816,2026-09-01 18:29:36,+25567275133,640025491326131,TZ-DAR-009,4G,tigo.corporate,177.09,648.25,825.34,79,40.44,42.3,0.28,1815.74
CDR-D-2004817,2026-09-05 01:17:52,+25571992744,640027652264884,TZ-ARU-002,4G,tigo.internet,167.8,614.98,782.78,63,33.98,25.4,0.44,1722.11
CDR-D-2004818,2026-09-01 13:00:00,+25565176452,640027955985378,TZ-DAR-003,5G,tigo.pesa.app,420.27,2980.21,3400.48,90,187.62,18.9,0.06,0.0
CDR-D-2004819,2026-09-05 13:09:11,+25577676429,640023193894984,TZ-DAR-003,5G,tigo.internet,222.34,1476.01,1698.36,37,265.44,24.2,0.12,3736.39
CDR-D-2004820,2026-09-06 10:30:35,+25565909231,640022016263083,TZ-MBY-001,4G,tigo.internet,120.94,757.24,878.18,64,16.39,41.2,0.31,1931.99
CDR-D-2004821,2026-09-02 08:41:46,+25571588002,640022317723211,TZ-SON-001,3G,tigo.internet,7.29,18.67,25.96,51,3.61,97.2,2.7,57.11
CDR-D-2004822,2026-09-03 10:37:07,+25567585494,640027633342225,TZ-ZNZ-002,4G,tigo.internet,22.92,126.28,149.2,59,55.48,45.8,0.4,328.25
CDR-D-2004823,2026-09-03 21:14:58,+25565934375,640022420535159,TZ-SON-001,3G,tigo.internet,11.0,41.4,52.39,52,2.83,123.6,0.64,115.27
CDR-D-2004824,2026-09-01 04:17:12,+25571644807,640025312321117,TZ-ARU-001,5G,tigo.pesa.app,349.95,1433.61,1783.56,16,128.78,18.4,0.09,0.0
CDR-D-2004825,2026-09-04 19:38:52,+25565682667,640028723296882,TZ-DAR-011,4G,tigo.internet,155.54,629.77,785.31,48,46.37,52.2,0.21,1727.69
CDR-D-2004826,2026-09-01 10:16:06,+25577765607,640027851463947,TZ-MWA-003,4G,tigo.corporate,150.61,779.93,930.54,73,12.32,53.7,0.18,2047.18
CDR-D-2004827,2026-09-02 07:43:43,+25565122613,640027648364190,TZ-TAR-001,3G,tigo.internet,11.54,57.41,68.95,28,6.07,119.6,2.76,151.68
CDR-D-2004828,2026-09-01 17:33:35,+25571108454,640028282534126,TZ-MTW-001,4G,tigo.pesa.app,71.25,247.26,318.5,19,43.75,44.8,0.07,0.0
CDR-D-2004829,2026-09-01 04:13:49,+25567156962,640027241175457,TZ-MWA-001,5G,tigo.internet,414.52,2524.51,2939.03,4,134.57,18.0,0.09,6465.87
CDR-D-2004830,2026-09-02 11:12:50,+25577943721,640021882973081,TZ-DAR-004,5G,tigo.internet,113.77,463.73,577.5,18,73.8,13.1,0.03,1270.5
CDR-D-2004831,2026-09-04 05:24:52,+25565883377,640022398806247,TZ-KIL-002,3G,tigo.internet,6.33,19.58,25.91,89,5.51,80.7,1.0,57.01
CDR-D-2004832,2026-09-04 21:58:33,+25571706012,640024139249064,TZ-SHI-001,3G,tigo.internet,22.87,71.94,94.81,12,4.43,77.4,2.79,208.58
CDR-D-2004833,2026-09-02 09:09:17,+25565805477,640022333241445,TZ-PEM-001,3G,tigo.internet,8.18,32.65,40.82,27,1.79,77.2,2.13,89.81
CDR-D-2004834,2026-09-02 12:14:04,+25577559337,640023905625550,TZ-DAR-011,4G,tigo.corporate,73.74,309.75,383.49,34,61.99,41.0,0.29,843.68
CDR-D-2004835,2026-09-03 19:28:16,+25565779068,640023253473926,TZ-DAR-009,4G,tigo.internet,32.44,195.74,228.18,62,64.79,47.7,0.17,502.0
CDR-D-2004836,2026-09-01 13:38:42,+25567850689,640022943612110,TZ-MTW-001,4G,tigo.internet,175.34,626.03,801.37,69,40.39,42.8,0.12,1763.02
CDR-D-2004837,2026-09-01 14:28:59,+25565431727,640027157381638,TZ-DOM-002,5G,tigo.internet,297.61,1866.73,2164.34,62,247.91,16.5,0.02,4761.55
CDR-D-2004838,2026-09-04 05:51:08,+25577824038,640021343868435,TZ-SHI-001,3G,tigo.pesa.app,7.43,24.64,32.07,24,1.77,74.4,1.89,0.0
CDR-D-2004839,2026-09-03 19:09:16,+25571168941,640026623360831,TZ-ARU-001,5G,tigo.pesa.app,438.88,2471.66,2910.54,68,150.9,20.8,0.06,0.0
CDR-D-2004840,2026-09-02 03:59:06,+25565976097,640021369702097,TZ-SNG-001,3G,tigo.internet,7.07,26.09,33.17,37,4.44,111.5,1.21,72.97
CDR-D-2004841,2026-09-02 05:34:35,+25571480570,640027213172814,TZ-DAR-010,4G,tigo.pesa.app,63.29,339.74,403.03,59,18.49,31.0,0.17,0.0
CDR-D-2004842,2026-09-02 17:50:09,+25571329540,640022684876851,TZ-KIL-002,3G,tigo.internet,2.77,6.97,9.74,4,1.73,89.3,1.93,21.43
CDR-D-2004843,2026-09-01 19:01:25,+25571107704,640027910817577,TZ-ARU-001,5G,tigo.corporate,401.55,2207.78,2609.33,51,101.84,22.9,0.1,5740.53
CDR-D-2004844,2026-09-05 05:02:20,+25567117975,640021769945233,TZ-ARU-003,4G,tigo.internet,48.72,207.92,256.64,67,46.19,36.5,0.33,564.61
CDR-D-2004845,2026-09-03 05:00:57,+25565215507,640026795403548,TZ-MWA-001,5G,tigo.internet,502.88,2136.56,2639.44,57,171.97,12.7,0.03,5806.76
CDR-D-2004846,2026-09-02 07:10:12,+25567469833,640023374662487,TZ-DOM-001,5G,tigo.internet,27.08,202.09,229.16,67,239.54,16.4,0.08,504.16
CDR-D-2004847,2026-09-01 11:50:52,+25567530016,640022936755326,TZ-NJO-001,3G,tigo.pesa.app,25.02,82.28,107.31,33,5.52,137.0,2.03,0.0
CDR-D-2004848,2026-09-01 10:46:04,+25577827658,640028115232441,TZ-DAR-007,4G,tigo.pesa.app,60.15,229.47,289.62,64,47.39,37.7,0.11,0.0
CDR-D-2004849,2026-09-01 19:50:19,+25565366366,640029149673063,TZ-BUK-001,3G,tigo.internet,15.46,45.9,61.37,23,5.57,131.6,2.77,135.01
CDR-D-2004850,2026-09-05 06:58:38,+25577606877,640026464008146,TZ-PWA-002,4G,tigo.internet,72.03,296.46,368.5,4,49.36,53.8,0.1,810.69
CDR-D-2004851,2026-09-01 00:31:11,+25565563348,640028284073512,TZ-DAR-001,5G,tigo.internet,75.74,481.34,557.08,25,93.91,25.9,0.1,1225.57
CDR-D-2004852,2026-09-03 21:09:18,+25577694188,640028698043887,TZ-DAR-010,4G,tigo.internet,73.45,282.52,355.96,44,13.05,39.9,0.44,783.12
CDR-D-2004853,2026-09-07 08:19:38,+25577509735,640027406726525,TZ-DAR-002,4G,tigo.internet,91.86,428.68,520.54,17,58.01,29.0,0.2,1145.19
CDR-D-2004854,2026-09-01 06:02:18,+25565688132,640028139209752,TZ-NJO-001,3G,tigo.internet,31.15,78.83,109.98,80,3.27,116.7,2.2,241.95
CDR-D-2004855,2026-09-06 19:14:05,+25565255214,640027535992314,TZ-ZNZ-001,5G,tigo.internet,275.41,1541.38,1816.79,52,153.53,27.3,0.05,3996.94
CDR-D-2004856,2026-09-06 06:39:10,+25565420012,640026607773451,TZ-DAR-006,4G,tigo.corporate,175.57,753.34,928.91,31,47.47,39.7,0.39,2043.6
CDR-D-2004857,2026-09-05 01:22:16,+25571343904,640029681045368,TZ-DAR-004,5G,tigo.pesa.app,524.99,2982.69,3507.68,6,200.92,15.0,0.1,0.0
CDR-D-2004858,2026-09-05 05:22:52,+25567733801,640023468224333,TZ-DOM-001,5G,tigo.internet,247.19,1098.26,1345.45,87,181.72,12.7,0.1,2959.99
CDR-D-2004859,2026-09-02 23:50:24,+25567636538,640026676402384,TZ-DAR-003,5G,tigo.pesa.app,373.2,1619.44,1992.64,81,159.3,22.2,0.12,0.0
CDR-D-2004860,2026-09-02 05:53:32,+25571543234,640025412340714,TZ-ZNZ-002,4G,tigo.internet,58.77,289.47,348.24,73,57.9,42.5,0.13,766.13
CDR-D-2004861,2026-09-01 18:18:51,+25567570267,640022873145919,TZ-TAB-001,3G,tigo.corporate,16.84,60.13,76.97,3,7.12,87.0,1.21,169.33
CDR-D-2004862,2026-09-07 16:28:59,+25571860053,640025201221330,TZ-DAR-010,4G,tigo.internet,44.0,282.38,326.38,82,48.88,37.7,0.39,718.03
CDR-D-2004863,2026-09-03 13:11:07,+25567925981,640027475684019,TZ-DAR-010,4G,tigo.internet,184.97,752.95,937.92,56,25.46,40.4,0.42,2063.43
CDR-D-2004864,2026-09-05 02:22:23,+25571733992,640026518657187,TZ-TAN-001,4G,tigo.internet,86.58,535.39,621.97,60,54.45,36.4,0.36,1368.34
CDR-D-2004865,2026-09-03 02:32:51,+25567570700,640029206283313,TZ-DAR-012,5G,tigo.internet,448.78,2007.65,2456.43,61,178.22,12.6,0.09,5404.15
CDR-D-2004866,2026-09-04 15:52:47,+25567320846,640021284448229,TZ-DAR-011,4G,tigo.pesa.app,192.09,887.37,1079.46,8,40.34,30.6,0.39,0.0
CDR-D-2004867,2026-09-03 08:14:19,+25571479895,640028100997954,TZ-DOM-001,5G,tigo.internet,104.2,460.77,564.97,31,189.25,12.1,0.09,1242.94
CDR-D-2004868,2026-09-06 10:06:29,+25571638828,640023697368099,TZ-NJO-001,3G,tigo.pesa.app,6.39,27.53,33.92,50,4.03,80.9,2.25,0.0
CDR-D-2004869,2026-09-05 10:14:23,+25577556329,640023341267390,TZ-KAH-001,4G,tigo.internet,27.73,107.19,134.92,54,57.71,39.1,0.12,296.82
CDR-D-2004870,2026-09-07 20:55:49,+25565483561,640022400094541,TZ-ARU-001,5G,tigo.internet,289.53,1246.65,1536.18,8,91.14,27.6,0.13,3379.59
CDR-D-2004871,2026-09-04 06:56:11,+25567626781,640025825241186,TZ-MTW-001,4G,tigo.internet,39.27,146.24,185.5,76,45.45,48.4,0.15,408.11
CDR-D-2004872,2026-09-04 20:19:45,+25571260778,640026918142780,TZ-MBY-001,4G,tigo.pesa.app,11.79,47.9,59.69,13,18.5,54.7,0.22,0.0
CDR-D-2004873,2026-09-04 01:21:02,+25565599288,640027358555069,TZ-KIL-003,3G,tigo.internet,11.81,34.75,46.56,23,2.81,92.4,1.86,102.43
CDR-D-2004874,2026-09-04 05:19:37,+25571897861,640022842334552,TZ-PWA-002,4G,tigo.internet,143.68,493.7,637.38,33,24.56,46.4,0.43,1402.25
CDR-D-2004875,2026-09-02 15:32:44,+25577683309,640023989035292,TZ-DAR-013,5G,tigo.pesa.app,618.18,2614.04,3232.22,46,182.77,19.9,0.1,0.0
CDR-D-2004876,2026-09-03 01:55:44,+25565274185,640028875273236,TZ-NJO-001,3G,tigo.internet,17.38,63.35,80.73,71,7.12,138.6,2.09,177.6
CDR-D-2004877,2026-09-01 03:30:07,+25577832723,640024938269146,TZ-TAN-002,3G,tigo.pesa.app,20.19,54.11,74.3,77,2.45,116.6,1.41,0.0
CDR-D-2004878,2026-09-06 23:19:40,+25571915509,640026936078258,TZ-TND-001,3G,tigo.pesa.app,10.12,42.8,52.91,9,3.01,68.1,0.73,0.0
CDR-D-2004879,2026-09-06 22:34:45,+25565405980,640023171512258,TZ-MWA-003,4G,tigo.internet,150.12,549.46,699.58,24,33.55,27.0,0.13,1539.08
CDR-D-2004880,2026-09-05 21:10:35,+25577686179,640028288721755,TZ-KAH-001,4G,tigo.internet,27.02,161.17,188.19,56,19.28,26.0,0.37,414.02
CDR-D-2004881,2026-09-07 05:05:24,+25577713513,640023080515301,TZ-DAR-009,4G,tigo.internet,46.34,162.14,208.47,78,12.85,38.8,0.23,458.64
CDR-D-2004882,2026-09-06 09:53:52,+25577652542,640024213853162,TZ-DOM-002,5G,tigo.internet,356.68,2071.67,2428.35,53,89.93,26.7,0.09,5342.38
CDR-D-2004883,2026-09-02 12:41:13,+25571543234,640025412340714,TZ-ZNZ-002,4G,tigo.internet,60.95,331.82,392.77,90,57.51,39.8,0.21,864.1
CDR-D-2004884,2026-09-07 08:46:25,+25565906519,640024058220682,TZ-DAR-012,5G,tigo.mms,103.9,561.14,665.04,49,128.22,21.4,0.02,1463.1
CDR-D-2004885,2026-09-04 17:13:53,+25571387210,640022739755884,TZ-PWA-002,4G,tigo.pesa.app,33.2,155.83,189.03,71,62.38,44.4,0.31,0.0
CDR-D-2004886,2026-09-07 05:54:45,+25571535050,640025523703900,TZ-DAR-007,4G,tigo.internet,47.02,232.49,279.51,8,49.84,26.4,0.31,614.91
CDR-D-2004887,2026-09-02 08:17:40,+25577249077,640027074050517,TZ-KIL-001,4G,tigo.internet,143.27,851.86,995.13,62,63.69,53.3,0.36,2189.28
CDR-D-2004888,2026-09-04 08:20:52,+25571927175,640023816872014,TZ-KIG-001,3G,tigo.internet,15.69,65.16,80.85,74,7.25,119.8,1.18,177.86
CDR-D-2004889,2026-09-04 06:04:22,+25567899614,640024968635883,TZ-DAR-010,4G,tigo.mms,28.63,154.59,183.23,14,51.17,29.5,0.37,403.1
CDR-D-2004890,2026-09-01 04:11:46,+25565179688,640022043030161,TZ-DAR-003,5G,tigo.internet,404.68,2331.36,2736.04,86,192.55,14.2,0.09,6019.29
CDR-D-2004891,2026-09-02 05:16:22,+25567731347,640023012051673,TZ-ZNZ-003,4G,tigo.corporate,22.14,102.3,124.45,81,54.03,33.0,0.12,273.78
CDR-D-2004892,2026-09-03 06:48:12,+25567585884,640027048207695,TZ-TAN-003,3G,tigo.internet,15.78,52.22,68.0,37,7.38,134.8,0.74,149.6
CDR-D-2004893,2026-09-05 21:41:18,+25577969849,640029066955201,TZ-MWA-003,4G,tigo.internet,122.24,428.29,550.53,18,62.73,48.8,0.4,1211.17
CDR-D-2004894,2026-09-03 20:30:10,+25567762201,640028150869292,TZ-PWA-001,4G,tigo.internet,14.63,76.99,91.62,17,12.29,35.9,0.2,201.57
CDR-D-2004895,2026-09-06 21:39:08,+25577286540,640026769647208,TZ-DAR-015,3G,tigo.internet,12.6,40.91,53.51,56,3.63,96.9,2.67,117.72
CDR-D-2004896,2026-09-03 21:53:41,+25571923914,640027059726570,TZ-KIL-003,3G,tigo.internet,17.53,72.99,90.52,44,1.93,133.3,0.79,199.15
CDR-D-2004897,2026-09-02 12:02:18,+25567106887,640021952996130,TZ-DOM-003,4G,tigo.pesa.app,83.23,307.44,390.67,21,38.54,33.3,0.26,0.0
CDR-D-2004898,2026-09-02 20:24:52,+25567472640,640027980313867,TZ-KIG-001,3G,tigo.internet,23.2,80.46,103.66,74,1.54,126.0,1.62,228.06
CDR-D-2004899,2026-09-07 03:49:46,+25565158589,640023334799664,TZ-KAH-001,4G,tigo.pesa.app,70.92,324.12,395.04,20,55.56,38.3,0.08,0.0
CDR-D-2004900,2026-09-05 15:18:24,+25571340897,640024681542027,TZ-DAR-012,5G,tigo.internet,186.45,1062.42,1248.87,38,162.59,18.5,0.04,2747.52
CDR-D-2004901,2026-09-04 08:21:11,+25565641455,640027038046278,TZ-MWA-003,4G,tigo.internet,132.66,759.75,892.41,17,64.02,30.5,0.14,1963.3
CDR-D-2004902,2026-09-07 23:44:42,+25577969793,640024572255055,TZ-SON-001,3G,tigo.internet,19.63,49.65,69.28,30,5.76,99.3,1.9,152.41
CDR-D-2004903,2026-09-05 10:24:32,+25565704864,640023144063281,TZ-DOM-003,4G,tigo.internet,218.66,804.66,1023.33,45,60.14,31.5,0.28,2251.32
CDR-D-2004904,2026-09-05 14:26:05,+25571749838,640028975021081,TZ-TAR-001,3G,tigo.pesa.app,16.93,82.77,99.7,9,3.22,89.1,1.85,0.0
CDR-D-2004905,2026-09-03 23:09:46,+25567625772,640025477330907,TZ-DAR-004,5G,tigo.internet,218.93,1000.34,1219.27,88,98.23,26.7,0.09,2682.4
CDR-D-2004906,2026-09-03 12:06:25,+25567346924,640027947883719,TZ-DAR-009,4G,tigo.corporate,31.41,182.75,214.16,62,50.02,53.5,0.33,471.15
CDR-D-2004907,2026-09-06 15:39:12,+25577762423,640021579187439,TZ-ARU-001,5G,tigo.internet,266.0,2152.43,2418.43,32,178.69,19.6,0.13,5320.55
CDR-D-2004908,2026-09-04 18:39:13,+25571355135,640025632753983,TZ-MBY-002,4G,tigo.internet,97.49,546.99,644.48,8,45.04,47.5,0.28,1417.85
CDR-D-2004909,2026-09-07 08:17:55,+25577457207,640024401248572,TZ-MWA-003,4G,tigo.corporate,12.22,76.14,88.36,63,57.88,54.4,0.09,194.38
CDR-D-2004910,2026-09-07 08:04:22,+25565982608,640025824092354,TZ-DAR-011,4G,tigo.pesa.app,84.44,407.09,491.53,8,60.19,54.4,0.12,0.0
CDR-D-2004911,2026-09-03 03:25:51,+25567570267,640022873145919,TZ-TAB-001,3G,tigo.corporate,20.17,57.12,77.29,73,4.4,66.7,1.77,170.04
CDR-D-2004912,2026-09-06 21:59:55,+25565226889,640021103548562,TZ-KIL-001,4G,tigo.internet,99.77,387.19,486.96,26,47.87,31.8,0.12,1071.32
CDR-D-2004913,2026-09-01 14:57:22,+25567253541,640024605117440,TZ-NJO-001,3G,tigo.internet,3.34,16.68,20.01,23,6.82,96.9,2.2,44.03
CDR-D-2004914,2026-09-01 09:24:09,+25577153357,640021856458337,TZ-MWA-003,4G,tigo.corporate,22.77,137.92,160.7,8,29.83,50.3,0.1,353.53
CDR-D-2004915,2026-09-02 00:13:16,+25567546173,640027658867789,TZ-DAR-013,5G,tigo.internet,396.07,1910.07,2306.14,27,198.67,17.8,0.09,5073.5
CDR-D-2004916,2026-09-05 23:10:20,+25577806850,640026527129795,TZ-BUK-001,3G,tigo.internet,15.3,53.4,68.7,70,1.31,69.6,0.66,151.13
CDR-D-2004917,2026-09-05 19:19:31,+25577909508,640027652478210,TZ-MWA-002,4G,tigo.internet,42.07,177.67,219.74,35,56.57,43.7,0.29,483.43
CDR-D-2004918,2026-09-04 19:38:14,+25577686179,640028288721755,TZ-KAH-001,4G,tigo.internet,159.19,757.03,916.21,5,40.49,43.8,0.3,2015.67
CDR-D-2004919,2026-09-06 15:11:00,+25577392051,640023830860764,TZ-DOM-002,5G,tigo.internet,399.48,2333.75,2733.23,11,206.8,17.6,0.04,6013.11
CDR-D-2004920,2026-09-03 16:21:02,+25567438548,640028852676046,TZ-NJO-001,3G,tigo.internet,2.6,6.89,9.49,59,2.26,125.6,2.68,20.87
CDR-D-2004921,2026-09-04 22:09:05,+25565739760,640023845805571,TZ-TAN-001,4G,tigo.internet,6.76,38.6,45.36,17,22.79,34.0,0.26,99.78
CDR-D-2004922,2026-09-05 12:01:11,+25577716551,640026654385989,TZ-DAR-014,3G,tigo.internet,15.44,46.88,62.32,80,2.28,102.0,1.65,137.11
CDR-D-2004923,2026-09-03 05:00:36,+25565663646,640029386407362,TZ-IRI-001,4G,tigo.corporate,107.88,362.35,470.23,66,24.92,42.2,0.32,1034.51
CDR-D-2004924,2026-09-05 08:37:01,+25577285225,640027846389041,TZ-DAR-008,4G,tigo.mms,153.84,523.63,677.47,21,30.25,34.3,0.06,1490.43
CDR-D-2004925,2026-09-03 11:12:19,+25577563638,640023901796894,TZ-MBY-001,4G,tigo.internet,191.9,811.2,1003.1,34,46.19,40.9,0.38,2206.82
CDR-D-2004926,2026-09-01 16:41:51,+25577355570,640025916199809,TZ-PEM-001,3G,tigo.internet,14.68,67.04,81.72,15,1.59,95.0,2.72,179.79
CDR-D-2004927,2026-09-01 16:24:18,+25565994863,640023875420006,TZ-MOR-001,4G,tigo.internet,45.16,187.61,232.77,62,59.13,46.3,0.39,512.1
CDR-D-2004928,2026-09-02 11:18:18,+25577617033,640029082143437,TZ-IRI-001,4G,tigo.pesa.app,52.09,347.2,399.29,25,61.64,36.7,0.15,0.0
CDR-D-2004929,2026-09-03 17:09:34,+25567675191,640022910594463,TZ-MWA-002,4G,tigo.internet,44.71,162.64,207.35,11,64.84,48.0,0.2,456.18
CDR-D-2004930,2026-09-07 11:26:49,+25565812641,640025356690340,TZ-SON-001,3G,tigo.internet,7.34,19.65,26.99,84,2.12,128.2,0.91,59.38
CDR-D-2004931,2026-09-02 01:13:34,+25577557244,640026124128956,TZ-SNG-001,3G,tigo.pesa.app,16.27,64.19,80.46,16,6.0,90.9,2.37,0.0
CDR-D-2004932,2026-09-02 21:37:22,+25571113595,640028489005480,TZ-IRI-001,4G,tigo.internet,82.17,309.42,391.59,21,55.27,33.9,0.26,861.5
CDR-D-2004933,2026-09-01 07:23:54,+25565708512,640027494878720,TZ-KIL-003,3G,tigo.internet,21.29,69.63,90.93,71,2.97,84.6,0.71,200.04
CDR-D-2004934,2026-09-07 17:00:46,+25565933215,640024296344958,TZ-KIL-002,3G,tigo.corporate,17.12,75.78,92.9,52,5.96,127.3,2.24,204.38
CDR-D-2004935,2026-09-07 22:16:00,+25571925549,640023797168211,TZ-KIG-001,3G,tigo.internet,8.43,38.55,46.98,89,2.7,100.2,1.82,103.35
CDR-D-2004936,2026-09-03 14:02:57,+25567336288,640028851095587,TZ-DAR-013,5G,tigo.corporate,41.08,281.65,322.74,87,170.61,14.7,0.11,710.02
CDR-D-2004937,2026-09-01 00:58:56,+25577486469,640028674417535,TZ-TAN-002,3G,tigo.internet,14.81,46.04,60.85,49,6.17,132.0,2.27,133.88
CDR-D-2004938,2026-09-05 13:40:03,+25567532949,640028114772251,TZ-DAR-005,4G,tigo.internet,116.23,408.51,524.74,24,53.57,53.9,0.41,1154.43
CDR-D-2004939,2026-09-07 19:56:27,+25565812641,640025356690340,TZ-SON-001,3G,tigo.internet,21.75,60.91,82.65,16,1.63,66.2,1.12,181.84
CDR-D-2004940,2026-09-06 15:09:53,+25571353495,640026887978829,TZ-DAR-013,5G,tigo.pesa.app,287.35,1921.83,2209.18,69,242.97,19.3,0.1,0.0
CDR-D-2004941,2026-09-05 11:46:52,+25565274185,640028875273236,TZ-NJO-001,3G,tigo.internet,21.49,80.67,102.16,85,3.47,94.0,2.67,224.75
CDR-D-2004942,2026-09-03 13:14:46,+25567116391,640027914398496,TZ-MBY-002,4G,tigo.pesa.app,21.98,74.0,95.99,62,14.29,47.6,0.33,0.0
CDR-D-2004943,2026-09-03 04:43:50,+25567395120,640024239681347,TZ-ZNZ-004,4G,tigo.pesa.app,234.5,834.23,1068.72,44,55.57,52.9,0.11,0.0
CDR-D-2004944,2026-09-05 20:18:03,+25565154537,640023789173738,TZ-ZNZ-004,4G,tigo.internet,215.88,925.16,1141.04,49,28.79,32.6,0.05,2510.28
CDR-D-2004945,2026-09-04 08:51:36,+25577100519,640026457800493,TZ-PWA-002,4G,tigo.corporate,98.18,427.55,525.73,82,15.81,28.3,0.16,1156.6
CDR-D-2004946,2026-09-03 19:40:09,+25565615353,640022849761315,TZ-TND-001,3G,tigo.corporate,2.52,12.44,14.96,80,2.33,132.8,2.13,32.92
CDR-D-2004947,2026-09-07 15:27:52,+25567892182,640024519858899,TZ-ZNZ-004,4G,tigo.corporate,60.0,235.3,295.3,86,12.11,51.3,0.41,649.66
CDR-D-2004948,2026-09-01 22:32:29,+25571234425,640028889572098,TZ-DAR-007,4G,tigo.pesa.app,80.52,286.03,366.55,30,42.5,52.2,0.07,0.0
CDR-D-2004949,2026-09-06 13:28:16,+25565794595,640022824782506,TZ-DAR-009,4G,tigo.internet,12.52,72.39,84.9,74,54.79,30.2,0.25,186.79
CDR-D-2004950,2026-09-04 01:43:16,+25571952679,640026542943838,TZ-DAR-009,4G,tigo.internet,145.56,723.36,868.93,54,63.25,30.1,0.29,1911.64
CDR-D-2004951,2026-09-06 15:57:32,+25577196118,640021768980818,TZ-DAR-012,5G,tigo.internet,361.48,2905.03,3266.51,72,154.28,23.0,0.11,7186.33
CDR-D-2004952,2026-09-01 05:44:25,+25577373553,640026156156606,TZ-TND-001,3G,tigo.internet,11.47,46.34,57.81,39,5.8,101.5,1.53,127.19
CDR-D-2004953,2026-09-05 21:10:19,+25565708512,640027494878720,TZ-KIL-003,3G,tigo.internet,31.69,83.9,115.59,15,6.81,109.5,1.73,254.3
CDR-D-2004954,2026-09-05 18:43:07,+25567244935,640026351134654,TZ-DAR-015,3G,tigo.internet,16.79,51.43,68.21,18,6.85,70.1,0.85,150.07
CDR-D-2004955,2026-09-07 11:54:19,+25571279041,640028524236872,TZ-SNG-001,3G,tigo.corporate,28.26,75.67,103.93,20,1.6,71.4,1.12,228.65
CDR-D-2004956,2026-09-06 10:16:49,+25565130401,640023901232981,TZ-SNG-001,3G,tigo.internet,15.95,40.89,56.84,58,5.51,129.1,0.68,125.06
CDR-D-2004957,2026-09-05 13:59:54,+25577146670,640027465926508,TZ-GEI-001,4G,tigo.internet,128.7,688.77,817.47,10,28.66,45.3,0.11,1798.44
CDR-D-2004958,2026-09-05 16:58:27,+25577392051,640023830860764,TZ-DOM-002,5G,tigo.corporate,509.82,2647.0,3156.82,8,278.44,14.1,0.15,6945.01
CDR-D-2004959,2026-09-03 21:54:24,+25571841071,640029104238818,TZ-TAR-001,3G,tigo.internet,13.71,45.95,59.67,82,6.61,79.2,0.94,131.26
CDR-D-2004960,2026-09-01 02:12:14,+25571969070,640024618907753,TZ-IRI-001,4G,tigo.internet,134.78,485.89,620.67,64,18.94,49.5,0.44,1365.47
CDR-D-2004961,2026-09-03 10:34:30,+25565105433,640025973319056,TZ-DAR-004,5G,tigo.internet,237.97,1099.13,1337.11,18,90.79,20.4,0.08,2941.64
CDR-D-2004962,2026-09-07 20:50:38,+25571738577,640022148679234,TZ-DAR-010,4G,tigo.internet,43.75,184.37,228.12,45,39.16,39.7,0.4,501.86
CDR-D-2004963,2026-09-06 00:58:59,+25577839485,640026932342612,TZ-DAR-007,4G,tigo.internet,33.81,133.46,167.28,80,50.71,44.0,0.38,368.01
CDR-D-2004964,2026-09-02 01:46:21,+25571517955,640023764023878,TZ-KIL-001,4G,tigo.internet,75.13,422.36,497.49,2,17.44,52.4,0.09,1094.49
CDR-D-2004965,2026-09-02 09:47:21,+25567390870,640027967780181,TZ-GEI-001,4G,tigo.internet,55.35,285.75,341.1,20,62.5,54.1,0.24,750.42
CDR-D-2004966,2026-09-06 08:04:53,+25577219879,640026490579087,TZ-DOM-003,4G,tigo.internet,31.53,153.12,184.66,76,13.04,34.1,0.1,406.25
CDR-D-2004967,2026-09-02 20:10:12,+25567300814,640024082968468,TZ-TAB-001,3G,tigo.pesa.app,12.96,51.64,64.59,74,6.02,65.1,1.49,0.0
CDR-D-2004968,2026-09-01 13:52:06,+25565855797,640026070264390,TZ-KIL-001,4G,tigo.internet,221.09,833.92,1055.01,31,23.27,28.2,0.4,2321.02
CDR-D-2004969,2026-09-05 08:20:12,+25567614646,640027490269556,TZ-DOM-001,5G,tigo.mms,236.76,1558.87,1795.63,20,56.99,23.8,0.1,3950.38
CDR-D-2004970,2026-09-02 18:45:35,+25571524035,640028965451958,TZ-DAR-004,5G,tigo.internet,477.39,2797.41,3274.8,67,222.33,23.9,0.06,7204.57
CDR-D-2004971,2026-09-03 13:24:03,+25565846389,640027594134964,TZ-DOM-003,4G,tigo.pesa.app,49.83,280.34,330.17,74,45.49,27.5,0.42,0.0
CDR-D-2004972,2026-09-05 21:58:47,+25565794595,640022824782506,TZ-DAR-009,4G,tigo.internet,108.56,406.76,515.32,74,21.21,54.8,0.05,1133.7
CDR-D-2004973,2026-09-07 03:29:23,+25565420012,640026607773451,TZ-DAR-006,4G,tigo.pesa.app,59.52,268.69,328.21,3,32.46,52.4,0.38,0.0
CDR-D-2004974,2026-09-07 13:53:15,+25565272529,640027529817193,TZ-MWA-003,4G,tigo.internet,54.09,268.31,322.41,24,43.59,31.2,0.32,709.29
CDR-D-2004975,2026-09-02 00:24:44,+25571168492,640029202043288,TZ-DOM-003,4G,tigo.internet,35.25,175.03,210.28,65,49.65,43.3,0.37,462.61
CDR-D-2004976,2026-09-07 03:05:46,+25567946331,640025845296568,TZ-ARU-001,5G,tigo.pesa.app,48.7,257.74,306.44,9,47.26,13.0,0.05,0.0
CDR-D-2004977,2026-09-03 13:25:07,+25577854124,640028264535316,TZ-MBY-001,4G,tigo.pesa.app,237.33,803.66,1040.98,75,14.23,34.2,0.19,0.0
CDR-D-2004978,2026-09-02 02:30:32,+25565316826,640026966615954,TZ-PWA-002,4G,tigo.internet,98.88,340.2,439.08,41,24.79,33.3,0.08,965.98
CDR-D-2004979,2026-09-06 22:36:35,+25577388039,640023651030484,TZ-ZNZ-002,4G,tigo.internet,148.18,748.65,896.83,59,25.58,31.6,0.39,1973.02
CDR-D-2004980,2026-09-02 03:21:03,+25565552259,640024677942534,TZ-MOR-001,4G,tigo.internet,75.62,355.46,431.07,37,13.04,48.0,0.38,948.36
CDR-D-2004981,2026-09-05 04:34:16,+25577803724,640025800273809,TZ-DAR-007,4G,tigo.internet,56.97,324.72,381.69,55,50.56,41.5,0.45,839.71
CDR-D-2004982,2026-09-04 09:20:31,+25577464863,640027048809022,TZ-TAN-002,3G,tigo.internet,20.22,76.93,97.15,50,1.94,139.8,0.55,213.74
CDR-D-2004983,2026-09-07 14:15:07,+25577606877,640026464008146,TZ-PWA-002,4G,tigo.internet,162.06,879.89,1041.94,74,31.02,48.9,0.4,2292.27
CDR-D-2004984,2026-09-04 00:55:03,+25567114875,640025928417345,TZ-KAH-001,4G,tigo.pesa.app,88.29,327.7,416.0,27,61.57,30.4,0.13,0.0
CDR-D-2004985,2026-09-02 12:45:02,+25571287356,640024671376399,TZ-DAR-011,4G,tigo.internet,32.22,159.23,191.45,70,20.81,35.9,0.22,421.19
CDR-D-2004986,2026-09-06 17:24:29,+25567595043,640022988055189,TZ-ARU-001,5G,tigo.internet,575.27,3011.15,3586.43,28,185.99,17.8,0.08,7890.14
CDR-D-2004987,2026-09-02 11:51:34,+25577144284,640027808417605,TZ-TAN-003,3G,tigo.internet,19.79,63.6,83.39,13,4.38,109.4,2.73,183.46
CDR-D-2004988,2026-09-05 01:52:00,+25577493262,640027929459291,TZ-DAR-001,5G,tigo.internet,235.18,1082.7,1317.88,52,161.98,27.2,0.12,2899.34
CDR-D-2004989,2026-09-02 05:32:25,+25567626781,640025825241186,TZ-MTW-001,4G,tigo.internet,51.13,300.59,351.72,19,63.24,48.1,0.07,773.79
CDR-D-2004990,2026-09-02 10:06:11,+25571196783,640029403298062,TZ-SHI-001,3G,tigo.internet,21.4,83.77,105.17,49,3.07,96.9,0.87,231.36
CDR-D-2004991,2026-09-02 08:03:35,+25567278026,640029674596936,TZ-MWA-001,5G,tigo.pesa.app,91.01,552.68,643.69,21,52.34,15.2,0.1,0.0
CDR-D-2004992,2026-09-07 10:24:46,+25577686179,640028288721755,TZ-KAH-001,4G,tigo.internet,130.18,811.35,941.53,39,25.77,50.1,0.08,2071.36
CDR-D-2004993,2026-09-05 12:43:04,+25567293595,640026588216930,TZ-ZNZ-004,4G,tigo.internet,30.42,147.26,177.68,3,34.31,45.7,0.17,390.89
CDR-D-2004994,2026-09-01 13:32:05,+25571378199,640027177751894,TZ-DOM-001,5G,tigo.internet,446.63,2119.57,2566.2,29,124.03,13.0,0.04,5645.64
CDR-D-2004995,2026-09-07 19:26:34,+25565592584,640024193557045,TZ-DAR-001,5G,tigo.internet,559.33,2638.02,3197.34,63,120.8,21.4,0.01,7034.15
CDR-D-2004996,2026-09-02 22:21:15,+25567757685,640022357806226,TZ-DAR-004,5G,tigo.internet,420.4,3036.0,3456.4,72,266.53,26.3,0.02,7604.08
CDR-D-2004997,2026-09-04 03:16:23,+25567267003,640026346647816,TZ-SHI-001,3G,tigo.pesa.app,1.37,6.8,8.16,18,5.79,109.9,1.0,0.0
CDR-D-2004998,2026-09-05 09:10:53,+25567836201,640021456650521,TZ-PWA-002,4G,tigo.internet,131.98,686.14,818.12,48,54.0,41.5,0.15,1799.87
CDR-D-2004999,2026-09-05 10:18:26,+25567474894,640029136934170,TZ-KIL-003,3G,tigo.internet,22.26,80.73,102.99,27,6.79,76.4,0.94,226.59
