record_id,subscriber_msisdn,recipient_number,event_timestamp,transaction_type,amount_paid,service_status,location_cell,session_duration_sec,network_layer,user_agent_device,notes_field
REC-101239,tel:+255-714-020824,0714-018-632,11/05/2023 02:54 PM,BUNDLE_PURCHASE,"125,585.16",Term,Mwanza,120,LTE-A,Unknown,None
REC-101897,0714008768,+255(0)714007946,2023-11-09 13:15:24,VOICE_CALL,$ 29.26 USD,null,Zanzibar,0,4G LTE,Huawei P40 Lite,
REC-100223,  714017810  ,0714-006-576,2023-11-16 03:04:29,TIGO_PESA_CASH_OUT,"TZS 58,189.89/=",  active  ,ZNZ,-15,5G NR,Tecno Spark 10 Pro,Flagged for KYC update; verified by agent
REC-100533,tel:+255-714-002877,+255/714/031921,2023-11-12 18:01:45,VOICE_CALL,"TZS 80,993.31/=",PENDING_KYC,Morogoro,1800,3G WCDMA,Tecno Spark 10 Pro,"VIP Subscriber, priority routing"
REC-100692,+255/714/016577,+255 714 033 291,2023-11-30 11:00:37,SMS_PACK,"TZS 108,949.45/=",Term,Arusha﻿,0,LTE-A,Tecno Spark 10 Pro,"Customer stated: ""Cannot connect to 4G in Posta area, please help"""
REC-102027,+255(0)714028085,0714003151,"Nov 19, 2023 11:29",BUNDLE_PURCHASE,"TZS 64,565.31/=",CHURNED,DAR ES SALAAM,-15,LTE-A,Huawei P40 Lite,Flagged for KYC update; verified by agent
REC-101745,+255/714/011782,0714021920,2023/11/04,VOICE_CALL,"58,926.82",Term,Morogoro,-15,unknown,Unknown,"VIP Subscriber, priority routing"
REC-101459,+255(0)714030688,0000000000,01-12-2023 23:11:11,DATA_RECHARGE,$ 5.45 USD,,Dodoma ,360,4G,Transsion Infinix Hot 30,"VIP Subscriber, priority routing"
REC-102144,tel:+255-714-009042,0000000000,2023-11-12 03:07:27,VOICE_CALL,FREE,,Zanzibar,120,unknown,Unknown,"VIP Subscriber, priority routing"
REC-101116,0714006576,+255/714/033976,2023-11-24 18:37:47,SMS_PACK,"3,847.9800",Terminated,Arusha,360,3G WCDMA,Unknown,Flagged for KYC update; verified by agent
REC-100200,N/A,+255 714 029 044,11/26/2023 02:43 PM,DATA_RECHARGE,"78,406.67",actve,Zanzibar,N/A,5G NR,Samsung Galaxy A14; Android 13,"USSD session timeout, retry OK"
REC-100780,+255 714 020 276,tel:+255-714-021509,1700427561,VOICE_CALL,$ 9.20 USD,ACTV,"Stone Town, Zanzibar",30s,4G LTE,Unknown,
REC-101487,0714-009-590,  714004658  ,10-11-2023 06:28:30,TIGO_PESA_CASH_IN,"TZS 27,648.10/=",Terminated,DAR ES SALAAM,360,LTE-A,Huawei P40 Lite,Standard call; cell handover success
REC-101505,tel:+255-714-002329,+255(0)714029866,11/28/2023 09:10 AM,TIGO_PESA_CASH_IN,"TZS 16,128.94/=",Pending_Kyc​,,30s,4G,Unknown,Standard call; cell handover success
REC-101436,0714-024-386,tel:+255-714-010275,1701289019,TIGO_PESA_CASH_OUT,$ 24.91 USD,Suspended,Dodoma ,30s,4G,Huawei P40 Lite,"USSD session timeout, retry OK"
REC-101570,  714025756  ,+255 714 020 961,05-11-2023 11:16:23,TIGO_PESA_CASH_OUT,$ 57.17 USD,churn,  Dar es Salaam  ,-15,3G WCDMA,Unknown,
REC-101722,tel:+255-714-000822,+255 714 031 099,1700058686,VOICE_CALL,$ 0.47 USD,null,Mwanza,30s,unknown,"iPhone 13,2 (iOS 16.5)","USSD session timeout, retry OK"
REC-101842,+255/714/002055,255714020002,11/10/2023 10:29 PM,VOICE_CALL,"15,293.99",Term,Zanzibar,1800,3G WCDMA,Tecno Spark 10 Pro,"USSD session timeout, retry OK"
REC-101298,N/A,+255 714 023 838,07-11-2023 11:23:45,TIGO_PESA_CASH_OUT,$ 51.68 USD,churn,ZNZ,45,unknown,Unknown,"VIP Subscriber, priority routing"
REC-102187,0714016303,255714033702,2023-11-21 03:23:25,TIGO_PESA_CASH_IN,"97,399.5900",actve,DODOMA (Capital),1800,5G NR,Nokia 105 (Feature Phone),"USSD session timeout, retry OK"
REC-101823,tel:+255-714-021783,0714-032-606,20-11-2023 22:11:34,SMS_PACK,"TZS 21,533.36/=",SUSPENDED,Dar es Salaam,0,5G NR,Nokia 105 (Feature Phone),"VIP Subscriber, priority routing"
REC-101105,+255 714 025 071,+255 714 024 934,2023-11-11 20:48:50,VOICE_CALL,NaN,suspnded,dar-es-salaam,30s,5G NR,Tecno Spark 10 Pro,"VIP Subscriber, priority routing"
REC-101486,+255(0)714026578,255714013974,2023/11/04,TIGO_PESA_CASH_OUT,FREE,SUSPENDED,  Dar es Salaam  ,120,4G LTE,Transsion Infinix Hot 30,None
REC-100898,0714-010-138,255714028085,12/01/2023 08:27 AM,SMS_PACK,"TZS 37,681.21/=",ACTIVE,ZNZ,0,2G GSM,Transsion Infinix Hot 30,None
REC-102473,255714022057,0000000000,1700585506,SMS_PACK,"61,835.58",ACTIVE,Arusha﻿,-15,unknown,Samsung Galaxy A14; Android 13,"VIP Subscriber, priority routing"
REC-100240,0000000000,+255 714 028 633,11/26/2023 11:04 AM,BUNDLE_PURCHASE,"TZS 112,337.73/=",pending,  Dar es Salaam  ,45,4G LTE,Samsung Galaxy A14; Android 13,"VIP Subscriber, priority routing"
REC-101681,+255 714 019 591,N/A,2023-11-18 10:21:49,BUNDLE_PURCHASE,"2,731.1900",CHURNED,Zanzibar,1800,4G LTE,Samsung Galaxy A14; Android 13,Flagged for KYC update; verified by agent
REC-101217,+255/714/023838,+255(0)714018221,1699886641,TIGO_PESA_CASH_OUT,"TZS 82,360.78/=",Suspended,Tanga,02:15,4G,Unknown,Standard call; cell handover success
REC-100281,255714018495,+255/714/010412,2023-11-14 05:35:04,TIGO_PESA_CASH_IN,$ 24.67 USD,pending,Arusha,30s,unknown,Nokia 105 (Feature Phone),Flagged for KYC update; verified by agent
REC-101012,+255(0)714003836,0714-004-110,2023-11-19T09:56:18+03:00,TIGO_PESA_CASH_OUT,,  active  ,ZNZ,45,3G WCDMA,Unknown,Standard call; cell handover success
REC-100492,+255(0)714012741,255714016303,2023-12-01 15:15:37,SMS_PACK,  10517  ,Suspended,Arusha,30s,4G,Huawei P40 Lite,"VIP Subscriber, priority routing"
REC-101416,+255 714 000 274,0714-019-180,11/09/2023 12:30 AM,TIGO_PESA_CASH_IN,"9,725.9200",Terminated,Mwanza Rock City,120,LTE-A,Samsung Galaxy A14; Android 13,Standard call; cell handover success
REC-100640,255714026304,0714017810,2023-11-22 15:49:21,BUNDLE_PURCHASE,  104329  ,Pending_Kyc​,"Stone Town, Zanzibar",360,2G GSM,Transsion Infinix Hot 30,
REC-101216,+255(0)714022742,+255/714/032195,"Nov 05, 2023 07:50",TIGO_PESA_CASH_OUT,  33153  ,SUSPENDED,,1800,4G,Transsion Infinix Hot 30,"VIP Subscriber, priority routing"
REC-102314,0714-032-880,0000000000,05-11-2023 19:06:46,DATA_RECHARGE,"109,170.46",ACTIVE,DAR ES SALAAM,360,2G GSM,Nokia 105 (Feature Phone),None
REC-100072,N/A,+255 714 018 358,2023-11-12 00:03:57,VOICE_CALL,,Term,Tanga,02:15,LTE-A,Samsung Galaxy A14; Android 13,None
REC-101123,0714022605,+255(0)714016303,"Nov 06, 2023 14:02",TIGO_PESA_CASH_IN,FREE,ACTV,Tanga,30s,2G GSM,Nokia 105 (Feature Phone),None
REC-100898,0714-010-138,255714028085,12/01/2023 08:27 AM,SMS_PACK,"TZS 37,681.21/=",ACTIVE,ZNZ,0,2G GSM,Transsion Infinix Hot 30,None
REC-100145,255714004795,0714024934,03-12-2023 22:34:00,BUNDLE_PURCHASE,NaN,Term,ARUSHA,02:15,2G GSM,Nokia 105 (Feature Phone),None
REC-100866,255714011782,+255(0)714020002,11/16/2023 04:05 PM,SMS_PACK,  121634  ,actve,mwanza,30s,unknown,Tecno Spark 10 Pro,None
REC-101986,+255 714 025 071,+255/714/029181,2023-11-22 10:49:37,VOICE_CALL,NaN,CHURNED,DAR ES SALAAM,-15,4G LTE,Samsung Galaxy A14; Android 13,"USSD session timeout, retry OK"
REC-101451,0000000000,255714007672,"Nov 12, 2023 23:15",BUNDLE_PURCHASE,"-54,196.54",CHURNED,,30s,4G,Samsung Galaxy A14; Android 13,"USSD session timeout, retry OK"
REC-101604,  714032880  ,0714-017-947,1701679799,SMS_PACK,"68,944.27",SUSPENDED,Mbeya,30s,unknown,Unknown,"Customer stated: ""Cannot connect to 4G in Posta area, please help"""
REC-102433,  714021098  ,tel:+255-714-025345,UNKNOWN_TIME,TIGO_PESA_CASH_OUT,"97,561.23",actve,Dodoma ,N/A,2G GSM,Huawei P40 Lite,None
REC-100714,+255 714 013 152,N/A,2023-11-19 09:22:42,BUNDLE_PURCHASE,$ 49.32 USD,UNKNOWN,Dodoma,360,2G GSM,Tecno Spark 10 Pro,Standard call; cell handover success
REC-101646,0714-011-371,0714-007-946,11/26/2023 07:24 AM,VOICE_CALL,"TZS 75,873.37/=",,ZNZ,02:15,5G NR,Tecno Spark 10 Pro,"Customer stated: ""Cannot connect to 4G in Posta area, please help"""
REC-102302,tel:+255-714-032195,0714-002-877,11/10/2023 03:11 AM,TIGO_PESA_CASH_OUT,  131144  ,Terminated,mwanza,N/A,4G LTE,Huawei P40 Lite,"USSD session timeout, retry OK"
REC-101880,N/A,N/A,11/23/2023 03:57 AM,TIGO_PESA_CASH_OUT,"106,498.34",actve,Dodoma,30s,2G GSM,Tecno Spark 10 Pro,
REC-101668,0714-009-453,+255 714 028 359,1700687140,BUNDLE_PURCHASE,"TZS 23,277.88/=",  active  ,Mwanza Rock City,02:15,unknown,Tecno Spark 10 Pro,Standard call; cell handover success
REC-101324,+255(0)714022194,0714-014-796,2023-11-19 05:32:54,TIGO_PESA_CASH_IN,$ 51.10 USD,churn,DODOMA (Capital),N/A,4G,Transsion Infinix Hot 30,None
REC-101428,+255 714 002 603,tel:+255-714-015755,UNKNOWN_TIME,SMS_PACK,"109,845.99",ACTV,  Dar es Salaam  ,1800,5G NR,Nokia 105 (Feature Phone),"USSD session timeout, retry OK"
REC-100260,0714027400,+255/714/013837,11/30/2023 10:10 PM,TIGO_PESA_CASH_OUT,FREE,CHURNED,ARUSHA,N/A,4G LTE,Tecno Spark 10 Pro,"Customer stated: ""Cannot connect to 4G in Posta area, please help"""
REC-100451,N/A,tel:+255-714-021098,25-11-2023 02:21:47,BUNDLE_PURCHASE,"123,100.68",suspnded,ARUSHA,02:15,2G GSM,Samsung Galaxy A14; Android 13,Standard call; cell handover success
REC-101995,N/A,tel:+255-714-016303,"Nov 05, 2023 02:57",VOICE_CALL,$ 40.94 USD,TERMINATED,Dodoma ,02:15,2G GSM,Transsion Infinix Hot 30,Standard call; cell handover success
REC-102429,+255/714/019591,0714007809,2023-11-04 20:40:21,TIGO_PESA_CASH_OUT,$ 11.08 USD,suspnded,Mwanza,30s,unknown,Unknown,None
REC-100029,255714024523,+255 714 003 699,11-11-2023 10:20:02,TIGO_PESA_CASH_OUT,FREE,suspnded,Arusha﻿,-15,LTE-A,"iPhone 13,2 (iOS 16.5)","Customer stated: ""Cannot connect to 4G in Posta area, please help"""
REC-101337,N/A,N/A,10-11-2023 20:27:42,DATA_RECHARGE,  4698  ,actve,Arusha,30s,3G WCDMA,Nokia 105 (Feature Phone),None
REC-101097,N/A,0000000000,1701500295,DATA_RECHARGE,  106362  ,suspnded,"Stone Town, Zanzibar",N/A,4G LTE,Tecno Spark 10 Pro,Standard call; cell handover success
REC-101534,  714018769  ,255714027811,2023-11-12 08:57:02,BUNDLE_PURCHASE,"91,620.54",churn,Mwanza Rock City,45,3G WCDMA,Unknown,"USSD session timeout, retry OK"
REC-102368,+255(0)714008631,N/A,2023-12-04 04:20:58,BUNDLE_PURCHASE,  49744  ,,DAR ES SALAAM,N/A,unknown,Huawei P40 Lite,
REC-100368,+255/714/022879,255714032606,2023-11-18 07:18:37,TIGO_PESA_CASH_OUT,"TZS 94,158.86/=",SUSPENDED,Dar es Salaam,-15,LTE-A,Tecno Spark 10 Pro,None
REC-101535,  714025482  ,  714030551  ,2023-11-10 23:44:01,BUNDLE_PURCHASE,  149105  ,suspnded,Dar es Salaam,45,4G LTE,"iPhone 13,2 (iOS 16.5)","USSD session timeout, retry OK"
REC-101617,N/A,+255(0)714013700,"Nov 29, 2023 04:09",DATA_RECHARGE,"TZS 70,994.75/=",ACTIVE,ARUSHA,1800,2G GSM,Transsion Infinix Hot 30,None
REC-101472,+255 714 002 466,0714-023-975,24-11-2023 16:33:36,SMS_PACK,  132577  ,  active  ,"Stone Town, Zanzibar",360,3G WCDMA,Unknown,Standard call; cell handover success
REC-100937,+255/714/023427,tel:+255-714-013152,1699501918,TIGO_PESA_CASH_OUT,"-19,711.11",Term,mwanza,02:15,2G GSM,Transsion Infinix Hot 30,Standard call; cell handover success
REC-102154,0714-025-756,0714-004-384,10-11-2023 10:28:30,DATA_RECHARGE,"TZS 91,704.00/=",Term,ARUSHA,-15,5G NR,Nokia 105 (Feature Phone),Standard call; cell handover success
REC-100775,N/A,255714032058,11/24/2023 12:01 AM,TIGO_PESA_CASH_IN,"10,138.49",Pending_Kyc​,Arusha (CBD),N/A,4G LTE,Tecno Spark 10 Pro,"Customer stated: ""Cannot connect to 4G in Posta area, please help"""
REC-101567,+255(0)714006165,+255/714/029592,2023-11-28T20:37:49+03:00,BUNDLE_PURCHASE,  133997  ,Suspended,Arusha (CBD),N/A,3G WCDMA,Nokia 105 (Feature Phone),"VIP Subscriber, priority routing"
REC-101454,tel:+255-714-010686,0000000000,2023-11-05T12:07:10+03:00,VOICE_CALL,$ 23.68 USD,SUSPENDED,Mwanza Rock City,30s,4G LTE,"iPhone 13,2 (iOS 16.5)",Flagged for KYC update; verified by agent
REC-101922,N/A,255714016577,14-11-2023 11:12:09,SMS_PACK,"-41,407.98",,Mbeya,360,4G LTE,Nokia 105 (Feature Phone),"VIP Subscriber, priority routing"
REC-101502,0714-018-632,255714030140,2023-11-25 23:54:26,TIGO_PESA_CASH_IN,"TZS 20,088.11/=",Suspended,Arusha,45,4G,Nokia 105 (Feature Phone),Standard call; cell handover success
REC-101654,tel:+255-714-028222,+255 714 029 729,2023-11-16 02:52:46,TIGO_PESA_CASH_IN,"TZS 62,224.51/=",Term,DODOMA (Capital),360,5G NR,Huawei P40 Lite,
REC-101707,0714-006-850,+255/714/007261,2023-11-18 02:03:11,TIGO_PESA_CASH_OUT,FREE,pending,ARUSHA,360,unknown,Transsion Infinix Hot 30,"Customer stated: ""Cannot connect to 4G in Posta area, please help"""
REC-102316,+255(0)714007535,255714033702,11/12/2023 12:32 AM,TIGO_PESA_CASH_IN,  76232  ,ACTV,Arusha (CBD),1800,unknown,Tecno Spark 10 Pro,None
REC-101096,0714-012-878,N/A,"Nov 19, 2023 16:21",SMS_PACK,,TERMINATED,Mbeya,30s,2G GSM,Unknown,"USSD session timeout, retry OK"
REC-101276,+255/714/028222,tel:+255-714-013152,1701636128,BUNDLE_PURCHASE,  112030  ,pending,dar-es-salaam,1800,5G NR,"iPhone 13,2 (iOS 16.5)",Standard call; cell handover success
REC-100010,0714-030-688,0714025208,2023-11-09 16:11:59,SMS_PACK,  45118  ,Suspended,Arusha,30s,unknown,"iPhone 13,2 (iOS 16.5)",Standard call; cell handover success
REC-101807,+255/714/025619,+255 714 018 495,"Nov 17, 2023 10:06",VOICE_CALL,$ 37.51 USD,ACTIVE,Arusha (CBD),-15,2G GSM,Samsung Galaxy A14; Android 13,Flagged for KYC update; verified by agent
REC-101049,255714023153,+255(0)714022879,30-11-2023 07:57:38,BUNDLE_PURCHASE,$ 23.77 USD,Suspended,mwanza,30s,4G,Transsion Infinix Hot 30,None
REC-100561,N/A,0714026578,11/12/2023 12:26 PM,TIGO_PESA_CASH_IN,$ 44.26 USD,ACTV,Mbeya,N/A,4G LTE,"iPhone 13,2 (iOS 16.5)",Flagged for KYC update; verified by agent
REC-100118,  714022742  ,+255 714 011 645,11/27/2023 10:40 AM,SMS_PACK,"124,751.0200",ACTIVE,dar-es-salaam,-15,5G NR,"iPhone 13,2 (iOS 16.5)",None
REC-100707,+255 714 024 249,0714006302,11/06/2023 09:49 AM,DATA_RECHARGE,  86475  ,  active  ,Mbeya,360,unknown,Unknown,"VIP Subscriber, priority routing"
REC-101848,+255 714 011 645,+255(0)714025619,05-11-2023 23:38:13,BUNDLE_PURCHASE,"116,640.43",  active  ,Arusha (CBD),360,LTE-A,Huawei P40 Lite,"VIP Subscriber, priority routing"
REC-102398,+255(0)714025619,0714015481,2023-11-18 18:22:24,TIGO_PESA_CASH_OUT,"TZS 12,944.01/=",  active  ,dar-es-salaam,-15,unknown,Huawei P40 Lite,"VIP Subscriber, priority routing"
REC-100413,tel:+255-714-021509,+255/714/017125,2023-11-25T06:21:38+03:00,TIGO_PESA_CASH_OUT,  116544  ,churn,Mwanza Rock City,02:15,2G GSM,Nokia 105 (Feature Phone),Standard call; cell handover success
REC-100751,tel:+255-714-023975,N/A,09-11-2023 20:32:22,DATA_RECHARGE,NaN,CHURNED,dar-es-salaam,30s,4G LTE,Tecno Spark 10 Pro,"VIP Subscriber, priority routing"
REC-101410,0714033565,0714-017-536,23-11-2023 05:56:26,BUNDLE_PURCHASE,"85,400.83",,ZNZ,1800,unknown,"iPhone 13,2 (iOS 16.5)",None
REC-101242,+255 714 008 357,+255/714/031784,08-11-2023 02:38:23,DATA_RECHARGE,"TZS 81,080.93/=",UNKNOWN,Mbeya,0,5G NR,Tecno Spark 10 Pro,"USSD session timeout, retry OK"
REC-101064,+255(0)714021920,+255 714 001 233,"Nov 27, 2023 15:18",BUNDLE_PURCHASE,"96,896.13",churn,Zanzibar,120,LTE-A,Transsion Infinix Hot 30,Standard call; cell handover success
REC-101372,  714006028  ,0714-002-055,2023-11-27 12:49:50,TIGO_PESA_CASH_IN,"TZS 71,254.65/=",SUSPENDED,Arusha (CBD),02:15,2G GSM,Samsung Galaxy A14; Android 13,"USSD session timeout, retry OK"
REC-101543,+255(0)714028085,tel:+255-714-033428,11/30/2023 10:07 AM,TIGO_PESA_CASH_IN,NaN,ACTV,Arusha﻿,N/A,4G,Nokia 105 (Feature Phone),Flagged for KYC update; verified by agent
REC-102304,0714-006-850,  714003562  ,1700734627,TIGO_PESA_CASH_IN,"TZS 47,548.02/=",ACTV,Zanzibar,30s,LTE-A,Transsion Infinix Hot 30,Standard call; cell handover success
REC-100003,  714007535  ,+255 714 033 565,07-11-2023 08:29:38,TIGO_PESA_CASH_IN,"90,757.0400",null,  Dar es Salaam  ,02:15,4G LTE,Huawei P40 Lite,"USSD session timeout, retry OK"
REC-101472,+255 714 002 466,0714-023-975,24-11-2023 16:33:36,SMS_PACK,  132577  ,  active  ,"Stone Town, Zanzibar",360,3G WCDMA,Unknown,Standard call; cell handover success
REC-102216,+255 714 009 590,+255/714/017947,2023/11/04,DATA_RECHARGE,"116,019.04",suspnded,ZNZ,360,4G,Nokia 105 (Feature Phone),None
REC-100006,0714-024-112,255714019454,1699334620,DATA_RECHARGE,"123,359.4900",  active  ,Arusha (CBD),30s,4G,Nokia 105 (Feature Phone),"Customer stated: ""Cannot connect to 4G in Posta area, please help"""
REC-100039,0714030140,  714016577  ,1700263128,BUNDLE_PURCHASE,"TZS 72,947.25/=",pending,dar-es-salaam,360,4G,Tecno Spark 10 Pro,"USSD session timeout, retry OK"
REC-101031,tel:+255-714-032058,+255/714/030688,2023-11-21 00:32:31,BUNDLE_PURCHASE,"TZS 53,393.05/=",churn,  Dar es Salaam  ,360,2G GSM,Huawei P40 Lite,"VIP Subscriber, priority routing"
REC-100198,0000000000,tel:+255-714-019728,11/20/2023 02:33 PM,TIGO_PESA_CASH_OUT,"TZS 16,338.71/=",suspnded,ZNZ,1800,2G GSM,Huawei P40 Lite,
REC-100224,+255/714/013563,0714030140,12-11-2023 21:30:51,TIGO_PESA_CASH_OUT,"-143,190.72",  active  ,Dar es Salaam,360,4G,Samsung Galaxy A14; Android 13,"VIP Subscriber, priority routing"
REC-101816,+255 714 002 055,0714-013-015,2023-11-16 10:00:41,BUNDLE_PURCHASE,"49,296.39",TERMINATED,DAR ES SALAAM,02:15,5G NR,Nokia 105 (Feature Phone),
REC-100300,+255/714/019180,  714000000  ,22-11-2023 03:23:56,BUNDLE_PURCHASE,  84569  ,pending,Mwanza Rock City,30s,unknown,Samsung Galaxy A14; Android 13,None
REC-100288,255714014522,+255(0)714015481,11-11-2023 22:37:41,DATA_RECHARGE,  104431  ,Terminated,Dodoma ,0,LTE-A,Huawei P40 Lite,"USSD session timeout, retry OK"
REC-101960,0000000000,+255 714 001 096,2023-11-12 03:00:50,BUNDLE_PURCHASE,$ 2.90 USD,CHURNED,Dar es Salaam,45,4G,Samsung Galaxy A14; Android 13,"Customer stated: ""Cannot connect to 4G in Posta area, please help"""
REC-102484,0714-010-549,tel:+255-714-019591,2023-11-12T22:37:57+03:00,SMS_PACK,  105989  ,suspnded,Mwanza Rock City,30s,unknown,"iPhone 13,2 (iOS 16.5)",None
REC-101351,0714-005-617,0714016714,2023-12-03 14:11:08,BUNDLE_PURCHASE,  9697  ,  active  ,Dodoma ,02:15,unknown,Huawei P40 Lite,"VIP Subscriber, priority routing"
REC-101166,+255/714/004521,+255/714/008357,11/25/2023 09:45 AM,TIGO_PESA_CASH_OUT,"TZS 37,245.44/=",actve,Arusha﻿,45,LTE-A,Huawei P40 Lite,None
REC-101238,255714002466,0714005343,"Nov 12, 2023 13:50",TIGO_PESA_CASH_IN,  107198  ,UNKNOWN,Morogoro,30s,3G WCDMA,"iPhone 13,2 (iOS 16.5)",None
REC-100178,+255(0)714008494,N/A,11/28/2023 05:30 AM,SMS_PACK,$ 38.57 USD,SUSPENDED,Dodoma,45,4G,Nokia 105 (Feature Phone),Standard call; cell handover success
REC-102002,0000000000,+255 714 015 618,"Nov 25, 2023 05:56",VOICE_CALL,$ 40.74 USD,Pending_Kyc​,  Dar es Salaam  ,02:15,5G NR,Nokia 105 (Feature Phone),Standard call; cell handover success
REC-100565,+255 714 023 838,255714023838,2023/11/04,TIGO_PESA_CASH_IN,"TZS 23,489.43/=",Pending_Kyc​,Zanzibar,360,2G GSM,Nokia 105 (Feature Phone),"VIP Subscriber, priority routing"
REC-101185,0714005206,+255/714/018906,2023/11/04,VOICE_CALL,TZS 812.05/=,ACTV,mwanza,30s,LTE-A,Nokia 105 (Feature Phone),None
REC-102387,+255(0)714005754,+255 714 031 236,11/11/2023 07:49 PM,DATA_RECHARGE,$ 41.64 USD,ACTIVE,dar-es-salaam,45,3G WCDMA,Huawei P40 Lite,Standard call; cell handover success
REC-101257,0714-006-439,+255/714/010275,1699454866,TIGO_PESA_CASH_OUT,"56,902.03",TERMINATED,mwanza,1800,2G GSM,Unknown,Standard call; cell handover success
REC-101859,+255/714/027263,+255/714/005069,1701461923,TIGO_PESA_CASH_IN,$ 24.98 USD,ACTIVE,Dodoma ,45,4G,"iPhone 13,2 (iOS 16.5)","Customer stated: ""Cannot connect to 4G in Posta area, please help"""
REC-100505,255714029866,255714014933,11/21/2023 01:34 PM,TIGO_PESA_CASH_IN,FREE,  active  ,Arusha (CBD),N/A,LTE-A,Transsion Infinix Hot 30,None
REC-102410,tel:+255-714-022742,+255/714/009590,2023-11-06 10:41:22,DATA_RECHARGE,FREE,TERMINATED,Arusha,30s,2G GSM,Transsion Infinix Hot 30,
REC-101775,255714001233,0714013289,1701318533,TIGO_PESA_CASH_OUT,"TZS 42,913.72/=",CHURNED,Morogoro,360,2G GSM,Unknown,"Customer stated: ""Cannot connect to 4G in Posta area, please help"""
REC-102071,0714004932,+255(0)714029592,11/11/2023 12:53 AM,SMS_PACK,FREE,pending,Mbeya,120,4G LTE,Tecno Spark 10 Pro,"USSD session timeout, retry OK"
REC-100979,0714-017-262,  714005617  ,"Nov 09, 2023 02:24",TIGO_PESA_CASH_OUT,  51694  ,SUSPENDED,Arusha (CBD),0,unknown,"iPhone 13,2 (iOS 16.5)",Flagged for KYC update; verified by agent
REC-101290,N/A,N/A,11/12/2023 07:44 PM,DATA_RECHARGE,,actve,Zanzibar,1800,4G LTE,Transsion Infinix Hot 30,"VIP Subscriber, priority routing"
REC-100480,0714-019-454,0000000000,UNKNOWN_TIME,BUNDLE_PURCHASE,$ 30.55 USD,Suspended,Mwanza,-15,4G,Samsung Galaxy A14; Android 13,None
REC-101272,+255(0)714014796,N/A,"Nov 29, 2023 23:17",TIGO_PESA_CASH_IN,,actve,Arusha﻿,360,2G GSM,Samsung Galaxy A14; Android 13,None
REC-101345,+255 714 001 096,255714015618,1701319437,TIGO_PESA_CASH_OUT,"TZS 139,894.16/=",Suspended,DAR ES SALAAM,360,2G GSM,"iPhone 13,2 (iOS 16.5)","Customer stated: ""Cannot connect to 4G in Posta area, please help"""
REC-100805,0000000000,N/A,11/24/2023 01:31 AM,VOICE_CALL,NaN,Active,Mwanza Rock City,-15,4G LTE,Transsion Infinix Hot 30,"VIP Subscriber, priority routing"
REC-102176,+255/714/032606,255714026167,"Nov 28, 2023 13:50",DATA_RECHARGE,"7,687.63",Suspended,DODOMA (Capital),360,2G GSM,Huawei P40 Lite,"VIP Subscriber, priority routing"
REC-101449,+255/714/023290,+255 714 026 304,UNKNOWN_TIME,SMS_PACK,,ACTIVE,Arusha (CBD),0,4G LTE,Tecno Spark 10 Pro,"USSD session timeout, retry OK"
REC-100386,+255(0)714021783,+255 714 024 523,2023-11-07 22:47:46,VOICE_CALL,"TZS 139,566.55/=",Pending_Kyc​,dar-es-salaam,N/A,unknown,Nokia 105 (Feature Phone),"VIP Subscriber, priority routing"
REC-101480,N/A,tel:+255-714-010823,"Dec 02, 2023 05:21",SMS_PACK,"TZS 57,349.81/=",null,Mwanza Rock City,120,4G,Nokia 105 (Feature Phone),"USSD session timeout, retry OK"
REC-101346,0714-013-289,+255 714 011 782,2023-11-19 03:27:16,BUNDLE_PURCHASE,"-15,992.62",actve,dar-es-salaam,360,4G LTE,Unknown,Standard call; cell handover success
REC-101946,0714-019-180,tel:+255-714-001233,"Dec 04, 2023 03:12",DATA_RECHARGE,"TZS 3,874.64/=",CHURNED,"Stone Town, Zanzibar",1800,LTE-A,Nokia 105 (Feature Phone),"VIP Subscriber, priority routing"
REC-101739,255714003425,+255/714/013563,11/14/2023 01:18 AM,TIGO_PESA_CASH_OUT,$ 10.88 USD,churn,ZNZ,30s,3G WCDMA,Transsion Infinix Hot 30,None
REC-100201,tel:+255-714-001507,+255 714 028 359,11/09/2023 07:38 PM,SMS_PACK,NaN,suspnded,ZNZ,45,2G GSM,"iPhone 13,2 (iOS 16.5)","USSD session timeout, retry OK"
REC-100469,  714027263  ,+255(0)714028359,2023-11-27 21:52:12,VOICE_CALL,NaN,CHURNED,Mwanza Rock City,360,3G WCDMA,Samsung Galaxy A14; Android 13,
REC-101956,0714-015-755,  714002055  ,2023-11-11 12:27:32,BUNDLE_PURCHASE,  119327  ,Terminated,Dodoma,45,4G,Unknown,"VIP Subscriber, priority routing"
REC-102490,tel:+255-714-017399,0000000000,28-11-2023 13:36:40,TIGO_PESA_CASH_OUT,$ 0.48 USD,null,  Dar es Salaam  ,45,5G NR,"iPhone 13,2 (iOS 16.5)",Flagged for KYC update; verified by agent
REC-102428,  714024523  ,0714-023-153,2023-11-26 23:23:11,SMS_PACK,"TZS 57,118.50/=",suspnded,Arusha,-15,2G GSM,Transsion Infinix Hot 30,"Customer stated: ""Cannot connect to 4G in Posta area, please help"""
REC-101740,+255/714/001096,0714-014-796,11/18/2023 04:47 PM,DATA_RECHARGE,"TZS 93,739.52/=",TERMINATED,Dodoma ,0,3G WCDMA,Tecno Spark 10 Pro,None
REC-102373,+255 714 023 838,0714-026-852,2023-11-11 05:17:19,SMS_PACK,"120,273.82",SUSPENDED,Zanzibar,120,5G NR,Nokia 105 (Feature Phone),
REC-100696,  714010960  ,0714-005-069,2023-11-26 15:14:58,DATA_RECHARGE,"TZS 90,419.08/=",Active,Tanga,30s,5G NR,Huawei P40 Lite,
REC-101679,  714016303  ,tel:+255-714-020961,24-11-2023 16:19:00,VOICE_CALL,$ 25.72 USD,UNKNOWN,  Dar es Salaam  ,N/A,unknown,"iPhone 13,2 (iOS 16.5)",Flagged for KYC update; verified by agent
REC-101954,+255 714 000 137,+255 714 026 852,"Nov 19, 2023 10:51",VOICE_CALL,"108,161.87",churn,Tanga,0,5G NR,Huawei P40 Lite,"USSD session timeout, retry OK"
REC-100122,  714000548  ,255714012467,1699534797,BUNDLE_PURCHASE,"110,410.45",Active,Dodoma,1800,5G NR,Unknown,
REC-102255,+255 714 032 058,  714020002  ,11/30/2023 10:18 AM,SMS_PACK,"3,305.04",Terminated,"Stone Town, Zanzibar",02:15,4G LTE,Nokia 105 (Feature Phone),"VIP Subscriber, priority routing"
REC-102369,0000000000,255714020002,2023-11-26T09:01:20+03:00,BUNDLE_PURCHASE,NaN,Pending_Kyc​,Mwanza Rock City,02:15,LTE-A,Unknown,Standard call; cell handover success
REC-102320,+255(0)714020550,N/A,11/17/2023 06:36 AM,TIGO_PESA_CASH_OUT,"TZS 45,687.82/=",,Mbeya,N/A,4G LTE,Samsung Galaxy A14; Android 13,"USSD session timeout, retry OK"
REC-102077,+255(0)714016988,tel:+255-714-023838,11/15/2023 12:42 PM,SMS_PACK,"126,519.4200",SUSPENDED,Arusha,0,LTE-A,Nokia 105 (Feature Phone),Flagged for KYC update; verified by agent
REC-100394,+255/714/016988,tel:+255-714-028907,1699499985,BUNDLE_PURCHASE,"TZS 96,517.07/=",,DODOMA (Capital),0,unknown,Samsung Galaxy A14; Android 13,None
REC-100082,  714012741  ,+255 714 003 151,26-11-2023 14:05:10,TIGO_PESA_CASH_IN,  101088  ,,DODOMA (Capital),30s,4G LTE,Nokia 105 (Feature Phone),Flagged for KYC update; verified by agent
REC-101729,  714006028  ,0714-000-548,02-12-2023 21:12:55,DATA_RECHARGE,NaN,Term,Dodoma,0,unknown,Huawei P40 Lite,"Customer stated: ""Cannot connect to 4G in Posta area, please help"""
REC-100549,+255/714/010412,0714-007-261,11/19/2023 09:46 PM,SMS_PACK,"TZS 61,240.18/=",  active  ,"Stone Town, Zanzibar",N/A,LTE-A,Transsion Infinix Hot 30,None
REC-102498,0714-015-618,0714020550,11/06/2023 11:14 AM,DATA_RECHARGE,"46,446.0300",Active,ARUSHA,02:15,4G,Transsion Infinix Hot 30,Standard call; cell handover success
REC-102366,N/A,tel:+255-714-023975,2023-11-19T13:03:24+03:00,TIGO_PESA_CASH_IN,,pending,DODOMA (Capital),45,LTE-A,Transsion Infinix Hot 30,Flagged for KYC update; verified by agent
REC-102073,  714032469  ,0714-025-071,11/07/2023 08:26 PM,TIGO_PESA_CASH_IN,"44,919.35",churn,ARUSHA,N/A,3G WCDMA,"iPhone 13,2 (iOS 16.5)",
REC-101163,tel:+255-714-030551,+255(0)714003151,1699837962,TIGO_PESA_CASH_IN,NaN,SUSPENDED,Arusha﻿,-15,unknown,"iPhone 13,2 (iOS 16.5)",Standard call; cell handover success
REC-101651,0000000000,N/A,2023/11/04,TIGO_PESA_CASH_OUT,"72,264.32",suspnded,DAR ES SALAAM,-15,4G LTE,Huawei P40 Lite,None
REC-100093,N/A,tel:+255-714-013015,08-11-2023 22:30:24,VOICE_CALL,"TZS 14,437.90/=",CHURNED,Arusha,1800,4G LTE,Huawei P40 Lite,Standard call; cell handover success
REC-101306,+255(0)714017262,+255/714/013426,25-11-2023 16:44:25,BUNDLE_PURCHASE,FREE,ACTV,Mwanza Rock City,1800,2G GSM,"iPhone 13,2 (iOS 16.5)","Customer stated: ""Cannot connect to 4G in Posta area, please help"""
REC-101516,0000000000,0714014659,11/30/2023 10:54 PM,SMS_PACK,$ 45.80 USD,Terminated,Morogoro,N/A,2G GSM,Transsion Infinix Hot 30,"USSD session timeout, retry OK"
REC-101448,+255/714/001507,+255 714 033 428,11/13/2023 07:03 PM,DATA_RECHARGE,$ 27.93 USD,CHURNED,Morogoro,30s,LTE-A,Samsung Galaxy A14; Android 13,Flagged for KYC update; verified by agent
REC-101716,+255 714 023 838,+255/714/031373,01-12-2023 10:07:35,BUNDLE_PURCHASE,"43,083.1400",suspnded,Arusha (CBD),45,5G NR,Unknown,Flagged for KYC update; verified by agent
REC-100071,255714031921,0000000000,1699737975,TIGO_PESA_CASH_OUT,"TZS 144,741.25/=",,Mwanza Rock City,0,unknown,Unknown,"Customer stated: ""Cannot connect to 4G in Posta area, please help"""
REC-100249,+255 714 001 233,+255(0)714003151,2023-11-27 17:07:11,VOICE_CALL,  50094  ,ACTV,Mwanza Rock City,45,unknown,Unknown,None
REC-100568,0714-005-343,  714004110  ,1700400659,SMS_PACK,"90,725.28",actve,Dodoma,1800,4G,Transsion Infinix Hot 30,"Customer stated: ""Cannot connect to 4G in Posta area, please help"""
REC-100665,255714007398,0714-003-699,11/19/2023 08:40 PM,VOICE_CALL,$ 23.47 USD,  active  ,,360,LTE-A,Huawei P40 Lite,"USSD session timeout, retry OK"
REC-100953,255714011919,0714011097,28-11-2023 17:34:11,DATA_RECHARGE,"TZS 80,069.93/=",churn,Mwanza,02:15,4G LTE,Nokia 105 (Feature Phone),None
REC-100186,+255/714/019865,tel:+255-714-029181,23-11-2023 03:26:07,SMS_PACK,,  active  ,ZNZ,30s,4G LTE,Samsung Galaxy A14; Android 13,"Customer stated: ""Cannot connect to 4G in Posta area, please help"""
REC-102106,0714-028-359,0714-010-001,23-11-2023 03:17:14,BUNDLE_PURCHASE,$ 56.69 USD,Term,Dar es Salaam,N/A,5G NR,"iPhone 13,2 (iOS 16.5)","USSD session timeout, retry OK"
REC-101711,255714014659,255714015755,2023-11-12 13:51:51,BUNDLE_PURCHASE,"96,855.93",Suspended,Morogoro,N/A,5G NR,Huawei P40 Lite,
REC-100177,0714-019-728,+255 714 030 277,12/02/2023 08:40 PM,BUNDLE_PURCHASE,"108,141.78",Suspended,Mwanza Rock City,120,3G WCDMA,Huawei P40 Lite,None
REC-100156,  714029318  ,0714-013-837,1700314112,VOICE_CALL,$ 0.75 USD,actve,Mwanza Rock City,360,3G WCDMA,Nokia 105 (Feature Phone),Standard call; cell handover success
REC-100708,0714002877,255714004247,25-11-2023 01:06:45,SMS_PACK,512.79,UNKNOWN,mwanza,1800,3G WCDMA,"iPhone 13,2 (iOS 16.5)",Standard call; cell handover success
REC-100333,  714018084  ,255714031784,2023-11-06T18:19:32+03:00,VOICE_CALL,"147,098.17",UNKNOWN,N/A,360,unknown,Nokia 105 (Feature Phone),"USSD session timeout, retry OK"
REC-101386,255714007809,0714-029-318,11/22/2023 06:54 PM,TIGO_PESA_CASH_IN,  82114  ,null,Tanga,120,LTE-A,Huawei P40 Lite,"Customer stated: ""Cannot connect to 4G in Posta area, please help"""
REC-100569,0714030962,+255(0)714013563,11/25/2023 12:30 AM,TIGO_PESA_CASH_IN,"92,273.23",PENDING_KYC,dar-es-salaam,-15,2G GSM,Tecno Spark 10 Pro,"Customer stated: ""Cannot connect to 4G in Posta area, please help"""
REC-101958,+255 714 021 646,0714-020-961,12-11-2023 03:06:37,BUNDLE_PURCHASE,"TZS 21,255.77/=",Terminated,dar-es-salaam,02:15,3G WCDMA,Huawei P40 Lite,None
REC-101164,+255 714 024 934,+255 714 002 603,1699849650,BUNDLE_PURCHASE,$ 7.62 USD,CHURNED,ARUSHA,45,2G GSM,"iPhone 13,2 (iOS 16.5)",Flagged for KYC update; verified by agent
REC-102456,tel:+255-714-022879,N/A,2023-11-10 02:23:00,BUNDLE_PURCHASE,$ 47.63 USD,Active,Mwanza Rock City,-15,4G LTE,"iPhone 13,2 (iOS 16.5)",
REC-101198,+255/714/031236,  714022742  ,"Dec 02, 2023 15:27",TIGO_PESA_CASH_IN,"TZS 59,524.48/=",suspnded,DAR ES SALAAM,120,unknown,Transsion Infinix Hot 30,Flagged for KYC update; verified by agent
REC-101342,0714010549,tel:+255-714-006850,1699908876,VOICE_CALL,"TZS 92,005.99/=",ACTIVE,Morogoro,02:15,3G WCDMA,Samsung Galaxy A14; Android 13,Flagged for KYC update; verified by agent
REC-102131,tel:+255-714-002740,+255(0)714020961,23-11-2023 21:12:36,TIGO_PESA_CASH_IN,"TZS 149,045.96/=",actve,,30s,2G GSM,"iPhone 13,2 (iOS 16.5)",
REC-101591,tel:+255-714-003562,+255/714/005754,04-11-2023 16:05:43,SMS_PACK,"TZS 37,745.96/=",SUSPENDED,dar-es-salaam,0,LTE-A,Unknown,"Customer stated: ""Cannot connect to 4G in Posta area, please help"""
REC-100238,255714015755,+255 714 016 303,11/14/2023 02:08 PM,TIGO_PESA_CASH_OUT,"46,592.00",actve,dar-es-salaam,45,unknown,Nokia 105 (Feature Phone),"USSD session timeout, retry OK"
REC-100253,0000000000,0714-028-359,28-11-2023 14:19:10,DATA_RECHARGE,"TZS 50,009.68/=",CHURNED,Mwanza Rock City,45,LTE-A,Samsung Galaxy A14; Android 13,None
REC-100251,+255 714 010 549,0714-011-234,2023/11/04,SMS_PACK,  47934  ,null,Tanga,30s,4G,Nokia 105 (Feature Phone),Standard call; cell handover success
REC-102406,+255 714 020 550,+255 714 021 372,2023/11/04,BUNDLE_PURCHASE,"60,414.78",Active,,30s,3G WCDMA,Tecno Spark 10 Pro,"USSD session timeout, retry OK"
REC-100902,255714007672,0714-033-839,11/30/2023 09:26 AM,BUNDLE_PURCHASE,"TZS 37,069.80/=",Pending_Kyc​,DODOMA (Capital),30s,unknown,Huawei P40 Lite,
REC-102388,0714-001-781,255714031510,11/28/2023 10:34 PM,BUNDLE_PURCHASE,"-48,944.57",PENDING_KYC,Dar es Salaam,02:15,unknown,Nokia 105 (Feature Phone),None
REC-101867,0714026715,+255 714 003 425,1701148725,VOICE_CALL,"137,353.55",Active,  Dar es Salaam  ,-15,3G WCDMA,Huawei P40 Lite,Flagged for KYC update; verified by agent
REC-100309,+255 714 001 781,0714-023-427,1700302152,SMS_PACK,FREE,Terminated,Arusha (CBD),1800,4G LTE,Tecno Spark 10 Pro,None
REC-100578,+255/714/010275,255714019865,11/09/2023 11:50 AM,SMS_PACK,"127,220.61",PENDING_KYC,"Stone Town, Zanzibar",1800,5G NR,Samsung Galaxy A14; Android 13,"Customer stated: ""Cannot connect to 4G in Posta area, please help"""
REC-101356,0714-014-385,0714019317,11/08/2023 09:03 PM,TIGO_PESA_CASH_OUT,$ 9.88 USD,null,Dar es Salaam,1800,4G LTE,Unknown,
REC-101931,  714008357  ,+255 714 019 317,2023-11-28T17:58:07+03:00,TIGO_PESA_CASH_IN,"TZS 92,392.60/=",churn,  Dar es Salaam  ,360,4G,"iPhone 13,2 (iOS 16.5)",
REC-100323,N/A,  714031099  ,1700665022,VOICE_CALL,$ 33.30 USD,actve,DAR ES SALAAM,-15,2G GSM,Huawei P40 Lite,"Customer stated: ""Cannot connect to 4G in Posta area, please help"""
REC-101939,0714-002-055,0000000000,1701137850,DATA_RECHARGE,"TZS 80,676.65/=",PENDING_KYC,ARUSHA,120,2G GSM,Nokia 105 (Feature Phone),"VIP Subscriber, priority routing"
REC-100869,tel:+255-714-001233,+255/714/006439,06-11-2023 13:06:14,BUNDLE_PURCHASE,"TZS 107,744.98/=",TERMINATED,Mwanza,-15,LTE-A,Unknown,None
REC-102380,255714028085,  714023564  ,2023-11-11 03:43:13,TIGO_PESA_CASH_OUT,,,Tanga,-15,5G NR,Nokia 105 (Feature Phone),None
REC-100014,+255 714 002 192,+255(0)714011782,04-11-2023 20:36:00,VOICE_CALL,"TZS 106,322.22/=",  active  ,DAR ES SALAAM,30s,4G LTE,Huawei P40 Lite,Flagged for KYC update; verified by agent
REC-101968,+255/714/013426,tel:+255-714-022057,2023-11-16 10:55:11,DATA_RECHARGE,  23100  ,actve,Mbeya,30s,2G GSM,"iPhone 13,2 (iOS 16.5)","VIP Subscriber, priority routing"
REC-100135,+255/714/017536,+255/714/031921,19-11-2023 06:33:10,DATA_RECHARGE,NaN,suspnded,Dodoma,1800,5G NR,Unknown,"VIP Subscriber, priority routing"
REC-102043,0714-026-578,  714011508  ,1699521822,VOICE_CALL,  21764  ,,Dar es Salaam,360,unknown,"iPhone 13,2 (iOS 16.5)","Customer stated: ""Cannot connect to 4G in Posta area, please help"""
REC-102391,+255 714 027 126,0714030414,2023-12-04 08:32:29,BUNDLE_PURCHASE,$ 30.11 USD,ACTV,Mbeya,360,4G,Transsion Infinix Hot 30,Standard call; cell handover success
REC-100630,0714020413,tel:+255-714-015207,12/02/2023 08:14 PM,BUNDLE_PURCHASE,"TZS 116,436.60/=",Terminated,Tanga,30s,5G NR,Tecno Spark 10 Pro,"VIP Subscriber, priority routing"
REC-101623,  714030551  ,255714011097,2023-11-16T00:29:53+03:00,TIGO_PESA_CASH_IN,FREE,ACTV,"Stone Town, Zanzibar",0,3G WCDMA,Tecno Spark 10 Pro,Flagged for KYC update; verified by agent
REC-100773,+255/714/015755,0000000000,2023-11-07 06:42:01,SMS_PACK,  118693  ,null,Dar es Salaam,45,unknown,Samsung Galaxy A14; Android 13,"USSD session timeout, retry OK"
REC-100107,+255 714 029 044,+255/714/010001,2023-12-04T08:45:32+03:00,BUNDLE_PURCHASE,$ 30.52 USD,null,DAR ES SALAAM,N/A,unknown,Huawei P40 Lite,
REC-101254,+255 714 005 343,tel:+255-714-023564,"Nov 18, 2023 20:05",SMS_PACK,$ 10.42 USD,Terminated,Dodoma ,360,4G,Samsung Galaxy A14; Android 13,Flagged for KYC update; verified by agent
REC-102308,+255 714 001 233,+255(0)714002740,11/20/2023 03:21 PM,TIGO_PESA_CASH_IN,"TZS 61,347.05/=",Term,Arusha﻿,02:15,4G LTE,Transsion Infinix Hot 30,"USSD session timeout, retry OK"
REC-100628,255714021646,N/A,1701004535,BUNDLE_PURCHASE,"TZS 49,564.95/=",actve,Dar es Salaam,0,2G GSM,Unknown,None
REC-101153,+255 714 019 865,255714002055,"Nov 17, 2023 23:09",TIGO_PESA_CASH_IN,"TZS 64,755.50/=",,Mwanza,1800,5G NR,Unknown,Flagged for KYC update; verified by agent
REC-100176,255714022742,255714012467,2023-11-27T03:09:22+03:00,VOICE_CALL,"120,521.0800",Term,Arusha (CBD),30s,5G NR,Transsion Infinix Hot 30,"VIP Subscriber, priority routing"
REC-102311,N/A,+255/714/033291,"Nov 19, 2023 17:07",BUNDLE_PURCHASE,$ 54.47 USD,Suspended,DAR ES SALAAM,N/A,2G GSM,Samsung Galaxy A14; Android 13,"VIP Subscriber, priority routing"
REC-101461,+255/714/016166,tel:+255-714-016166,2023-11-26 02:35:19,VOICE_CALL,"14,079.70",SUSPENDED,Arusha﻿,1800,4G LTE,"iPhone 13,2 (iOS 16.5)",Flagged for KYC update; verified by agent
REC-101912,0714003562,0714-011-782,24-11-2023 19:37:57,DATA_RECHARGE,$ 44.75 USD,suspnded,Mwanza Rock City,360,4G,Nokia 105 (Feature Phone),"USSD session timeout, retry OK"
REC-100430,  714016166  ,N/A,2023-11-29 19:18:59,TIGO_PESA_CASH_IN,  84959  ,null,Mbeya,-15,4G,Huawei P40 Lite,
REC-101785,N/A,0000000000,2023-11-22 11:19:42,TIGO_PESA_CASH_OUT,FREE,  active  ,"Stone Town, Zanzibar",30s,4G,Nokia 105 (Feature Phone),"VIP Subscriber, priority routing"
REC-100902,255714007672,0714-033-839,11/30/2023 09:26 AM,BUNDLE_PURCHASE,"TZS 37,069.80/=",Pending_Kyc​,DODOMA (Capital),30s,unknown,Huawei P40 Lite,
REC-102455,0714-028-633,0714024386,2023-11-25 10:25:04,SMS_PACK,"TZS 60,104.51/=",Terminated,dar-es-salaam,N/A,4G LTE,Samsung Galaxy A14; Android 13,None
REC-101566,tel:+255-714-021509,+255(0)714005891,"Nov 07, 2023 09:42",TIGO_PESA_CASH_OUT,  60017  ,SUSPENDED,Zanzibar,02:15,4G,Unknown,Flagged for KYC update; verified by agent
REC-101100,255714009453,0000000000,"Nov 30, 2023 13:04",DATA_RECHARGE,  123708  ,actve,mwanza,-15,LTE-A,"iPhone 13,2 (iOS 16.5)",Standard call; cell handover success
REC-100878,+255/714/031510,+255 714 006 302,2023-11-17 07:04:39,BUNDLE_PURCHASE,$ 42.74 USD,actve,Arusha,-15,unknown,Transsion Infinix Hot 30,"VIP Subscriber, priority routing"
REC-100377,  714008631  ,0714013426,1699240552,DATA_RECHARGE,"69,394.7800",Suspended,"Stone Town, Zanzibar",02:15,LTE-A,Tecno Spark 10 Pro,"USSD session timeout, retry OK"
REC-101788,0714-017-125,0714-017-262,21-11-2023 11:32:58,VOICE_CALL,"TZS 34,250.48/=",,,45,4G LTE,"iPhone 13,2 (iOS 16.5)",
REC-100171,+255(0)714019454,  714033154  ,2023-11-25 05:56:49,BUNDLE_PURCHASE,,churn,ZNZ,30s,LTE-A,Transsion Infinix Hot 30,"Customer stated: ""Cannot connect to 4G in Posta area, please help"""
REC-102054,+255 714 021 235,tel:+255-714-021372,11/05/2023 04:30 PM,SMS_PACK,"43,143.02",  active  ,ZNZ,120,LTE-A,Tecno Spark 10 Pro,Flagged for KYC update; verified by agent
REC-101045,+255 714 034 113,tel:+255-714-012056,11/09/2023 03:58 PM,BUNDLE_PURCHASE,"26,950.78",SUSPENDED,ZNZ,45,unknown,Unknown,"Customer stated: ""Cannot connect to 4G in Posta area, please help"""
REC-100961,N/A,0714029729,1700103761,DATA_RECHARGE,  71089  ,Suspended,Mwanza Rock City,45,5G NR,Samsung Galaxy A14; Android 13,"VIP Subscriber, priority routing"
REC-101367,  714021372  ,+255 714 015 618,1700207773,DATA_RECHARGE,FREE,ACTV,Dar es Salaam,120,3G WCDMA,Samsung Galaxy A14; Android 13,Standard call; cell handover success
REC-100967,0714011508,0714-027-537,11/06/2023 05:52 AM,DATA_RECHARGE,"22,629.58",suspnded,Dodoma,30s,LTE-A,Tecno Spark 10 Pro,"USSD session timeout, retry OK"
REC-101693,0714-000-822,+255/714/016029,22-11-2023 01:34:45,TIGO_PESA_CASH_OUT,"120,923.5900",suspnded,"Stone Town, Zanzibar",-15,4G,Samsung Galaxy A14; Android 13,"Customer stated: ""Cannot connect to 4G in Posta area, please help"""
REC-101893,0714-031-921,+255 714 018 769,16-11-2023 05:14:27,DATA_RECHARGE,NaN,TERMINATED,DODOMA (Capital),0,5G NR,Nokia 105 (Feature Phone),"Customer stated: ""Cannot connect to 4G in Posta area, please help"""
REC-101582,0714-018-906,+255(0)714019317,09-11-2023 15:42:18,BUNDLE_PURCHASE,,suspnded,Dar es Salaam,45,3G WCDMA,Unknown,"USSD session timeout, retry OK"
REC-100916,+255(0)714010823,+255(0)714029318,11/04/2023 12:35 PM,DATA_RECHARGE,FREE,ACTV,Dodoma ,1800,3G WCDMA,Transsion Infinix Hot 30,
REC-100862,+255/714/013426,+255 714 010 412,12/04/2023 02:37 AM,TIGO_PESA_CASH_OUT,FREE,churn,Zanzibar,-15,4G,"iPhone 13,2 (iOS 16.5)","Customer stated: ""Cannot connect to 4G in Posta area, please help"""
REC-102191,+255 714 022 194,  714025071  ,03-12-2023 03:28:02,TIGO_PESA_CASH_OUT,"108,194.4600",Terminated,  Dar es Salaam  ,1800,5G NR,Nokia 105 (Feature Phone),"USSD session timeout, retry OK"
REC-101412,+255 714 001 233,  714028359  ,23-11-2023 00:30:49,SMS_PACK,"38,268.67",Suspended,Mbeya,120,2G GSM,Transsion Infinix Hot 30,Flagged for KYC update; verified by agent
REC-100872,0714-033-017,+255 714 034 113,11/18/2023 03:06 PM,DATA_RECHARGE,"TZS 136,824.96/=",Suspended,Mwanza Rock City,1800,LTE-A,Unknown,
REC-101580,0000000000,+255 714 004 795,12/01/2023 08:22 AM,BUNDLE_PURCHASE,"TZS 135,308.90/=",null,ARUSHA,360,2G GSM,Unknown,"USSD session timeout, retry OK"
REC-100478,+255 714 030 825,+255 714 016 988,2023/11/04,TIGO_PESA_CASH_IN,"62,725.2300",ACTV,Arusha (CBD),45,LTE-A,Tecno Spark 10 Pro,Standard call; cell handover success
REC-100450,+255 714 004 384,tel:+255-714-004658,2023-11-28 03:16:13,SMS_PACK,,  active  ,Arusha,02:15,unknown,Transsion Infinix Hot 30,None
REC-101660,+255 714 000 822,+255(0)714001781,26-11-2023 18:09:30,VOICE_CALL,"4,928.9000",SUSPENDED,Arusha (CBD),45,2G GSM,Nokia 105 (Feature Phone),
REC-101994,+255(0)714024660,0714-005-206,2023/11/04,BUNDLE_PURCHASE,"98,591.9700",Terminated,ARUSHA,02:15,3G WCDMA,Nokia 105 (Feature Phone),Flagged for KYC update; verified by agent
REC-101223,0714008768,0714-000-000,1699349948,SMS_PACK,"69,082.77",PENDING_KYC,  Dar es Salaam  ,360,4G,Tecno Spark 10 Pro,"USSD session timeout, retry OK"
REC-100706,+255(0)714000685,+255(0)714013700,1701149182,VOICE_CALL,$ 31.23 USD,actve,Arusha (CBD),0,4G,Unknown,Standard call; cell handover success
REC-101277,+255(0)714027400,tel:+255-714-012741,11-11-2023 15:24:36,TIGO_PESA_CASH_IN,"85,018.31",UNKNOWN,mwanza,120,4G,"iPhone 13,2 (iOS 16.5)","VIP Subscriber, priority routing"
REC-101608,  714002877  ,tel:+255-714-006302,2023-11-28 22:00:01,TIGO_PESA_CASH_IN,FREE,actve,dar-es-salaam,120,2G GSM,Transsion Infinix Hot 30,None
REC-101761,0714-021-235,0000000000,2023-11-29 09:28:44,SMS_PACK,  116478  ,suspnded,DAR ES SALAAM,45,unknown,Unknown,
REC-101120,  714024112  ,0000000000,2023-12-01 20:24:42,TIGO_PESA_CASH_OUT,  84062  ,suspnded,DAR ES SALAAM,360,5G NR,Samsung Galaxy A14; Android 13,Standard call; cell handover success
REC-101518,0714-010-960,0714-024-386,23-11-2023 06:05:08,TIGO_PESA_CASH_IN,  84974  ,pending,Zanzibar,0,4G LTE,Nokia 105 (Feature Phone),Standard call; cell handover success
REC-100987,+255 714 006 987,0714-019-591,17-11-2023 03:58:55,BUNDLE_PURCHASE,"79,888.61",ACTIVE,Arusha,0,unknown,Unknown,
REC-100276,0714-030-140,tel:+255-714-009590,2023-11-19T00:20:20+03:00,DATA_RECHARGE,"22,914.4300",churn,,30s,LTE-A,"iPhone 13,2 (iOS 16.5)",
REC-100234,+255(0)714000822,tel:+255-714-008083,"Nov 04, 2023 23:24",TIGO_PESA_CASH_IN,  719  ,Terminated,  Dar es Salaam  ,120,2G GSM,"iPhone 13,2 (iOS 16.5)","Customer stated: ""Cannot connect to 4G in Posta area, please help"""
REC-100338,255714018084,0000000000,"Nov 18, 2023 06:28",VOICE_CALL,  32881  ,Pending_Kyc​,"Stone Town, Zanzibar",45,4G,Unknown,"Customer stated: ""Cannot connect to 4G in Posta area, please help"""
REC-102382,+255(0)714005206,255714002055,11/05/2023 03:26 PM,TIGO_PESA_CASH_OUT,"-16,075.42",pending,Dar es Salaam,0,5G NR,Nokia 105 (Feature Phone),"VIP Subscriber, priority routing"
REC-100960,N/A,255714014248,2023-12-02 03:30:43,SMS_PACK,"TZS 71,051.07/=",CHURNED,Dar es Salaam,02:15,2G GSM,Huawei P40 Lite,None
REC-102336,tel:+255-714-005206,0714-000-548,11/15/2023 10:27 PM,TIGO_PESA_CASH_OUT,"25,660.68",churn,DODOMA (Capital),-15,4G,"iPhone 13,2 (iOS 16.5)",Flagged for KYC update; verified by agent
REC-100146,255714010412,+255/714/020687,01-12-2023 20:04:35,TIGO_PESA_CASH_IN,"TZS 71,496.44/=",Term,,0,3G WCDMA,Huawei P40 Lite,"USSD session timeout, retry OK"
REC-100166,N/A,255714032058,"Nov 30, 2023 16:33",DATA_RECHARGE,"98,203.35",SUSPENDED,Mbeya,02:15,2G GSM,"iPhone 13,2 (iOS 16.5)",
REC-101191,0714-011-097,0714020276,12/01/2023 07:29 AM,SMS_PACK,NaN,Suspended,"Stone Town, Zanzibar",-15,5G NR,"iPhone 13,2 (iOS 16.5)","Customer stated: ""Cannot connect to 4G in Posta area, please help"""
REC-101872,0714-028-770,255714009727,UNKNOWN_TIME,DATA_RECHARGE,"TZS 16,148.26/=",  active  ,mwanza,N/A,4G LTE,Nokia 105 (Feature Phone),
REC-101557,255714027400,0714-002-603,"Nov 09, 2023 23:28",SMS_PACK,"TZS 56,187.18/=",PENDING_KYC,Mbeya,02:15,2G GSM,Transsion Infinix Hot 30,"Customer stated: ""Cannot connect to 4G in Posta area, please help"""
REC-100197,  714019043  ,255714001233,2023-11-30T13:45:46+03:00,BUNDLE_PURCHASE,"TZS 95,907.96/=",suspnded,,30s,4G,Nokia 105 (Feature Phone),Standard call; cell handover success
REC-100083,+255(0)714016440,N/A,12/04/2023 03:01 AM,DATA_RECHARGE,  97324  ,pending,mwanza,02:15,4G LTE,"iPhone 13,2 (iOS 16.5)","VIP Subscriber, priority routing"
REC-101333,+255/714/004932,255714008220,11/16/2023 09:06 AM,BUNDLE_PURCHASE,$ 51.37 USD,Term,Mbeya,360,5G NR,Transsion Infinix Hot 30,"VIP Subscriber, priority routing"
REC-100211,0714-027-126,  714028359  ,21-11-2023 12:44:12,SMS_PACK,"91,734.14",ACTV,Arusha (CBD),120,unknown,Samsung Galaxy A14; Android 13,Standard call; cell handover success
REC-102274,255714004110,+255/714/026030,03-12-2023 21:26:56,SMS_PACK,NaN,PENDING_KYC,Arusha﻿,30s,4G,Samsung Galaxy A14; Android 13,None
REC-100938,0714002466,  714012056  ,15-11-2023 06:30:52,BUNDLE_PURCHASE,"TZS 27,134.92/=",CHURNED,Mwanza Rock City,1800,unknown,Samsung Galaxy A14; Android 13,Standard call; cell handover success
REC-100203,tel:+255-714-013563,0714-000-137,1699362411,BUNDLE_PURCHASE,FREE,SUSPENDED,Dodoma,30s,4G,Transsion Infinix Hot 30,"VIP Subscriber, priority routing"
REC-102196,  714030825  ,tel:+255-714-023564,06-11-2023 17:12:17,TIGO_PESA_CASH_OUT,"TZS 9,140.04/=",null,Mbeya,120,5G NR,Unknown,"VIP Subscriber, priority routing"
REC-100375,0714004384,+255 714 025 071,2023-11-05 05:22:40,TIGO_PESA_CASH_OUT,"32,969.62",Pending_Kyc​,Dodoma,N/A,LTE-A,Unknown,"VIP Subscriber, priority routing"
REC-100831,+255(0)714002877,tel:+255-714-010412,22-11-2023 18:15:15,TIGO_PESA_CASH_OUT,$ 5.94 USD,Term,ZNZ,30s,3G WCDMA,Tecno Spark 10 Pro,"Customer stated: ""Cannot connect to 4G in Posta area, please help"""
REC-100983,+255 714 022 605,0714028222,11/14/2023 07:49 AM,DATA_RECHARGE,"99,477.17",CHURNED,Dar es Salaam,30s,3G WCDMA,Unknown,"Customer stated: ""Cannot connect to 4G in Posta area, please help"""
REC-102423,+255/714/011097,255714024386,2023-11-20T14:14:55+03:00,BUNDLE_PURCHASE,"TZS 60,500.31/=",PENDING_KYC,Mwanza Rock City,360,4G LTE,Huawei P40 Lite,"VIP Subscriber, priority routing"
REC-100256,+255 714 027 948,+255 714 029 592,11/09/2023 02:14 PM,VOICE_CALL,FREE,SUSPENDED,dar-es-salaam,1800,4G LTE,Tecno Spark 10 Pro,Standard call; cell handover success
REC-102383,+255 714 006 028,+255(0)714001233,11/21/2023 06:41 AM,BUNDLE_PURCHASE,"5,458.11",Pending_Kyc​,ARUSHA,0,3G WCDMA,"iPhone 13,2 (iOS 16.5)",
REC-100626,N/A,255714002055,2023-11-07T15:59:08+03:00,DATA_RECHARGE,"-9,769.33",PENDING_KYC,dar-es-salaam,0,LTE-A,Samsung Galaxy A14; Android 13,Standard call; cell handover success
REC-102123,0714004247,0714-030-962,11/26/2023 09:58 PM,TIGO_PESA_CASH_OUT,"26,372.37",ACTV,DODOMA (Capital),120,3G WCDMA,Transsion Infinix Hot 30,Standard call; cell handover success
REC-101811,+255(0)714019454,tel:+255-714-033702,2023/11/04,BUNDLE_PURCHASE,$ 5.62 USD,null,  Dar es Salaam  ,1800,2G GSM,Transsion Infinix Hot 30,"USSD session timeout, retry OK"
REC-101404,0714-013-837,tel:+255-714-026715,2023-12-02 09:51:40,TIGO_PESA_CASH_OUT,"TZS 25,873.30/=",null,Mbeya,02:15,LTE-A,"iPhone 13,2 (iOS 16.5)",None
REC-100158,  714025756  ,+255(0)714011782,1699836079,BUNDLE_PURCHASE,FREE,PENDING_KYC,ZNZ,30s,4G LTE,Transsion Infinix Hot 30,
REC-100271,0714012878,255714028770,2023/11/04,DATA_RECHARGE,$ 22.47 USD,SUSPENDED,"Stone Town, Zanzibar",1800,5G NR,Tecno Spark 10 Pro,Flagged for KYC update; verified by agent
REC-101372,  714006028  ,0714-002-055,2023-11-27 12:49:50,TIGO_PESA_CASH_IN,"TZS 71,254.65/=",SUSPENDED,Arusha (CBD),02:15,2G GSM,Samsung Galaxy A14; Android 13,"USSD session timeout, retry OK"
REC-101801,+255(0)714018769,+255(0)714009590,11/23/2023 09:29 PM,DATA_RECHARGE,"TZS 28,377.37/=",churn,DAR ES SALAAM,360,3G WCDMA,Unknown,
REC-100698,N/A,0714-025-619,1699850865,TIGO_PESA_CASH_OUT,"109,245.62",SUSPENDED,Dar es Salaam,1800,3G WCDMA,Tecno Spark 10 Pro,"Customer stated: ""Cannot connect to 4G in Posta area, please help"""
REC-101706,0714002466,+255/714/015755,2023-11-14 23:55:27,VOICE_CALL,"TZS 60,309.29/=",Active,Mwanza Rock City,-15,4G LTE,Tecno Spark 10 Pro,Standard call; cell handover success
REC-102364,+255(0)714033702,+255(0)714033017,11/09/2023 02:27 PM,BUNDLE_PURCHASE,"116,058.73",suspnded,Morogoro,N/A,3G WCDMA,Nokia 105 (Feature Phone),Flagged for KYC update; verified by agent
REC-101184,0714-008-220,  714010001  ,12/03/2023 12:55 PM,TIGO_PESA_CASH_IN,FREE,actve,dar-es-salaam,0,unknown,Nokia 105 (Feature Phone),"VIP Subscriber, priority routing"
REC-101108,0714-008-083,+255/714/033291,20-11-2023 04:29:11,TIGO_PESA_CASH_OUT,  113516  ,ACTIVE,ZNZ,360,3G WCDMA,Samsung Galaxy A14; Android 13,
REC-100574,0714-026-167,tel:+255-714-021098,11/05/2023 09:05 AM,VOICE_CALL,"TZS 59,542.61/=",Pending_Kyc​,Zanzibar,02:15,unknown,Nokia 105 (Feature Phone),
REC-100997,0714-013-974,255714006850,1699489448,DATA_RECHARGE,$ 30.50 USD,UNKNOWN,  Dar es Salaam  ,45,unknown,"iPhone 13,2 (iOS 16.5)","VIP Subscriber, priority routing"
REC-100360,255714024523,+255/714/026304,11/19/2023 05:10 AM,BUNDLE_PURCHASE,$ 8.04 USD,suspnded,  Dar es Salaam  ,360,unknown,"iPhone 13,2 (iOS 16.5)",Standard call; cell handover success
REC-102211,255714023427,0714-005-617,11/23/2023 10:57 PM,TIGO_PESA_CASH_IN,$ 36.96 USD,actve,Morogoro,0,3G WCDMA,Samsung Galaxy A14; Android 13,"USSD session timeout, retry OK"
REC-100037,tel:+255-714-005069,+255/714/022879,2023-11-09T16:24:19+03:00,TIGO_PESA_CASH_OUT,"33,216.7500",pending,DAR ES SALAAM,1800,4G,Unknown,"VIP Subscriber, priority routing"
REC-100608,+255(0)714005891,255714002055,2023-11-07 08:22:54,TIGO_PESA_CASH_IN,"58,795.99",PENDING_KYC,Mwanza Rock City,360,3G WCDMA,Unknown,"VIP Subscriber, priority routing"
REC-100311,0000000000,255714027537,05-11-2023 03:19:40,SMS_PACK,  38076  ,pending,Arusha﻿,30s,unknown,Huawei P40 Lite,Standard call; cell handover success
REC-102140,0000000000,  714033017  ,08-11-2023 07:43:18,TIGO_PESA_CASH_IN,  31901  ,UNKNOWN,Mbeya,30s,LTE-A,"iPhone 13,2 (iOS 16.5)",
REC-102444,tel:+255-714-033017,+255 714 005 617,2023-11-22T07:46:37+03:00,DATA_RECHARGE,"TZS 121,446.26/=",pending,,1800,LTE-A,Huawei P40 Lite,Flagged for KYC update; verified by agent
REC-101373,+255 714 020 824,tel:+255-714-014111,2023-11-12 04:06:31,BUNDLE_PURCHASE,  133703  ,,Mwanza,45,2G GSM,Nokia 105 (Feature Phone),"Customer stated: ""Cannot connect to 4G in Posta area, please help"""
REC-102454,0714-028-359,+255 714 012 604,02-12-2023 10:58:42,BUNDLE_PURCHASE,"TZS 5,897.00/=",Suspended,Arusha (CBD),30s,3G WCDMA,Huawei P40 Lite,
REC-100545,  714013563  ,0714-028-222,11/11/2023 12:19 PM,VOICE_CALL,,pending,Dodoma ,360,unknown,Huawei P40 Lite,"VIP Subscriber, priority routing"
REC-101422,255714019728,255714021783,05-11-2023 06:11:43,BUNDLE_PURCHASE,"35,494.94",null,ZNZ,0,3G WCDMA,Huawei P40 Lite,
REC-100529,255714010960,0714029866,2023-12-01 12:47:08,SMS_PACK,"129,123.93",SUSPENDED,"Stone Town, Zanzibar",02:15,4G,Tecno Spark 10 Pro,
REC-100674,+255(0)714014796,0714017673,2023-11-27 21:47:37,VOICE_CALL,"114,408.43",  active  ,mwanza,1800,4G,Huawei P40 Lite,
REC-102358,+255(0)714017262,+255/714/020961,2023-11-13 15:41:08,TIGO_PESA_CASH_OUT,"-148,421.13",Terminated,Mwanza Rock City,N/A,3G WCDMA,"iPhone 13,2 (iOS 16.5)","Customer stated: ""Cannot connect to 4G in Posta area, please help"""
REC-101127,+255 714 004 932,N/A,2023-11-24 05:23:10,TIGO_PESA_CASH_IN,$ 49.55 USD,actve,Arusha (CBD),-15,4G LTE,Samsung Galaxy A14; Android 13,"USSD session timeout, retry OK"
REC-101162,0714-018-358,+255 714 032 606,2023-11-25 16:04:30,TIGO_PESA_CASH_IN,"TZS 130,715.80/=",PENDING_KYC,mwanza,45,2G GSM,Samsung Galaxy A14; Android 13,Flagged for KYC update; verified by agent
REC-101594,+255(0)714017125,0714012878,2023-11-07 01:04:09,BUNDLE_PURCHASE,"TZS 127,826.08/=",Terminated,Tanga,0,5G NR,Transsion Infinix Hot 30,"Customer stated: ""Cannot connect to 4G in Posta area, please help"""
REC-100319,  714030688  ,0714034113,1699402495,SMS_PACK,"TZS 103,063.51/=",Term,DAR ES SALAAM,0,4G LTE,Samsung Galaxy A14; Android 13,Flagged for KYC update; verified by agent
REC-102220,255714001096,0714012056,2023-12-02 07:57:59,TIGO_PESA_CASH_IN,"11,520.22",churn,Dar es Salaam,30s,4G LTE,Transsion Infinix Hot 30,"USSD session timeout, retry OK"
REC-101934,  714009864  ,+255 714 016 988,"Dec 02, 2023 20:20",BUNDLE_PURCHASE,  89783  ,UNKNOWN,ZNZ,30s,3G WCDMA,Transsion Infinix Hot 30,Standard call; cell handover success
REC-102079,0714005891,0714-004-384,2023-11-13 20:35:37,VOICE_CALL,"TZS 13,582.01/=",,DODOMA (Capital),-15,unknown,Unknown,"Customer stated: ""Cannot connect to 4G in Posta area, please help"""
REC-100137,+255(0)714025208,+255/714/031510,05-11-2023 21:16:47,VOICE_CALL,  7297  ,,Mwanza,120,unknown,Huawei P40 Lite,"Customer stated: ""Cannot connect to 4G in Posta area, please help"""
REC-102089,255714005069,0000000000,11/25/2023 06:27 PM,TIGO_PESA_CASH_IN,  10926  ,SUSPENDED,Mwanza Rock City,1800,4G LTE,Nokia 105 (Feature Phone),
REC-101938,N/A,0714022605,2023-11-06 11:26:15,SMS_PACK,"-77,036.72",ACTIVE,Dar es Salaam,02:15,3G WCDMA,Huawei P40 Lite,Standard call; cell handover success
REC-102353,0714015892,255714022605,11/17/2023 03:58 PM,SMS_PACK,  9061  ,Terminated,"Stone Town, Zanzibar",02:15,4G,Tecno Spark 10 Pro,
REC-100623,0714009727,0714032195,2023-11-13 22:57:25,TIGO_PESA_CASH_IN,$ 5.09 USD,ACTIVE,Arusha﻿,02:15,4G LTE,"iPhone 13,2 (iOS 16.5)",Flagged for KYC update; verified by agent
REC-100294,0714024112,0714029729,2023-11-12T14:32:00+03:00,VOICE_CALL,"20,310.4800",SUSPENDED,  Dar es Salaam  ,02:15,2G GSM,Transsion Infinix Hot 30,None
REC-101192,+255 714 006 713,+255 714 012 056,2023-11-16T18:02:07+03:00,TIGO_PESA_CASH_OUT,$ 11.36 USD,churn,Mwanza Rock City,N/A,4G,Unknown,"USSD session timeout, retry OK"
REC-101546,+255 714 010 138,tel:+255-714-024249,2023-11-11 20:12:32,TIGO_PESA_CASH_IN,,TERMINATED,Dodoma,45,2G GSM,Tecno Spark 10 Pro,
REC-100680,0714-029-044,255714014933,2023/11/04,BUNDLE_PURCHASE,"46,542.84",  active  ,  Dar es Salaam  ,30s,unknown,"iPhone 13,2 (iOS 16.5)","USSD session timeout, retry OK"
REC-102146,+255 714 006 850,+255/714/008631,"Nov 22, 2023 13:15",VOICE_CALL,"142,864.35",Active,Arusha (CBD),-15,unknown,Tecno Spark 10 Pro,"USSD session timeout, retry OK"
REC-101200,  714026852  ,  714022331  ,"Nov 28, 2023 14:50",BUNDLE_PURCHASE,  32405  ,Terminated,  Dar es Salaam  ,120,3G WCDMA,Huawei P40 Lite,
REC-101589,0714023016,+255 714 010 275,27-11-2023 19:55:44,TIGO_PESA_CASH_OUT,"45,884.31",Term,Dodoma,120,2G GSM,Transsion Infinix Hot 30,"USSD session timeout, retry OK"
REC-100783,+255/714/017536,tel:+255-714-028633,"Nov 26, 2023 15:29",TIGO_PESA_CASH_OUT,"61,852.83",null,Dodoma ,1800,unknown,Tecno Spark 10 Pro,"VIP Subscriber, priority routing"
REC-100836,tel:+255-714-016988,+255 714 021 783,2023-12-03 19:41:21,VOICE_CALL,"TZS 78,213.47/=",actve,"Stone Town, Zanzibar",-15,unknown,Huawei P40 Lite,"Customer stated: ""Cannot connect to 4G in Posta area, please help"""
REC-102427,0714-032-058,0714000548,11/25/2023 04:45 PM,TIGO_PESA_CASH_IN,"19,453.01",Pending_Kyc​,Mbeya,02:15,4G,Transsion Infinix Hot 30,Standard call; cell handover success
REC-101411,+255 714 024 112,0000000000,12/02/2023 02:32 PM,SMS_PACK,$ 8.14 USD,TERMINATED,Zanzibar,45,5G NR,Transsion Infinix Hot 30,Flagged for KYC update; verified by agent
REC-100209,  714026030  ,+255(0)714026989,2023-11-10 01:16:57,TIGO_PESA_CASH_IN,FREE,CHURNED,Mbeya,-15,unknown,Nokia 105 (Feature Phone),"Customer stated: ""Cannot connect to 4G in Posta area, please help"""
REC-102053,tel:+255-714-001507,+255(0)714030003,1700096341,VOICE_CALL,"TZS 37,324.32/=",CHURNED,Dodoma,N/A,3G WCDMA,Transsion Infinix Hot 30,Flagged for KYC update; verified by agent
REC-100693,  714031921  ,  714025071  ,"Dec 01, 2023 18:52",TIGO_PESA_CASH_OUT,"TZS 121,362.90/=",actve,mwanza,0,4G LTE,Samsung Galaxy A14; Android 13,"USSD session timeout, retry OK"
REC-101260,0714-028-770,+255(0)714012330,10-11-2023 10:34:21,TIGO_PESA_CASH_OUT,"109,403.4300",  active  ,  Dar es Salaam  ,N/A,2G GSM,Transsion Infinix Hot 30,
REC-101719,+255 714 013 974,0714006850,17-11-2023 23:56:49,DATA_RECHARGE,"TZS 10,302.20/=",SUSPENDED,Tanga,360,LTE-A,Samsung Galaxy A14; Android 13,Standard call; cell handover success
REC-102136,+255/714/002329,+255(0)714007535,11/19/2023 11:26 AM,TIGO_PESA_CASH_OUT,FREE,Suspended,Mbeya,0,5G NR,Transsion Infinix Hot 30,
REC-101371,+255 714 005 617,N/A,2023-11-29T20:20:01+03:00,BUNDLE_PURCHASE,"TZS 110,748.11/=",pending,ZNZ,30s,3G WCDMA,Samsung Galaxy A14; Android 13,Standard call; cell handover success
REC-101112,  714028085  ,+255/714/003699,2023-12-02 04:33:41,SMS_PACK,FREE,Suspended,Morogoro,360,5G NR,Transsion Infinix Hot 30,"VIP Subscriber, priority routing"
REC-100214,tel:+255-714-022057,255714009316,2023-11-09 00:41:07,TIGO_PESA_CASH_OUT,"77,584.21",CHURNED,Zanzibar,N/A,5G NR,Huawei P40 Lite,"VIP Subscriber, priority routing"
REC-102313,0000000000,255714033017,1700873662,TIGO_PESA_CASH_OUT,"TZS 42,257.75/=",UNKNOWN,mwanza,02:15,LTE-A,Tecno Spark 10 Pro,"USSD session timeout, retry OK"
REC-102272,255714025482,0000000000,2023/11/04,BUNDLE_PURCHASE,$ 42.83 USD,Term,"Stone Town, Zanzibar",30s,5G NR,Transsion Infinix Hot 30,"VIP Subscriber, priority routing"
REC-100231,0000000000,+255 714 032 606,1700858962,DATA_RECHARGE,"48,609.40",Term,Mwanza,0,2G GSM,Tecno Spark 10 Pro,"VIP Subscriber, priority routing"
REC-100687,N/A,  714009727  ,2023-11-26 10:44:41,BUNDLE_PURCHASE,FREE,UNKNOWN,Dodoma ,120,4G LTE,Nokia 105 (Feature Phone),None
REC-100880,+255(0)714031373,+255(0)714011782,UNKNOWN_TIME,VOICE_CALL,"110,942.89",pending,Dodoma ,N/A,LTE-A,Unknown,"Customer stated: ""Cannot connect to 4G in Posta area, please help"""
REC-100733,+255 714 001 370,  714000000  ,2023-11-27 10:12:35,TIGO_PESA_CASH_IN,"TZS 136,318.06/=",SUSPENDED,Mwanza,N/A,5G NR,Tecno Spark 10 Pro,"USSD session timeout, retry OK"
REC-101868,  714007672  ,+255(0)714016851,2023-12-01 08:50:21,BUNDLE_PURCHASE,"TZS 134,073.10/=",UNKNOWN,,02:15,LTE-A,Tecno Spark 10 Pro,Standard call; cell handover success
REC-100804,0000000000,0714001507,2023-11-12 19:36:52,BUNDLE_PURCHASE,"49,367.78",,Dar es Salaam,360,4G LTE,Nokia 105 (Feature Phone),None
REC-101727,0000000000,0714020550,2023-12-04 11:40:29,VOICE_CALL,$ 10.12 USD,null,,360,3G WCDMA,Tecno Spark 10 Pro,"VIP Subscriber, priority routing"
REC-100986,0714-022-331,255714011919,2023/11/04,TIGO_PESA_CASH_OUT,"20,575.5700",PENDING_KYC,Arusha,45,2G GSM,Tecno Spark 10 Pro,Standard call; cell handover success
REC-102060,0000000000,+255 714 028 359,"Dec 01, 2023 20:11",SMS_PACK,"TZS 121,134.03/=",Pending_Kyc​,Mbeya,-15,4G,Nokia 105 (Feature Phone),"USSD session timeout, retry OK"
REC-101398,0000000000,0714018084,01-12-2023 15:18:20,DATA_RECHARGE,"TZS 29,784.63/=",,Tanga,30s,3G WCDMA,Unknown,"VIP Subscriber, priority routing"
REC-101920,+255 714 015 755,tel:+255-714-023564,15-11-2023 02:44:09,TIGO_PESA_CASH_IN,"TZS 33,490.71/=",actve,DODOMA (Capital),0,4G,Tecno Spark 10 Pro,None
REC-101291,0000000000,N/A,"Nov 08, 2023 07:47",BUNDLE_PURCHASE,"24,925.73",suspnded,Dodoma ,120,unknown,Huawei P40 Lite,
REC-101584,+255(0)714010138,  714003288  ,2023-11-25 18:50:58,BUNDLE_PURCHASE,FREE,Terminated,Dodoma ,N/A,2G GSM,Samsung Galaxy A14; Android 13,Standard call; cell handover success
REC-101839,255714016851,+255(0)714001918,1699382664,TIGO_PESA_CASH_OUT,"78,562.40",  active  ,Arusha (CBD),360,2G GSM,Nokia 105 (Feature Phone),"USSD session timeout, retry OK"
REC-101196,+255(0)714021372,0714032469,2023/11/04,TIGO_PESA_CASH_OUT,$ 57.86 USD,Terminated,Mbeya,N/A,4G LTE,Tecno Spark 10 Pro,"USSD session timeout, retry OK"
REC-102397,+255 714 012 741,0714005891,2023-11-07 04:05:06,TIGO_PESA_CASH_OUT,"TZS 124,138.03/=",suspnded,Arusha﻿,02:15,2G GSM,Huawei P40 Lite,"USSD session timeout, retry OK"
REC-100802,0714-025-071,+255(0)714011508,11/15/2023 07:16 PM,BUNDLE_PURCHASE,"10,402.15",Suspended,ZNZ,120,4G LTE,Huawei P40 Lite,"USSD session timeout, retry OK"
REC-100444,tel:+255-714-006028,  714023153  ,"Nov 28, 2023 03:11",VOICE_CALL,$ 35.61 USD,null,  Dar es Salaam  ,N/A,4G,Tecno Spark 10 Pro,"Customer stated: ""Cannot connect to 4G in Posta area, please help"""
REC-101550,255714020276,0714-032-332,2023-11-12 13:52:15,VOICE_CALL,  129097  ,churn,ZNZ,30s,4G LTE,Huawei P40 Lite,None
REC-100925,+255 714 003 973,  714032195  ,2023-12-03 04:57:36,SMS_PACK,"144,881.9600",Suspended,N/A,30s,3G WCDMA,Samsung Galaxy A14; Android 13,
REC-101301,255714011371,0714019865,06-11-2023 10:10:01,BUNDLE_PURCHASE,"-88,799.59",PENDING_KYC,Tanga,1800,5G NR,Unknown,Standard call; cell handover success
REC-101981,0714-027-126,tel:+255-714-008494,2023-11-07T05:35:01+03:00,BUNDLE_PURCHASE,"104,958.16",  active  ,DODOMA (Capital),N/A,3G WCDMA,Unknown,
REC-102061,+255/714/022331,0714-012-056,11/23/2023 09:58 PM,TIGO_PESA_CASH_OUT,"TZS 114,304.25/=",Active,Mwanza,-15,2G GSM,Unknown,
REC-100970,+255(0)714022468,0714005343,22-11-2023 20:35:57,TIGO_PESA_CASH_OUT,FREE,Pending_Kyc​,ARUSHA,N/A,3G WCDMA,Samsung Galaxy A14; Android 13,
REC-102305,+255 714 009 316,  714027674  ,2023-11-14 22:28:33,TIGO_PESA_CASH_OUT,  40196  ,,Tanga,1800,3G WCDMA,Samsung Galaxy A14; Android 13,Standard call; cell handover success
REC-101095,0714023975,+255 714 021 646,2023-11-18 04:39:22,TIGO_PESA_CASH_IN,"108,851.1300",CHURNED,Morogoro,N/A,4G LTE,Samsung Galaxy A14; Android 13,"Customer stated: ""Cannot connect to 4G in Posta area, please help"""
REC-100650,N/A,+255(0)714021098,11/23/2023 12:29 AM,DATA_RECHARGE,"TZS 142,329.55/=",churn,Arusha (CBD),N/A,4G LTE,Tecno Spark 10 Pro,Standard call; cell handover success
REC-102404,  714014796  ,  714027811  ,1701649821,TIGO_PESA_CASH_OUT,"TZS 57,208.41/=",churn,Dar es Salaam,1800,5G NR,Tecno Spark 10 Pro,"Customer stated: ""Cannot connect to 4G in Posta area, please help"""
REC-101396,+255/714/014933,tel:+255-714-033702,23-11-2023 23:41:46,DATA_RECHARGE,  114689  ,churn,Dar es Salaam,0,4G LTE,"iPhone 13,2 (iOS 16.5)","USSD session timeout, retry OK"
REC-100470,+255 714 033 565,+255(0)714022605,2023/11/04,TIGO_PESA_CASH_OUT,"114,187.74",Suspended,ARUSHA,1800,4G LTE,Transsion Infinix Hot 30,
REC-100978,+255(0)714009179,255714030414,"Nov 28, 2023 22:19",TIGO_PESA_CASH_IN,"TZS 94,075.30/=",SUSPENDED,"Stone Town, Zanzibar",-15,5G NR,Huawei P40 Lite,"Customer stated: ""Cannot connect to 4G in Posta area, please help"""
REC-102132,  714033702  ,0714-015-618,11/19/2023 03:40 PM,SMS_PACK,"46,308.69",  active  ,ZNZ,02:15,2G GSM,Transsion Infinix Hot 30,
REC-101784,+255 714 029 044,N/A,1700169302,BUNDLE_PURCHASE,"TZS 141,390.21/=",TERMINATED,Mbeya,02:15,4G,Huawei P40 Lite,None
REC-101795,+255 714 001 644,0714-009-864,1699152854,SMS_PACK,FREE,actve,Mbeya,360,4G LTE,Unknown,Flagged for KYC update; verified by agent
REC-102023,tel:+255-714-000274,0714-019-865,"Nov 15, 2023 20:37",TIGO_PESA_CASH_OUT,"148,431.82",SUSPENDED,Mbeya,1800,2G GSM,Samsung Galaxy A14; Android 13,"Customer stated: ""Cannot connect to 4G in Posta area, please help"""
REC-101130,0714008905,  714024523  ,1699511070,TIGO_PESA_CASH_OUT,  103444  ,CHURNED,,N/A,4G LTE,Transsion Infinix Hot 30,"VIP Subscriber, priority routing"
REC-102094,  714016851  ,0714-022-194,"Nov 09, 2023 00:30",TIGO_PESA_CASH_OUT,"TZS 60,368.78/=",Suspended,Arusha (CBD),N/A,4G,Transsion Infinix Hot 30,"Customer stated: ""Cannot connect to 4G in Posta area, please help"""
REC-100041,255714029181,  714014659  ,2023/11/04,BUNDLE_PURCHASE,"TZS 57,366.96/=",CHURNED,mwanza,02:15,unknown,Unknown,"Customer stated: ""Cannot connect to 4G in Posta area, please help"""
REC-101256,N/A,tel:+255-714-010138,2023-11-22 15:34:24,TIGO_PESA_CASH_IN,"TZS 130,007.88/=",churn,Arusha﻿,30s,5G NR,Huawei P40 Lite,
REC-102403,tel:+255-714-012193,0714027263,2023-11-22 07:05:42,VOICE_CALL,,suspnded,Zanzibar,120,unknown,Transsion Infinix Hot 30,None
REC-101352,+255 714 014 385,+255/714/007946,09-11-2023 16:55:56,TIGO_PESA_CASH_IN,NaN,SUSPENDED,,-15,4G,Nokia 105 (Feature Phone),
REC-100660,0714024934,0714033291,11/12/2023 08:13 AM,DATA_RECHARGE,  125855  ,SUSPENDED,mwanza,0,2G GSM,Nokia 105 (Feature Phone),"Customer stated: ""Cannot connect to 4G in Posta area, please help"""
REC-100837,N/A,0714-001-918,13-11-2023 10:38:56,DATA_RECHARGE,$ 50.53 USD,pending,,0,3G WCDMA,"iPhone 13,2 (iOS 16.5)",
REC-101237,+255 714 005 343,N/A,04-11-2023 21:06:12,DATA_RECHARGE,$ 22.60 USD,PENDING_KYC,  Dar es Salaam  ,0,unknown,"iPhone 13,2 (iOS 16.5)",Flagged for KYC update; verified by agent
REC-100812,0714-000-411,  714023427  ,2023-11-09 14:00:50,TIGO_PESA_CASH_IN,$ 12.68 USD,UNKNOWN,ZNZ,30s,unknown,Tecno Spark 10 Pro,
REC-100214,tel:+255-714-022057,255714009316,1701104879,TIGO_PESA_CASH_OUT,"77,584.21",CHURNED,Zanzibar,N/A,5G NR,Huawei P40 Lite,"VIP Subscriber, priority routing"
REC-100162,+255/714/026441,+255 714 020 824,11/22/2023 01:43 AM,VOICE_CALL,"TZS 137,628.08/=",null,ZNZ,120,2G GSM,Huawei P40 Lite,Flagged for KYC update; verified by agent
REC-101432,  714033154  ,0714-031-921,"Nov 26, 2023 11:34",DATA_RECHARGE,,  active  ,DODOMA (Capital),1800,unknown,Unknown,"USSD session timeout, retry OK"
REC-101235,+255 714 024 386,+255 714 005 754,"Nov 05, 2023 13:06",SMS_PACK,"TZS 41,651.06/=",SUSPENDED,Arusha﻿,-15,LTE-A,"iPhone 13,2 (iOS 16.5)",Flagged for KYC update; verified by agent
REC-100330,0000000000,0714031236,1700634354,TIGO_PESA_CASH_OUT,"33,884.3400",Terminated,Arusha,N/A,2G GSM,Huawei P40 Lite,"VIP Subscriber, priority routing"
REC-101579,0714-018-632,255714000959,1699799044,SMS_PACK,"96,181.4600",Term,ARUSHA,0,unknown,Samsung Galaxy A14; Android 13,Flagged for KYC update; verified by agent
REC-101581,+255 714 012 467,0714-018-221,30-11-2023 16:55:46,BUNDLE_PURCHASE,FREE,Active,Mwanza Rock City,N/A,5G NR,Nokia 105 (Feature Phone),None
REC-101734,+255 714 021 509,  714002603  ,16-11-2023 10:22:44,TIGO_PESA_CASH_IN,$ 45.83 USD,SUSPENDED,Arusha,45,5G NR,Unknown,"Customer stated: ""Cannot connect to 4G in Posta area, please help"""
REC-100370,0714030688,tel:+255-714-019728,21-11-2023 08:42:09,TIGO_PESA_CASH_OUT,"81,180.3800",CHURNED,Dodoma ,360,4G,Tecno Spark 10 Pro,"VIP Subscriber, priority routing"
REC-100352,0714-017-947,+255(0)714033428,1700149169,SMS_PACK,"66,693.91",Pending_Kyc​,Arusha﻿,30s,unknown,Transsion Infinix Hot 30,
REC-101233,0714-003-151,+255(0)714028222,1700111708,VOICE_CALL,"71,663.86",SUSPENDED,,-15,unknown,Transsion Infinix Hot 30,None
REC-100860,0714024386,+255 714 018 906,2023-11-28T02:41:42+03:00,TIGO_PESA_CASH_IN,NaN,UNKNOWN,Arusha﻿,360,LTE-A,Huawei P40 Lite,Flagged for KYC update; verified by agent
REC-101605,tel:+255-714-011508,255714022194,29-11-2023 16:06:01,SMS_PACK,$ 6.85 USD,SUSPENDED,Arusha,0,3G WCDMA,Nokia 105 (Feature Phone),Standard call; cell handover success
REC-101980,tel:+255-714-018221,+255 714 010 138,2023-11-15 16:23:57,SMS_PACK,"TZS 91,839.14/=",Terminated,Zanzibar,1800,LTE-A,Unknown,Flagged for KYC update; verified by agent
REC-101628,+255(0)714031236,  714002877  ,11/26/2023 10:17 PM,DATA_RECHARGE,"-1,594.76",Active,"Stone Town, Zanzibar",360,4G LTE,Huawei P40 Lite,Flagged for KYC update; verified by agent
REC-100556,0714013289,0714-004-521,2023-11-18 05:54:10,SMS_PACK,"101,739.70",PENDING_KYC,Arusha,-15,5G NR,Tecno Spark 10 Pro,Flagged for KYC update; verified by agent
REC-101910,0714-024-386,+255/714/012878,1700235796,TIGO_PESA_CASH_OUT,"65,428.18",suspnded,Mwanza Rock City,120,2G GSM,Huawei P40 Lite,
REC-100262,255714028633,+255(0)714018221,2023-11-27T13:25:57+03:00,BUNDLE_PURCHASE,$ 52.92 USD,  active  ,DODOMA (Capital),-15,2G GSM,Huawei P40 Lite,Standard call; cell handover success
REC-102113,+255 714 022 879,  714011782  ,11/05/2023 11:31 AM,SMS_PACK,$ 5.94 USD,Terminated,Mwanza,45,4G,Tecno Spark 10 Pro,
REC-100984,+255(0)714011371,0714-019-454,2023-11-28 22:11:37,TIGO_PESA_CASH_OUT,"TZS 128,532.31/=",suspnded,ARUSHA,30s,LTE-A,Transsion Infinix Hot 30,
REC-100666,+255/714/001507,255714002329,1701195373,VOICE_CALL,"107,023.4000",,ARUSHA,360,4G LTE,Huawei P40 Lite,"USSD session timeout, retry OK"
REC-101234,255714007535,255714027811,2023-12-02 19:19:32,DATA_RECHARGE,"138,759.25",PENDING_KYC,Dodoma,30s,unknown,Transsion Infinix Hot 30,Standard call; cell handover success
REC-101175,0714015070,tel:+255-714-026715,02-12-2023 00:04:06,BUNDLE_PURCHASE,,churn,Mwanza Rock City,N/A,LTE-A,Nokia 105 (Feature Phone),
REC-100635,0000000000,0714-001-507,11/15/2023 03:18 AM,TIGO_PESA_CASH_IN,"107,966.08",null,Arusha﻿,45,4G,Samsung Galaxy A14; Android 13,Flagged for KYC update; verified by agent
REC-101099,0714-027-674,+255 714 026 989,1699347553,TIGO_PESA_CASH_OUT,  37365  ,Term,Dodoma,N/A,2G GSM,"iPhone 13,2 (iOS 16.5)",None
REC-100605,+255(0)714033565,  714019865  ,2023-11-12 10:03:23,VOICE_CALL,$ 39.56 USD,ACTIVE,Mwanza,120,4G,Unknown,
REC-101612,N/A,+255(0)714008631,2023-11-27T12:50:02+03:00,TIGO_PESA_CASH_IN,FREE,CHURNED,  Dar es Salaam  ,120,LTE-A,Transsion Infinix Hot 30,"VIP Subscriber, priority routing"
REC-101380,0714-013-837,0000000000,11/14/2023 06:28 AM,BUNDLE_PURCHASE,"TZS 10,688.40/=",  active  ,dar-es-salaam,360,4G LTE,"iPhone 13,2 (iOS 16.5)",None
REC-100293,0714-023-153,255714022605,11/17/2023 12:49 PM,SMS_PACK,"-14,396.22",churn,DODOMA (Capital),N/A,5G NR,Unknown,"Customer stated: ""Cannot connect to 4G in Posta area, please help"""
REC-102290,0714-003-288,0714-013-700,1700283206,DATA_RECHARGE,"-79,159.71",ACTIVE,Morogoro,0,5G NR,"iPhone 13,2 (iOS 16.5)","USSD session timeout, retry OK"
REC-101976,+255 714 004 795,255714010960,2023-12-02 01:23:14,TIGO_PESA_CASH_OUT,$ 19.75 USD,Term,  Dar es Salaam  ,45,unknown,Nokia 105 (Feature Phone),"VIP Subscriber, priority routing"
REC-101966,255714011919,tel:+255-714-001918,"Nov 24, 2023 19:19",VOICE_CALL,"-19,190.73",  active  ,N/A,30s,3G WCDMA,Huawei P40 Lite,"VIP Subscriber, priority routing"
REC-100703,+255 714 008 494,255714001096,12/03/2023 10:47 AM,DATA_RECHARGE,"98,093.15",  active  ,Zanzibar,02:15,5G NR,Nokia 105 (Feature Phone),
REC-101726,+255 714 032 469,  714033976  ,06-11-2023 12:30:42,TIGO_PESA_CASH_OUT,"74,160.04",,Arusha (CBD),120,4G,Unknown,Flagged for KYC update; verified by agent
REC-100785,  714003425  ,+255 714 003 014,"Dec 04, 2023 10:13",TIGO_PESA_CASH_OUT,"15,999.4600",null,  Dar es Salaam  ,N/A,2G GSM,Huawei P40 Lite,None
REC-102248,+255(0)714012193,+255 714 002 466,1699749015,BUNDLE_PURCHASE,"108,711.48",suspnded,Arusha﻿,45,2G GSM,Transsion Infinix Hot 30,None
REC-100302,0000000000,0714-022-194,09-11-2023 16:05:47,VOICE_CALL,$ 53.83 USD,PENDING_KYC,  Dar es Salaam  ,360,2G GSM,"iPhone 13,2 (iOS 16.5)",Flagged for KYC update; verified by agent
REC-101618,255714022742,255714013152,2023-11-13 02:32:45,BUNDLE_PURCHASE,"-12,789.92",PENDING_KYC,dar-es-salaam,-15,4G LTE,Huawei P40 Lite,
REC-102392,+255(0)714002055,0714027811,UNKNOWN_TIME,SMS_PACK,  108073  ,churn,Mwanza,0,3G WCDMA,Samsung Galaxy A14; Android 13,"VIP Subscriber, priority routing"
REC-100873,+255(0)714017810,255714027400,2023-12-02 19:06:03,VOICE_CALL,"TZS 98,730.37/=",  active  ,dar-es-salaam,120,2G GSM,Huawei P40 Lite,Standard call; cell handover success
REC-100081,+255/714/008905,0714031921,1700520674,VOICE_CALL,"TZS 70,515.54/=",suspnded,,02:15,unknown,Unknown,Standard call; cell handover success
REC-100463,255714023975,  714015618  ,11/06/2023 03:53 AM,VOICE_CALL,"TZS 93,099.88/=",Suspended,Tanga,0,LTE-A,Samsung Galaxy A14; Android 13,"VIP Subscriber, priority routing"
REC-100096,tel:+255-714-021509,+255 714 023 564,2023/11/04,VOICE_CALL,  27472  ,Terminated,Mwanza Rock City,30s,4G LTE,"iPhone 13,2 (iOS 16.5)",None
REC-102299,0714-021-098,+255(0)714026715,2023-11-08 15:34:07,VOICE_CALL,NaN,  active  ,ZNZ,0,unknown,Samsung Galaxy A14; Android 13,None
REC-101437,0714009727,+255 714 033 428,1699469479,BUNDLE_PURCHASE,$ 47.62 USD,ACTV,"Stone Town, Zanzibar",120,unknown,Tecno Spark 10 Pro,None
REC-101971,0714-024-386,0714-002-466,11/28/2023 09:19 PM,TIGO_PESA_CASH_OUT,"TZS 57,308.42/=",Pending_Kyc​,Mbeya,360,4G LTE,Transsion Infinix Hot 30,
REC-102393,+255/714/011919,+255 714 006 850,25-11-2023 02:30:13,VOICE_CALL,"50,535.9900",UNKNOWN,Dar es Salaam,120,4G LTE,Nokia 105 (Feature Phone),None
REC-101687,+255 714 010 549,0714031921,1699412870,VOICE_CALL,"TZS 47,800.73/=",ACTV,  Dar es Salaam  ,30s,4G LTE,Transsion Infinix Hot 30,"Customer stated: ""Cannot connect to 4G in Posta area, please help"""
REC-101219,255714000000,0714-003-973,11/10/2023 05:34 PM,BUNDLE_PURCHASE,  28062  ,actve,,120,4G,Nokia 105 (Feature Phone),"VIP Subscriber, priority routing"
REC-102100,+255/714/011097,+255 714 010 823,1699491490,SMS_PACK,"TZS 95,198.94/=",SUSPENDED,DODOMA (Capital),0,LTE-A,Unknown,None
REC-101174,+255 714 018 221,255714013015,1701030600,TIGO_PESA_CASH_IN,"93,455.01",Active,ZNZ,0,3G WCDMA,Unknown,"Customer stated: ""Cannot connect to 4G in Posta area, please help"""
REC-102390,tel:+255-714-019180,0714016303,30-11-2023 13:06:24,TIGO_PESA_CASH_IN,"TZS 2,607.05/=",TERMINATED,Dodoma ,30s,3G WCDMA,Transsion Infinix Hot 30,"Customer stated: ""Cannot connect to 4G in Posta area, please help"""
REC-101900,0714006439,+255/714/033565,UNKNOWN_TIME,SMS_PACK,"3,320.60",ACTV,ARUSHA,360,LTE-A,Samsung Galaxy A14; Android 13,"VIP Subscriber, priority routing"
REC-100307,tel:+255-714-024934,N/A,2023-11-13 03:23:20,BUNDLE_PURCHASE,  81602  ,actve,Dodoma,1800,3G WCDMA,Huawei P40 Lite,Standard call; cell handover success
REC-100601,  714004932  ,0714004932,2023/11/04,TIGO_PESA_CASH_IN,"32,729.4300",actve,Mbeya,30s,4G LTE,Unknown,"VIP Subscriber, priority routing"
REC-101558,+255 714 010 412,  714031236  ,2023-11-12 15:39:32,TIGO_PESA_CASH_IN,"TZS 83,662.67/=",Terminated,mwanza,45,unknown,Unknown,
REC-101814,0714000274,tel:+255-714-010275,1700803327,VOICE_CALL,"20,096.73",  active  ,Dodoma,1800,5G NR,Samsung Galaxy A14; Android 13,"VIP Subscriber, priority routing"
REC-100354,+255/714/000274,0714-024-523,2023-11-21 02:40:22,VOICE_CALL,"TZS 83,405.45/=",Term,Dodoma,120,2G GSM,Tecno Spark 10 Pro,Flagged for KYC update; verified by agent
REC-100806,255714029044,255714028085,11/21/2023 07:08 AM,TIGO_PESA_CASH_OUT,"12,425.2000",Active,DODOMA (Capital),360,LTE-A,Transsion Infinix Hot 30,"Customer stated: ""Cannot connect to 4G in Posta area, please help"""
REC-102262,+255 714 021 098,+255 714 019 728,UNKNOWN_TIME,TIGO_PESA_CASH_OUT,$ 18.18 USD,  active  ,N/A,360,5G NR,"iPhone 13,2 (iOS 16.5)","Customer stated: ""Cannot connect to 4G in Posta area, please help"""
REC-101039,255714023564,+255(0)714010549,2023-11-24T06:34:37+03:00,DATA_RECHARGE,,,Mwanza Rock City,-15,2G GSM,Samsung Galaxy A14; Android 13,
REC-101467,0000000000,+255 714 029 318,2023/11/04,TIGO_PESA_CASH_IN,"13,757.74",TERMINATED,N/A,120,LTE-A,"iPhone 13,2 (iOS 16.5)",
REC-100169,+255(0)714001096,tel:+255-714-015618,2023-11-06 15:45:42,TIGO_PESA_CASH_OUT,$ 26.45 USD,Active,Arusha,1800,5G NR,"iPhone 13,2 (iOS 16.5)",None
REC-100632,0714006576,tel:+255-714-023290,20-11-2023 14:02:04,BUNDLE_PURCHASE,"85,131.49",Terminated,Dodoma ,30s,4G,Samsung Galaxy A14; Android 13,"Customer stated: ""Cannot connect to 4G in Posta area, please help"""
REC-102479,255714020824,0714-033-428,1700894099,BUNDLE_PURCHASE,"TZS 49,730.81/=",  active  ,"Stone Town, Zanzibar",30s,unknown,Transsion Infinix Hot 30,Flagged for KYC update; verified by agent
REC-101270,+255/714/001918,255714018221,12/03/2023 11:55 PM,VOICE_CALL,"122,816.7600",pending,dar-es-salaam,30s,LTE-A,"iPhone 13,2 (iOS 16.5)","VIP Subscriber, priority routing"
REC-102342,0714-018-221,0714-018-358,11/25/2023 05:25 AM,TIGO_PESA_CASH_IN,"114,493.26",CHURNED,Arusha,45,4G LTE,Transsion Infinix Hot 30,Flagged for KYC update; verified by agent
REC-102483,+255 714 033 839,tel:+255-714-033154,"Nov 20, 2023 21:50",TIGO_PESA_CASH_OUT,"TZS 61,052.84/=",suspnded,DAR ES SALAAM,360,unknown,Unknown,Standard call; cell handover success
REC-102138,N/A,0714-005-754,15-11-2023 11:08:07,TIGO_PESA_CASH_IN,$ 59.53 USD,PENDING_KYC,Dodoma ,360,unknown,Unknown,"Customer stated: ""Cannot connect to 4G in Posta area, please help"""
REC-101133,0714017536,tel:+255-714-006302,11/30/2023 12:18 PM,SMS_PACK,"108,787.47",actve,ZNZ,N/A,4G,Transsion Infinix Hot 30,"USSD session timeout, retry OK"
REC-100409,+255(0)714011097,N/A,2023-11-19 22:15:00,DATA_RECHARGE,"109,198.3900",PENDING_KYC,Dodoma ,360,3G WCDMA,Nokia 105 (Feature Phone),None
REC-101085,tel:+255-714-017262,0714021098,1701582239,VOICE_CALL,$ 26.66 USD,  active  ,ARUSHA,120,5G NR,"iPhone 13,2 (iOS 16.5)",Standard call; cell handover success
REC-101924,tel:+255-714-020687,  714023153  ,2023-11-19 15:12:17,SMS_PACK,"TZS 134,894.29/=",Active,Arusha,1800,2G GSM,Unknown,"Customer stated: ""Cannot connect to 4G in Posta area, please help"""
REC-100774,+255(0)714013152,+255/714/005480,2023-11-26 22:48:56,SMS_PACK,$ 5.79 USD,null,Zanzibar,0,4G LTE,"iPhone 13,2 (iOS 16.5)",
REC-101686,+255/714/005480,tel:+255-714-009864,"Nov 30, 2023 15:15",DATA_RECHARGE,"86,894.15",Terminated,ZNZ,0,4G,Samsung Galaxy A14; Android 13,"VIP Subscriber, priority routing"
REC-100624,255714005754,tel:+255-714-011508,2023-11-27 19:25:25,TIGO_PESA_CASH_OUT,$ 48.52 USD,Term,Mwanza,120,4G LTE,Transsion Infinix Hot 30,Flagged for KYC update; verified by agent
REC-100165,+255(0)714024523,+255 714 002 192,2023-11-27T10:13:30+03:00,VOICE_CALL,"TZS 43,420.06/=",ACTV,N/A,02:15,5G NR,Transsion Infinix Hot 30,"Customer stated: ""Cannot connect to 4G in Posta area, please help"""
REC-100373,0714021920,  714008357  ,"Nov 17, 2023 16:58",TIGO_PESA_CASH_IN,$ 38.98 USD,TERMINATED,Dodoma ,120,unknown,Samsung Galaxy A14; Android 13,Flagged for KYC update; verified by agent
REC-102042,0714-007-261,+255 714 011 919,2023-12-03T11:20:26+03:00,TIGO_PESA_CASH_IN,  115881  ,suspnded,Arusha﻿,N/A,2G GSM,Unknown,None
REC-100600,+255 714 029 866,255714014248,11/29/2023 09:18 PM,DATA_RECHARGE,"18,102.46",CHURNED,mwanza,360,3G WCDMA,Samsung Galaxy A14; Android 13,None
REC-102177,tel:+255-714-003699,tel:+255-714-020961,1700563913,TIGO_PESA_CASH_OUT,  66945  ,ACTV,ZNZ,30s,LTE-A,Samsung Galaxy A14; Android 13,Flagged for KYC update; verified by agent
REC-101456,+255 714 006 439,0714-020-413,2023/11/04,DATA_RECHARGE,"118,496.89",actve,dar-es-salaam,-15,LTE-A,Unknown,"VIP Subscriber, priority routing"
REC-102432,N/A,255714032332,2023-11-16 20:49:19,VOICE_CALL,,Term,Mwanza Rock City,30s,5G NR,Transsion Infinix Hot 30,Standard call; cell handover success
REC-101490,+255 714 004 932,255714032606,08-11-2023 23:51:01,BUNDLE_PURCHASE,"TZS 42,487.27/=",CHURNED,,360,LTE-A,"iPhone 13,2 (iOS 16.5)","Customer stated: ""Cannot connect to 4G in Posta area, please help"""
REC-100980,255714010686,  714017536  ,19-11-2023 01:49:08,BUNDLE_PURCHASE,  31939  ,Term,ARUSHA,120,unknown,Transsion Infinix Hot 30,None
REC-102014,+255 714 031 784,+255 714 001 918,2023-12-03 09:40:02,BUNDLE_PURCHASE,$ 14.24 USD,UNKNOWN,  Dar es Salaam  ,-15,unknown,Tecno Spark 10 Pro,None
REC-102223,  714026715  ,+255 714 016 440,2023-11-17 08:02:01,BUNDLE_PURCHASE,"118,791.1400",pending,Mwanza Rock City,N/A,5G NR,Unknown,"USSD session timeout, retry OK"
REC-100951,  714007261  ,tel:+255-714-000548,11/26/2023 11:00 PM,BUNDLE_PURCHASE,  118644  ,actve,Arusha﻿,120,4G LTE,Nokia 105 (Feature Phone),"USSD session timeout, retry OK"
REC-100954,+255 714 020 002,0714033839,UNKNOWN_TIME,DATA_RECHARGE,$ 44.93 USD,Terminated,mwanza,30s,3G WCDMA,Nokia 105 (Feature Phone),"Customer stated: ""Cannot connect to 4G in Posta area, please help"""
REC-101667,+255 714 007 261,255714012604,2023/11/04,TIGO_PESA_CASH_IN,$ 30.14 USD,Terminated,Arusha,45,4G,Tecno Spark 10 Pro,None
REC-101038,N/A,  714008768  ,"Nov 28, 2023 08:03",TIGO_PESA_CASH_OUT,NaN,churn,Arusha (CBD),N/A,5G NR,Huawei P40 Lite,
REC-102050,N/A,+255(0)714008220,2023/11/04,SMS_PACK,"TZS 74,363.74/=",Term,DAR ES SALAAM,30s,LTE-A,Huawei P40 Lite,None
REC-101818,0000000000,N/A,1700797081,BUNDLE_PURCHASE,"32,613.81",actve,Mbeya,120,4G,Tecno Spark 10 Pro,
REC-100654,0714025071,0714-023-975,UNKNOWN_TIME,VOICE_CALL,  123775  ,suspnded,ZNZ,30s,2G GSM,Transsion Infinix Hot 30,"Customer stated: ""Cannot connect to 4G in Posta area, please help"""
REC-100300,+255/714/019180,  714000000  ,2023/11/04,BUNDLE_PURCHASE,  84569  ,pending,Mwanza Rock City,30s,unknown,Samsung Galaxy A14; Android 13,None
REC-100216,+255(0)714009864,+255 714 011 782,2023-11-21T04:42:28+03:00,SMS_PACK,"TZS 114,456.98/=",pending,Dar es Salaam,0,unknown,"iPhone 13,2 (iOS 16.5)","Customer stated: ""Cannot connect to 4G in Posta area, please help"""
REC-101477,tel:+255-714-026989,+255(0)714006576,11/19/2023 04:25 AM,SMS_PACK,"TZS 90,875.50/=",Suspended,Arusha,45,3G WCDMA,"iPhone 13,2 (iOS 16.5)","Customer stated: ""Cannot connect to 4G in Posta area, please help"""
REC-100669,0714004795,0714-013-015,11/06/2023 08:23 AM,DATA_RECHARGE,$ 55.42 USD,pending,Mwanza Rock City,45,5G NR,Tecno Spark 10 Pro,
REC-101998,+255 714 033 839,+255(0)714008357,1699132103,BUNDLE_PURCHASE,NaN,ACTV,Dar es Salaam,N/A,unknown,Unknown,Flagged for KYC update; verified by agent
REC-102232,  714023975  ,+255 714 033 017,2023-12-04 10:49:33,BUNDLE_PURCHASE,"139,396.53",churn,Dar es Salaam,02:15,unknown,Nokia 105 (Feature Phone),"VIP Subscriber, priority routing"
REC-101320,255714020413,  714017673  ,18-11-2023 01:54:27,TIGO_PESA_CASH_IN,"TZS 129,457.61/=",Term,ZNZ,30s,LTE-A,Nokia 105 (Feature Phone),"USSD session timeout, retry OK"
REC-101295,0714-000-411,+255 714 029 181,03-12-2023 02:26:56,BUNDLE_PURCHASE,"TZS 124,184.76/=",Suspended,Mwanza,1800,3G WCDMA,"iPhone 13,2 (iOS 16.5)",Standard call; cell handover success
REC-100196,tel:+255-714-008357,tel:+255-714-008768,1699410232,TIGO_PESA_CASH_OUT,$ 59.44 USD,churn,Mbeya,1800,unknown,Nokia 105 (Feature Phone),"Customer stated: ""Cannot connect to 4G in Posta area, please help"""
REC-101857,  714025071  ,0714-021-783,11/27/2023 08:07 PM,TIGO_PESA_CASH_IN,"TZS 139,249.72/=",pending,Arusha (CBD),-15,3G WCDMA,Transsion Infinix Hot 30,Flagged for KYC update; verified by agent
REC-101503,+255 714 000 548,+255(0)714022194,11/11/2023 11:36 PM,TIGO_PESA_CASH_IN,  84252  ,,Arusha,45,4G,Nokia 105 (Feature Phone),"USSD session timeout, retry OK"
REC-101141,  714018906  ,+255 714 030 003,2023-11-29 06:15:40,DATA_RECHARGE,"TZS 129,247.23/=",UNKNOWN,dar-es-salaam,45,4G,Nokia 105 (Feature Phone),None
REC-102468,255714009316,0714003425,2023-11-06 09:11:02,TIGO_PESA_CASH_OUT,$ 13.83 USD,CHURNED,ARUSHA,N/A,3G WCDMA,Transsion Infinix Hot 30,"VIP Subscriber, priority routing"
REC-100219,tel:+255-714-007809,+255 714 018 084,"Nov 10, 2023 08:43",TIGO_PESA_CASH_OUT,$ 41.70 USD,suspnded,DODOMA (Capital),0,LTE-A,Unknown,"VIP Subscriber, priority routing"
REC-101128,0714-004-110,  714007261  ,2023-11-16 19:29:38,TIGO_PESA_CASH_OUT,"142,676.39",CHURNED,,02:15,4G LTE,Nokia 105 (Feature Phone),Standard call; cell handover success
REC-102169,0714-024-660,+255(0)714022194,"Nov 12, 2023 02:32",TIGO_PESA_CASH_OUT,"66,842.5400",actve,Tanga,N/A,3G WCDMA,Tecno Spark 10 Pro,"USSD session timeout, retry OK"
REC-102107,+255 714 028 770,+255/714/029181,2023-12-01 16:01:11,SMS_PACK,$ 54.22 USD,CHURNED,Tanga,360,3G WCDMA,Unknown,
REC-102476,0714023701,0000000000,17-11-2023 01:33:25,VOICE_CALL,  117243  ,  active  ,Dodoma ,30s,4G LTE,Huawei P40 Lite,"VIP Subscriber, priority routing"
REC-102432,N/A,255714032332,2023-11-21 21:30:35,VOICE_CALL,,Term,Mwanza Rock City,30s,5G NR,Transsion Infinix Hot 30,Standard call; cell handover success
REC-102273,255714031236,  714032606  ,2023-11-29 12:09:37,SMS_PACK,,PENDING_KYC,Arusha﻿,-15,unknown,Unknown,"Customer stated: ""Cannot connect to 4G in Posta area, please help"""
REC-101640,+255/714/015618,+255/714/027948,11/05/2023 02:33 PM,DATA_RECHARGE,"101,323.24",CHURNED,Mwanza Rock City,0,4G,"iPhone 13,2 (iOS 16.5)","Customer stated: ""Cannot connect to 4G in Posta area, please help"""
REC-100920,0714-024-660,+255 714 008 768,05-11-2023 23:40:17,SMS_PACK,,pending,"Stone Town, Zanzibar",45,3G WCDMA,Nokia 105 (Feature Phone),None
REC-100856,0714004795,+255/714/003973,UNKNOWN_TIME,TIGO_PESA_CASH_IN,"29,450.02",Active,Arusha﻿,120,4G LTE,Huawei P40 Lite,"VIP Subscriber, priority routing"
REC-101712,255714021920,0714020550,2023-12-01 00:30:41,TIGO_PESA_CASH_OUT,"TZS 45,552.22/=",Pending_Kyc​,Dodoma,02:15,unknown,Unknown,"VIP Subscriber, priority routing"
REC-101670,+255(0)714023427,  714024797  ,08-11-2023 09:47:15,BUNDLE_PURCHASE,"TZS 22,439.38/=",PENDING_KYC,Arusha﻿,360,4G,Tecno Spark 10 Pro,
REC-101066,+255 714 012 878,  714025893  ,2023-11-26 20:04:54,TIGO_PESA_CASH_OUT,$ 42.70 USD,suspnded,DODOMA (Capital),45,unknown,Nokia 105 (Feature Phone),"USSD session timeout, retry OK"
REC-101007,tel:+255-714-006439,255714025482,UNKNOWN_TIME,BUNDLE_PURCHASE,,TERMINATED,Arusha,30s,3G WCDMA,Tecno Spark 10 Pro,
REC-100091,+255(0)714021783,tel:+255-714-022194,12/03/2023 12:14 PM,BUNDLE_PURCHASE,$ 17.83 USD,PENDING_KYC,  Dar es Salaam  ,0,unknown,Nokia 105 (Feature Phone),
REC-102486,+255 714 023 016,+255 714 007 261,2023-11-22T21:02:24+03:00,TIGO_PESA_CASH_IN,NaN,Pending_Kyc​,  Dar es Salaam  ,0,5G NR,Huawei P40 Lite,Standard call; cell handover success
REC-101453,0714025071,+255 714 015 344,"Nov 16, 2023 05:44",TIGO_PESA_CASH_OUT,  75393  ,ACTV,Arusha (CBD),120,2G GSM,Unknown,"USSD session timeout, retry OK"
REC-100514,255714027263,N/A,2023-11-15 02:03:59,DATA_RECHARGE,FREE,null,Tanga,1800,unknown,Huawei P40 Lite,
REC-101753,0714000548,0714026989,20-11-2023 11:38:52,DATA_RECHARGE,"75,606.01",Active,DODOMA (Capital),N/A,unknown,"iPhone 13,2 (iOS 16.5)",Standard call; cell handover success
REC-100965,0714022057,  714022742  ,2023-11-17 06:03:21,BUNDLE_PURCHASE,"TZS 113,159.89/=",SUSPENDED,Dodoma,02:15,LTE-A,Tecno Spark 10 Pro,Flagged for KYC update; verified by agent
REC-101309,+255/714/026167,0714-011-919,2023-11-29 22:14:34,TIGO_PESA_CASH_OUT,"69,372.53",ACTV,Dodoma,360,4G,Nokia 105 (Feature Phone),Flagged for KYC update; verified by agent
REC-101059,+255 714 003 836,255714007946,2023-11-07 18:44:57,DATA_RECHARGE,"65,674.32",ACTV,Zanzibar,-15,LTE-A,Huawei P40 Lite,None
REC-102301,0714-027-126,0000000000,2023-11-08 07:40:19,TIGO_PESA_CASH_IN,"14,438.8400",actve,Mbeya,0,5G NR,Samsung Galaxy A14; Android 13,"USSD session timeout, retry OK"
REC-101988,0714-002-329,0714-002-055,2023-11-24 04:51:30,TIGO_PESA_CASH_OUT,"134,096.91",Suspended,Mwanza Rock City,120,2G GSM,Nokia 105 (Feature Phone),
REC-102348,+255 714 013 837,+255/714/007672,1701667821,TIGO_PESA_CASH_OUT,$ 50.20 USD,Terminated,Dar es Salaam,120,4G,Unknown,"VIP Subscriber, priority routing"
REC-100315,+255(0)714005480,255714014522,11/14/2023 08:47 PM,SMS_PACK,"50,116.59",Suspended,Tanga,1800,3G WCDMA,Huawei P40 Lite,None
REC-100955,tel:+255-714-000959,0714-005-343,11/25/2023 10:59 AM,TIGO_PESA_CASH_OUT,"TZS 149,375.96/=",Terminated,Mbeya,N/A,4G,Transsion Infinix Hot 30,Standard call; cell handover success
REC-101930,+255 714 032 743,N/A,2023-11-25 16:21:42,TIGO_PESA_CASH_OUT,"127,445.41",churn,mwanza,02:15,4G,Huawei P40 Lite,"VIP Subscriber, priority routing"
REC-101879,0714-007-946,+255 714 007 946,2023-11-22T14:37:19+03:00,VOICE_CALL,  82724  ,TERMINATED,Mbeya,120,2G GSM,Transsion Infinix Hot 30,None
REC-101952,0714-017-947,  714009727  ,"Nov 12, 2023 07:29",SMS_PACK,"92,124.01",TERMINATED,mwanza,N/A,unknown,Unknown,"Customer stated: ""Cannot connect to 4G in Posta area, please help"""
REC-102178,+255/714/002877,255714030825,11/15/2023 01:38 AM,BUNDLE_PURCHASE,"TZS 37,262.07/=",Pending_Kyc​,Zanzibar,30s,unknown,Tecno Spark 10 Pro,Standard call; cell handover success
REC-100950,0714013015,  714020002  ,11/13/2023 12:35 PM,TIGO_PESA_CASH_IN,"TZS 75,483.68/=",churn,ARUSHA,360,5G NR,Samsung Galaxy A14; Android 13,"Customer stated: ""Cannot connect to 4G in Posta area, please help"""
REC-100662,+255(0)714022194,tel:+255-714-028359,"Nov 09, 2023 11:59",TIGO_PESA_CASH_OUT,"103,706.83",ACTIVE,DAR ES SALAAM,02:15,unknown,"iPhone 13,2 (iOS 16.5)",Flagged for KYC update; verified by agent
REC-100522,+255 714 004 247,+255 714 016 303,1700309097,BUNDLE_PURCHASE,"TZS 108,459.42/=",Pending_Kyc​,  Dar es Salaam  ,02:15,5G NR,Transsion Infinix Hot 30,Standard call; cell handover success
REC-100269,0714-006-576,+255/714/015481,1701266363,TIGO_PESA_CASH_IN,$ 49.30 USD,SUSPENDED,dar-es-salaam,360,LTE-A,Huawei P40 Lite,"Customer stated: ""Cannot connect to 4G in Posta area, please help"""
REC-101442,tel:+255-714-032469,255714009590,11/20/2023 07:10 PM,TIGO_PESA_CASH_IN,,SUSPENDED,Arusha (CBD),45,LTE-A,Unknown,"VIP Subscriber, priority routing"
REC-101335,N/A,0714028359,"Nov 10, 2023 03:55",DATA_RECHARGE,  134044  ,,Zanzibar,-15,4G,Huawei P40 Lite,Flagged for KYC update; verified by agent
REC-100841,+255/714/012467,0714017536,11/29/2023 11:57 PM,TIGO_PESA_CASH_OUT,"TZS 77,200.25/=",ACTV,Dodoma,30s,3G WCDMA,Nokia 105 (Feature Phone),None
REC-100134,+255 714 020 139,255714002466,2023-11-27 02:57:26,SMS_PACK,"TZS 77,845.32/=",null,N/A,45,unknown,"iPhone 13,2 (iOS 16.5)","Customer stated: ""Cannot connect to 4G in Posta area, please help"""
REC-100419,0714-023-016,+255/714/030140,11/15/2023 10:10 PM,TIGO_PESA_CASH_OUT,"46,555.3000",Terminated,N/A,45,4G LTE,"iPhone 13,2 (iOS 16.5)",Flagged for KYC update; verified by agent
REC-102470,tel:+255-714-024660,tel:+255-714-010823,2023-11-08T00:54:50+03:00,TIGO_PESA_CASH_OUT,"TZS 81,082.73/=",Terminated,DODOMA (Capital),-15,unknown,"iPhone 13,2 (iOS 16.5)","Customer stated: ""Cannot connect to 4G in Posta area, please help"""
REC-100661,tel:+255-714-005891,+255 714 002 603,11/25/2023 09:37 PM,TIGO_PESA_CASH_IN,  27102  ,null,Arusha (CBD),N/A,LTE-A,Samsung Galaxy A14; Android 13,None
REC-100791,0714003151,tel:+255-714-000822,05-11-2023 20:37:58,BUNDLE_PURCHASE,NaN,  active  ,Morogoro,02:15,4G LTE,Nokia 105 (Feature Phone),
REC-100738,0714-033-839,N/A,2023-11-13 17:48:38,SMS_PACK,$ 48.91 USD,null,ZNZ,0,4G,Transsion Infinix Hot 30,None
REC-100273,0714022742,+255/714/014248,2023/11/04,TIGO_PESA_CASH_OUT,  136772  ,ACTIVE,Arusha﻿,360,2G GSM,Unknown,"USSD session timeout, retry OK"
REC-100976,+255 714 016 577,+255(0)714006850,19-11-2023 01:42:07,BUNDLE_PURCHASE,"1,935.57",actve,Zanzibar,120,2G GSM,Unknown,
REC-100435,tel:+255-714-016029,+255(0)714013563,2023-11-06 15:31:15,SMS_PACK,FREE,Term,Zanzibar,-15,4G LTE,Huawei P40 Lite,None
REC-100109,+255(0)714015344,+255(0)714015344,11/18/2023 05:49 AM,TIGO_PESA_CASH_OUT,"61,611.02",Active,N/A,30s,4G LTE,Tecno Spark 10 Pro,"VIP Subscriber, priority routing"
REC-102168,tel:+255-714-031373,tel:+255-714-012056,12-11-2023 05:03:07,BUNDLE_PURCHASE,$ 42.06 USD,null,Zanzibar,360,4G LTE,Nokia 105 (Feature Phone),"VIP Subscriber, priority routing"
REC-101316,255714011371,+255 714 028 907,1700635577,BUNDLE_PURCHASE,"132,971.7800",UNKNOWN,  Dar es Salaam  ,120,unknown,Transsion Infinix Hot 30,"Customer stated: ""Cannot connect to 4G in Posta area, please help"""
REC-102126,0714016577,+255(0)714013563,11/17/2023 09:07 AM,DATA_RECHARGE,FREE,PENDING_KYC,Zanzibar,30s,4G LTE,Tecno Spark 10 Pro,Standard call; cell handover success
REC-101438,0714-018-769,  714002877  ,1699248988,TIGO_PESA_CASH_IN,"TZS 50,177.38/=",null,,02:15,4G,Nokia 105 (Feature Phone),Flagged for KYC update; verified by agent
REC-100361,255714015070,+255 714 030 003,2023/11/04,TIGO_PESA_CASH_OUT,"TZS 120,947.42/=",Pending_Kyc​,Arusha,1800,2G GSM,Nokia 105 (Feature Phone),"USSD session timeout, retry OK"
REC-101792,tel:+255-714-001096,+255/714/032195,UNKNOWN_TIME,TIGO_PESA_CASH_OUT,,SUSPENDED,Mbeya,30s,4G LTE,Tecno Spark 10 Pro,"USSD session timeout, retry OK"
REC-102088,0000000000,+255/714/031647,"Dec 02, 2023 22:57",BUNDLE_PURCHASE,"TZS 113,896.41/=",Pending_Kyc​,Mwanza,120,2G GSM,Nokia 105 (Feature Phone),Flagged for KYC update; verified by agent
REC-101407,+255 714 030 825,+255/714/010686,2023-11-09T13:12:03+03:00,BUNDLE_PURCHASE,FREE,pending,"Stone Town, Zanzibar",1800,5G NR,Huawei P40 Lite,"VIP Subscriber, priority routing"
REC-102384,tel:+255-714-002466,tel:+255-714-019317,1700069768,BUNDLE_PURCHASE,FREE,  active  ,Tanga,45,2G GSM,Transsion Infinix Hot 30,None
REC-101744,0714-024-112,0714016303,1700216609,VOICE_CALL,,ACTIVE,Tanga,30s,4G,Huawei P40 Lite,None
REC-101652,+255(0)714029455,0714-033-976,"Nov 28, 2023 22:41",VOICE_CALL,"-133,602.63",pending,dar-es-salaam,0,2G GSM,Samsung Galaxy A14; Android 13,"USSD session timeout, retry OK"
REC-101840,0714013974,0000000000,17-11-2023 15:58:54,TIGO_PESA_CASH_OUT,  4163  ,UNKNOWN,Dodoma ,N/A,2G GSM,Tecno Spark 10 Pro,Standard call; cell handover success
REC-101746,0714-020-276,+255(0)714027263,11/25/2023 06:06 AM,VOICE_CALL,FREE,PENDING_KYC,  Dar es Salaam  ,360,4G,Transsion Infinix Hot 30,Standard call; cell handover success
REC-101562,0714-033-976,0714003836,02-12-2023 02:24:00,SMS_PACK,"TZS 129,943.24/=",pending,Arusha,02:15,2G GSM,Huawei P40 Lite,Standard call; cell handover success
REC-100363,255714009042,+255(0)714012604,1700543428,VOICE_CALL,"62,058.26",Suspended,Morogoro,1800,4G,Unknown,"USSD session timeout, retry OK"
REC-100679,tel:+255-714-020276,0714-033-291,2023-11-08 23:45:58,SMS_PACK,"106,885.62",,dar-es-salaam,1800,4G,Transsion Infinix Hot 30,Flagged for KYC update; verified by agent
REC-100642,+255(0)714013015,+255 714 008 905,2023-11-26 02:06:30,BUNDLE_PURCHASE,$ 21.22 USD,pending,ZNZ,30s,3G WCDMA,Transsion Infinix Hot 30,"Customer stated: ""Cannot connect to 4G in Posta area, please help"""
REC-100172,255714005206,  714010412  ,15-11-2023 10:46:03,TIGO_PESA_CASH_IN,"TZS 128,702.42/=",pending,DAR ES SALAAM,1800,3G WCDMA,Transsion Infinix Hot 30,Standard call; cell handover success
REC-101318,N/A,+255 714 018 495,27-11-2023 11:10:34,BUNDLE_PURCHASE,"-9,491.28",Pending_Kyc​,Dar es Salaam,360,5G NR,"iPhone 13,2 (iOS 16.5)",Flagged for KYC update; verified by agent
REC-100400,+255/714/012193,  714021509  ,"Nov 25, 2023 21:23",VOICE_CALL,"TZS 138,669.87/=",CHURNED,Arusha,0,4G LTE,Nokia 105 (Feature Phone),"VIP Subscriber, priority routing"
REC-100959,0714-016-166,N/A,11/24/2023 07:20 PM,TIGO_PESA_CASH_OUT,  61839  ,suspnded,Arusha,1800,4G LTE,Huawei P40 Lite,Standard call; cell handover success
REC-102215,+255/714/004795,N/A,11/04/2023 04:14 PM,DATA_RECHARGE,"26,547.72",ACTIVE,Mbeya,1800,3G WCDMA,Tecno Spark 10 Pro,None
REC-100639,+255/714/027811,+255/714/009727,2023/11/04,DATA_RECHARGE,"109,231.1300",  active  ,ARUSHA,1800,3G WCDMA,Unknown,
REC-101864,0000000000,  714017810  ,"Nov 12, 2023 15:32",TIGO_PESA_CASH_OUT,"TZS 124,102.75/=",TERMINATED,Mbeya,1800,3G WCDMA,Transsion Infinix Hot 30,Flagged for KYC update; verified by agent
REC-102346,+255 714 000 274,0714-015-755,2023-11-30 04:29:24,DATA_RECHARGE,NaN,TERMINATED,,45,unknown,Nokia 105 (Feature Phone),"USSD session timeout, retry OK"
REC-100652,0714-009-864,tel:+255-714-007124,2023-11-07 07:09:36,TIGO_PESA_CASH_IN,"TZS 78,020.49/=",PENDING_KYC,DODOMA (Capital),45,4G LTE,"iPhone 13,2 (iOS 16.5)",Standard call; cell handover success
REC-101150,0714-011-919,+255 714 005 069,2023-11-22 18:56:55,BUNDLE_PURCHASE,"TZS 147,588.20/=",Suspended,Mwanza,N/A,3G WCDMA,Huawei P40 Lite,Standard call; cell handover success
REC-101336,0714-015-344,255714002329,"Dec 03, 2023 10:29",TIGO_PESA_CASH_OUT,NaN,actve,Arusha (CBD),N/A,LTE-A,Unknown,"USSD session timeout, retry OK"
REC-102267,+255 714 023 701,0000000000,11/09/2023 10:26 AM,DATA_RECHARGE,"23,302.7900",ACTIVE,N/A,1800,5G NR,"iPhone 13,2 (iOS 16.5)",
REC-100438,0714-020-002,255714008494,2023-11-30T18:02:24+03:00,TIGO_PESA_CASH_OUT,"TZS 8,083.56/=",Active,  Dar es Salaam  ,02:15,4G LTE,Samsung Galaxy A14; Android 13,"Customer stated: ""Cannot connect to 4G in Posta area, please help"""
REC-100344,+255(0)714014933,0714-022-742,01-12-2023 22:06:38,TIGO_PESA_CASH_IN,,churn,Arusha (CBD),02:15,2G GSM,Unknown,Standard call; cell handover success
REC-100875,N/A,255714010275,15-11-2023 05:38:44,DATA_RECHARGE,"-68,645.27",suspnded,Zanzibar,02:15,5G NR,Samsung Galaxy A14; Android 13,"USSD session timeout, retry OK"
REC-100103,255714015207,+255 714 020 550,2023-11-20T23:47:01+03:00,DATA_RECHARGE,"TZS 50,293.76/=",UNKNOWN,N/A,0,2G GSM,Huawei P40 Lite,Flagged for KYC update; verified by agent
REC-102241,+255 714 019 454,+255 714 017 673,11/06/2023 12:22 PM,DATA_RECHARGE,"79,297.12",  active  ,Arusha,-15,4G,Nokia 105 (Feature Phone),Flagged for KYC update; verified by agent
REC-102197,0714-033-839,255714007398,2023-11-13 22:04:25,BUNDLE_PURCHASE,"1,591.55",Active,Tanga,N/A,unknown,Tecno Spark 10 Pro,Flagged for KYC update; verified by agent
REC-100646,N/A,+255/714/014111,1699149873,TIGO_PESA_CASH_OUT,,ACTV,DODOMA (Capital),120,4G,Nokia 105 (Feature Phone),
REC-101156,255714020961,0714-029-729,2023-11-08 11:45:20,TIGO_PESA_CASH_OUT,"107,007.54",churn,Tanga,02:15,4G LTE,Huawei P40 Lite,None
REC-100476,255714023701,0000000000,11-11-2023 04:13:21,TIGO_PESA_CASH_IN,"125,545.8500",,ARUSHA,30s,4G LTE,Samsung Galaxy A14; Android 13,"USSD session timeout, retry OK"
REC-100576,  714006576  ,tel:+255-714-003836,2023-11-05 19:27:51,DATA_RECHARGE,"TZS 72,427.02/=",suspnded,Dodoma ,1800,4G,Samsung Galaxy A14; Android 13,"USSD session timeout, retry OK"
REC-101104,tel:+255-714-019180,tel:+255-714-000822,11/20/2023 08:45 AM,BUNDLE_PURCHASE,"TZS 125,492.96/=",Terminated,Mwanza Rock City,-15,2G GSM,Samsung Galaxy A14; Android 13,
REC-102449,+255/714/012604,0714-025-071,19-11-2023 21:32:09,BUNDLE_PURCHASE,  85443  ,Terminated,"Stone Town, Zanzibar",360,4G LTE,"iPhone 13,2 (iOS 16.5)",None
REC-101856,N/A,+255 714 028 222,11/16/2023 09:18 AM,SMS_PACK,"TZS 115,084.74/=",PENDING_KYC,Dar es Salaam,30s,LTE-A,Huawei P40 Lite,"Customer stated: ""Cannot connect to 4G in Posta area, please help"""
REC-102331,tel:+255-714-030962,255714031099,09-11-2023 10:42:36,DATA_RECHARGE,  57390  ,pending,Morogoro,360,2G GSM,Unknown,Standard call; cell handover success
REC-101019,tel:+255-714-003562,0714026989,"Nov 19, 2023 00:22",VOICE_CALL,  81418  ,ACTV,dar-es-salaam,30s,5G NR,Samsung Galaxy A14; Android 13,"Customer stated: ""Cannot connect to 4G in Posta area, please help"""
REC-100473,+255 714 027 537,+255 714 025 208,1701294122,TIGO_PESA_CASH_OUT,FREE,null,Arusha,120,4G LTE,Samsung Galaxy A14; Android 13,
REC-101454,tel:+255-714-010686,0000000000,2023-11-05T12:07:10+03:00,VOICE_CALL,$ 23.68 USD,SUSPENDED,Mwanza Rock City,30s,4G LTE,"iPhone 13,2 (iOS 16.5)",Flagged for KYC update; verified by agent
REC-100353,+255(0)714016029,+255 714 031 373,2023-11-07 18:55:43,TIGO_PESA_CASH_OUT,,suspnded,Mwanza Rock City,02:15,5G NR,Huawei P40 Lite,Standard call; cell handover success
REC-100025,+255/714/023975,0714022194,11/06/2023 11:24 PM,VOICE_CALL,FREE,Active,Dar es Salaam,30s,unknown,"iPhone 13,2 (iOS 16.5)",
REC-101358,0714008631,0714-001-781,2023-11-06 19:54:40,TIGO_PESA_CASH_IN,$ 21.80 USD,TERMINATED,"Stone Town, Zanzibar",360,4G,Unknown,"Customer stated: ""Cannot connect to 4G in Posta area, please help"""
REC-100173,255714018495,0714-004-658,11/08/2023 08:20 AM,TIGO_PESA_CASH_OUT,"TZS 127,146.44/=",Suspended,DAR ES SALAAM,360,3G WCDMA,Nokia 105 (Feature Phone),Standard call; cell handover success
REC-102413,0714008631,+255 714 032 743,1700157258,SMS_PACK,"-71,428.74",TERMINATED,Dodoma ,0,3G WCDMA,"iPhone 13,2 (iOS 16.5)","Customer stated: ""Cannot connect to 4G in Posta area, please help"""
REC-100653,  714014659  ,255714016714,2023-11-14T12:47:18+03:00,DATA_RECHARGE,"130,632.14",Pending_Kyc​,ARUSHA,360,2G GSM,"iPhone 13,2 (iOS 16.5)",Standard call; cell handover success
REC-100140,0714011097,0714-008-357,2023-11-09 05:00:57,VOICE_CALL,"43,886.69",PENDING_KYC,Arusha﻿,45,unknown,Tecno Spark 10 Pro,Standard call; cell handover success
REC-102199,+255/714/024660,+255/714/026852,2023-11-07 00:16:54,TIGO_PESA_CASH_OUT,"TZS 101,194.89/=",CHURNED,N/A,02:15,unknown,Tecno Spark 10 Pro,Standard call; cell handover success
REC-101311,tel:+255-714-009042,N/A,2023-11-20 21:53:24,SMS_PACK,$ 59.36 USD,Term,DODOMA (Capital),45,2G GSM,"iPhone 13,2 (iOS 16.5)","Customer stated: ""Cannot connect to 4G in Posta area, please help"""
REC-100416,tel:+255-714-032195,N/A,2023-12-03 04:46:38,VOICE_CALL,"TZS 108,535.70/=",,Mbeya,45,3G WCDMA,Transsion Infinix Hot 30,"USSD session timeout, retry OK"
REC-101142,tel:+255-714-014385,N/A,1700804529,VOICE_CALL,"TZS 112,979.46/=",Term,DODOMA (Capital),-15,4G,Nokia 105 (Feature Phone),
REC-100724,0714-031-099,255714025208,2023-11-28 09:29:51,DATA_RECHARGE,$ 5.27 USD,ACTV,Dodoma ,0,3G WCDMA,Samsung Galaxy A14; Android 13,Flagged for KYC update; verified by agent
REC-101183,0000000000,255714016577,11/19/2023 11:04 AM,DATA_RECHARGE,,churn,Morogoro,120,3G WCDMA,Transsion Infinix Hot 30,None
REC-102287,tel:+255-714-013152,0714017262,12-11-2023 07:40:14,TIGO_PESA_CASH_OUT,"16,605.81",Pending_Kyc​,,45,4G LTE,Unknown,"VIP Subscriber, priority routing"
REC-100586,+255/714/022057,N/A,2023-11-18 16:34:12,SMS_PACK,$ 26.60 USD,actve,Arusha,30s,5G NR,Unknown,Flagged for KYC update; verified by agent
REC-100999,+255 714 033 017,255714015892,11/09/2023 08:48 AM,TIGO_PESA_CASH_IN,"54,378.67",  active  ,Dodoma ,360,4G,Nokia 105 (Feature Phone),"VIP Subscriber, priority routing"
REC-100070,  714011645  ,255714019317,2023/11/04,SMS_PACK,"36,201.43",PENDING_KYC,DAR ES SALAAM,30s,LTE-A,Transsion Infinix Hot 30,
REC-100004,+255(0)714029044,+255/714/021920,07-11-2023 21:15:35,VOICE_CALL,"99,358.8700",suspnded,  Dar es Salaam  ,02:15,5G NR,Transsion Infinix Hot 30,
REC-101208,255714000000,0000000000,2023/11/04,TIGO_PESA_CASH_OUT,"TZS 112,585.03/=",Term,Zanzibar,0,4G,Unknown,"VIP Subscriber, priority routing"
REC-101817,+255 714 012 741,  714007398  ,"Nov 27, 2023 04:56",BUNDLE_PURCHASE,"-8,634.93",  active  ,N/A,1800,LTE-A,Huawei P40 Lite,Standard call; cell handover success
REC-101802,+255 714 023 564,255714005480,"Nov 27, 2023 08:15",SMS_PACK,$ 0.62 USD,TERMINATED,Dodoma,360,5G NR,Transsion Infinix Hot 30,
REC-100121,0000000000,+255 714 018 358,29-11-2023 03:18:06,BUNDLE_PURCHASE,"83,345.72",Pending_Kyc​,DAR ES SALAAM,02:15,5G NR,Tecno Spark 10 Pro,
REC-101138,+255 714 000 822,0714-005-617,2023-12-01 00:15:49,TIGO_PESA_CASH_IN,$ 33.53 USD,SUSPENDED,Morogoro,02:15,4G LTE,Huawei P40 Lite,"VIP Subscriber, priority routing"
REC-101637,  714027126  ,  714009727  ,UNKNOWN_TIME,BUNDLE_PURCHASE,"25,493.9900",Pending_Kyc​,Dar es Salaam,N/A,5G NR,Tecno Spark 10 Pro,Flagged for KYC update; verified by agent
REC-102487,  714004521  ,0000000000,1701066054,VOICE_CALL,$ 40.57 USD,TERMINATED,dar-es-salaam,-15,3G WCDMA,Nokia 105 (Feature Phone),Standard call; cell handover success
REC-100575,0714021098,+255(0)714025345,UNKNOWN_TIME,SMS_PACK,  101234  ,churn,mwanza,0,4G,"iPhone 13,2 (iOS 16.5)","VIP Subscriber, priority routing"
REC-100125,  714009453  ,0714004247,11/25/2023 08:33 PM,TIGO_PESA_CASH_OUT,"TZS 51,185.98/=",Pending_Kyc​,Dodoma,1800,5G NR,Unknown,"VIP Subscriber, priority routing"
REC-101044,255714000137,+255 714 011 371,2023-12-01T20:35:22+03:00,TIGO_PESA_CASH_IN,NaN,Suspended,N/A,N/A,4G,Huawei P40 Lite,Flagged for KYC update; verified by agent
REC-102317,+255/714/018358,0000000000,2023-11-11 22:59:08,TIGO_PESA_CASH_OUT,"98,998.53",pending,,0,5G NR,Nokia 105 (Feature Phone),"VIP Subscriber, priority routing"
REC-100998,  714032880  ,255714017125,UNKNOWN_TIME,DATA_RECHARGE,"TZS 31,943.96/=",UNKNOWN,Dodoma,N/A,5G NR,Huawei P40 Lite,"VIP Subscriber, priority routing"
REC-102286,+255(0)714004658,0000000000,11/14/2023 09:27 PM,DATA_RECHARGE,  115694  ,Pending_Kyc​,Arusha﻿,-15,LTE-A,"iPhone 13,2 (iOS 16.5)","VIP Subscriber, priority routing"
REC-102435,0000000000,0714033702,2023/11/04,SMS_PACK,$ 40.33 USD,suspnded,Arusha (CBD),45,LTE-A,"iPhone 13,2 (iOS 16.5)",Standard call; cell handover success
REC-100164,+255(0)714019728,tel:+255-714-001918,11/05/2023 01:35 PM,TIGO_PESA_CASH_OUT,"TZS 38,541.35/=",Suspended,Morogoro,0,4G LTE,Transsion Infinix Hot 30,"USSD session timeout, retry OK"
REC-101382,+255/714/025208,255714014248,UNKNOWN_TIME,TIGO_PESA_CASH_IN,$ 19.41 USD,churn,Mwanza Rock City,-15,4G,Tecno Spark 10 Pro,"USSD session timeout, retry OK"
REC-102109,  714016029  ,+255(0)714004247,2023-12-03 05:51:23,BUNDLE_PURCHASE,"TZS 51,363.33/=",UNKNOWN,Zanzibar,120,5G NR,Tecno Spark 10 Pro,
REC-102226,+255 714 029 044,+255 714 004 110,2023/11/04,TIGO_PESA_CASH_OUT,FREE,CHURNED,mwanza,30s,3G WCDMA,Tecno Spark 10 Pro,"Customer stated: ""Cannot connect to 4G in Posta area, please help"""
REC-100187,+255 714 008 083,+255(0)714029318,"Dec 03, 2023 10:09",TIGO_PESA_CASH_OUT,"145,353.62",TERMINATED,Zanzibar,N/A,4G,Tecno Spark 10 Pro,Standard call; cell handover success
REC-102095,tel:+255-714-000959,+255 714 016 714,"Nov 18, 2023 18:26",VOICE_CALL,"TZS 106,098.91/=",ACTV,N/A,45,LTE-A,"iPhone 13,2 (iOS 16.5)",
REC-100881,0714010138,+255 714 026 441,2023-12-03 03:06:26,BUNDLE_PURCHASE,FREE,,Morogoro,30s,LTE-A,Nokia 105 (Feature Phone),"Customer stated: ""Cannot connect to 4G in Posta area, please help"""
REC-100329,tel:+255-714-025619,  714030962  ,2023-11-29T03:07:40+03:00,SMS_PACK,$ 2.07 USD,churn,Morogoro,120,4G LTE,Huawei P40 Lite,"USSD session timeout, retry OK"
REC-101832,255714028359,N/A,11/24/2023 11:47 AM,SMS_PACK,$ 4.44 USD,TERMINATED,Mwanza Rock City,N/A,LTE-A,Huawei P40 Lite,Flagged for KYC update; verified by agent
REC-100481,+255/714/005206,N/A,12-11-2023 06:21:20,SMS_PACK,"TZS 138,439.62/=",CHURNED,mwanza,120,3G WCDMA,Tecno Spark 10 Pro,"USSD session timeout, retry OK"
REC-100013,N/A,  714007398  ,"Nov 19, 2023 15:23",TIGO_PESA_CASH_OUT,  149275  ,pending,ZNZ,N/A,4G LTE,"iPhone 13,2 (iOS 16.5)",Flagged for KYC update; verified by agent
REC-100813,0714-015-892,0714022879,2023-11-15T03:07:30+03:00,TIGO_PESA_CASH_IN,$ 23.26 USD,UNKNOWN,Arusha (CBD),02:15,4G,Samsung Galaxy A14; Android 13,"USSD session timeout, retry OK"
REC-101140,N/A,+255/714/011097,1699891326,SMS_PACK,$ 28.59 USD,actve,ARUSHA,02:15,2G GSM,Nokia 105 (Feature Phone),
REC-100268,+255/714/010823,+255/714/009727,"Nov 15, 2023 13:48",DATA_RECHARGE,"45,421.8300",Term,Mwanza,02:15,2G GSM,Nokia 105 (Feature Phone),"VIP Subscriber, priority routing"
REC-101387,+255(0)714024386,255714021646,02-12-2023 01:04:58,TIGO_PESA_CASH_IN,FREE,Term,Mwanza Rock City,360,5G NR,Unknown,
REC-102010,+255 714 030 688,0000000000,11-11-2023 05:49:47,SMS_PACK,"61,446.39",UNKNOWN,Arusha,360,3G WCDMA,Huawei P40 Lite,"USSD session timeout, retry OK"
REC-102122,+255 714 008 494,+255 714 008 083,"Nov 08, 2023 09:46",DATA_RECHARGE,  55932  ,  active  ,"Stone Town, Zanzibar",-15,3G WCDMA,"iPhone 13,2 (iOS 16.5)",None
REC-100392,+255/714/000685,tel:+255-714-026989,12/01/2023 09:17 AM,BUNDLE_PURCHASE,NaN,ACTV,  Dar es Salaam  ,-15,3G WCDMA,Tecno Spark 10 Pro,Flagged for KYC update; verified by agent
REC-100510,  714000959  ,0714004110,UNKNOWN_TIME,SMS_PACK,$ 21.83 USD,PENDING_KYC,Mwanza,N/A,LTE-A,Unknown,"VIP Subscriber, priority routing"
REC-100956,+255(0)714004521,+255/714/013152,2023-11-15 02:33:59,DATA_RECHARGE,$ 59.53 USD,SUSPENDED,ARUSHA,02:15,2G GSM,Transsion Infinix Hot 30,"USSD session timeout, retry OK"
REC-102447,255714019180,+255 714 004 932,1700619915,SMS_PACK,"TZS 128,807.33/=",  active  ,ARUSHA,360,5G NR,Samsung Galaxy A14; Android 13,
REC-100731,0714-013-974,0714-001-233,2023-11-05 08:47:57,BUNDLE_PURCHASE,FREE,churn,Dodoma ,1800,5G NR,Nokia 105 (Feature Phone),
REC-102208,  714016851  ,N/A,27-11-2023 22:50:48,VOICE_CALL,"TZS 109,981.03/=",PENDING_KYC,,N/A,3G WCDMA,Samsung Galaxy A14; Android 13,Standard call; cell handover success
REC-100585,tel:+255-714-017947,tel:+255-714-021098,2023/11/04,TIGO_PESA_CASH_OUT,"144,415.7400",actve,Mbeya,-15,2G GSM,Samsung Galaxy A14; Android 13,Flagged for KYC update; verified by agent
REC-102018,+255 714 016 029,255714029592,"Nov 08, 2023 02:01",VOICE_CALL,"5,932.21",null,Arusha (CBD),120,4G LTE,Unknown,Standard call; cell handover success
REC-100153,0714-026-167,+255/714/016714,12/01/2023 07:01 PM,SMS_PACK,"TZS 41,107.41/=",,Arusha﻿,120,4G LTE,Nokia 105 (Feature Phone),Standard call; cell handover success
REC-102074,0714-007-535,tel:+255-714-000000,2023-11-26 16:45:27,TIGO_PESA_CASH_OUT,  116981  ,SUSPENDED,N/A,0,5G NR,"iPhone 13,2 (iOS 16.5)","USSD session timeout, retry OK"
REC-101620,+255(0)714023427,+255 714 019 591,UNKNOWN_TIME,TIGO_PESA_CASH_IN,"21,835.13",PENDING_KYC,Arusha,1800,unknown,Samsung Galaxy A14; Android 13,"USSD session timeout, retry OK"
REC-100359,+255(0)714011371,0714-012-604,16-11-2023 00:30:33,TIGO_PESA_CASH_IN,  70966  ,CHURNED,ARUSHA,N/A,3G WCDMA,"iPhone 13,2 (iOS 16.5)","Customer stated: ""Cannot connect to 4G in Posta area, please help"""
REC-100395,+255/714/011645,0714012193,2023/11/04,DATA_RECHARGE,FREE,ACTIVE,N/A,02:15,4G LTE,Tecno Spark 10 Pro,Standard call; cell handover success
REC-102291,255714005480,N/A,UNKNOWN_TIME,SMS_PACK,"146,061.91",pending,Morogoro,02:15,5G NR,Tecno Spark 10 Pro,"Customer stated: ""Cannot connect to 4G in Posta area, please help"""
REC-101506,  714033291  ,tel:+255-714-010686,11/05/2023 04:00 AM,SMS_PACK,"-11,224.70",Active,ZNZ,360,LTE-A,Transsion Infinix Hot 30,Flagged for KYC update; verified by agent
REC-100264,0714-023-838,+255/714/015207,2023-12-03 09:30:10,TIGO_PESA_CASH_IN,"48,302.5500",  active  ,DODOMA (Capital),1800,3G WCDMA,Huawei P40 Lite,"USSD session timeout, retry OK"
REC-101101,0714-027-948,  714017673  ,11/05/2023 12:56 AM,TIGO_PESA_CASH_IN,"TZS 39,517.69/=",ACTIVE,Dar es Salaam,02:15,4G LTE,Tecno Spark 10 Pro,"Customer stated: ""Cannot connect to 4G in Posta area, please help"""
REC-102158,+255(0)714007672,+255(0)714017947,2023/11/04,SMS_PACK,"132,070.98",suspnded,dar-es-salaam,120,3G WCDMA,Nokia 105 (Feature Phone),"VIP Subscriber, priority routing"
REC-100029,255714024523,+255 714 003 699,14-11-2023 04:44:29,TIGO_PESA_CASH_OUT,FREE,suspnded,Arusha﻿,-15,LTE-A,"iPhone 13,2 (iOS 16.5)","Customer stated: ""Cannot connect to 4G in Posta area, please help"""
REC-101041,0714022742,+255 714 032 469,2023-11-24 02:23:53,BUNDLE_PURCHASE,  105289  ,PENDING_KYC,DODOMA (Capital),N/A,4G,Unknown,"USSD session timeout, retry OK"
REC-101735,N/A,0714-003-014,2023-11-06T18:43:16+03:00,TIGO_PESA_CASH_OUT,NaN,ACTV,Zanzibar,N/A,LTE-A,Samsung Galaxy A14; Android 13,"USSD session timeout, retry OK"
REC-101243,+255/714/019180,+255 714 004 658,14-11-2023 11:24:52,DATA_RECHARGE,"TZS 120,529.07/=",  active  ,ZNZ,45,2G GSM,Transsion Infinix Hot 30,"VIP Subscriber, priority routing"
REC-101365,0714-022-605,+255(0)714002192,"Nov 24, 2023 15:14",TIGO_PESA_CASH_OUT,"-90,646.55",churn,  Dar es Salaam  ,45,4G,Transsion Infinix Hot 30,"USSD session timeout, retry OK"
REC-101835,+255 714 010 275,  714007535  ,UNKNOWN_TIME,TIGO_PESA_CASH_OUT,"TZS 15,663.68/=",null,Morogoro,1800,unknown,Nokia 105 (Feature Phone),"VIP Subscriber, priority routing"
REC-101170,0714026304,+255(0)714005069,1699686552,SMS_PACK,"119,167.20",ACTV,Dar es Salaam,120,3G WCDMA,Tecno Spark 10 Pro,"Customer stated: ""Cannot connect to 4G in Posta area, please help"""
REC-102121,  714033154  ,0714-006-713,11/18/2023 03:54 AM,DATA_RECHARGE,"94,515.77",UNKNOWN,Tanga,02:15,LTE-A,Nokia 105 (Feature Phone),
REC-101423,0714023153,+255(0)714022468,11/22/2023 12:27 PM,BUNDLE_PURCHASE,"64,598.77",  active  ,Morogoro,N/A,3G WCDMA,Samsung Galaxy A14; Android 13,
REC-100194,0714-016-714,255714010960,11/28/2023 08:17 AM,BUNDLE_PURCHASE,"117,405.17",TERMINATED,DODOMA (Capital),30s,4G LTE,Huawei P40 Lite,Flagged for KYC update; verified by agent
REC-101887,+255 714 019 043,0000000000,1700875770,BUNDLE_PURCHASE,"33,495.73",CHURNED,Tanga,-15,4G LTE,Transsion Infinix Hot 30,None
REC-102354,0714-030-414,255714023701,1699464651,VOICE_CALL,"137,238.0000",Term,ZNZ,02:15,unknown,"iPhone 13,2 (iOS 16.5)","Customer stated: ""Cannot connect to 4G in Posta area, please help"""
REC-100683,  714006302  ,0714-028-359,2023-11-24T08:29:59+03:00,TIGO_PESA_CASH_OUT,  94212  ,SUSPENDED,dar-es-salaam,360,4G LTE,Transsion Infinix Hot 30,"VIP Subscriber, priority routing"
REC-102005,+255/714/006302,+255(0)714004384,15-11-2023 07:24:15,BUNDLE_PURCHASE,$ 42.26 USD,CHURNED,mwanza,N/A,LTE-A,"iPhone 13,2 (iOS 16.5)","Customer stated: ""Cannot connect to 4G in Posta area, please help"""
REC-102496,tel:+255-714-023564,0714024249,11/25/2023 09:09 PM,TIGO_PESA_CASH_OUT,"TZS 140,113.52/=",PENDING_KYC,Dodoma,-15,unknown,Transsion Infinix Hot 30,None
REC-100372,0714-010-138,+255 714 020 824,11/24/2023 11:55 AM,BUNDLE_PURCHASE,"TZS 65,847.40/=",churn,DODOMA (Capital),120,5G NR,Samsung Galaxy A14; Android 13,"Customer stated: ""Cannot connect to 4G in Posta area, please help"""
REC-101438,0714-018-769,  714002877  ,"Nov 26, 2023 21:33",TIGO_PESA_CASH_IN,"TZS 50,177.38/=",null,,02:15,4G,Nokia 105 (Feature Phone),Flagged for KYC update; verified by agent
REC-101698,0714-000-959,N/A,1699237677,BUNDLE_PURCHASE,"TZS 102,073.81/=",Term,Dodoma,120,5G NR,Samsung Galaxy A14; Android 13,"USSD session timeout, retry OK"
REC-101682,tel:+255-714-022742,0714-008-905,1699666035,DATA_RECHARGE,,SUSPENDED,  Dar es Salaam  ,02:15,2G GSM,Samsung Galaxy A14; Android 13,None
REC-100032,0714015207,  714000000  ,"Nov 14, 2023 01:47",TIGO_PESA_CASH_IN,NaN,Term,Tanga,30s,LTE-A,Unknown,"VIP Subscriber, priority routing"
REC-100897,255714011645,  714031921  ,2023-11-06 21:33:43,BUNDLE_PURCHASE,$ 12.79 USD,SUSPENDED,Mbeya,02:15,unknown,Nokia 105 (Feature Phone),Flagged for KYC update; verified by agent
REC-101401,255714022194,0714-005-891,19-11-2023 13:07:19,DATA_RECHARGE,$ 7.58 USD,suspnded,ZNZ,30s,5G NR,Tecno Spark 10 Pro,None
REC-100243,255714017399,0714000959,11/13/2023 02:16 PM,TIGO_PESA_CASH_IN,FREE,Active,Tanga,120,LTE-A,Tecno Spark 10 Pro,"Customer stated: ""Cannot connect to 4G in Posta area, please help"""
REC-101883,0714-028-633,0714019591,11/05/2023 06:19 PM,SMS_PACK,$ 59.77 USD,ACTV,Mbeya,02:15,5G NR,Nokia 105 (Feature Phone),
REC-102162,0714-026-304,  714004247  ,1700617026,DATA_RECHARGE,"TZS 46,490.01/=",suspnded,Morogoro,30s,4G LTE,Nokia 105 (Feature Phone),"Customer stated: ""Cannot connect to 4G in Posta area, please help"""
REC-100619,N/A,tel:+255-714-017262,2023-11-14 00:40:47,SMS_PACK,FREE,,ZNZ,N/A,4G,Huawei P40 Lite,Flagged for KYC update; verified by agent
REC-101760,+255(0)714027126,255714019728,2023-11-22 23:23:55,BUNDLE_PURCHASE,  27355  ,null,Zanzibar,120,4G LTE,Tecno Spark 10 Pro,"USSD session timeout, retry OK"
REC-100038,  714015892  ,tel:+255-714-004658,UNKNOWN_TIME,TIGO_PESA_CASH_IN,FREE,UNKNOWN,Dodoma ,1800,3G WCDMA,"iPhone 13,2 (iOS 16.5)",
REC-101118,0714024523,  714019728  ,2023-11-07 16:08:11,TIGO_PESA_CASH_OUT,"TZS 101,863.88/=",Pending_Kyc​,Dodoma ,N/A,3G WCDMA,"iPhone 13,2 (iOS 16.5)","VIP Subscriber, priority routing"
REC-100456,+255(0)714020276,tel:+255-714-005891,11/05/2023 08:01 PM,TIGO_PESA_CASH_IN,"TZS 72,971.65/=",  active  ,Mwanza,360,4G,Huawei P40 Lite,"USSD session timeout, retry OK"
REC-101631,+255/714/002740,  714017262  ,2023-11-05 04:31:13,TIGO_PESA_CASH_IN,  124941  ,Suspended,ARUSHA,02:15,4G LTE,Samsung Galaxy A14; Android 13,Standard call; cell handover success
REC-102082,+255(0)714019317,+255 714 021 646,2023/11/04,TIGO_PESA_CASH_OUT,"TZS 12,006.94/=",Term,Dodoma ,120,4G LTE,Transsion Infinix Hot 30,Flagged for KYC update; verified by agent
REC-100817,tel:+255-714-023838,N/A,2023-11-07 02:07:55,VOICE_CALL,"TZS 86,496.96/=",null,  Dar es Salaam  ,360,4G,Huawei P40 Lite,
REC-100913,0714-002-603,  714020687  ,11/17/2023 06:34 AM,BUNDLE_PURCHASE,"15,797.1600",churn,Mwanza Rock City,360,unknown,Nokia 105 (Feature Phone),None
REC-100771,+255 714 012 741,0714-012-330,1700181895,TIGO_PESA_CASH_OUT,"146,783.3200",ACTV,  Dar es Salaam  ,N/A,4G LTE,Tecno Spark 10 Pro,None
REC-100390,255714011371,  714029592  ,11/20/2023 05:04 AM,BUNDLE_PURCHASE,$ 14.60 USD,churn,Mbeya,360,5G NR,Transsion Infinix Hot 30,"Customer stated: ""Cannot connect to 4G in Posta area, please help"""
REC-101087,0714-022-331,0714-010-001,11/16/2023 04:44 AM,BUNDLE_PURCHASE,FREE,TERMINATED,mwanza,45,4G LTE,Samsung Galaxy A14; Android 13,"VIP Subscriber, priority routing"
REC-101109,255714024934,+255 714 024 386,2023-11-06 06:10:18,DATA_RECHARGE,$ 13.92 USD,CHURNED,dar-es-salaam,30s,2G GSM,Unknown,Flagged for KYC update; verified by agent
REC-101272,+255(0)714014796,N/A,"Nov 29, 2023 23:17",TIGO_PESA_CASH_IN,,actve,Arusha﻿,360,2G GSM,Samsung Galaxy A14; Android 13,None
REC-100821,+255 714 016 440,+255 714 003 836,"Nov 18, 2023 14:51",DATA_RECHARGE,"TZS 79,027.74/=",ACTV,  Dar es Salaam  ,0,5G NR,Unknown,
REC-101381,+255/714/003836,0000000000,2023-12-03 14:54:42,SMS_PACK,,Suspended,Dodoma ,0,4G,"iPhone 13,2 (iOS 16.5)","Customer stated: ""Cannot connect to 4G in Posta area, please help"""
REC-102298,+255 714 010 412,N/A,1699560856,BUNDLE_PURCHASE,"TZS 5,219.14/=",churn,N/A,0,5G NR,Unknown,"VIP Subscriber, priority routing"
REC-100579,0714013974,  714016988  ,2023/11/04,DATA_RECHARGE,$ 42.91 USD,PENDING_KYC,Morogoro,30s,2G GSM,Samsung Galaxy A14; Android 13,"USSD session timeout, retry OK"
REC-100930,0714032332,tel:+255-714-003973,27-11-2023 04:36:15,BUNDLE_PURCHASE,$ 19.51 USD,,DAR ES SALAAM,30s,LTE-A,Samsung Galaxy A14; Android 13,
REC-100218,tel:+255-714-023290,+255 714 031 647,"Nov 15, 2023 21:01",TIGO_PESA_CASH_OUT,  98495  ,ACTIVE,Arusha (CBD),N/A,4G LTE,"iPhone 13,2 (iOS 16.5)",Standard call; cell handover success
REC-100969,+255 714 022 331,0714-007-946,11/17/2023 07:49 AM,VOICE_CALL,"39,283.4700",UNKNOWN,DODOMA (Capital),N/A,2G GSM,"iPhone 13,2 (iOS 16.5)","USSD session timeout, retry OK"
REC-102465,  714033154  ,255714011782,UNKNOWN_TIME,DATA_RECHARGE,"TZS 93,220.82/=",,Dodoma ,-15,4G,Tecno Spark 10 Pro,Standard call; cell handover success
REC-101323,+255/714/022468,0000000000,2023-11-20 08:00:53,TIGO_PESA_CASH_IN,"TZS 10,851.77/=",Term,"Stone Town, Zanzibar",-15,2G GSM,"iPhone 13,2 (iOS 16.5)",
REC-101495,+255 714 033 154,+255 714 006 713,12/02/2023 08:35 AM,SMS_PACK,"-118,868.21",churn,ZNZ,0,3G WCDMA,"iPhone 13,2 (iOS 16.5)","VIP Subscriber, priority routing"
REC-101158,+255/714/002603,tel:+255-714-020961,2023-11-24 02:55:25,DATA_RECHARGE,"33,080.29",TERMINATED,Arusha﻿,360,4G,Transsion Infinix Hot 30,Standard call; cell handover success
REC-100350,0714-014-111,+255 714 020 550,"Nov 08, 2023 21:16",BUNDLE_PURCHASE,FREE,,Dodoma,30s,unknown,Tecno Spark 10 Pro,Flagged for KYC update; verified by agent
REC-101465,+255/714/024523,+255 714 021 098,UNKNOWN_TIME,DATA_RECHARGE,$ 30.61 USD,SUSPENDED,ZNZ,360,5G NR,Tecno Spark 10 Pro,None
REC-102430,tel:+255-714-026441,255714033428,2023-11-25 03:42:45,DATA_RECHARGE,  29335  ,pending,"Stone Town, Zanzibar",-15,4G LTE,Tecno Spark 10 Pro,"USSD session timeout, retry OK"
REC-101439,+255/714/002329,0714-016-303,2023-11-21T23:35:10+03:00,TIGO_PESA_CASH_OUT,"38,777.0200",Term,Arusha,02:15,2G GSM,Samsung Galaxy A14; Android 13,"Customer stated: ""Cannot connect to 4G in Posta area, please help"""
REC-100452,  714017399  ,tel:+255-714-029592,12/01/2023 12:33 AM,BUNDLE_PURCHASE,,,"Stone Town, Zanzibar",30s,4G LTE,Huawei P40 Lite,"Customer stated: ""Cannot connect to 4G in Posta area, please help"""
REC-101197,+255(0)714000548,0000000000,2023-11-24 18:20:52,TIGO_PESA_CASH_OUT,  137159  ,suspnded,Mwanza Rock City,120,3G WCDMA,Tecno Spark 10 Pro,"USSD session timeout, retry OK"
REC-101604,  714032880  ,0714-017-947,1701679799,SMS_PACK,"68,944.27",SUSPENDED,Mbeya,30s,unknown,Unknown,"Customer stated: ""Cannot connect to 4G in Posta area, please help"""
REC-101143,255714032606,+255(0)714013015,2023-11-10T16:34:05+03:00,TIGO_PESA_CASH_OUT,"92,426.9200",SUSPENDED,Arusha﻿,1800,5G NR,Transsion Infinix Hot 30,None
REC-100994,+255(0)714026989,255714028770,2023-12-02T12:18:29+03:00,DATA_RECHARGE,"TZS 28,732.68/=",Terminated,ARUSHA,0,4G LTE,Huawei P40 Lite,Standard call; cell handover success
REC-102245,+255 714 006 576,0000000000,28-11-2023 11:05:16,DATA_RECHARGE,  135362  ,Suspended,DODOMA (Capital),1800,LTE-A,Nokia 105 (Feature Phone),"VIP Subscriber, priority routing"
REC-100663,0714-013-015,+255 714 031 784,11/05/2023 05:11 AM,TIGO_PESA_CASH_IN,  123169  ,  active  ,Arusha﻿,0,unknown,Unknown,None
REC-100656,  714031510  ,0714021646,2023-11-13T09:57:01+03:00,SMS_PACK,"85,507.98",Active,Arusha﻿,45,5G NR,Nokia 105 (Feature Phone),Standard call; cell handover success
REC-102347,255714006850,0714-015-892,2023-11-25 14:43:47,BUNDLE_PURCHASE,NaN,ACTIVE,Tanga,0,unknown,Transsion Infinix Hot 30,
REC-101069,0714018906,N/A,2023/11/04,VOICE_CALL,"30,311.76",SUSPENDED,,02:15,2G GSM,Transsion Infinix Hot 30,Flagged for KYC update; verified by agent
REC-100462,tel:+255-714-008357,  714025619  ,13-11-2023 05:50:25,TIGO_PESA_CASH_IN,  82368  ,  active  ,Dar es Salaam,02:15,4G LTE,Huawei P40 Lite,"VIP Subscriber, priority routing"
REC-100239,tel:+255-714-028907,+255 714 024 660,1700474866,DATA_RECHARGE,"TZS 14,136.33/=",CHURNED,DODOMA (Capital),1800,4G LTE,Nokia 105 (Feature Phone),"USSD session timeout, retry OK"
REC-101470,0714-030-688,tel:+255-714-003562,2023-11-10 20:25:55,BUNDLE_PURCHASE,"14,483.79",Active,Dodoma ,360,3G WCDMA,"iPhone 13,2 (iOS 16.5)","VIP Subscriber, priority routing"
REC-100416,tel:+255-714-032195,N/A,26-11-2023 10:29:19,VOICE_CALL,"TZS 108,535.70/=",,Mbeya,45,3G WCDMA,Transsion Infinix Hot 30,"USSD session timeout, retry OK"
REC-101199,0714013837,N/A,1700634054,BUNDLE_PURCHASE,$ 48.90 USD,PENDING_KYC,Dar es Salaam,1800,unknown,Nokia 105 (Feature Phone),None
REC-101000,  714022742  ,+255/714/022468,2023-11-17 20:17:22,SMS_PACK,"97,280.26",ACTV,Arusha﻿,45,2G GSM,Samsung Galaxy A14; Android 13,Flagged for KYC update; verified by agent
REC-100554,0714-021-372,+255 714 021 920,17-11-2023 05:13:18,SMS_PACK,"TZS 127,848.72/=",PENDING_KYC,Tanga,360,4G,Samsung Galaxy A14; Android 13,"USSD session timeout, retry OK"
REC-100592,+255(0)714021783,0714027537,11/24/2023 03:30 AM,DATA_RECHARGE,"TZS 132,205.72/=",null,Mwanza Rock City,02:15,LTE-A,Nokia 105 (Feature Phone),
REC-101187,255714005891,0000000000,2023-12-03 07:32:54,TIGO_PESA_CASH_IN,$ 37.00 USD,Terminated,Arusha,0,3G WCDMA,Huawei P40 Lite,None
REC-101918,  714010275  ,0714-012-056,1701607555,VOICE_CALL,"69,271.4200",,N/A,360,4G LTE,"iPhone 13,2 (iOS 16.5)","Customer stated: ""Cannot connect to 4G in Posta area, please help"""
REC-101132,+255 714 021 098,255714016440,1700992465,DATA_RECHARGE,"TZS 92,250.73/=",ACTV,Morogoro,-15,2G GSM,Transsion Infinix Hot 30,"VIP Subscriber, priority routing"
REC-101194,+255/714/005069,0714-001-370,"Nov 17, 2023 23:57",DATA_RECHARGE,"108,257.27",ACTIVE,N/A,30s,LTE-A,Tecno Spark 10 Pro,None
REC-102437,0714-031-236,+255(0)714005617,2023/11/04,BUNDLE_PURCHASE,"101,784.63",SUSPENDED,Dodoma ,360,4G LTE,Transsion Infinix Hot 30,"Customer stated: ""Cannot connect to 4G in Posta area, please help"""
REC-101838,0714016166,0714026167,1701202130,BUNDLE_PURCHASE,,Suspended,Zanzibar,1800,LTE-A,Huawei P40 Lite,
REC-100717,  714015344  ,0714012330,11/25/2023 06:36 AM,BUNDLE_PURCHASE,FREE,suspnded,mwanza,0,5G NR,Transsion Infinix Hot 30,None
REC-102352,255714005617,0714-024-797,2023-11-12 09:43:01,DATA_RECHARGE,,Active,Mwanza Rock City,1800,unknown,Huawei P40 Lite,Flagged for KYC update; verified by agent
REC-100726,255714005617,0714004795,11/14/2023 03:27 AM,VOICE_CALL,"TZS 28,840.28/=",churn,Dodoma ,30s,4G LTE,"iPhone 13,2 (iOS 16.5)",
REC-100494,0714013015,0714012056,1701072010,SMS_PACK,FREE,Terminated,Zanzibar,30s,unknown,Nokia 105 (Feature Phone),
REC-100749,  714031236  ,255714015481,16-11-2023 08:16:48,VOICE_CALL,"81,757.20",null,  Dar es Salaam  ,-15,unknown,Samsung Galaxy A14; Android 13,"VIP Subscriber, priority routing"
REC-102360,255714003699,N/A,2023-11-10 03:42:17,DATA_RECHARGE,  30612  ,churn,DAR ES SALAAM,-15,2G GSM,"iPhone 13,2 (iOS 16.5)","USSD session timeout, retry OK"
REC-102067,+255 714 016 851,+255 714 006 439,2023-11-16 23:37:28,SMS_PACK,"107,732.0700",ACTIVE,Zanzibar,0,3G WCDMA,"iPhone 13,2 (iOS 16.5)","USSD session timeout, retry OK"
REC-101332,N/A,0714-019-865,11/12/2023 07:40 PM,VOICE_CALL,"110,054.3700",,dar-es-salaam,360,4G,Huawei P40 Lite,Standard call; cell handover success
REC-101763,+255 714 007 672,+255/714/023701,07-11-2023 00:34:46,VOICE_CALL,FREE,,,45,unknown,Nokia 105 (Feature Phone),Standard call; cell handover success
REC-100230,+255(0)714003562,  714031236  ,2023-11-29 05:02:46,VOICE_CALL,FREE,suspnded,DAR ES SALAAM,N/A,5G NR,Transsion Infinix Hot 30,Flagged for KYC update; verified by agent
REC-101338,+255 714 025 345,0714-030-140,2023-11-06 16:01:42,TIGO_PESA_CASH_IN,$ 45.71 USD,pending,ZNZ,1800,2G GSM,Unknown,Standard call; cell handover success
REC-102022,  714030825  ,0714-027-126,2023/11/04,BUNDLE_PURCHASE,"24,257.84",PENDING_KYC,Zanzibar,1800,unknown,Nokia 105 (Feature Phone),Standard call; cell handover success
REC-100401,tel:+255-714-008494,+255 714 033 154,1700306638,VOICE_CALL,"51,819.0700",Pending_Kyc​,Dar es Salaam,30s,4G,Nokia 105 (Feature Phone),Standard call; cell handover success
REC-100292,+255 714 016 166,0714-001-644,2023-11-18 14:45:27,TIGO_PESA_CASH_IN,"120,338.62",actve,  Dar es Salaam  ,-15,4G LTE,Unknown,Flagged for KYC update; verified by agent
REC-102471,0714002603,0714-003-014,1699192842,TIGO_PESA_CASH_IN,  51583  ,TERMINATED,DODOMA (Capital),30s,5G NR,"iPhone 13,2 (iOS 16.5)",
REC-101363,+255(0)714022879,+255(0)714009179,2023/11/04,SMS_PACK,  84657  ,TERMINATED,Morogoro,-15,5G NR,"iPhone 13,2 (iOS 16.5)",
REC-101455,+255/714/022194,+255 714 012 193,2023-11-22 22:21:06,TIGO_PESA_CASH_IN,FREE,SUSPENDED,mwanza,0,3G WCDMA,Huawei P40 Lite,"USSD session timeout, retry OK"
REC-102277,  714032058  ,255714009864,2023-11-06 22:32:26,SMS_PACK,"TZS 32,874.08/=",UNKNOWN,ZNZ,1800,2G GSM,Samsung Galaxy A14; Android 13,Standard call; cell handover success
REC-100101,+255(0)714004521,0714-013-289,21-11-2023 16:51:24,VOICE_CALL,"59,862.1400",pending,dar-es-salaam,30s,2G GSM,Transsion Infinix Hot 30,Standard call; cell handover success
REC-102408,+255 714 024 249,tel:+255-714-033702,11/07/2023 10:44 PM,BUNDLE_PURCHASE,  37918  ,UNKNOWN,Tanga,1800,LTE-A,Nokia 105 (Feature Phone),"USSD session timeout, retry OK"
REC-100524,+255 714 017 125,0714023564,"Nov 08, 2023 15:15",VOICE_CALL,"21,933.45",,  Dar es Salaam  ,45,4G LTE,Tecno Spark 10 Pro,Flagged for KYC update; verified by agent
REC-100517,255714024112,0714-007-946,UNKNOWN_TIME,SMS_PACK,"TZS 114,572.04/=",ACTIVE,"Stone Town, Zanzibar",02:15,4G LTE,"iPhone 13,2 (iOS 16.5)","VIP Subscriber, priority routing"
REC-100558,+255(0)714014796,+255 714 025 756,07-11-2023 00:56:16,TIGO_PESA_CASH_IN,$ 55.88 USD,CHURNED,Tanga,-15,4G LTE,Tecno Spark 10 Pro,Standard call; cell handover success
REC-102378,tel:+255-714-031784,tel:+255-714-018906,"Nov 22, 2023 05:06",TIGO_PESA_CASH_OUT,"44,757.92",CHURNED,Arusha﻿,-15,5G NR,Tecno Spark 10 Pro,"USSD session timeout, retry OK"
REC-102279,+255 714 025 619,  714012330  ,11/18/2023 09:25 AM,BUNDLE_PURCHASE,"7,339.02",Active,,02:15,5G NR,Transsion Infinix Hot 30,None
REC-102489,255714020139,255714016029,1700366569,TIGO_PESA_CASH_OUT,"32,326.4100",UNKNOWN,Mbeya,30s,LTE-A,"iPhone 13,2 (iOS 16.5)",Flagged for KYC update; verified by agent
REC-101526,255714024797,255714027400,1699653277,DATA_RECHARGE,"TZS 6,075.21/=",Terminated,Mwanza,02:15,unknown,Tecno Spark 10 Pro,"Customer stated: ""Cannot connect to 4G in Posta area, please help"""
REC-102274,255714004110,+255/714/026030,2023-11-30 13:13:40,SMS_PACK,NaN,PENDING_KYC,Arusha﻿,30s,4G,Samsung Galaxy A14; Android 13,None
REC-100071,255714031921,0000000000,1699737975,TIGO_PESA_CASH_OUT,"TZS 144,741.25/=",,Mwanza Rock City,0,unknown,Unknown,"Customer stated: ""Cannot connect to 4G in Posta area, please help"""
REC-100312,0714-025-893,  714021098  ,2023-11-26 07:07:46,DATA_RECHARGE,"TZS 147,526.27/=",SUSPENDED,ZNZ,0,3G WCDMA,Samsung Galaxy A14; Android 13,"Customer stated: ""Cannot connect to 4G in Posta area, please help"""
REC-100036,+255 714 028 222,+255 714 006 850,UNKNOWN_TIME,VOICE_CALL,FREE,,Arusha (CBD),02:15,3G WCDMA,Transsion Infinix Hot 30,Flagged for KYC update; verified by agent
REC-101331,0714006028,0714-002-192,11/15/2023 01:21 AM,BUNDLE_PURCHASE,,ACTIVE,Mwanza Rock City,45,4G,"iPhone 13,2 (iOS 16.5)",Standard call; cell handover success
REC-100147,  714027811  ,tel:+255-714-031510,2023-11-27 13:09:35,TIGO_PESA_CASH_IN,"145,077.0700",,Arusha﻿,-15,2G GSM,Transsion Infinix Hot 30,Flagged for KYC update; verified by agent
REC-100026,  714009179  ,+255(0)714005617,11/04/2023 11:29 PM,VOICE_CALL,FREE,ACTV,Mbeya,-15,unknown,Tecno Spark 10 Pro,Standard call; cell handover success
REC-100588,255714025071,tel:+255-714-026441,2023-11-30 05:18:34,TIGO_PESA_CASH_OUT,"TZS 118,188.75/=",PENDING_KYC,Dodoma ,02:15,3G WCDMA,Unknown,Standard call; cell handover success
REC-101531,0714-010-138,0714-006-302,2023-11-19 03:12:46,DATA_RECHARGE,  99661  ,PENDING_KYC,ZNZ,02:15,unknown,Unknown,Standard call; cell handover success
REC-101239,tel:+255-714-020824,0714-018-632,11/12/2023 08:46 PM,BUNDLE_PURCHASE,"125,585.16",Term,Mwanza,120,LTE-A,Unknown,None
REC-100825,tel:+255-714-009179,+255/714/031921,11/24/2023 06:24 PM,TIGO_PESA_CASH_IN,"TZS 46,743.83/=",UNKNOWN,Mwanza Rock City,0,3G WCDMA,Unknown,"Customer stated: ""Cannot connect to 4G in Posta area, please help"""
REC-101602,+255(0)714021372,  714020550  ,"Nov 09, 2023 22:54",VOICE_CALL,$ 32.03 USD,Pending_Kyc​,Arusha﻿,-15,2G GSM,"iPhone 13,2 (iOS 16.5)",None
REC-101891,255714023975,+255/714/015344,1700352547,BUNDLE_PURCHASE,"TZS 7,224.69/=",null,Mwanza Rock City,-15,4G,Nokia 105 (Feature Phone),None
REC-100343,+255 714 008 905,  714006576  ,2023-11-29 21:01:34,VOICE_CALL,"78,204.40",Suspended,Mwanza Rock City,02:15,5G NR,Samsung Galaxy A14; Android 13,Flagged for KYC update; verified by agent
REC-100974,tel:+255-714-008494,0714007946,2023-12-04 01:55:08,TIGO_PESA_CASH_IN,"TZS 83,020.36/=",Suspended,dar-es-salaam,45,2G GSM,Tecno Spark 10 Pro,"VIP Subscriber, priority routing"
REC-101496,0714-006-850,tel:+255-714-004247,11/11/2023 11:50 PM,BUNDLE_PURCHASE,"TZS 116,447.03/=",ACTIVE,Tanga,45,2G GSM,Nokia 105 (Feature Phone),
REC-100423,tel:+255-714-021372,+255(0)714023153,1699844150,TIGO_PESA_CASH_OUT,"112,525.55",Active,dar-es-salaam,360,5G NR,Tecno Spark 10 Pro,"Customer stated: ""Cannot connect to 4G in Posta area, please help"""
REC-102473,255714022057,0000000000,1700585506,SMS_PACK,"61,835.58",ACTIVE,Arusha﻿,-15,unknown,Samsung Galaxy A14; Android 13,"VIP Subscriber, priority routing"
REC-101949,  714020139  ,+255/714/031373,"Nov 25, 2023 09:07",BUNDLE_PURCHASE,  95826  ,CHURNED,Arusha,1800,2G GSM,Unknown,Standard call; cell handover success
REC-100406,tel:+255-714-028359,+255/714/002055,2023-11-05T22:33:08+03:00,BUNDLE_PURCHASE,"TZS 142,392.90/=",Term,DODOMA (Capital),45,4G LTE,Nokia 105 (Feature Phone),"Customer stated: ""Cannot connect to 4G in Posta area, please help"""
REC-101154,+255(0)714005206,255714000685,2023-11-23 02:45:59,DATA_RECHARGE,"TZS 81,485.84/=",SUSPENDED,dar-es-salaam,360,unknown,Transsion Infinix Hot 30,"VIP Subscriber, priority routing"
REC-100278,tel:+255-714-023975,0714018632,2023/11/04,BUNDLE_PURCHASE,"TZS 45,379.13/=",null,ARUSHA,360,4G LTE,Transsion Infinix Hot 30,Flagged for KYC update; verified by agent
REC-100152,+255 714 009 590,tel:+255-714-010001,11/23/2023 03:53 PM,TIGO_PESA_CASH_IN,"-143,214.03",Terminated,dar-es-salaam,30s,3G WCDMA,Nokia 105 (Feature Phone),"USSD session timeout, retry OK"
REC-102431,+255(0)714007398,tel:+255-714-011782,1701207456,DATA_RECHARGE,"TZS 116,504.40/=",ACTV,ARUSHA,1800,5G NR,Unknown,None
REC-100233,0714-000-274,+255(0)714012878,11/16/2023 06:51 AM,TIGO_PESA_CASH_OUT,,Suspended,Mbeya,120,4G,Samsung Galaxy A14; Android 13,"Customer stated: ""Cannot connect to 4G in Posta area, please help"""
REC-102130,+255/714/026715,+255 714 000 411,02-12-2023 05:02:33,SMS_PACK,"TZS 12,262.87/=",suspnded,mwanza,30s,unknown,Transsion Infinix Hot 30,"VIP Subscriber, priority routing"
REC-101310,+255 714 022 194,+255(0)714033291,17-11-2023 13:55:26,TIGO_PESA_CASH_OUT,"TZS 124,631.10/=",Suspended,Mbeya,0,5G NR,Transsion Infinix Hot 30,Flagged for KYC update; verified by agent
REC-101779,255714021372,  714006439  ,2023-11-10 09:41:04,DATA_RECHARGE,"TZS 38,593.64/=",UNKNOWN,Mwanza,120,4G LTE,Tecno Spark 10 Pro,Flagged for KYC update; verified by agent
REC-100149,0714-014-385,0714024112,"Nov 27, 2023 09:40",SMS_PACK,  109247  ,UNKNOWN,Arusha (CBD),1800,5G NR,Nokia 105 (Feature Phone),"Customer stated: ""Cannot connect to 4G in Posta area, please help"""
REC-102251,+255 714 024 386,  714030003  ,11/13/2023 10:02 AM,TIGO_PESA_CASH_IN,$ 33.77 USD,suspnded,Morogoro,02:15,4G,Transsion Infinix Hot 30,Flagged for KYC update; verified by agent
REC-101388,+255 714 001 644,+255 714 003 836,13-11-2023 06:36:53,VOICE_CALL,"126,800.3600",suspnded,DODOMA (Capital),-15,5G NR,Samsung Galaxy A14; Android 13,"VIP Subscriber, priority routing"
REC-100596,0714-012-193,  714010412  ,"Nov 11, 2023 07:18",SMS_PACK,"-56,961.03",UNKNOWN,Morogoro,120,unknown,Unknown,"USSD session timeout, retry OK"
REC-102439,N/A,0714025208,2023-11-22T18:12:07+03:00,DATA_RECHARGE,"TZS 81,873.11/=",PENDING_KYC,Mbeya,-15,5G NR,Huawei P40 Lite,None
REC-100058,0000000000,255714020550,"Dec 04, 2023 02:29",SMS_PACK,"15,335.4200",TERMINATED,,0,4G,"iPhone 13,2 (iOS 16.5)",Flagged for KYC update; verified by agent
REC-101103,0714-015-892,+255 714 009 864,2023/11/04,VOICE_CALL,$ 52.09 USD,CHURNED,Arusha,30s,unknown,Nokia 105 (Feature Phone),"Customer stated: ""Cannot connect to 4G in Posta area, please help"""
REC-101578,0714-014-385,+255/714/016166,21-11-2023 04:16:07,DATA_RECHARGE,$ 24.04 USD,null,  Dar es Salaam  ,02:15,5G NR,Unknown,Standard call; cell handover success
REC-100865,0714019865,0714-026-852,11/16/2023 01:46 AM,DATA_RECHARGE,"136,203.03",TERMINATED,dar-es-salaam,120,unknown,Huawei P40 Lite,"USSD session timeout, retry OK"
REC-102257,+255/714/033976,+255 714 024 249,11/11/2023 11:24 PM,VOICE_CALL,"-33,513.15",  active  ,Mwanza,-15,4G LTE,Nokia 105 (Feature Phone),"USSD session timeout, retry OK"
REC-101220,  714008083  ,  714008631  ,30-11-2023 07:55:17,DATA_RECHARGE,"TZS 41,844.09/=",ACTIVE,N/A,120,LTE-A,Samsung Galaxy A14; Android 13,None
REC-101251,tel:+255-714-024934,+255 714 001 370,2023-11-24 10:07:14,BUNDLE_PURCHASE,$ 51.39 USD,CHURNED,Dar es Salaam,1800,4G,"iPhone 13,2 (iOS 16.5)","VIP Subscriber, priority routing"
REC-101657,tel:+255-714-017399,N/A,21-11-2023 21:55:04,SMS_PACK,"145,655.38",SUSPENDED,Arusha﻿,30s,3G WCDMA,Samsung Galaxy A14; Android 13,"VIP Subscriber, priority routing"
REC-102137,255714025893,0714-017-536,11/19/2023 04:35 AM,DATA_RECHARGE,898.08,TERMINATED,mwanza,0,4G LTE,Nokia 105 (Feature Phone),None
REC-102296,255714020413,0714-019-454,2023-11-11 07:57:26,TIGO_PESA_CASH_OUT,"58,940.75",null,mwanza,360,5G NR,"iPhone 13,2 (iOS 16.5)","VIP Subscriber, priority routing"
REC-101573,0714012193,  714023153  ,2023-11-11 19:46:17,SMS_PACK,"58,922.99",churn,Mbeya,02:15,unknown,"iPhone 13,2 (iOS 16.5)",Standard call; cell handover success
REC-100220,255714003562,0714-010-960,11/10/2023 11:20 PM,SMS_PACK,"TZS 148,944.55/=",UNKNOWN,Morogoro,-15,2G GSM,Nokia 105 (Feature Phone),Flagged for KYC update; verified by agent
REC-102165,+255(0)714030962,0714-005-480,04-11-2023 14:05:54,VOICE_CALL,"TZS 79,277.88/=",CHURNED,Arusha (CBD),-15,3G WCDMA,Huawei P40 Lite,Standard call; cell handover success
REC-101070,+255 714 033 017,0714-015-481,12-11-2023 21:00:49,TIGO_PESA_CASH_IN,  147553  ,ACTV,N/A,02:15,2G GSM,Unknown,None
REC-100018,+255/714/032469,0714-026-304,14-11-2023 21:15:21,TIGO_PESA_CASH_OUT,"TZS 135,415.21/=",ACTIVE,DODOMA (Capital),360,unknown,Unknown,"Customer stated: ""Cannot connect to 4G in Posta area, please help"""
REC-100237,255714032469,+255/714/028085,11/26/2023 11:43 AM,TIGO_PESA_CASH_IN,NaN,ACTV,Morogoro,0,4G,Samsung Galaxy A14; Android 13,Flagged for KYC update; verified by agent
REC-100713,tel:+255-714-018632,255714003836,11/08/2023 07:53 PM,TIGO_PESA_CASH_IN,"-136,432.19",suspnded,Mwanza,-15,4G LTE,Transsion Infinix Hot 30,Flagged for KYC update; verified by agent
REC-100779,0714033017,+255(0)714014659,1700932004,TIGO_PESA_CASH_IN,$ 54.77 USD,ACTIVE,Mbeya,120,4G LTE,Nokia 105 (Feature Phone),
REC-101441,0714-010-549,  714033839  ,11/18/2023 11:19 PM,TIGO_PESA_CASH_OUT,$ 54.92 USD,Term,Mwanza Rock City,-15,3G WCDMA,Unknown,"Customer stated: ""Cannot connect to 4G in Posta area, please help"""
REC-100004,+255(0)714029044,+255/714/021920,07-11-2023 21:15:35,VOICE_CALL,"99,358.8700",suspnded,  Dar es Salaam  ,02:15,5G NR,Transsion Infinix Hot 30,
REC-100193,N/A,255714000137,"Nov 20, 2023 12:09",TIGO_PESA_CASH_OUT,"50,543.0700",ACTV,mwanza,30s,2G GSM,Nokia 105 (Feature Phone),Flagged for KYC update; verified by agent
REC-101037,0000000000,+255 714 033 428,11/07/2023 07:16 AM,TIGO_PESA_CASH_IN,  71756  ,  active  ,,30s,4G LTE,Nokia 105 (Feature Phone),"USSD session timeout, retry OK"
REC-100247,0000000000,0714-026-715,1700729162,TIGO_PESA_CASH_IN,,SUSPENDED,ARUSHA,120,2G GSM,Tecno Spark 10 Pro,None
REC-101176,+255 714 009 316,N/A,2023-11-23 03:29:09,TIGO_PESA_CASH_IN,"TZS 59,462.71/=",Terminated,Dar es Salaam,45,4G,Transsion Infinix Hot 30,Standard call; cell handover success
REC-102011,+255/714/009179,N/A,"Nov 24, 2023 19:46",SMS_PACK,"TZS 19,716.09/=",Active,,45,4G LTE,Huawei P40 Lite,"Customer stated: ""Cannot connect to 4G in Posta area, please help"""
REC-100614,+255(0)714004795,0714-025-345,12/04/2023 03:26 AM,BUNDLE_PURCHASE,"143,633.87",Term,N/A,360,unknown,Nokia 105 (Feature Phone),"Customer stated: ""Cannot connect to 4G in Posta area, please help"""
REC-101773,  714024523  ,  714018632  ,1700267616,SMS_PACK,"TZS 2,932.12/=",churn,Mwanza,1800,2G GSM,"iPhone 13,2 (iOS 16.5)","VIP Subscriber, priority routing"
REC-102209,0714008220,+255 714 027 126,"Nov 04, 2023 15:13",TIGO_PESA_CASH_OUT,$ 25.38 USD,  active  ,N/A,02:15,4G,Samsung Galaxy A14; Android 13,"Customer stated: ""Cannot connect to 4G in Posta area, please help"""
REC-102072,0714017262,0714-007-261,1701300973,TIGO_PESA_CASH_OUT,FREE,Active,ARUSHA,45,4G,Nokia 105 (Feature Phone),
REC-101889,255714002192,255714016029,11/19/2023 10:06 AM,DATA_RECHARGE,"130,348.78",Active,  Dar es Salaam  ,1800,3G WCDMA,"iPhone 13,2 (iOS 16.5)","Customer stated: ""Cannot connect to 4G in Posta area, please help"""
REC-102329,tel:+255-714-026715,0714003973,2023-11-29 02:37:13,DATA_RECHARGE,  47871  ,,dar-es-salaam,02:15,unknown,Transsion Infinix Hot 30,"Customer stated: ""Cannot connect to 4G in Posta area, please help"""
REC-102004,tel:+255-714-000548,0714-021-509,2023/11/04,DATA_RECHARGE,"147,968.82",CHURNED,Arusha (CBD),N/A,2G GSM,"iPhone 13,2 (iOS 16.5)",
REC-101641,tel:+255-714-014248,+255(0)714002740,12/01/2023 01:23 PM,VOICE_CALL,  145591  ,TERMINATED,Dodoma,30s,2G GSM,Huawei P40 Lite,"USSD session timeout, retry OK"
REC-100183,tel:+255-714-029729,+255/714/002740,1699492169,TIGO_PESA_CASH_OUT,$ 22.88 USD,Active,N/A,-15,LTE-A,"iPhone 13,2 (iOS 16.5)","VIP Subscriber, priority routing"
REC-100073,tel:+255-714-011508,+255(0)714029866,2023/11/04,BUNDLE_PURCHASE,"TZS 5,866.92/=",Terminated,Arusha﻿,0,3G WCDMA,Samsung Galaxy A14; Android 13,None
REC-101899,N/A,  714008494  ,11/17/2023 06:57 AM,DATA_RECHARGE,"TZS 106,155.95/=",churn,DAR ES SALAAM,-15,4G,"iPhone 13,2 (iOS 16.5)","VIP Subscriber, priority routing"
REC-102492,tel:+255-714-021509,255714014248,2023-11-15 07:12:37,TIGO_PESA_CASH_OUT,  54408  ,Suspended,Mbeya,120,unknown,Huawei P40 Lite,
REC-102335,+255 714 027 400,tel:+255-714-024249,11/12/2023 02:40 PM,TIGO_PESA_CASH_OUT,NaN,Active,ARUSHA,30s,2G GSM,Samsung Galaxy A14; Android 13,
REC-100327,tel:+255-714-023016,0714-010-686,19-11-2023 20:46:37,TIGO_PESA_CASH_OUT,"25,711.61",suspnded,N/A,02:15,5G NR,Unknown,"USSD session timeout, retry OK"
REC-101902,+255/714/013974,0714-014-796,1699689926,DATA_RECHARGE,"TZS 20,784.68/=",Active,DAR ES SALAAM,30s,4G,Unknown,Standard call; cell handover success
REC-100593,+255(0)714030825,+255(0)714004384,2023-11-29 08:21:46,BUNDLE_PURCHASE,"47,181.74",SUSPENDED,Dar es Salaam,-15,unknown,Huawei P40 Lite,Standard call; cell handover success
REC-102263,0714-017-536,  714017125  ,11/17/2023 02:55 AM,SMS_PACK,  140782  ,Terminated,ARUSHA,120,4G LTE,Transsion Infinix Hot 30,Standard call; cell handover success
REC-101435,  714016166  ,+255(0)714002466,"Nov 04, 2023 17:35",TIGO_PESA_CASH_OUT,  38836  ,  active  ,ZNZ,360,2G GSM,Nokia 105 (Feature Phone),"USSD session timeout, retry OK"
REC-101463,+255 714 012 741,+255 714 019 728,2023-11-25 16:49:01,DATA_RECHARGE,"80,561.82",null,dar-es-salaam,30s,2G GSM,Nokia 105 (Feature Phone),"Customer stated: ""Cannot connect to 4G in Posta area, please help"""
REC-102114,0000000000,+255(0)714033976,"Nov 25, 2023 14:57",BUNDLE_PURCHASE,"TZS 77,809.88/=",TERMINATED,Mwanza Rock City,-15,LTE-A,Tecno Spark 10 Pro,None
REC-101736,255714013974,N/A,1699330237,TIGO_PESA_CASH_OUT,FREE,churn,mwanza,120,LTE-A,Huawei P40 Lite,
REC-100702,+255 714 032 469,0000000000,2023-11-07 01:21:24,VOICE_CALL,  147051  ,,Dodoma ,45,LTE-A,Nokia 105 (Feature Phone),"Customer stated: ""Cannot connect to 4G in Posta area, please help"""
REC-101033,+255 714 007 535,0714-005-069,2023-12-04 05:30:38,TIGO_PESA_CASH_OUT,"125,770.64",null,Morogoro,120,3G WCDMA,"iPhone 13,2 (iOS 16.5)",None
REC-101302,N/A,+255 714 000 548,2023-11-20T13:43:38+03:00,VOICE_CALL,  142734  ,suspnded,,1800,3G WCDMA,Nokia 105 (Feature Phone),Standard call; cell handover success
REC-102025,255714029318,+255 714 017 262,1701436410,TIGO_PESA_CASH_IN,$ 57.58 USD,Term,Dar es Salaam,0,LTE-A,Tecno Spark 10 Pro,"VIP Subscriber, priority routing"
REC-100008,+255 714 017 810,+255 714 017 262,2023-11-12 06:36:53,SMS_PACK,"TZS 63,612.92/=",churn,Tanga,N/A,2G GSM,Tecno Spark 10 Pro,Standard call; cell handover success
REC-101820,+255(0)714025619,0714-003-014,2023-11-09 09:02:07,BUNDLE_PURCHASE,"TZS 28,248.48/=",CHURNED,Dodoma ,N/A,4G,"iPhone 13,2 (iOS 16.5)",Flagged for KYC update; verified by agent
REC-102343,+255(0)714000137,+255/714/002192,11-11-2023 04:41:07,BUNDLE_PURCHASE,FREE,  active  ,Dodoma ,45,3G WCDMA,Huawei P40 Lite,
REC-102441,0714022194,0714-022-879,1699397282,TIGO_PESA_CASH_IN,"138,937.32",PENDING_KYC,,30s,3G WCDMA,Nokia 105 (Feature Phone),Standard call; cell handover success
REC-100466,0714-033-428,0714028496,14-11-2023 06:01:07,BUNDLE_PURCHASE,  59199  ,actve,Arusha,1800,unknown,Transsion Infinix Hot 30,Flagged for KYC update; verified by agent
REC-100148,  714018358  ,  714022057  ,11/16/2023 06:24 AM,VOICE_CALL,  86099  ,Suspended,Dar es Salaam,N/A,5G NR,Transsion Infinix Hot 30,Flagged for KYC update; verified by agent
REC-102067,+255 714 016 851,+255 714 006 439,2023-11-16 23:37:28,SMS_PACK,"107,732.0700",ACTIVE,Zanzibar,0,3G WCDMA,"iPhone 13,2 (iOS 16.5)","USSD session timeout, retry OK"
REC-100766,255714003151,0000000000,1700769905,BUNDLE_PURCHASE,"29,635.1100",ACTV,,0,5G NR,Transsion Infinix Hot 30,
REC-101199,0714013837,N/A,1700634054,BUNDLE_PURCHASE,$ 48.90 USD,PENDING_KYC,Dar es Salaam,1800,unknown,Nokia 105 (Feature Phone),None
REC-101965,0714-004-110,  714021509  ,2023-12-04 07:54:32,SMS_PACK,NaN,pending,"Stone Town, Zanzibar",02:15,3G WCDMA,Nokia 105 (Feature Phone),"Customer stated: ""Cannot connect to 4G in Posta area, please help"""
REC-101964,0714021920,  714016303  ,1700294805,TIGO_PESA_CASH_IN,"56,838.25",Terminated,Arusha﻿,N/A,4G LTE,Unknown,
REC-101927,0714002055,0000000000,2023-12-03 05:34:38,VOICE_CALL,$ 12.48 USD,Active,dar-es-salaam,30s,unknown,Transsion Infinix Hot 30,"VIP Subscriber, priority routing"
REC-100578,+255/714/010275,255714019865,1700870803,SMS_PACK,"127,220.61",PENDING_KYC,"Stone Town, Zanzibar",1800,5G NR,Samsung Galaxy A14; Android 13,"Customer stated: ""Cannot connect to 4G in Posta area, please help"""
REC-101957,+255(0)714011234,  714022331  ,15-11-2023 11:57:01,VOICE_CALL,NaN,ACTV,Tanga,02:15,3G WCDMA,"iPhone 13,2 (iOS 16.5)",
REC-102409,  714020824  ,+255 714 007 672,12/02/2023 12:19 PM,TIGO_PESA_CASH_OUT,  18109  ,Active,,N/A,LTE-A,Nokia 105 (Feature Phone),Flagged for KYC update; verified by agent
REC-100468,tel:+255-714-032606,0714-001-233,"Nov 23, 2023 12:09",BUNDLE_PURCHASE,  1054  ,Pending_Kyc​,"Stone Town, Zanzibar",02:15,3G WCDMA,Unknown,
REC-100432,0714-021-235,+255 714 013 563,1700393025,SMS_PACK,  128744  ,TERMINATED,Dodoma ,0,3G WCDMA,"iPhone 13,2 (iOS 16.5)","USSD session timeout, retry OK"
REC-100154,0714-007-809,+255 714 022 331,11/27/2023 10:36 AM,VOICE_CALL,"TZS 102,338.20/=",null,ARUSHA,02:15,LTE-A,Transsion Infinix Hot 30,"Customer stated: ""Cannot connect to 4G in Posta area, please help"""
REC-100347,+255 714 003 151,N/A,11/07/2023 02:52 PM,TIGO_PESA_CASH_IN,"TZS 33,654.65/=",Active,DODOMA (Capital),02:15,2G GSM,Nokia 105 (Feature Phone),Standard call; cell handover success
REC-101068,0714-007-124,0714-008-494,2023-11-22 03:37:52,TIGO_PESA_CASH_OUT,"82,456.7200",Terminated,Arusha (CBD),02:15,4G,Transsion Infinix Hot 30,"VIP Subscriber, priority routing"
REC-100334,+255(0)714020276,255714019043,12/03/2023 12:55 AM,SMS_PACK,"TZS 134,784.88/=",TERMINATED,DODOMA (Capital),120,2G GSM,Transsion Infinix Hot 30,"USSD session timeout, retry OK"
REC-101963,+255(0)714012330,+255 714 033 976,11/11/2023 10:23 AM,DATA_RECHARGE,570.3400,Suspended,Arusha,120,4G LTE,Transsion Infinix Hot 30,
REC-101756,+255 714 025 345,255714015481,2023-11-07 11:30:58,VOICE_CALL,"TZS 60,631.76/=",ACTIVE,"Stone Town, Zanzibar",120,unknown,Huawei P40 Lite,Standard call; cell handover success
REC-102106,0714-028-359,0714-010-001,23-11-2023 03:17:14,BUNDLE_PURCHASE,$ 56.69 USD,Term,Dar es Salaam,N/A,5G NR,"iPhone 13,2 (iOS 16.5)","USSD session timeout, retry OK"
REC-100782,  714024386  ,+255(0)714019043,2023-11-14 16:36:50,DATA_RECHARGE,$ 58.31 USD,ACTIVE,Dodoma,30s,4G LTE,Tecno Spark 10 Pro,"USSD session timeout, retry OK"
REC-101594,+255(0)714017125,0714012878,2023-11-07 01:04:09,BUNDLE_PURCHASE,"TZS 127,826.08/=",Terminated,Tanga,0,5G NR,Transsion Infinix Hot 30,"Customer stated: ""Cannot connect to 4G in Posta area, please help"""
REC-101700,0714-000-274,tel:+255-714-010960,11/26/2023 08:46 AM,VOICE_CALL,$ 44.26 USD,pending,"Stone Town, Zanzibar",30s,5G NR,Tecno Spark 10 Pro,Flagged for KYC update; verified by agent
REC-101369,  714033017  ,0714-034-113,"Dec 04, 2023 08:59",BUNDLE_PURCHASE,$ 30.87 USD,,Zanzibar,45,4G LTE,Samsung Galaxy A14; Android 13,"Customer stated: ""Cannot connect to 4G in Posta area, please help"""
REC-100905,255714008768,255714014385,2023-11-20 02:43:49,SMS_PACK,"85,014.20",ACTIVE,Mwanza,120,unknown,Huawei P40 Lite,None
REC-100365,+255/714/020002,+255 714 014 111,2023-11-15 14:06:55,TIGO_PESA_CASH_IN,"47,873.30",TERMINATED,Tanga,02:15,5G NR,Transsion Infinix Hot 30,None
REC-102401,0714-021-098,0714016577,"Nov 20, 2023 17:05",SMS_PACK,$ 13.96 USD,Term,Tanga,N/A,LTE-A,Tecno Spark 10 Pro,"USSD session timeout, retry OK"
REC-100089,+255 714 003 973,0714026030,12/03/2023 07:53 AM,VOICE_CALL,"TZS 68,074.81/=",Active,,1800,5G NR,Transsion Infinix Hot 30,
REC-100910,+255 714 029 866,+255(0)714032469,1699141193,TIGO_PESA_CASH_IN,"TZS 62,737.29/=",  active  ,Dar es Salaam,360,LTE-A,"iPhone 13,2 (iOS 16.5)",Flagged for KYC update; verified by agent
REC-100207,+255/714/006439,+255(0)714010960,2023-11-04T23:23:15+03:00,TIGO_PESA_CASH_OUT,"20,911.9400",UNKNOWN,N/A,N/A,3G WCDMA,Nokia 105 (Feature Phone),"Customer stated: ""Cannot connect to 4G in Posta area, please help"""
REC-101013,+255/714/006713,0714-004-932,2023-11-21 16:35:17,BUNDLE_PURCHASE,"TZS 90,339.98/=",UNKNOWN,ZNZ,-15,unknown,Huawei P40 Lite,"USSD session timeout, retry OK"
REC-101714,0714-001-096,+255(0)714009727,2023-11-15 10:33:53,DATA_RECHARGE,"134,863.46",Suspended,Arusha﻿,120,4G,Samsung Galaxy A14; Android 13,Flagged for KYC update; verified by agent
REC-101364,255714024797,0714-002-192,12/04/2023 01:34 AM,BUNDLE_PURCHASE,$ 2.47 USD,Pending_Kyc​,DODOMA (Capital),1800,3G WCDMA,Nokia 105 (Feature Phone),Flagged for KYC update; verified by agent
REC-101633,0714-024-249,N/A,2023-11-06 05:10:21,VOICE_CALL,"-89,386.24",PENDING_KYC,Arusha,0,2G GSM,Tecno Spark 10 Pro,Flagged for KYC update; verified by agent
REC-100408,+255 714 007 124,+255(0)714022879,1699679273,TIGO_PESA_CASH_IN,FREE,ACTV,Dodoma ,45,LTE-A,Huawei P40 Lite,Flagged for KYC update; verified by agent
REC-101666,+255/714/030825,255714015481,29-11-2023 07:09:25,TIGO_PESA_CASH_IN,"118,620.98",pending,dar-es-salaam,45,2G GSM,Samsung Galaxy A14; Android 13,
REC-101874,  714028633  ,+255(0)714032743,1701544353,SMS_PACK,FREE,pending,Mbeya,-15,unknown,"iPhone 13,2 (iOS 16.5)",Flagged for KYC update; verified by agent
REC-102143,N/A,+255 714 026 715,2023-11-06T12:03:05+03:00,SMS_PACK,"TZS 8,795.33/=",null,dar-es-salaam,360,unknown,Transsion Infinix Hot 30,Flagged for KYC update; verified by agent
REC-101592,  714008220  ,+255 714 032 332,2023/11/04,DATA_RECHARGE,"64,127.00",null,Arusha﻿,30s,2G GSM,Tecno Spark 10 Pro,
REC-100394,+255/714/016988,tel:+255-714-028907,2023-11-05 00:18:42,BUNDLE_PURCHASE,"TZS 96,517.07/=",,DODOMA (Capital),0,unknown,Samsung Galaxy A14; Android 13,None
REC-102345,+255 714 001 096,255714017947,16-11-2023 22:24:20,SMS_PACK,"19,770.24",SUSPENDED,Arusha (CBD),-15,4G LTE,"iPhone 13,2 (iOS 16.5)","Customer stated: ""Cannot connect to 4G in Posta area, please help"""
REC-101945,  714011645  ,  714030551  ,09-11-2023 03:36:44,SMS_PACK,$ 15.91 USD,PENDING_KYC,Zanzibar,360,LTE-A,Nokia 105 (Feature Phone),Flagged for KYC update; verified by agent
REC-101528,+255/714/016166,+255/714/011645,03-12-2023 09:20:14,TIGO_PESA_CASH_OUT,$ 11.58 USD,Pending_Kyc​,Dar es Salaam,1800,3G WCDMA,Unknown,"VIP Subscriber, priority routing"
REC-100289,tel:+255-714-021783,255714021235,2023-11-29T08:15:42+03:00,SMS_PACK,"92,845.84",actve,"Stone Town, Zanzibar",120,2G GSM,"iPhone 13,2 (iOS 16.5)",None
REC-100455,0714025619,0000000000,1700313028,DATA_RECHARGE,NaN,Terminated,Morogoro,360,4G LTE,Nokia 105 (Feature Phone),"Customer stated: ""Cannot connect to 4G in Posta area, please help"""
REC-100977,0714021509,+255 714 026 441,1701622262,TIGO_PESA_CASH_IN,"TZS 74,144.47/=",UNKNOWN,"Stone Town, Zanzibar",1800,5G NR,Nokia 105 (Feature Phone),"USSD session timeout, retry OK"
REC-100625,+255/714/033565,+255/714/011919,16-11-2023 00:02:54,VOICE_CALL,  116475  ,actve,N/A,N/A,2G GSM,Samsung Galaxy A14; Android 13,"VIP Subscriber, priority routing"
REC-101430,N/A,+255 714 000 548,"Nov 15, 2023 04:01",SMS_PACK,"134,822.23",Active,Zanzibar,45,4G,Unknown,Flagged for KYC update; verified by agent
REC-101303,0714-025-071,0000000000,"Nov 18, 2023 23:34",BUNDLE_PURCHASE,"50,989.2800",  active  ,N/A,0,5G NR,Tecno Spark 10 Pro,"Customer stated: ""Cannot connect to 4G in Posta area, please help"""
REC-100291,N/A,+255/714/003014,"Nov 11, 2023 17:59",VOICE_CALL,"TZS 117,039.17/=",actve,Mwanza,120,3G WCDMA,Tecno Spark 10 Pro,"USSD session timeout, retry OK"
REC-101944,0714-016-166,+255 714 018 358,08-11-2023 01:01:34,VOICE_CALL,"TZS 134,295.77/=",Terminated,Mwanza Rock City,120,5G NR,Samsung Galaxy A14; Android 13,Standard call; cell handover success
REC-100159,0000000000,0714006439,2023/11/04,TIGO_PESA_CASH_IN,"57,844.37",TERMINATED,Mwanza Rock City,360,2G GSM,Nokia 105 (Feature Phone),Standard call; cell handover success
REC-101607,0714-020-276,0000000000,2023/11/04,TIGO_PESA_CASH_IN,"TZS 119,323.35/=",Pending_Kyc​,ARUSHA,1800,3G WCDMA,Huawei P40 Lite,"VIP Subscriber, priority routing"
REC-100245,255714027400,+255(0)714024934,01-12-2023 23:15:12,BUNDLE_PURCHASE,"48,579.86",ACTIVE,Mwanza Rock City,120,4G LTE,Unknown,None
REC-100458,+255 714 018 495,0000000000,2023/11/04,DATA_RECHARGE,"125,723.3300",churn,Arusha﻿,N/A,LTE-A,Nokia 105 (Feature Phone),Flagged for KYC update; verified by agent
REC-101885,+255/714/003973,255714019454,10-11-2023 11:39:38,BUNDLE_PURCHASE,,PENDING_KYC,Dodoma ,0,4G LTE,"iPhone 13,2 (iOS 16.5)","USSD session timeout, retry OK"
REC-100763,0000000000,+255(0)714026030,2023-11-27 05:59:23,TIGO_PESA_CASH_OUT,  47322  ,churn,ARUSHA,-15,unknown,Tecno Spark 10 Pro,
REC-101961,+255(0)714003288,+255 714 023 427,2023-11-16 07:56:31,DATA_RECHARGE,"TZS 56,363.93/=",Pending_Kyc​,dar-es-salaam,-15,4G LTE,Samsung Galaxy A14; Android 13,
REC-101715,+255 714 008 494,0714-012-467,11/20/2023 02:18 PM,TIGO_PESA_CASH_IN,"TZS 128,099.30/=",suspnded,Mwanza Rock City,360,5G NR,Unknown,
REC-100206,+255(0)714020824,0714004795,30-11-2023 14:18:52,SMS_PACK,NaN,SUSPENDED,Mbeya,45,3G WCDMA,Tecno Spark 10 Pro,Flagged for KYC update; verified by agent
REC-100823,N/A,+255(0)714030277,2023-11-29 17:15:39,SMS_PACK,"TZS 96,150.15/=",PENDING_KYC,Arusha﻿,45,5G NR,Transsion Infinix Hot 30,"VIP Subscriber, priority routing"
REC-101214,  714031373  ,+255 714 014 111,2023-11-24T21:45:25+03:00,VOICE_CALL,"98,855.68",Active,Arusha,0,4G LTE,Huawei P40 Lite,"VIP Subscriber, priority routing"
REC-102171,+255 714 032 743,  714025208  ,14-11-2023 12:51:52,TIGO_PESA_CASH_IN,"-110,591.50",actve,DODOMA (Capital),120,unknown,Samsung Galaxy A14; Android 13,"VIP Subscriber, priority routing"
REC-101831,+255 714 019 865,N/A,1699157853,VOICE_CALL,"37,143.98",UNKNOWN,,30s,LTE-A,Unknown,None
REC-101281,tel:+255-714-004932,+255(0)714031510,12/01/2023 04:08 AM,DATA_RECHARGE,"61,231.5200",ACTV,Dodoma ,360,4G LTE,Unknown,Standard call; cell handover success
REC-101834,+255 714 017 673,  714014933  ,2023-11-19T17:34:21+03:00,VOICE_CALL,$ 52.03 USD,Suspended,Arusha,02:15,unknown,Unknown,"Customer stated: ""Cannot connect to 4G in Posta area, please help"""
REC-100992,+255/714/015755,  714031099  ,"Nov 08, 2023 01:18",DATA_RECHARGE,"97,352.06",UNKNOWN,Dodoma ,-15,3G WCDMA,Huawei P40 Lite,"USSD session timeout, retry OK"
REC-100112,0714-012-604,0714-010-823,2023/11/04,DATA_RECHARGE,"TZS 34,368.19/=",  active  ,mwanza,0,2G GSM,Unknown,Standard call; cell handover success
REC-102060,0000000000,+255 714 028 359,1700682442,SMS_PACK,"TZS 121,134.03/=",Pending_Kyc​,Mbeya,-15,4G,Nokia 105 (Feature Phone),"USSD session timeout, retry OK"
REC-102019,N/A,+255(0)714017399,"Nov 18, 2023 14:20",DATA_RECHARGE,$ 5.86 USD,actve,mwanza,45,LTE-A,Transsion Infinix Hot 30,Standard call; cell handover success
REC-100157,+255/714/018358,+255 714 017 262,17-11-2023 18:06:01,DATA_RECHARGE,"121,417.67",pending,N/A,360,LTE-A,"iPhone 13,2 (iOS 16.5)","VIP Subscriber, priority routing"
REC-102448,+255(0)714024523,0000000000,11/18/2023 01:35 PM,SMS_PACK,"125,406.7300",  active  ,ARUSHA,0,unknown,Huawei P40 Lite,"VIP Subscriber, priority routing"
REC-101723,0714-002-055,+255 714 006 576,11/15/2023 04:30 PM,TIGO_PESA_CASH_IN,"53,516.55",TERMINATED,Arusha (CBD),45,4G LTE,Huawei P40 Lite,
REC-101975,0714009042,0714-018-495,11/12/2023 12:05 PM,TIGO_PESA_CASH_IN,$ 48.89 USD,CHURNED,  Dar es Salaam  ,-15,5G NR,Transsion Infinix Hot 30,
REC-101380,0714-013-837,0000000000,03-12-2023 17:32:09,BUNDLE_PURCHASE,"TZS 10,688.40/=",  active  ,dar-es-salaam,360,4G LTE,"iPhone 13,2 (iOS 16.5)",None
REC-100439,tel:+255-714-013700,+255/714/006165,"Nov 26, 2023 03:39",BUNDLE_PURCHASE,"53,665.83",Suspended,,1800,4G LTE,Unknown,None
REC-102010,+255 714 030 688,0000000000,11-11-2023 05:49:47,SMS_PACK,"61,446.39",UNKNOWN,Arusha,360,3G WCDMA,Huawei P40 Lite,"USSD session timeout, retry OK"
REC-100227,+255 714 001 918,0714008494,04-12-2023 01:33:48,VOICE_CALL,"46,738.8600",actve,Dar es Salaam,45,LTE-A,Samsung Galaxy A14; Android 13,Flagged for KYC update; verified by agent
REC-101413,0714-018-221,  714008220  ,2023-11-09 23:33:42,SMS_PACK,$ 39.64 USD,churn,ARUSHA,120,4G,Huawei P40 Lite,None
REC-101767,tel:+255-714-022605,+255 714 016 303,11/04/2023 02:45 PM,TIGO_PESA_CASH_OUT,  140590  ,churn,  Dar es Salaam  ,45,unknown,Transsion Infinix Hot 30,"Customer stated: ""Cannot connect to 4G in Posta area, please help"""
REC-101930,+255 714 032 743,N/A,2023-11-25 16:21:42,TIGO_PESA_CASH_OUT,"127,445.41",churn,mwanza,02:15,4G,Huawei P40 Lite,"VIP Subscriber, priority routing"
REC-100760,+255 714 028 496,0714-014-522,1701312285,SMS_PACK,$ 56.94 USD,Term,Zanzibar,-15,5G NR,Samsung Galaxy A14; Android 13,Flagged for KYC update; verified by agent
REC-102086,0714-028-085,N/A,1700115344,VOICE_CALL,FREE,Term,Mwanza,-15,unknown,Unknown,"VIP Subscriber, priority routing"
REC-102068,+255/714/019591,+255 714 012 741,"Nov 30, 2023 09:22",BUNDLE_PURCHASE,"TZS 48,435.83/=",pending,Dar es Salaam,1800,5G NR,Samsung Galaxy A14; Android 13,None
REC-102249,0714-000-000,tel:+255-714-029044,2023-11-27 15:31:17,BUNDLE_PURCHASE,"TZS 51,399.64/=",actve,Mwanza Rock City,1800,LTE-A,Tecno Spark 10 Pro,"USSD session timeout, retry OK"
REC-102265,+255(0)714020139,0714-013-974,2023-12-03T03:34:48+03:00,DATA_RECHARGE,  118782  ,SUSPENDED,ZNZ,N/A,2G GSM,Nokia 105 (Feature Phone),Flagged for KYC update; verified by agent
REC-102080,0714011645,+255(0)714023701,1701283721,SMS_PACK,$ 15.27 USD,Terminated,Morogoro,N/A,2G GSM,Huawei P40 Lite,"VIP Subscriber, priority routing"
REC-101572,N/A,+255 714 015 481,2023-11-09T21:09:39+03:00,TIGO_PESA_CASH_IN,"145,505.58",null,N/A,120,2G GSM,Nokia 105 (Feature Phone),"USSD session timeout, retry OK"
REC-102422,+255 714 028 222,+255 714 003 562,05-11-2023 04:55:30,TIGO_PESA_CASH_OUT,"TZS 81,907.35/=",Pending_Kyc​,Mbeya,-15,3G WCDMA,Transsion Infinix Hot 30,"VIP Subscriber, priority routing"
REC-100320,+255(0)714027811,+255(0)714008768,2023-11-17 01:34:08,TIGO_PESA_CASH_OUT,  58511  ,PENDING_KYC,Mwanza Rock City,-15,3G WCDMA,Nokia 105 (Feature Phone),"VIP Subscriber, priority routing"
REC-101545,+255(0)714012056,  714024112  ,1699309701,SMS_PACK,,  active  ,Zanzibar,-15,unknown,Unknown,"Customer stated: ""Cannot connect to 4G in Posta area, please help"""
REC-100199,0714020139,255714007672,1701568725,SMS_PACK,"75,319.63",ACTIVE,"Stone Town, Zanzibar",0,5G NR,Transsion Infinix Hot 30,"VIP Subscriber, priority routing"
REC-101621,tel:+255-714-022194,0714009042,02-12-2023 14:49:10,DATA_RECHARGE,"89,000.6600",,Dodoma ,-15,3G WCDMA,Transsion Infinix Hot 30,"Customer stated: ""Cannot connect to 4G in Posta area, please help"""
REC-100389,0714012467,tel:+255-714-023564,1701587707,DATA_RECHARGE,$ 33.09 USD,SUSPENDED,Mbeya,N/A,5G NR,Tecno Spark 10 Pro,Standard call; cell handover success
REC-101403,+255 714 030 825,N/A,2023-11-26 05:32:18,TIGO_PESA_CASH_IN,  115578  ,Pending_Kyc​,,0,3G WCDMA,Transsion Infinix Hot 30,None
REC-102376,0714-003-973,0714-016-440,UNKNOWN_TIME,TIGO_PESA_CASH_IN,"84,758.3200",actve,ARUSHA,0,2G GSM,Huawei P40 Lite,Flagged for KYC update; verified by agent
REC-100221,  714015344  ,tel:+255-714-012193,2023-11-24 11:53:56,BUNDLE_PURCHASE,FREE,  active  ,  Dar es Salaam  ,45,unknown,Samsung Galaxy A14; Android 13,Standard call; cell handover success
REC-100297,tel:+255-714-003288,0714-015-070,11/23/2023 04:38 AM,DATA_RECHARGE,$ 50.37 USD,Active,Dar es Salaam,45,2G GSM,Unknown,"Customer stated: ""Cannot connect to 4G in Posta area, please help"""
REC-102057,+255/714/017810,+255 714 003 836,"Nov 07, 2023 02:38",SMS_PACK,"TZS 75,761.25/=",ACTV,ARUSHA,0,2G GSM,Huawei P40 Lite,Flagged for KYC update; verified by agent
REC-100116,tel:+255-714-032743,0714003562,2023-11-08 13:56:37,DATA_RECHARGE,NaN,ACTV,Dodoma ,0,4G,Unknown,"Customer stated: ""Cannot connect to 4G in Posta area, please help"""
REC-100098,  714025208  ,+255(0)714011371,2023-11-07 01:30:57,DATA_RECHARGE,  24033  ,  active  ,Mwanza,N/A,LTE-A,Transsion Infinix Hot 30,"Customer stated: ""Cannot connect to 4G in Posta area, please help"""
REC-102219,0714020413,+255(0)714024660,2023/11/04,BUNDLE_PURCHASE,$ 27.34 USD,Pending_Kyc​,dar-es-salaam,N/A,LTE-A,Samsung Galaxy A14; Android 13,Flagged for KYC update; verified by agent
REC-101772,N/A,0714-004-521,11/10/2023 11:07 PM,SMS_PACK,"46,596.63",suspnded,Dodoma ,360,2G GSM,Unknown,"VIP Subscriber, priority routing"
REC-100632,0714006576,tel:+255-714-023290,20-11-2023 14:02:04,BUNDLE_PURCHASE,"85,131.49",Terminated,Dodoma ,30s,4G,Samsung Galaxy A14; Android 13,"Customer stated: ""Cannot connect to 4G in Posta area, please help"""
REC-101525,+255(0)714031236,+255 714 026 578,"Nov 10, 2023 02:22",TIGO_PESA_CASH_OUT,$ 45.75 USD,Terminated,ZNZ,30s,4G,Tecno Spark 10 Pro,
REC-102103,+255/714/008768,tel:+255-714-003151,13-11-2023 19:46:20,BUNDLE_PURCHASE,FREE,suspnded,mwanza,45,5G NR,Nokia 105 (Feature Phone),
REC-101903,tel:+255-714-004521,+255 714 006 439,11/05/2023 08:17 PM,VOICE_CALL,"144,151.6000",  active  ,  Dar es Salaam  ,120,5G NR,Huawei P40 Lite,"USSD session timeout, retry OK"
REC-100020,+255(0)714001918,0714001644,2023-11-12T03:38:40+03:00,VOICE_CALL,"TZS 144,136.45/=",SUSPENDED,dar-es-salaam,0,LTE-A,Unknown,Flagged for KYC update; verified by agent
REC-101499,0714004521,+255 714 007 946,11/06/2023 04:43 AM,TIGO_PESA_CASH_OUT,NaN,null,Zanzibar,-15,2G GSM,"iPhone 13,2 (iOS 16.5)","Customer stated: ""Cannot connect to 4G in Posta area, please help"""
REC-102259,  714020002  ,+255/714/033976,"Nov 29, 2023 20:03",TIGO_PESA_CASH_IN,  19318  ,suspnded,Arusha (CBD),30s,2G GSM,Huawei P40 Lite,
REC-100868,+255 714 010 960,0714-033-428,1700258233,TIGO_PESA_CASH_IN,"TZS 130,423.78/=",SUSPENDED,Arusha,-15,4G,Samsung Galaxy A14; Android 13,
REC-100342,255714026852,  714013289  ,2023-12-02T11:27:05+03:00,VOICE_CALL,"64,110.66",suspnded,dar-es-salaam,360,2G GSM,Huawei P40 Lite,"Customer stated: ""Cannot connect to 4G in Posta area, please help"""
REC-101672,  714009042  ,255714030277,2023-11-09 09:36:43,VOICE_CALL,"TZS 27,670.85/=",CHURNED,mwanza,120,LTE-A,Nokia 105 (Feature Phone),"USSD session timeout, retry OK"
REC-101193,tel:+255-714-026030,tel:+255-714-033839,2023/11/04,SMS_PACK,FREE,SUSPENDED,Mwanza,02:15,4G LTE,Transsion Infinix Hot 30,"USSD session timeout, retry OK"
REC-100633,N/A,0714027674,2023-11-15T08:03:55+03:00,SMS_PACK,  34926  ,suspnded,"Stone Town, Zanzibar",30s,unknown,Nokia 105 (Feature Phone),"Customer stated: ""Cannot connect to 4G in Posta area, please help"""
REC-100371,  714000000  ,+255/714/018221,11/27/2023 06:52 AM,BUNDLE_PURCHASE,NaN,Pending_Kyc​,mwanza,-15,unknown,Transsion Infinix Hot 30,None
REC-102122,+255 714 008 494,+255 714 008 083,2023/11/04,DATA_RECHARGE,  55932  ,  active  ,"Stone Town, Zanzibar",-15,3G WCDMA,"iPhone 13,2 (iOS 16.5)",None
REC-101967,+255 714 014 248,  714023153  ,2023-11-10 22:03:58,DATA_RECHARGE,"TZS 10,852.50/=",Pending_Kyc​,N/A,1800,LTE-A,Transsion Infinix Hot 30,"VIP Subscriber, priority routing"
REC-100852,255714009042,  714006987  ,2023-12-01 01:37:30,SMS_PACK,"49,776.5700",Active,Arusha﻿,N/A,4G LTE,Unknown,Standard call; cell handover success
REC-101431,+255/714/009727,0000000000,01-12-2023 16:39:28,BUNDLE_PURCHASE,"49,550.7000",ACTIVE,DAR ES SALAAM,0,3G WCDMA,Huawei P40 Lite,
REC-100025,+255/714/023975,0714022194,11/17/2023 07:33 PM,VOICE_CALL,FREE,Active,Dar es Salaam,30s,unknown,"iPhone 13,2 (iOS 16.5)",
REC-100941,+255 714 023 975,+255/714/025619,1699151273,DATA_RECHARGE,$ 19.28 USD,churn,,N/A,4G LTE,Transsion Infinix Hot 30,
REC-100854,+255 714 001 370,0714003562,"Nov 25, 2023 10:58",TIGO_PESA_CASH_OUT,FREE,suspnded,Dar es Salaam,-15,4G LTE,Unknown,None
REC-100798,0714026030,0714028359,11/13/2023 09:08 PM,TIGO_PESA_CASH_IN,  26357  ,TERMINATED,DODOMA (Capital),0,2G GSM,Unknown,None
REC-101167,0000000000,+255 714 002 329,11/30/2023 04:25 AM,TIGO_PESA_CASH_OUT,"101,790.05",null,DODOMA (Capital),1800,3G WCDMA,Nokia 105 (Feature Phone),Standard call; cell handover success
REC-102337,0714-011-234,+255(0)714017810,2023-11-20 00:26:14,TIGO_PESA_CASH_IN,$ 39.54 USD,Pending_Kyc​,Zanzibar,120,LTE-A,Transsion Infinix Hot 30,None
REC-101206,255714012193,255714000959,1699534401,BUNDLE_PURCHASE,"116,491.39",SUSPENDED,Arusha (CBD),N/A,unknown,Huawei P40 Lite,
REC-102211,255714023427,0714-005-617,11/23/2023 10:57 PM,TIGO_PESA_CASH_IN,$ 36.96 USD,actve,Morogoro,0,3G WCDMA,Samsung Galaxy A14; Android 13,"USSD session timeout, retry OK"
REC-100358,+255/714/012056,  714013700  ,10-11-2023 08:27:40,SMS_PACK,"77,971.67",ACTIVE,Dar es Salaam,120,3G WCDMA,Huawei P40 Lite,"VIP Subscriber, priority routing"
REC-100274,tel:+255-714-024934,0714-033-839,2023-11-21T10:29:52+03:00,TIGO_PESA_CASH_OUT,$ 15.27 USD,UNKNOWN,Tanga,02:15,2G GSM,Samsung Galaxy A14; Android 13,"VIP Subscriber, priority routing"
REC-101843,N/A,N/A,11/21/2023 09:52 PM,TIGO_PESA_CASH_OUT,,SUSPENDED,Mwanza,N/A,3G WCDMA,Tecno Spark 10 Pro,"VIP Subscriber, priority routing"
REC-101690,+255(0)714016440,255714008631,1699566268,DATA_RECHARGE,"TZS 82,128.29/=",pending,"Stone Town, Zanzibar",30s,unknown,Samsung Galaxy A14; Android 13,Flagged for KYC update; verified by agent
REC-101288,  714025345  ,255714014111,2023-11-11 04:03:49,TIGO_PESA_CASH_IN,"3,409.6400",Pending_Kyc​,N/A,N/A,3G WCDMA,Samsung Galaxy A14; Android 13,Flagged for KYC update; verified by agent
REC-100130,0714025756,255714006439,17-11-2023 05:12:50,TIGO_PESA_CASH_IN,"TZS 105,753.65/=",Terminated,"Stone Town, Zanzibar",120,4G LTE,"iPhone 13,2 (iOS 16.5)",None
REC-100155,  714022742  ,0714-006-987,11/07/2023 09:09 AM,VOICE_CALL,"TZS 98,018.66/=",Active,ARUSHA,02:15,unknown,"iPhone 13,2 (iOS 16.5)","VIP Subscriber, priority routing"
REC-101125,0714-020-139,+255(0)714000137,2023/11/04,SMS_PACK,"106,608.07",actve,Mwanza Rock City,30s,2G GSM,Transsion Infinix Hot 30,Standard call; cell handover success
REC-100040,+255(0)714011097,+255 714 031 236,2023-11-11 22:15:11,SMS_PACK,"32,485.96",Term,Mbeya,N/A,3G WCDMA,Samsung Galaxy A14; Android 13,Flagged for KYC update; verified by agent
REC-101036,0714-028-907,255714021098,"Dec 01, 2023 09:45",DATA_RECHARGE,$ 28.02 USD,Active,Zanzibar,N/A,3G WCDMA,Huawei P40 Lite,"Customer stated: ""Cannot connect to 4G in Posta area, please help"""
REC-100503,+255(0)714004795,255714023701,11/15/2023 04:57 AM,TIGO_PESA_CASH_OUT,"53,930.34",Suspended,Morogoro,1800,4G,Unknown,None
REC-102271,0714011234,  714008083  ,2023/11/04,VOICE_CALL,FREE,CHURNED,Dar es Salaam,30s,LTE-A,Nokia 105 (Feature Phone),Flagged for KYC update; verified by agent
REC-101247,0714027811,0714-032-058,11/12/2023 05:47 AM,VOICE_CALL,"TZS 82,093.40/=",,Mbeya,N/A,5G NR,Transsion Infinix Hot 30,Standard call; cell handover success
REC-101536,0000000000,0714-020-002,2023-11-15T15:52:03+03:00,VOICE_CALL,"33,309.21",pending,Zanzibar,0,LTE-A,Nokia 105 (Feature Phone),"VIP Subscriber, priority routing"
REC-102220,255714001096,0714012056,2023-12-02 07:57:59,TIGO_PESA_CASH_IN,"11,520.22",churn,Dar es Salaam,30s,4G LTE,Transsion Infinix Hot 30,"USSD session timeout, retry OK"
REC-101993,255714001370,+255 714 025 208,2023/11/04,DATA_RECHARGE,"56,551.13",null,dar-es-salaam,30s,3G WCDMA,Tecno Spark 10 Pro,"Customer stated: ""Cannot connect to 4G in Posta area, please help"""
REC-100820,255714016577,0714-014-933,11/08/2023 05:54 AM,DATA_RECHARGE,FREE,CHURNED,"Stone Town, Zanzibar",-15,3G WCDMA,Unknown,Flagged for KYC update; verified by agent
REC-101520,0714018495,tel:+255-714-005617,11/15/2023 09:44 PM,VOICE_CALL,  128072  ,UNKNOWN,Tanga,1800,unknown,Huawei P40 Lite,None
REC-101086,0714-020-139,+255 714 034 113,1699889361,DATA_RECHARGE,"-127,368.14",churn,N/A,360,2G GSM,Transsion Infinix Hot 30,Standard call; cell handover success
REC-100042,  714018769  ,  714026167  ,2023-11-28T05:03:02+03:00,DATA_RECHARGE,$ 16.52 USD,churn,Mwanza Rock City,02:15,LTE-A,"iPhone 13,2 (iOS 16.5)",None
REC-102400,tel:+255-714-016577,N/A,2023-12-04 11:58:50,DATA_RECHARGE,"TZS 5,399.43/=",SUSPENDED,Tanga,N/A,5G NR,Huawei P40 Lite,None
REC-100002,+255(0)714008083,+255(0)714017673,"Nov 30, 2023 23:07",TIGO_PESA_CASH_OUT,$ 13.38 USD,ACTIVE,ARUSHA,02:15,5G NR,Tecno Spark 10 Pro,Flagged for KYC update; verified by agent
REC-100099,255714021235,0714-015-481,21-11-2023 06:22:39,TIGO_PESA_CASH_OUT,  17078  ,,"Stone Town, Zanzibar",1800,LTE-A,Tecno Spark 10 Pro,"VIP Subscriber, priority routing"
REC-100167,+255 714 007 809,+255 714 029 181,11/30/2023 10:32 PM,TIGO_PESA_CASH_OUT,FREE,suspnded,Zanzibar,30s,4G,Tecno Spark 10 Pro,Flagged for KYC update; verified by agent
REC-102271,0714011234,  714008083  ,2023/11/04,VOICE_CALL,FREE,CHURNED,Dar es Salaam,30s,LTE-A,Nokia 105 (Feature Phone),Flagged for KYC update; verified by agent
REC-100213,+255 714 014 385,0714-032-195,"Nov 10, 2023 22:49",DATA_RECHARGE,"22,363.39",suspnded,,02:15,3G WCDMA,"iPhone 13,2 (iOS 16.5)",Standard call; cell handover success
REC-101106,  714014385  ,0714011919,29-11-2023 23:31:04,TIGO_PESA_CASH_OUT,"96,451.90",ACTV,Mbeya,0,unknown,"iPhone 13,2 (iOS 16.5)","Customer stated: ""Cannot connect to 4G in Posta area, please help"""
REC-100286,N/A,  714033154  ,2023-11-15 09:34:31,SMS_PACK,"TZS 147,739.49/=",ACTIVE,Morogoro,1800,4G,Samsung Galaxy A14; Android 13,"USSD session timeout, retry OK"
REC-102182,+255(0)714032058,0714-009-590,1700125663,BUNDLE_PURCHASE,"117,203.22",,"Stone Town, Zanzibar",360,3G WCDMA,Transsion Infinix Hot 30,"Customer stated: ""Cannot connect to 4G in Posta area, please help"""
REC-101984,tel:+255-714-029729,255714015755,2023/11/04,DATA_RECHARGE,  140806  ,churn,"Stone Town, Zanzibar",0,LTE-A,"iPhone 13,2 (iOS 16.5)","Customer stated: ""Cannot connect to 4G in Posta area, please help"""
REC-101576,+255(0)714014385,0000000000,2023-11-25 18:22:51,BUNDLE_PURCHASE,$ 37.20 USD,null,Dar es Salaam,1800,unknown,Huawei P40 Lite,"Customer stated: ""Cannot connect to 4G in Posta area, please help"""
REC-100709,255714017125,N/A,UNKNOWN_TIME,BUNDLE_PURCHASE,  76833  ,Active,Arusha﻿,-15,4G,"iPhone 13,2 (iOS 16.5)","USSD session timeout, retry OK"
REC-100606,+255(0)714029318,+255 714 031 099,20-11-2023 01:33:05,TIGO_PESA_CASH_OUT,$ 35.42 USD,ACTIVE,Mwanza Rock City,02:15,4G,Transsion Infinix Hot 30,"VIP Subscriber, priority routing"
REC-102275,0714027263,N/A,11/18/2023 01:07 PM,DATA_RECHARGE,  8683  ,churn,ZNZ,30s,LTE-A,Nokia 105 (Feature Phone),"Customer stated: ""Cannot connect to 4G in Posta area, please help"""
REC-101571,+255/714/025345,0714-012-878,"Nov 30, 2023 15:18",BUNDLE_PURCHASE,  15517  ,TERMINATED,Arusha﻿,0,2G GSM,"iPhone 13,2 (iOS 16.5)","Customer stated: ""Cannot connect to 4G in Posta area, please help"""
REC-101906,+255(0)714006028,0714009179,2023-11-12 22:47:33,SMS_PACK,"8,649.0600",suspnded,Dodoma ,N/A,LTE-A,Nokia 105 (Feature Phone),"Customer stated: ""Cannot connect to 4G in Posta area, please help"""
REC-101020,0714-029-318,tel:+255-714-031236,11/12/2023 04:29 PM,SMS_PACK,"103,869.8200",suspnded,ZNZ,0,4G LTE,Nokia 105 (Feature Phone),Standard call; cell handover success
REC-102062,0714-027-537,tel:+255-714-007124,21-11-2023 09:39:17,TIGO_PESA_CASH_IN,$ 37.60 USD,ACTV,Arusha﻿,02:15,2G GSM,Huawei P40 Lite,"VIP Subscriber, priority routing"
REC-101533,tel:+255-714-003014,0714022605,2023-11-07T15:16:00+03:00,TIGO_PESA_CASH_OUT,,Terminated,Arusha (CBD),30s,4G LTE,"iPhone 13,2 (iOS 16.5)",Flagged for KYC update; verified by agent
REC-102396,tel:+255-714-021509,+255(0)714019454,04-11-2023 15:26:29,SMS_PACK,"TZS 18,215.73/=",UNKNOWN,,02:15,3G WCDMA,Unknown,"VIP Subscriber, priority routing"
REC-100434,255714005343,0714006576,2023-11-19T13:48:58+03:00,TIGO_PESA_CASH_IN,FREE,UNKNOWN,,45,4G,Nokia 105 (Feature Phone),"VIP Subscriber, priority routing"
REC-101539,0714-016-988,0714-005-891,"Nov 10, 2023 21:47",VOICE_CALL,"19,494.84",  active  ,Morogoro,-15,4G LTE,Transsion Infinix Hot 30,
REC-102488,0000000000,+255 714 003 973,11/23/2023 11:48 PM,TIGO_PESA_CASH_IN,  38560  ,  active  ,  Dar es Salaam  ,1800,4G,Samsung Galaxy A14; Android 13,None
REC-100952,+255(0)714007672,  714002192  ,"Nov 26, 2023 20:54",BUNDLE_PURCHASE,$ 25.36 USD,null,DODOMA (Capital),N/A,2G GSM,Samsung Galaxy A14; Android 13,"USSD session timeout, retry OK"
REC-102493,+255 714 012 604,255714016029,1701321330,DATA_RECHARGE,"-146,276.17",ACTIVE,Arusha (CBD),N/A,4G LTE,Unknown,None
REC-100537,0714-016-577,  714014933  ,11/23/2023 11:31 PM,BUNDLE_PURCHASE,"120,716.94",null,Mwanza Rock City,120,3G WCDMA,Transsion Infinix Hot 30,"USSD session timeout, retry OK"
REC-101443,+255(0)714020824,255714001096,1699549378,VOICE_CALL,  74261  ,ACTIVE,,0,4G,Samsung Galaxy A14; Android 13,"VIP Subscriber, priority routing"
REC-100006,0714-024-112,255714019454,1699334620,DATA_RECHARGE,"123,359.4900",  active  ,Arusha (CBD),30s,4G,Nokia 105 (Feature Phone),"Customer stated: ""Cannot connect to 4G in Posta area, please help"""
REC-101022,tel:+255-714-011508,0714-014-659,11/05/2023 03:16 AM,VOICE_CALL,$ 42.84 USD,,"Stone Town, Zanzibar",120,2G GSM,Transsion Infinix Hot 30,
REC-101368,N/A,+255/714/028633,2023-11-24 10:46:16,VOICE_CALL,  126234  ,ACTIVE,N/A,360,4G LTE,Unknown,Standard call; cell handover success
REC-101165,255714027537,0714-000-274,11/05/2023 12:21 PM,BUNDLE_PURCHASE,"TZS 75,924.21/=",ACTV,ARUSHA,-15,3G WCDMA,"iPhone 13,2 (iOS 16.5)",None
REC-102495,+255 714 007 809,  714005754  ,1699247316,BUNDLE_PURCHASE,FREE,suspnded,Mwanza,1800,5G NR,Huawei P40 Lite,Flagged for KYC update; verified by agent
REC-102150,255714013289,+255(0)714022468,2023-11-30 01:33:53,SMS_PACK,  20296  ,ACTV,  Dar es Salaam  ,02:15,2G GSM,"iPhone 13,2 (iOS 16.5)","Customer stated: ""Cannot connect to 4G in Posta area, please help"""
REC-100539,0714-032-880,tel:+255-714-016303,1700919172,BUNDLE_PURCHASE,"TZS 109,128.95/=",Suspended,Dodoma,N/A,4G,"iPhone 13,2 (iOS 16.5)",Flagged for KYC update; verified by agent
REC-101051,  714026989  ,tel:+255-714-010001,06-11-2023 12:43:39,DATA_RECHARGE,"142,043.59",,Morogoro,1800,4G,Nokia 105 (Feature Phone),"USSD session timeout, retry OK"
REC-102450,0714-031-921,0714-022-879,11/04/2023 09:43 PM,VOICE_CALL,$ 33.31 USD,actve,Arusha (CBD),360,LTE-A,Nokia 105 (Feature Phone),Flagged for KYC update; verified by agent
REC-101991,+255(0)714014111,tel:+255-714-031373,"Nov 14, 2023 10:08",TIGO_PESA_CASH_OUT,"105,408.15",actve,Dodoma,1800,3G WCDMA,Transsion Infinix Hot 30,None
REC-102089,255714005069,0000000000,11/25/2023 06:27 PM,TIGO_PESA_CASH_IN,  10926  ,SUSPENDED,Mwanza Rock City,1800,4G LTE,Nokia 105 (Feature Phone),
REC-100459,  714007261  ,255714020139,"Nov 10, 2023 03:21",VOICE_CALL,"25,556.26",Terminated,"Stone Town, Zanzibar",1800,4G,Transsion Infinix Hot 30,
REC-100483,255714020276,  714011371  ,2023-11-15T16:15:55+03:00,VOICE_CALL,"TZS 49,256.77/=",PENDING_KYC,Arusha (CBD),02:15,4G,Samsung Galaxy A14; Android 13,"Customer stated: ""Cannot connect to 4G in Posta area, please help"""
REC-100208,+255/714/014522,0714024797,2023-11-06 00:10:39,DATA_RECHARGE,"44,167.44",null,mwanza,45,unknown,Transsion Infinix Hot 30,Standard call; cell handover success
REC-100767,0714017536,  714003425  ,2023-11-23 01:24:52,TIGO_PESA_CASH_OUT,FREE,Terminated,ARUSHA,45,LTE-A,Transsion Infinix Hot 30,"VIP Subscriber, priority routing"
REC-100838,+255 714 000 685,  714006439  ,2023-11-29 08:10:49,SMS_PACK,"TZS 105,094.49/=",Pending_Kyc​,mwanza,360,LTE-A,Samsung Galaxy A14; Android 13,Standard call; cell handover success
REC-100697,0000000000,tel:+255-714-009590,14-11-2023 23:32:12,TIGO_PESA_CASH_OUT,,Active,Mwanza Rock City,45,unknown,Nokia 105 (Feature Phone),Flagged for KYC update; verified by agent
REC-101794,tel:+255-714-009042,+255(0)714009453,"Nov 16, 2023 14:11",BUNDLE_PURCHASE,NaN,Active,N/A,N/A,unknown,Transsion Infinix Hot 30,"VIP Subscriber, priority routing"
REC-100712,+255/714/023016,+255(0)714022605,11/11/2023 11:03 PM,TIGO_PESA_CASH_IN,"148,871.12",ACTIVE,Tanga,120,4G LTE,Tecno Spark 10 Pro,"VIP Subscriber, priority routing"
REC-101876,0714028633,+255/714/026989,2023/11/04,VOICE_CALL,NaN,Term,"Stone Town, Zanzibar",120,unknown,Transsion Infinix Hot 30,Standard call; cell handover success
REC-101634,+255(0)714014248,+255 714 033 565,11/27/2023 02:33 PM,BUNDLE_PURCHASE,"TZS 47,291.78/=",Pending_Kyc​,Arusha﻿,45,5G NR,Unknown,Standard call; cell handover success
REC-100668,0714015618,  714013289  ,05-11-2023 03:42:29,DATA_RECHARGE,"-3,671.40",suspnded,Dodoma ,120,2G GSM,Samsung Galaxy A14; Android 13,"VIP Subscriber, priority routing"
REC-101765,0714007124,+255(0)714000959,1701685201,TIGO_PESA_CASH_OUT,"TZS 24,320.44/=",SUSPENDED,Tanga,02:15,2G GSM,"iPhone 13,2 (iOS 16.5)",
REC-102351,+255 714 010 275,+255 714 003 288,1701657852,TIGO_PESA_CASH_OUT,,PENDING_KYC,  Dar es Salaam  ,120,4G LTE,Tecno Spark 10 Pro,None
REC-101117,tel:+255-714-004110,N/A,1701098606,DATA_RECHARGE,"TZS 2,644.43/=",suspnded,Zanzibar,1800,5G NR,Tecno Spark 10 Pro,"VIP Subscriber, priority routing"
REC-100756,+255(0)714018632,+255/714/017262,12/02/2023 05:05 PM,SMS_PACK,$ 25.43 USD,suspnded,dar-es-salaam,120,5G NR,Samsung Galaxy A14; Android 13,Flagged for KYC update; verified by agent
REC-100205,  714023564  ,N/A,11-11-2023 00:16:57,TIGO_PESA_CASH_IN,"18,120.32",SUSPENDED,Dodoma,45,2G GSM,Transsion Infinix Hot 30,"Customer stated: ""Cannot connect to 4G in Posta area, please help"""
REC-100934,+255/714/032332,0000000000,2023/11/04,BUNDLE_PURCHASE,"TZS 112,901.59/=",Term,DAR ES SALAAM,0,5G NR,Unknown,None
REC-100513,+255/714/010960,  714028907  ,11/22/2023 02:35 AM,VOICE_CALL,"80,395.84",ACTV,Dar es Salaam,45,2G GSM,Tecno Spark 10 Pro,"USSD session timeout, retry OK"
REC-101995,N/A,tel:+255-714-016303,11/06/2023 02:41 PM,VOICE_CALL,$ 40.94 USD,TERMINATED,Dodoma ,02:15,2G GSM,Transsion Infinix Hot 30,Standard call; cell handover success
REC-100884,255714010960,0714-003-425,11/28/2023 03:11 AM,TIGO_PESA_CASH_OUT,"TZS 33,933.19/=",TERMINATED,Tanga,0,4G,Nokia 105 (Feature Phone),"USSD session timeout, retry OK"
REC-101045,+255 714 034 113,tel:+255-714-012056,2023-11-22 16:09:35,BUNDLE_PURCHASE,"26,950.78",SUSPENDED,ZNZ,45,unknown,Unknown,"Customer stated: ""Cannot connect to 4G in Posta area, please help"""
REC-100180,tel:+255-714-008083,+255 714 002 329,22-11-2023 15:01:57,VOICE_CALL,  92866  ,Pending_Kyc​,,N/A,4G LTE,Samsung Galaxy A14; Android 13,Standard call; cell handover success
REC-100310,+255(0)714015755,tel:+255-714-003562,15-11-2023 09:33:33,SMS_PACK,"97,244.36",UNKNOWN,mwanza,-15,3G WCDMA,Transsion Infinix Hot 30,"Customer stated: ""Cannot connect to 4G in Posta area, please help"""
REC-100598,+255(0)714014111,  714020550  ,2023-12-02T20:59:07+03:00,TIGO_PESA_CASH_OUT,,Pending_Kyc​,Dodoma ,45,4G,Huawei P40 Lite,Flagged for KYC update; verified by agent
REC-100126,+255 714 025 482,+255(0)714014796,1701387885,TIGO_PESA_CASH_IN,"TZS 48,521.11/=",Terminated,mwanza,N/A,2G GSM,Nokia 105 (Feature Phone),"Customer stated: ""Cannot connect to 4G in Posta area, please help"""
REC-100087,+255 714 019 728,  714007124  ,2023-11-14 23:49:25,DATA_RECHARGE,"TZS 49,619.65/=",ACTIVE,Mwanza,45,4G,Huawei P40 Lite,"USSD session timeout, retry OK"
REC-100364,tel:+255-714-012330,0714011371,1699428864,TIGO_PESA_CASH_OUT,$ 36.90 USD,ACTV,ARUSHA,30s,3G WCDMA,Nokia 105 (Feature Phone),Standard call; cell handover success
REC-101985,255714000274,tel:+255-714-029866,"Nov 18, 2023 09:28",TIGO_PESA_CASH_OUT,$ 52.63 USD,ACTIVE,Mbeya,30s,3G WCDMA,Tecno Spark 10 Pro,Standard call; cell handover success
REC-100515,  714019317  ,+255 714 024 523,08-11-2023 05:14:06,VOICE_CALL,NaN,Pending_Kyc​,Dodoma,360,LTE-A,Tecno Spark 10 Pro,Flagged for KYC update; verified by agent
REC-102500,0000000000,0714001096,1700181754,VOICE_CALL,"TZS 109,999.90/=",  active  ,Dodoma ,1800,5G NR,"iPhone 13,2 (iOS 16.5)",
REC-102472,0000000000,255714017536,1700070872,TIGO_PESA_CASH_OUT,,ACTIVE,Arusha (CBD),360,unknown,Nokia 105 (Feature Phone),"USSD session timeout, retry OK"
REC-101283,+255 714 032 332,+255/714/026304,24-11-2023 08:28:47,BUNDLE_PURCHASE,$ 9.11 USD,Terminated,ZNZ,360,LTE-A,Samsung Galaxy A14; Android 13,None
REC-101537,0714023427,0714031510,2023/11/04,TIGO_PESA_CASH_OUT,"TZS 128,457.47/=",Pending_Kyc​,Tanga,30s,unknown,Unknown,"USSD session timeout, retry OK"
REC-102330,+255/714/009590,+255 714 000 411,1699384037,SMS_PACK,"TZS 85,948.99/=",SUSPENDED,Mwanza Rock City,45,unknown,Huawei P40 Lite,Flagged for KYC update; verified by agent
REC-100842,0714-027-537,  714004795  ,11/23/2023 03:10 PM,VOICE_CALL,  137466  ,churn,"Stone Town, Zanzibar",45,2G GSM,Nokia 105 (Feature Phone),Standard call; cell handover success
REC-100753,tel:+255-714-032058,N/A,1699420316,VOICE_CALL,,ACTV,Mwanza Rock City,45,3G WCDMA,Transsion Infinix Hot 30,
REC-100075,tel:+255-714-014385,0714-019-728,2023-12-04 02:19:53,TIGO_PESA_CASH_OUT,"TZS 93,146.70/=",,Arusha,120,3G WCDMA,Nokia 105 (Feature Phone),"USSD session timeout, retry OK"
REC-101474,0714-013-700,+255 714 005 617,2023-11-10T06:18:09+03:00,TIGO_PESA_CASH_OUT,$ 29.31 USD,CHURNED,DODOMA (Capital),1800,5G NR,Unknown,"Customer stated: ""Cannot connect to 4G in Posta area, please help"""
REC-100340,+255 714 004 521,+255(0)714003699,2023-11-24T21:19:07+03:00,DATA_RECHARGE,"TZS 91,023.90/=",Active,Mbeya,1800,unknown,Samsung Galaxy A14; Android 13,"VIP Subscriber, priority routing"
REC-100460,0714024660,+255 714 013 563,2023-11-05T02:02:37+03:00,TIGO_PESA_CASH_IN,"139,119.77",Term,ZNZ,-15,4G LTE,Huawei P40 Lite,
REC-100849,  714029866  ,0714004795,"Nov 07, 2023 22:47",BUNDLE_PURCHASE,"-12,182.50",actve,"Stone Town, Zanzibar",120,4G LTE,Huawei P40 Lite,Standard call; cell handover success
REC-101300,  714012741  ,+255(0)714000411,11/09/2023 02:26 PM,SMS_PACK,$ 16.04 USD,  active  ,ZNZ,45,4G LTE,Huawei P40 Lite,Flagged for KYC update; verified by agent
REC-102023,tel:+255-714-000274,0714-019-865,"Nov 08, 2023 15:58",TIGO_PESA_CASH_OUT,"148,431.82",SUSPENDED,Mbeya,1800,2G GSM,Samsung Galaxy A14; Android 13,"Customer stated: ""Cannot connect to 4G in Posta area, please help"""
REC-100524,+255 714 017 125,0714023564,"Nov 08, 2023 15:15",VOICE_CALL,"21,933.45",,  Dar es Salaam  ,45,4G LTE,Tecno Spark 10 Pro,Flagged for KYC update; verified by agent
REC-102294,0714023016,  714012878  ,1699529031,BUNDLE_PURCHASE,"TZS 127,700.67/=",UNKNOWN,Dar es Salaam,30s,4G LTE,Transsion Infinix Hot 30,"Customer stated: ""Cannot connect to 4G in Posta area, please help"""
REC-100870,+255(0)714029729,+255 714 012 330,2023-11-09 19:24:24,VOICE_CALL,"TZS 76,287.22/=",  active  ,Arusha﻿,120,5G NR,Huawei P40 Lite,"USSD session timeout, retry OK"
REC-100981,0714-005-891,tel:+255-714-029866,11/29/2023 01:56 PM,TIGO_PESA_CASH_OUT,"98,196.8500",TERMINATED,Arusha﻿,360,3G WCDMA,Unknown,None
REC-102038,255714020824,+255(0)714024112,11/19/2023 08:16 AM,TIGO_PESA_CASH_IN,"120,056.62",Active,Tanga,45,2G GSM,Tecno Spark 10 Pro,"Customer stated: ""Cannot connect to 4G in Posta area, please help"""
REC-101484,+255(0)714015207,0000000000,11/23/2023 06:42 AM,SMS_PACK,$ 35.76 USD,  active  ,Dodoma ,120,5G NR,"iPhone 13,2 (iOS 16.5)","VIP Subscriber, priority routing"
REC-100138,+255 714 021 646,+255/714/022331,19-11-2023 04:11:14,TIGO_PESA_CASH_OUT,"37,109.2500",pending,dar-es-salaam,-15,4G,Transsion Infinix Hot 30,"Customer stated: ""Cannot connect to 4G in Posta area, please help"""
REC-100691,N/A,tel:+255-714-026304,2023-11-05 22:16:05,DATA_RECHARGE,"139,386.02",churn,Mwanza,120,LTE-A,Tecno Spark 10 Pro,
REC-101770,  714026167  ,N/A,2023-11-12 09:19:21,SMS_PACK,"TZS 131,597.34/=",ACTIVE,Morogoro,0,4G,"iPhone 13,2 (iOS 16.5)","Customer stated: ""Cannot connect to 4G in Posta area, please help"""
REC-101293,0714-025-345,+255(0)714033702,2023-11-23 17:06:58,TIGO_PESA_CASH_IN,,actve,Dodoma ,360,5G NR,Samsung Galaxy A14; Android 13,Flagged for KYC update; verified by agent
REC-101424,+255 714 020 824,N/A,2023-11-21 21:54:46,TIGO_PESA_CASH_OUT,  127466  ,,Mbeya,45,3G WCDMA,Samsung Galaxy A14; Android 13,"USSD session timeout, retry OK"
REC-100790,tel:+255-714-008083,+255 714 003 425,2023-12-02 12:23:55,TIGO_PESA_CASH_OUT,  126533  ,TERMINATED,Mbeya,45,5G NR,"iPhone 13,2 (iOS 16.5)","VIP Subscriber, priority routing"
REC-102239,  714019728  ,0714-018-358,2023-11-28T15:20:33+03:00,DATA_RECHARGE,  124042  ,TERMINATED,ARUSHA,360,2G GSM,Tecno Spark 10 Pro,None
REC-100943,+255(0)714011645,255714029592,1700878658,BUNDLE_PURCHASE,FREE,  active  ,Arusha,-15,5G NR,Nokia 105 (Feature Phone),Standard call; cell handover success
REC-101246,+255 714 033 291,  714028222  ,22-11-2023 13:05:49,VOICE_CALL,"118,226.1300",ACTV,Dodoma,30s,3G WCDMA,Nokia 105 (Feature Phone),"VIP Subscriber, priority routing"
REC-101738,0000000000,+255/714/007124,1699580944,VOICE_CALL,"-96,615.66",  active  ,Dodoma ,360,4G,"iPhone 13,2 (iOS 16.5)",
REC-100921,+255(0)714022605,+255 714 026 304,12/04/2023 06:19 AM,SMS_PACK,"23,402.1700",ACTV,dar-es-salaam,02:15,unknown,Unknown,"VIP Subscriber, priority routing"
REC-102222,0714014111,tel:+255-714-016029,2023-11-04T23:09:44+03:00,TIGO_PESA_CASH_OUT,"42,332.39",,Zanzibar,120,unknown,Samsung Galaxy A14; Android 13,
REC-102015,0000000000,0714-018-632,"Nov 15, 2023 16:56",TIGO_PESA_CASH_IN,"105,003.54",Term,Mbeya,45,2G GSM,Nokia 105 (Feature Phone),"VIP Subscriber, priority routing"
REC-102344,+255/714/015070,tel:+255-714-026715,11/12/2023 03:09 AM,BUNDLE_PURCHASE,"109,839.65",Term,dar-es-salaam,-15,4G LTE,Tecno Spark 10 Pro,"VIP Subscriber, priority routing"
REC-101987,+255 714 010 138,255714013700,2023-11-07T10:08:38+03:00,BUNDLE_PURCHASE,"TZS 131,727.37/=",UNKNOWN,ZNZ,-15,5G NR,Tecno Spark 10 Pro,
REC-101366,0714033291,+255(0)714001644,2023-11-12 23:10:28,TIGO_PESA_CASH_IN,"TZS 65,815.61/=",UNKNOWN,,360,2G GSM,Huawei P40 Lite,"VIP Subscriber, priority routing"
REC-100106,+255 714 005 206,0714015344,11/17/2023 08:14 PM,BUNDLE_PURCHASE,$ 3.56 USD,Terminated,Zanzibar,N/A,4G LTE,Samsung Galaxy A14; Android 13,"USSD session timeout, retry OK"
REC-100501,+255 714 018 632,+255 714 010 549,2023/11/04,TIGO_PESA_CASH_OUT,"TZS 139,207.79/=",null,ZNZ,30s,LTE-A,Nokia 105 (Feature Phone),"USSD session timeout, retry OK"
REC-101027,0000000000,0714-024-386,1699978207,BUNDLE_PURCHASE,$ 46.29 USD,Term,DODOMA (Capital),30s,unknown,Unknown,Flagged for KYC update; verified by agent
REC-101689,+255 714 000 000,+255 714 011 371,1701191569,TIGO_PESA_CASH_OUT,,Pending_Kyc​,ZNZ,02:15,unknown,Samsung Galaxy A14; Android 13,"USSD session timeout, retry OK"
REC-102481,tel:+255-714-016166,0714-020-276,1701553984,DATA_RECHARGE,  35518  ,PENDING_KYC,Arusha (CBD),1800,4G,Unknown,Flagged for KYC update; verified by agent
REC-101724,0714-003-562,+255/714/010412,25-11-2023 22:44:34,TIGO_PESA_CASH_OUT,$ 55.06 USD,ACTV,Mwanza,N/A,2G GSM,"iPhone 13,2 (iOS 16.5)","USSD session timeout, retry OK"
REC-101339,tel:+255-714-015344,tel:+255-714-012193,1700661090,SMS_PACK,"TZS 77,393.02/=",null,DODOMA (Capital),-15,unknown,Unknown,None
REC-101731,+255(0)714014385,0714-006-576,2023-11-05 03:01:59,VOICE_CALL,"TZS 127,736.71/=",SUSPENDED,Arusha﻿,360,4G LTE,Tecno Spark 10 Pro,Standard call; cell handover success
REC-100848,0714-002-466,  714011919  ,2023-11-30T03:34:00+03:00,TIGO_PESA_CASH_OUT,"TZS 28,925.47/=",Pending_Kyc​,ZNZ,30s,5G NR,Huawei P40 Lite,Standard call; cell handover success
REC-101055,255714032058,0714-029-318,17-11-2023 01:01:47,TIGO_PESA_CASH_OUT,  102219  ,Terminated,Arusha (CBD),360,3G WCDMA,Nokia 105 (Feature Phone),"VIP Subscriber, priority routing"
REC-100418,+255 714 022 194,tel:+255-714-012604,1701246084,BUNDLE_PURCHASE,"142,488.21",churn,DAR ES SALAAM,45,5G NR,Huawei P40 Lite,None
REC-100132,tel:+255-714-024797,0714-032-469,11/15/2023 09:28 AM,VOICE_CALL,"-147,777.32",Pending_Kyc​,Dar es Salaam,30s,2G GSM,Huawei P40 Lite,"USSD session timeout, retry OK"
REC-102188,+255(0)714016303,255714007398,2023-11-11 12:39:19,BUNDLE_PURCHASE,"55,324.42",null,Dar es Salaam,30s,3G WCDMA,Nokia 105 (Feature Phone),Standard call; cell handover success
REC-101462,N/A,+255 714 024 523,1699816876,VOICE_CALL,NaN,actve,ZNZ,N/A,LTE-A,Samsung Galaxy A14; Android 13,
REC-102421,0714026304,+255(0)714031784,"Nov 12, 2023 08:54",TIGO_PESA_CASH_IN,FREE,CHURNED,Dodoma ,120,unknown,Samsung Galaxy A14; Android 13,None
REC-102084,+255(0)714016988,+255 714 031 921,14-11-2023 18:21:25,BUNDLE_PURCHASE,  128015  ,,Morogoro,-15,3G WCDMA,Huawei P40 Lite,Flagged for KYC update; verified by agent
REC-102285,255714012741,0000000000,2023-11-08 20:23:11,BUNDLE_PURCHASE,  7798  ,pending,Arusha (CBD),45,4G LTE,Nokia 105 (Feature Phone),"VIP Subscriber, priority routing"
REC-100426,N/A,+255(0)714012330,28-11-2023 16:07:57,TIGO_PESA_CASH_OUT,FREE,suspnded,mwanza,120,4G LTE,Samsung Galaxy A14; Android 13,"VIP Subscriber, priority routing"
REC-101762,  714023701  ,0714028770,24-11-2023 14:53:58,TIGO_PESA_CASH_OUT,NaN,churn,N/A,02:15,LTE-A,Tecno Spark 10 Pro,
REC-100464,+255 714 030 003,tel:+255-714-021098,2023-12-01T23:44:24+03:00,DATA_RECHARGE,  134452  ,TERMINATED,mwanza,N/A,LTE-A,Samsung Galaxy A14; Android 13,
REC-100108,+255(0)714006576,0714011234,2023/11/04,VOICE_CALL,FREE,  active  ,ZNZ,45,4G LTE,"iPhone 13,2 (iOS 16.5)",
REC-100032,0714015207,  714000000  ,"Dec 04, 2023 03:17",TIGO_PESA_CASH_IN,NaN,Term,Tanga,30s,LTE-A,Unknown,"VIP Subscriber, priority routing"
REC-102338,+255(0)714020002,255714006850,02-12-2023 14:39:12,TIGO_PESA_CASH_IN,"TZS 114,664.31/=",ACTV,Mwanza,N/A,5G NR,Nokia 105 (Feature Phone),"VIP Subscriber, priority routing"
REC-101005,+255(0)714004658,tel:+255-714-030003,11/27/2023 07:12 AM,TIGO_PESA_CASH_IN,  19666  ,CHURNED,Tanga,0,3G WCDMA,Transsion Infinix Hot 30,
REC-102461,255714029318,tel:+255-714-033839,2023-11-11 03:45:04,DATA_RECHARGE,$ 13.25 USD,ACTIVE,"Stone Town, Zanzibar",0,LTE-A,Nokia 105 (Feature Phone),"USSD session timeout, retry OK"
REC-101865,+255/714/018358,N/A,"Nov 23, 2023 20:37",VOICE_CALL,$ 9.23 USD,actve,ARUSHA,0,LTE-A,Unknown,
REC-102108,0714-030-277,0714000274,2023-11-24T23:49:44+03:00,TIGO_PESA_CASH_IN,"49,350.49",actve,"Stone Town, Zanzibar",02:15,5G NR,Samsung Galaxy A14; Android 13,"USSD session timeout, retry OK"
REC-101983,+255/714/001644,tel:+255-714-031236,11/17/2023 12:57 PM,DATA_RECHARGE,"58,460.89",null,Arusha (CBD),120,unknown,"iPhone 13,2 (iOS 16.5)","Customer stated: ""Cannot connect to 4G in Posta area, please help"""
REC-101703,+255 714 033 839,0714-017-125,1699761083,BUNDLE_PURCHASE,"132,514.61",Terminated,Mwanza,1800,3G WCDMA,Huawei P40 Lite,Standard call; cell handover success
REC-100285,+255 714 002 192,N/A,29-11-2023 18:24:07,BUNDLE_PURCHASE,"78,855.59",ACTV,Mwanza Rock City,N/A,5G NR,Unknown,Flagged for KYC update; verified by agent
REC-100373,0714021920,  714008357  ,"Nov 17, 2023 16:58",TIGO_PESA_CASH_IN,$ 38.98 USD,TERMINATED,Dodoma ,120,unknown,Samsung Galaxy A14; Android 13,Flagged for KYC update; verified by agent
REC-102049,  714017810  ,0714034113,2023-12-03 02:38:17,BUNDLE_PURCHASE,"139,969.94",suspnded,dar-es-salaam,02:15,4G,Samsung Galaxy A14; Android 13,None
REC-100250,+255 714 011 234,+255(0)714002055,2023-11-09T21:27:14+03:00,BUNDLE_PURCHASE,,CHURNED,,02:15,2G GSM,Samsung Galaxy A14; Android 13,"USSD session timeout, retry OK"
REC-100131,0714-002-466,tel:+255-714-015755,UNKNOWN_TIME,SMS_PACK,"TZS 52,440.08/=",null,mwanza,360,unknown,"iPhone 13,2 (iOS 16.5)",
REC-101630,0714019043,+255(0)714033291,1701090907,DATA_RECHARGE,,,Dodoma ,120,4G,"iPhone 13,2 (iOS 16.5)","USSD session timeout, retry OK"
REC-100857,  714007946  ,+255/714/014385,1701482568,VOICE_CALL,"TZS 148,645.34/=",suspnded,DAR ES SALAAM,0,4G LTE,"iPhone 13,2 (iOS 16.5)","Customer stated: ""Cannot connect to 4G in Posta area, please help"""
REC-102135,N/A,+255/714/014796,2023-11-22 14:34:25,SMS_PACK,$ 14.67 USD,SUSPENDED,Arusha,0,5G NR,Samsung Galaxy A14; Android 13,"USSD session timeout, retry OK"
REC-100796,+255 714 020 961,+255(0)714019043,11/10/2023 09:53 AM,DATA_RECHARGE,$ 36.45 USD,UNKNOWN,ZNZ,45,4G,Unknown,"USSD session timeout, retry OK"
REC-100550,0714011645,N/A,2023-11-12 07:02:08,SMS_PACK,"TZS 39,515.03/=",PENDING_KYC,Tanga,1800,LTE-A,Tecno Spark 10 Pro,"Customer stated: ""Cannot connect to 4G in Posta area, please help"""
REC-100769,255714027537,255714004521,2023-11-25T10:15:31+03:00,VOICE_CALL,"133,656.6500",Suspended,Tanga,0,4G,Huawei P40 Lite,
REC-100023,+255 714 017 673,255714009179,2023-11-16 08:50:03,TIGO_PESA_CASH_IN,"43,105.61",null,mwanza,1800,4G LTE,Nokia 105 (Feature Phone),None
REC-100776,0714-001-233,0714019043,"Nov 20, 2023 01:16",BUNDLE_PURCHASE,  5183  ,churn,DAR ES SALAAM,30s,unknown,Transsion Infinix Hot 30,"Customer stated: ""Cannot connect to 4G in Posta area, please help"""
REC-100107,+255 714 029 044,+255/714/010001,2023-12-04T08:45:32+03:00,BUNDLE_PURCHASE,$ 30.52 USD,null,DAR ES SALAAM,N/A,unknown,Huawei P40 Lite,
REC-102244,tel:+255-714-005891,+255(0)714014111,11/12/2023 07:13 PM,VOICE_CALL,"-34,856.86",null,Mwanza Rock City,360,LTE-A,Huawei P40 Lite,None
REC-100572,tel:+255-714-003288,+255(0)714016166,11/16/2023 09:09 PM,BUNDLE_PURCHASE,$ 5.09 USD,actve,,N/A,4G,Unknown,Flagged for KYC update; verified by agent
REC-101582,0714-018-906,+255(0)714019317,09-11-2023 15:42:18,BUNDLE_PURCHASE,,suspnded,Dar es Salaam,45,3G WCDMA,Unknown,"USSD session timeout, retry OK"
REC-102402,0714-029-044,0714-026-578,"Dec 04, 2023 09:22",SMS_PACK,  39058  ,Active,mwanza,0,3G WCDMA,Tecno Spark 10 Pro,"VIP Subscriber, priority routing"
REC-100637,0714-013-015,+255(0)714023153,1700919145,SMS_PACK,"TZS 10,273.94/=",ACTV,Arusha (CBD),120,2G GSM,Transsion Infinix Hot 30,
REC-101759,tel:+255-714-000959,+255(0)714007124,"Nov 15, 2023 21:20",VOICE_CALL,"TZS 101,348.49/=",Term,mwanza,-15,4G LTE,Tecno Spark 10 Pro,"USSD session timeout, retry OK"
REC-100896,+255(0)714030688,  714005754  ,2023-12-04 06:46:23,BUNDLE_PURCHASE,  49788  ,ACTIVE,Dar es Salaam,02:15,4G LTE,Unknown,
REC-100677,+255(0)714013426,0714-032-606,11/16/2023 09:37 PM,SMS_PACK,  52613  ,CHURNED,DAR ES SALAAM,02:15,3G WCDMA,Nokia 105 (Feature Phone),Flagged for KYC update; verified by agent
REC-100670,+255 714 027 537,  714026578  ,11/18/2023 12:17 PM,VOICE_CALL,"34,737.0000",Suspended,Mbeya,-15,LTE-A,"iPhone 13,2 (iOS 16.5)",None
REC-102438,+255(0)714000822,255714022194,2023-11-10 18:15:15,SMS_PACK,FREE,suspnded,Morogoro,1800,4G LTE,Nokia 105 (Feature Phone),"VIP Subscriber, priority routing"
REC-100511,  714013015  ,+255 714 017 947,12/02/2023 05:53 PM,VOICE_CALL,$ 8.94 USD,ACTV,Dodoma,45,4G LTE,Tecno Spark 10 Pro,"USSD session timeout, retry OK"
REC-102021,tel:+255-714-031373,+255(0)714004384,2023/11/04,DATA_RECHARGE,$ 26.06 USD,CHURNED,Dar es Salaam,0,LTE-A,Nokia 105 (Feature Phone),"Customer stated: ""Cannot connect to 4G in Posta area, please help"""
REC-101228,255714033565,tel:+255-714-000685,02-12-2023 01:55:59,TIGO_PESA_CASH_IN,TZS 718.35/=,actve,mwanza,02:15,5G NR,Nokia 105 (Feature Phone),None
REC-102156,+255 714 006 302,  714009179  ,1701101127,TIGO_PESA_CASH_IN,"67,947.7000",Term,DAR ES SALAAM,-15,5G NR,Unknown,"VIP Subscriber, priority routing"
REC-102416,+255(0)714003973,0000000000,1701537916,SMS_PACK,"147,566.31",ACTIVE,Mwanza Rock City,02:15,4G,Nokia 105 (Feature Phone),"Customer stated: ""Cannot connect to 4G in Posta area, please help"""
REC-100627,+255/714/001781,255714010275,"Nov 24, 2023 11:11",DATA_RECHARGE,"129,755.1200",pending,DODOMA (Capital),N/A,unknown,Transsion Infinix Hot 30,Standard call; cell handover success
REC-101249,+255 714 001 507,tel:+255-714-020961,2023-11-22T20:30:09+03:00,TIGO_PESA_CASH_IN,"TZS 95,681.85/=",UNKNOWN,Mwanza,1800,4G,Transsion Infinix Hot 30,"Customer stated: ""Cannot connect to 4G in Posta area, please help"""
REC-101713,+255(0)714005891,tel:+255-714-001507,2023/11/04,DATA_RECHARGE,"TZS 89,455.77/=",  active  ,Dodoma,360,unknown,"iPhone 13,2 (iOS 16.5)",Standard call; cell handover success
REC-102385,+255 714 022 742,+255 714 021 372,11/05/2023 05:13 PM,TIGO_PESA_CASH_OUT,"TZS 13,213.43/=",PENDING_KYC,DAR ES SALAAM,-15,2G GSM,"iPhone 13,2 (iOS 16.5)",Flagged for KYC update; verified by agent
REC-100795,  714031784  ,0714-015-755,2023-11-13 04:23:45,SMS_PACK,  85310  ,Active,  Dar es Salaam  ,30s,5G NR,Transsion Infinix Hot 30,Standard call; cell handover success
REC-100638,+255(0)714013015,0000000000,2023-11-06 18:02:36,BUNDLE_PURCHASE,FREE,Terminated,Arusha,30s,4G,Samsung Galaxy A14; Android 13,
REC-101347,tel:+255-714-023838,+255 714 013 837,11/04/2023 10:24 PM,BUNDLE_PURCHASE,,ACTV,Tanga,360,3G WCDMA,"iPhone 13,2 (iOS 16.5)","VIP Subscriber, priority routing"
REC-102117,255714008357,tel:+255-714-018769,12-11-2023 21:07:02,TIGO_PESA_CASH_OUT,"131,244.38",  active  ,N/A,02:15,unknown,Unknown,Flagged for KYC update; verified by agent
REC-102432,N/A,255714032332,2023-11-21 21:30:35,VOICE_CALL,,Term,Mwanza Rock City,30s,5G NR,Transsion Infinix Hot 30,Standard call; cell handover success
REC-101426,0714016029,tel:+255-714-016988,"Nov 11, 2023 04:58",TIGO_PESA_CASH_OUT,  44871  ,  active  ,  Dar es Salaam  ,1800,LTE-A,Unknown,None
REC-101844,255714000137,0714001781,24-11-2023 15:38:41,BUNDLE_PURCHASE,"128,447.50",Active,Dodoma,0,3G WCDMA,Transsion Infinix Hot 30,"USSD session timeout, retry OK"
REC-101126,255714023016,+255(0)714028633,1699546385,DATA_RECHARGE,$ 38.50 USD,Suspended,Dar es Salaam,1800,unknown,Samsung Galaxy A14; Android 13,"Customer stated: ""Cannot connect to 4G in Posta area, please help"""
REC-101241,+255 714 033 291,0714030003,2023-12-02T16:44:34+03:00,SMS_PACK,"TZS 110,773.03/=",UNKNOWN,ARUSHA,1800,4G,Unknown,Flagged for KYC update; verified by agent
REC-102303,+255(0)714014522,0714-000-000,2023-11-23 06:24:05,TIGO_PESA_CASH_OUT,  15463  ,UNKNOWN,Zanzibar,1800,4G,Samsung Galaxy A14; Android 13,"VIP Subscriber, priority routing"
REC-102497,+255/714/010001,  714023564  ,11/25/2023 10:46 PM,DATA_RECHARGE,"64,347.04",TERMINATED,dar-es-salaam,1800,4G,Huawei P40 Lite,"VIP Subscriber, priority routing"
REC-102283,+255(0)714012056,0714-009-864,08-11-2023 08:45:56,TIGO_PESA_CASH_IN,"58,435.47",Active,Dodoma ,02:15,2G GSM,Huawei P40 Lite,
REC-100491,0714-014-933,N/A,14-11-2023 13:33:55,SMS_PACK,FREE,Active,ZNZ,30s,4G LTE,Samsung Galaxy A14; Android 13,"Customer stated: ""Cannot connect to 4G in Posta area, please help"""
REC-100833,+255(0)714019043,0714-031-510,1700746932,DATA_RECHARGE,"TZS 60,739.85/=",UNKNOWN,Zanzibar,-15,4G LTE,Samsung Galaxy A14; Android 13,"USSD session timeout, retry OK"
REC-102474,255714020961,0000000000,2023-11-11 18:47:36,DATA_RECHARGE,"145,316.78",,"Stone Town, Zanzibar",360,LTE-A,"iPhone 13,2 (iOS 16.5)",
REC-101014,tel:+255-714-018906,0000000000,2023-11-12 05:10:44,VOICE_CALL,  102219  ,suspnded,Arusha,1800,2G GSM,Transsion Infinix Hot 30,None
REC-102203,0000000000,  714013700  ,17-11-2023 07:55:40,SMS_PACK,"94,552.77",CHURNED,Arusha (CBD),45,5G NR,Nokia 105 (Feature Phone),None
REC-100398,+255 714 004 521,+255(0)714026715,02-12-2023 05:52:14,DATA_RECHARGE,,UNKNOWN,Arusha﻿,120,4G LTE,Tecno Spark 10 Pro,None
REC-101145,N/A,+255/714/011371,28-11-2023 04:32:09,TIGO_PESA_CASH_OUT,FREE,,Mbeya,45,3G WCDMA,Tecno Spark 10 Pro,"VIP Subscriber, priority routing"
REC-101559,  714000000  ,0714-001-370,2023/11/04,TIGO_PESA_CASH_OUT,$ 38.37 USD,Term,ZNZ,30s,unknown,Nokia 105 (Feature Phone),"Customer stated: ""Cannot connect to 4G in Posta area, please help"""
REC-101894,+255/714/010138,+255 714 020 276,2023-11-17 03:58:35,SMS_PACK,$ 46.94 USD,UNKNOWN,Zanzibar,30s,4G,Samsung Galaxy A14; Android 13,Flagged for KYC update; verified by agent
REC-101285,0714026715,+255 714 013 563,"Dec 04, 2023 05:07",TIGO_PESA_CASH_IN,FREE,ACTIVE,DAR ES SALAAM,0,3G WCDMA,Huawei P40 Lite,"VIP Subscriber, priority routing"
REC-101973,+255 714 023 290,255714030414,11/25/2023 06:50 AM,TIGO_PESA_CASH_OUT,"44,279.15",suspnded,Dodoma,0,unknown,"iPhone 13,2 (iOS 16.5)","Customer stated: ""Cannot connect to 4G in Posta area, please help"""
REC-102326,+255 714 032 606,0714-007-535,11/10/2023 01:42 PM,TIGO_PESA_CASH_OUT,NaN,pending,N/A,120,LTE-A,Transsion Infinix Hot 30,None
REC-101425,+255/714/002740,  714019317  ,UNKNOWN_TIME,TIGO_PESA_CASH_IN,NaN,pending,Dodoma,30s,2G GSM,Tecno Spark 10 Pro,"VIP Subscriber, priority routing"
REC-100305,+255 714 025 619,255714028496,"Nov 20, 2023 03:11",BUNDLE_PURCHASE,"132,267.89",suspnded,Mwanza,02:15,5G NR,Tecno Spark 10 Pro,"Customer stated: ""Cannot connect to 4G in Posta area, please help"""
REC-101385,N/A,+255 714 033 428,12/01/2023 06:21 AM,DATA_RECHARGE,"TZS 14,986.27/=",TERMINATED,Dodoma ,1800,unknown,Samsung Galaxy A14; Android 13,None
REC-101751,0714-007-946,0714-024-660,11/29/2023 05:28 AM,DATA_RECHARGE,"32,085.47",pending,,120,4G LTE,Unknown,"Customer stated: ""Cannot connect to 4G in Posta area, please help"""
REC-101699,tel:+255-714-027537,N/A,"Nov 11, 2023 12:54",TIGO_PESA_CASH_OUT,"30,402.21",  active  ,Mwanza Rock City,N/A,3G WCDMA,Tecno Spark 10 Pro,None
REC-102323,+255 714 001 644,N/A,1699332292,VOICE_CALL,"122,787.45",PENDING_KYC,dar-es-salaam,N/A,4G,Huawei P40 Lite,"USSD session timeout, retry OK"
REC-101698,0714-000-959,N/A,23-11-2023 14:32:53,BUNDLE_PURCHASE,"TZS 102,073.81/=",Term,Dodoma,120,5G NR,Samsung Galaxy A14; Android 13,"USSD session timeout, retry OK"
REC-101611,  714026304  ,0714000685,1700435537,DATA_RECHARGE,"19,417.21",actve,  Dar es Salaam  ,120,unknown,Huawei P40 Lite,"VIP Subscriber, priority routing"
REC-101782,0714000548,+255(0)714007124,11/30/2023 09:31 PM,TIGO_PESA_CASH_OUT,$ 8.12 USD,null,Dodoma ,30s,unknown,Nokia 105 (Feature Phone),"Customer stated: ""Cannot connect to 4G in Posta area, please help"""
REC-101764,+255 714 003 151,N/A,1699579986,TIGO_PESA_CASH_OUT,$ 3.45 USD,ACTV,Dodoma ,360,4G LTE,Transsion Infinix Hot 30,"VIP Subscriber, priority routing"
REC-100190,+255(0)714015618,255714019454,2023-11-21 16:33:44,BUNDLE_PURCHASE,$ 5.77 USD,Term,DODOMA (Capital),-15,5G NR,Transsion Infinix Hot 30,"Customer stated: ""Cannot connect to 4G in Posta area, please help"""
REC-101445,tel:+255-714-006165,255714005891,"Nov 15, 2023 20:37",TIGO_PESA_CASH_IN,NaN,  active  ,,45,4G LTE,Samsung Galaxy A14; Android 13,
REC-102133,  714000000  ,  714009727  ,11/23/2023 02:54 AM,BUNDLE_PURCHASE,  132873  ,ACTIVE,Dodoma,45,5G NR,Transsion Infinix Hot 30,"USSD session timeout, retry OK"
REC-100477,255714004932,tel:+255-714-026441,25-11-2023 19:17:58,DATA_RECHARGE,"TZS 138,888.49/=",actve,N/A,02:15,unknown,"iPhone 13,2 (iOS 16.5)","VIP Subscriber, priority routing"
REC-101114,0714025208,255714011371,1701162264,TIGO_PESA_CASH_OUT,"84,344.07",suspnded,dar-es-salaam,0,4G LTE,Unknown,"VIP Subscriber, priority routing"
REC-100017,0714-004-795,0714014796,2023-11-08T04:03:07+03:00,TIGO_PESA_CASH_OUT,FREE,actve,DAR ES SALAAM,1800,unknown,Samsung Galaxy A14; Android 13,"VIP Subscriber, priority routing"
REC-102446,+255 714 011 097,0714-005-206,1699668354,TIGO_PESA_CASH_OUT,"94,785.9200",pending,Arusha (CBD),-15,2G GSM,Nokia 105 (Feature Phone),None
REC-100560,+255(0)714011097,+255 714 024 797,2023-11-06 15:40:29,DATA_RECHARGE,,TERMINATED,Dodoma,02:15,5G NR,Tecno Spark 10 Pro,Standard call; cell handover success
REC-100419,0714-023-016,+255/714/030140,2023-11-07 00:00:11,TIGO_PESA_CASH_OUT,"46,555.3000",Terminated,N/A,45,4G LTE,"iPhone 13,2 (iOS 16.5)",Flagged for KYC update; verified by agent
REC-100828,+255/714/012330,+255 714 023 153,2023-11-18 06:15:01,BUNDLE_PURCHASE,"-99,966.24",  active  ,Mwanza,45,LTE-A,"iPhone 13,2 (iOS 16.5)","Customer stated: ""Cannot connect to 4G in Posta area, please help"""
REC-100886,255714028770,0714-000-822,2023/11/04,SMS_PACK,"TZS 67,001.29/=",pending,mwanza,0,LTE-A,Nokia 105 (Feature Phone),None
REC-100928,  714012741  ,+255(0)714012193,1699815022,VOICE_CALL,$ 56.99 USD,ACTV,Mbeya,120,LTE-A,Transsion Infinix Hot 30,"USSD session timeout, retry OK"
REC-100840,255714000274,tel:+255-714-020276,1699813081,VOICE_CALL,"136,262.20",ACTV,Zanzibar,N/A,5G NR,Samsung Galaxy A14; Android 13,Flagged for KYC update; verified by agent
REC-100204,+255/714/009179,+255(0)714023427,"Dec 03, 2023 11:44",TIGO_PESA_CASH_OUT,$ 36.76 USD,CHURNED,Dodoma,N/A,2G GSM,"iPhone 13,2 (iOS 16.5)",None
REC-101065,0000000000,tel:+255-714-012056,11-11-2023 22:38:26,TIGO_PESA_CASH_OUT,"80,699.97",ACTV,mwanza,45,3G WCDMA,Tecno Spark 10 Pro,Flagged for KYC update; verified by agent
REC-100922,tel:+255-714-001918,+255 714 015 481,2023-11-30 22:07:31,TIGO_PESA_CASH_IN,"TZS 147,518.81/=",ACTIVE,Mwanza Rock City,30s,LTE-A,"iPhone 13,2 (iOS 16.5)",Standard call; cell handover success
REC-101833,N/A,0000000000,"Dec 02, 2023 05:10",SMS_PACK,$ 29.17 USD,null,Mwanza,0,5G NR,Huawei P40 Lite,
REC-101863,tel:+255-714-018906,+255/714/021783,1701040993,BUNDLE_PURCHASE,$ 4.17 USD,Term,"Stone Town, Zanzibar",-15,2G GSM,Huawei P40 Lite,"USSD session timeout, retry OK"
REC-101795,+255 714 001 644,0714-009-864,1699152854,SMS_PACK,FREE,actve,Mbeya,360,4G LTE,Unknown,Flagged for KYC update; verified by agent
REC-100433,N/A,0714-029-044,11/09/2023 10:58 PM,TIGO_PESA_CASH_IN,"117,849.1300",pending,ZNZ,-15,unknown,Transsion Infinix Hot 30,Standard call; cell handover success
REC-101091,+255/714/016166,0714030414,2023-11-23 05:26:13,TIGO_PESA_CASH_OUT,FREE,Term,DODOMA (Capital),45,3G WCDMA,Tecno Spark 10 Pro,"VIP Subscriber, priority routing"
REC-101147,+255(0)714031784,255714008357,11/20/2023 06:31 PM,BUNDLE_PURCHASE,"101,576.97",PENDING_KYC,,120,unknown,Huawei P40 Lite,None
REC-101329,0714031510,255714012193,1700623318,BUNDLE_PURCHASE,$ 37.74 USD,churn,Arusha,-15,5G NR,"iPhone 13,2 (iOS 16.5)",Standard call; cell handover success
REC-101978,+255/714/008905,+255/714/023975,2023-12-02 10:45:39,VOICE_CALL,FREE,CHURNED,Dar es Salaam,45,4G,Unknown,Flagged for KYC update; verified by agent
REC-101063,255714025345,+255 714 032 606,2023-11-15T20:27:29+03:00,VOICE_CALL,$ 23.00 USD,churn,Morogoro,0,unknown,"iPhone 13,2 (iOS 16.5)",None
REC-101389,0714016577,  714002740  ,2023-12-03 10:37:12,BUNDLE_PURCHASE,$ 45.21 USD,churn,Arusha (CBD),02:15,5G NR,"iPhone 13,2 (iOS 16.5)","Customer stated: ""Cannot connect to 4G in Posta area, please help"""
REC-101292,0714011097,+255(0)714004521,UNKNOWN_TIME,VOICE_CALL,"28,962.89",null,mwanza,360,5G NR,Huawei P40 Lite,"VIP Subscriber, priority routing"
REC-101113,0714-022-605,+255/714/021920,1700009350,BUNDLE_PURCHASE,"TZS 4,059.97/=",SUSPENDED,Mwanza Rock City,120,3G WCDMA,Nokia 105 (Feature Phone),"Customer stated: ""Cannot connect to 4G in Posta area, please help"""
REC-101828,+255 714 024 523,255714033565,2023/11/04,VOICE_CALL,"138,864.21",Suspended,Mbeya,30s,4G LTE,"iPhone 13,2 (iOS 16.5)","Customer stated: ""Cannot connect to 4G in Posta area, please help"""
REC-100005,0714-029-181,255714012741,"Nov 07, 2023 23:24",BUNDLE_PURCHASE,$ 38.17 USD,suspnded,ARUSHA,N/A,3G WCDMA,Tecno Spark 10 Pro,
REC-101948,+255 714 020 824,  714020139  ,21-11-2023 05:34:16,TIGO_PESA_CASH_OUT,$ 47.10 USD,Terminated,Dar es Salaam,1800,unknown,Tecno Spark 10 Pro,Flagged for KYC update; verified by agent
REC-101919,0714-028-770,+255/714/020002,2023-11-09 20:11:31,DATA_RECHARGE,  96484  ,churn,mwanza,N/A,4G LTE,Huawei P40 Lite,"Customer stated: ""Cannot connect to 4G in Posta area, please help"""
REC-101615,255714025208,0714-020-961,11/07/2023 10:32 AM,SMS_PACK,"1,563.60",Term,Dodoma ,0,5G NR,Nokia 105 (Feature Phone),"USSD session timeout, retry OK"
REC-101024,+255 714 022 468,+255 714 033 428,2023/11/04,TIGO_PESA_CASH_IN,  87228  ,PENDING_KYC,DODOMA (Capital),-15,5G NR,Nokia 105 (Feature Phone),None
REC-100498,+255/714/024386,0714018495,11/10/2023 09:57 PM,TIGO_PESA_CASH_IN,"26,174.70",Pending_Kyc​,Dodoma,360,unknown,Unknown,"VIP Subscriber, priority routing"
REC-100888,255714005480,0714017673,1699410749,SMS_PACK,FREE,Active,Dodoma ,0,LTE-A,Unknown,Standard call; cell handover success
REC-102300,  714020276  ,+255 714 028 085,11/22/2023 09:02 PM,SMS_PACK,"TZS 101,642.95/=",Terminated,"Stone Town, Zanzibar",02:15,2G GSM,Huawei P40 Lite,
REC-102147,0714000274,+255 714 015 755,"Nov 06, 2023 19:30",BUNDLE_PURCHASE,"149,972.5500",null,mwanza,30s,5G NR,Transsion Infinix Hot 30,"Customer stated: ""Cannot connect to 4G in Posta area, please help"""
REC-101429,+255/714/013015,+255 714 016 988,11/29/2023 01:31 AM,DATA_RECHARGE,$ 0.37 USD,ACTV,Dodoma,N/A,unknown,Samsung Galaxy A14; Android 13,
REC-102204,0714-011-097,+255 714 009 727,30-11-2023 08:25:26,SMS_PACK,NaN,Term,dar-es-salaam,120,3G WCDMA,Transsion Infinix Hot 30,Flagged for KYC update; verified by agent
REC-100068,0714014522,0714029181,11-11-2023 12:44:32,TIGO_PESA_CASH_OUT,$ 11.60 USD,ACTV,dar-es-salaam,360,unknown,Unknown,None
REC-100100,0000000000,+255 714 013 837,2023-11-14 18:19:39,DATA_RECHARGE,"114,742.05",actve,Dar es Salaam,N/A,LTE-A,Transsion Infinix Hot 30,Flagged for KYC update; verified by agent
REC-101376,  714023564  ,+255(0)714031236,2023-11-22 19:54:35,TIGO_PESA_CASH_IN,NaN,,,02:15,4G,Tecno Spark 10 Pro,
REC-101925,N/A,255714014522,06-11-2023 02:38:49,SMS_PACK,FREE,Active,Arusha﻿,360,4G,Samsung Galaxy A14; Android 13,None
REC-100332,+255 714 030 551,  714033839  ,2023/11/04,DATA_RECHARGE,"TZS 114,340.12/=",TERMINATED,Dodoma,120,4G LTE,Nokia 105 (Feature Phone),Flagged for KYC update; verified by agent
REC-100090,+255 714 033 702,0714000959,11/09/2023 06:00 PM,TIGO_PESA_CASH_OUT,"107,004.00",  active  ,Mwanza Rock City,45,4G LTE,"iPhone 13,2 (iOS 16.5)","USSD session timeout, retry OK"
REC-100355,tel:+255-714-033154,N/A,14-11-2023 04:51:02,DATA_RECHARGE,FREE,Suspended,Arusha﻿,120,unknown,"iPhone 13,2 (iOS 16.5)",None
REC-101685,+255/714/029318,+255/714/014248,11/04/2023 05:21 PM,TIGO_PESA_CASH_OUT,"TZS 139,197.67/=",CHURNED,DAR ES SALAAM,1800,unknown,Tecno Spark 10 Pro,None
REC-100757,255714029729,0714000548,2023-11-09 20:33:49,VOICE_CALL,"136,748.61",ACTV,mwanza,N/A,4G,Unknown,None
REC-100222,255714025482,0714013426,1700139291,TIGO_PESA_CASH_IN,"TZS 96,870.77/=",Terminated,Dar es Salaam,360,4G,Huawei P40 Lite,Standard call; cell handover success
REC-100191,  714027263  ,+255(0)714002877,UNKNOWN_TIME,BUNDLE_PURCHASE,  78405  ,SUSPENDED,Arusha,360,5G NR,Tecno Spark 10 Pro,"Customer stated: ""Cannot connect to 4G in Posta area, please help"""
REC-101541,+255/714/033565,0714003562,"Nov 28, 2023 13:09",TIGO_PESA_CASH_IN,"123,813.62",SUSPENDED,Mwanza,-15,3G WCDMA,Tecno Spark 10 Pro,
REC-102031,255714019591,+255/714/000548,2023-11-28 16:59:14,SMS_PACK,NaN,TERMINATED,ARUSHA,02:15,LTE-A,Nokia 105 (Feature Phone),"Customer stated: ""Cannot connect to 4G in Posta area, please help"""
REC-100404,+255/714/010138,255714030414,UNKNOWN_TIME,SMS_PACK,"15,390.75",null,dar-es-salaam,45,4G,Huawei P40 Lite,"Customer stated: ""Cannot connect to 4G in Posta area, please help"""
REC-101131,  714033702  ,+255 714 016 988,11/08/2023 11:28 PM,VOICE_CALL,FREE,actve,Zanzibar,02:15,LTE-A,Tecno Spark 10 Pro,Flagged for KYC update; verified by agent
REC-102357,tel:+255-714-012878,N/A,1700628678,BUNDLE_PURCHASE,"TZS 131,952.60/=",CHURNED,Morogoro,02:15,3G WCDMA,Tecno Spark 10 Pro,"Customer stated: ""Cannot connect to 4G in Posta area, please help"""
REC-102164,  714018084  ,+255(0)714014111,1700491370,TIGO_PESA_CASH_OUT,"TZS 103,470.60/=",SUSPENDED,Dodoma,1800,LTE-A,"iPhone 13,2 (iOS 16.5)",None
REC-101609,0714-018-769,N/A,05-11-2023 14:37:39,SMS_PACK,  119342  ,,N/A,45,unknown,Samsung Galaxy A14; Android 13,"Customer stated: ""Cannot connect to 4G in Posta area, please help"""
REC-100181,+255 714 019 317,+255(0)714014385,11/18/2023 10:14 AM,VOICE_CALL,  75581  ,PENDING_KYC,ARUSHA,0,4G LTE,Huawei P40 Lite,Flagged for KYC update; verified by agent
REC-100051,0714-029-729,0714-011-371,1700527484,TIGO_PESA_CASH_IN,  132108  ,TERMINATED,Mbeya,-15,2G GSM,"iPhone 13,2 (iOS 16.5)","VIP Subscriber, priority routing"
REC-100718,+255 714 010 960,+255 714 029 592,1699492727,DATA_RECHARGE,"TZS 86,509.85/=",Terminated,Mbeya,N/A,unknown,Unknown,"VIP Subscriber, priority routing"
REC-102240,+255(0)714014248,+255 714 006 028,2023-12-02T12:59:08+03:00,TIGO_PESA_CASH_OUT,"TZS 46,801.57/=",ACTIVE,Arusha﻿,120,unknown,"iPhone 13,2 (iOS 16.5)",Standard call; cell handover success
REC-101888,+255 714 015 755,+255 714 021 509,11/24/2023 02:27 AM,VOICE_CALL,"TZS 41,515.00/=",SUSPENDED,Arusha (CBD),120,unknown,Unknown,"USSD session timeout, retry OK"
REC-101809,0714-020-824,+255 714 012 741,"Nov 13, 2023 13:42",TIGO_PESA_CASH_OUT,  6728  ,null,Dodoma ,-15,4G,Unknown,"Customer stated: ""Cannot connect to 4G in Posta area, please help"""
REC-101180,0714-031-373,+255 714 008 494,20-11-2023 10:32:56,BUNDLE_PURCHASE,,churn,DAR ES SALAAM,360,unknown,Unknown,"USSD session timeout, retry OK"
REC-101073,N/A,+255(0)714021783,1701092660,TIGO_PESA_CASH_IN,"105,688.68",actve,Mbeya,45,4G,"iPhone 13,2 (iOS 16.5)","Customer stated: ""Cannot connect to 4G in Posta area, please help"""
REC-101688,  714025208  ,tel:+255-714-012741,UNKNOWN_TIME,TIGO_PESA_CASH_OUT,"TZS 107,080.81/=",Term,Arusha﻿,360,2G GSM,Samsung Galaxy A14; Android 13,"VIP Subscriber, priority routing"
REC-100861,  714004247  ,  714013015  ,2023-11-15 22:08:22,SMS_PACK,"66,321.4700",ACTIVE,"Stone Town, Zanzibar",-15,5G NR,Tecno Spark 10 Pro,Standard call; cell handover success
REC-100141,0714-025-208,0714-010-960,UNKNOWN_TIME,TIGO_PESA_CASH_OUT,$ 52.77 USD,  active  ,DODOMA (Capital),1800,3G WCDMA,"iPhone 13,2 (iOS 16.5)",Flagged for KYC update; verified by agent
REC-100497,0714-022-605,+255 714 000 685,2023-11-15T18:54:14+03:00,BUNDLE_PURCHASE,"96,878.47",Term,N/A,30s,3G WCDMA,Huawei P40 Lite,
REC-100095,0714005343,+255/714/023016,12/01/2023 12:19 PM,TIGO_PESA_CASH_IN,"17,675.35",suspnded,Dodoma ,1800,unknown,Unknown,Standard call; cell handover success
REC-100786,0714-001-096,0714023290,2023-11-26 13:54:15,BUNDLE_PURCHASE,"TZS 57,471.43/=",Pending_Kyc​,  Dar es Salaam  ,30s,unknown,Transsion Infinix Hot 30,"Customer stated: ""Cannot connect to 4G in Posta area, please help"""
REC-101313,N/A,0714000822,11/23/2023 06:16 AM,BUNDLE_PURCHASE,  48994  ,Pending_Kyc​,,360,unknown,Tecno Spark 10 Pro,Flagged for KYC update; verified by agent
REC-102081,N/A,+255 714 005 617,09-11-2023 20:49:22,TIGO_PESA_CASH_IN,"82,169.65",Term,Dodoma ,30s,2G GSM,Nokia 105 (Feature Phone),"VIP Subscriber, priority routing"
REC-100457,0714-009-590,  714030003  ,"Dec 03, 2023 05:41",SMS_PACK,"23,094.77",SUSPENDED,Mwanza,120,3G WCDMA,"iPhone 13,2 (iOS 16.5)",None
REC-100475,+255(0)714003288,+255/714/015892,2023-11-09 16:06:25,VOICE_CALL,"-74,822.95",Suspended,Dodoma ,30s,unknown,Unknown,
REC-102011,+255/714/009179,N/A,UNKNOWN_TIME,SMS_PACK,"TZS 19,716.09/=",Active,,45,4G LTE,Huawei P40 Lite,"Customer stated: ""Cannot connect to 4G in Posta area, please help"""
REC-100936,0714-003-151,tel:+255-714-025345,1700669751,VOICE_CALL,"71,862.94",Pending_Kyc​,Mbeya,02:15,LTE-A,"iPhone 13,2 (iOS 16.5)","Customer stated: ""Cannot connect to 4G in Posta area, please help"""
REC-101705,  714033702  ,+255 714 019 865,UNKNOWN_TIME,DATA_RECHARGE,"101,951.94",  active  ,DAR ES SALAAM,02:15,2G GSM,Samsung Galaxy A14; Android 13,None
REC-101754,255714014522,  714007124  ,"Dec 04, 2023 12:08",BUNDLE_PURCHASE,,ACTIVE,Mwanza Rock City,30s,unknown,Samsung Galaxy A14; Android 13,None
REC-100325,0714-029-181,0714-008-768,1699328121,BUNDLE_PURCHASE,$ 27.78 USD,Terminated,,0,5G NR,Samsung Galaxy A14; Android 13,Flagged for KYC update; verified by agent
REC-100658,0714011371,0714-014-248,26-11-2023 22:41:10,VOICE_CALL,  11443  ,pending,DODOMA (Capital),30s,LTE-A,Transsion Infinix Hot 30,None
REC-102018,+255 714 016 029,255714029592,"Nov 08, 2023 02:01",VOICE_CALL,"5,932.21",null,Arusha (CBD),120,4G LTE,Unknown,Standard call; cell handover success
REC-100966,  714031921  ,0714-008-494,2023-11-08 02:31:10,TIGO_PESA_CASH_OUT,$ 53.97 USD,suspnded,Mwanza,30s,5G NR,Nokia 105 (Feature Phone),"Customer stated: ""Cannot connect to 4G in Posta area, please help"""
REC-101353,+255 714 030 277,+255 714 010 001,2023-11-22 03:21:55,TIGO_PESA_CASH_OUT,$ 57.40 USD,pending,Dodoma,02:15,unknown,Tecno Spark 10 Pro,Standard call; cell handover success
REC-100759,+255 714 001 781,+255(0)714024523,03-12-2023 08:11:44,DATA_RECHARGE,"5,012.77",  active  ,Arusha﻿,0,4G LTE,Huawei P40 Lite,None
REC-101222,0714023838,0714-009-590,2023-11-16 16:48:57,TIGO_PESA_CASH_OUT,FREE,suspnded,"Stone Town, Zanzibar",N/A,5G NR,Transsion Infinix Hot 30,"VIP Subscriber, priority routing"
REC-100971,255714033154,255714002192,2023-11-18 00:29:00,BUNDLE_PURCHASE,"116,813.1500",CHURNED,"Stone Town, Zanzibar",N/A,2G GSM,Nokia 105 (Feature Phone),"VIP Subscriber, priority routing"
REC-101504,255714014111,+255/714/001918,"Nov 20, 2023 21:28",DATA_RECHARGE,"TZS 56,052.80/=",churn,Arusha﻿,N/A,unknown,Unknown,Flagged for KYC update; verified by agent
REC-102041,0000000000,+255 714 019 591,2023-11-10 22:46:36,SMS_PACK,"TZS 104,731.69/=",Term,Dar es Salaam,45,2G GSM,Samsung Galaxy A14; Android 13,"USSD session timeout, retry OK"
REC-100338,255714018084,0000000000,"Nov 18, 2023 06:28",VOICE_CALL,  32881  ,Pending_Kyc​,"Stone Town, Zanzibar",45,4G,Unknown,"Customer stated: ""Cannot connect to 4G in Posta area, please help"""
REC-102044,+255/714/012467,  714006439  ,2023-11-25 14:01:17,SMS_PACK,"TZS 57,355.47/=",CHURNED,  Dar es Salaam  ,-15,2G GSM,Tecno Spark 10 Pro,"Customer stated: ""Cannot connect to 4G in Posta area, please help"""
REC-102170,+255(0)714007809,255714009316,11/21/2023 09:32 PM,SMS_PACK,FREE,churn,Zanzibar,1800,2G GSM,Transsion Infinix Hot 30,Flagged for KYC update; verified by agent
REC-101626,+255 714 016 577,0714-015-755,2023-11-04 22:02:32,BUNDLE_PURCHASE,NaN,CHURNED,Arusha (CBD),1800,unknown,Nokia 105 (Feature Phone),None
REC-102035,+255/714/012330,0714-032-469,1700222680,BUNDLE_PURCHASE,"30,145.72",suspnded,,30s,LTE-A,Huawei P40 Lite,"Customer stated: ""Cannot connect to 4G in Posta area, please help"""
REC-102350,  714010138  ,+255(0)714027537,2023-11-09 02:53:10,TIGO_PESA_CASH_OUT,"TZS 61,378.91/=",PENDING_KYC,ARUSHA,1800,4G LTE,Huawei P40 Lite,Flagged for KYC update; verified by agent
REC-102289,+255(0)714001233,N/A,1701482484,TIGO_PESA_CASH_OUT,$ 24.21 USD,UNKNOWN,ZNZ,N/A,4G,Tecno Spark 10 Pro,"Customer stated: ""Cannot connect to 4G in Posta area, please help"""
REC-102189,0714010549,N/A,2023-11-24 08:29:25,TIGO_PESA_CASH_OUT,"7,124.5400",TERMINATED,N/A,0,unknown,"iPhone 13,2 (iOS 16.5)","Customer stated: ""Cannot connect to 4G in Posta area, please help"""
REC-102293,+255 714 014 111,+255 714 001 918,2023-11-15 09:43:51,TIGO_PESA_CASH_IN,"6,323.47",pending,Zanzibar,0,4G,Tecno Spark 10 Pro,"VIP Subscriber, priority routing"
REC-100730,0714-028-770,tel:+255-714-014933,1701206941,BUNDLE_PURCHASE,,,N/A,45,4G,Samsung Galaxy A14; Android 13,Flagged for KYC update; verified by agent
REC-101255,  714030825  ,+255 714 014 659,1701315939,TIGO_PESA_CASH_OUT,"32,474.21",TERMINATED,dar-es-salaam,N/A,unknown,Samsung Galaxy A14; Android 13,None
REC-101148,  714004795  ,0714-028-085,"Nov 22, 2023 01:23",SMS_PACK,"81,645.00",pending,Morogoro,1800,4G,Samsung Galaxy A14; Android 13,
REC-101597,0714-004-247,+255 714 018 495,1699943219,DATA_RECHARGE,$ 49.56 USD,SUSPENDED,Dodoma ,-15,2G GSM,Transsion Infinix Hot 30,Standard call; cell handover success
REC-101043,  714011782  ,+255(0)714015755,2023-12-03 22:26:56,VOICE_CALL,"TZS 147,310.51/=",CHURNED,  Dar es Salaam  ,45,4G LTE,Huawei P40 Lite,"VIP Subscriber, priority routing"
REC-102328,+255 714 007 398,  714026304  ,2023-11-23 23:37:16,VOICE_CALL,"TZS 72,363.49/=",suspnded,Dar es Salaam,45,4G,Transsion Infinix Hot 30,"USSD session timeout, retry OK"
REC-100850,0714-011-508,N/A,2023/11/04,TIGO_PESA_CASH_OUT,"TZS 105,639.36/=",SUSPENDED,mwanza,0,2G GSM,Huawei P40 Lite,Flagged for KYC update; verified by agent
REC-100991,+255(0)714003151,+255 714 034 113,2023-11-29 10:29:36,VOICE_CALL,$ 34.52 USD,Suspended,dar-es-salaam,02:15,unknown,Tecno Spark 10 Pro,"Customer stated: ""Cannot connect to 4G in Posta area, please help"""
REC-100764,0714-014-796,+255 714 006 713,11/20/2023 07:04 PM,VOICE_CALL,"TZS 36,309.72/=",actve,dar-es-salaam,120,2G GSM,Samsung Galaxy A14; Android 13,None
REC-100417,0714-015-755,+255(0)714000822,"Nov 14, 2023 07:29",TIGO_PESA_CASH_OUT,"13,981.86",SUSPENDED,  Dar es Salaam  ,0,4G LTE,Nokia 105 (Feature Phone),"Customer stated: ""Cannot connect to 4G in Posta area, please help"""
REC-100440,+255 714 016 303,  714019865  ,2023-11-27T05:48:11+03:00,VOICE_CALL,  68610  ,pending,"Stone Town, Zanzibar",120,4G,"iPhone 13,2 (iOS 16.5)",None
REC-101548,+255 714 030 003,+255 714 010 138,2023-11-20 01:38:05,SMS_PACK,$ 48.69 USD,churn,Arusha (CBD),120,LTE-A,Nokia 105 (Feature Phone),"VIP Subscriber, priority routing"
REC-102185,+255/714/008357,255714010412,11/27/2023 12:36 AM,TIGO_PESA_CASH_OUT,"TZS 19,185.91/=",Active,  Dar es Salaam  ,0,5G NR,Nokia 105 (Feature Phone),"USSD session timeout, retry OK"
REC-100252,255714028496,  714006028  ,11/13/2023 03:16 AM,SMS_PACK,  769  ,,DODOMA (Capital),-15,4G,Huawei P40 Lite,"USSD session timeout, retry OK"
REC-100384,+255(0)714023016,255714033839,28-11-2023 15:54:32,BUNDLE_PURCHASE,"23,542.66",PENDING_KYC,N/A,30s,4G LTE,Samsung Galaxy A14; Android 13,Standard call; cell handover success
REC-100892,+255/714/029455,tel:+255-714-008083,23-11-2023 13:10:48,BUNDLE_PURCHASE,$ 21.56 USD,actve,Arusha﻿,0,unknown,Unknown,"USSD session timeout, retry OK"
REC-101330,  714003151  ,+255/714/017810,1700703955,SMS_PACK,"83,293.0600",null,ARUSHA,N/A,4G LTE,Nokia 105 (Feature Phone),"Customer stated: ""Cannot connect to 4G in Posta area, please help"""
REC-101697,255714033839,255714032195,2023-12-03 19:37:57,DATA_RECHARGE,$ 13.23 USD,UNKNOWN,"Stone Town, Zanzibar",-15,3G WCDMA,Nokia 105 (Feature Phone),
REC-102091,255714024386,+255(0)714018906,11/17/2023 01:03 AM,VOICE_CALL,"123,809.7800",Term,Arusha﻿,0,5G NR,Transsion Infinix Hot 30,Flagged for KYC update; verified by agent
REC-100729,0714000274,0714-015-207,2023-11-25 07:59:14,DATA_RECHARGE,"-92,833.17",TERMINATED,  Dar es Salaam  ,360,LTE-A,"iPhone 13,2 (iOS 16.5)",
REC-101564,0714-024-112,+255 714 026 030,2023-11-14 01:24:15,SMS_PACK,"24,613.40",null,DODOMA (Capital),120,unknown,Samsung Galaxy A14; Android 13,"VIP Subscriber, priority routing"
REC-100594,+255/714/009042,255714008357,11/29/2023 12:54 AM,VOICE_CALL,FREE,TERMINATED,N/A,1800,5G NR,Samsung Galaxy A14; Android 13,"VIP Subscriber, priority routing"
REC-102269,255714024797,255714003014,28-11-2023 17:11:56,VOICE_CALL,NaN,TERMINATED,N/A,-15,5G NR,"iPhone 13,2 (iOS 16.5)",Flagged for KYC update; verified by agent
REC-101139,+255 714 008 083,+255 714 006 987,"Nov 05, 2023 01:15",TIGO_PESA_CASH_IN,"-9,469.10",TERMINATED,Morogoro,1800,4G LTE,Tecno Spark 10 Pro,None
REC-100689,tel:+255-714-023016,+255 714 030 003,12/03/2023 11:37 PM,DATA_RECHARGE,FREE,,ZNZ,-15,4G,Transsion Infinix Hot 30,None
REC-101982,255714015481,255714000411,2023-11-11 08:03:43,BUNDLE_PURCHASE,"TZS 64,237.61/=",  active  ,Arusha,45,4G LTE,Unknown,None
REC-101328,0714-017-125,+255(0)714005480,11/30/2023 08:38 AM,DATA_RECHARGE,"115,156.79",  active  ,,N/A,4G,Unknown,Flagged for KYC update; verified by agent
REC-100695,255714006576,0714029592,1699629771,BUNDLE_PURCHASE,$ 39.89 USD,actve,DODOMA (Capital),-15,2G GSM,Unknown,"Customer stated: ""Cannot connect to 4G in Posta area, please help"""
REC-101708,+255(0)714008357,+255(0)714032058,2023/11/04,SMS_PACK,NaN,TERMINATED,DAR ES SALAAM,45,5G NR,Huawei P40 Lite,
REC-100102,tel:+255-714-014111,0714-024-797,11/20/2023 06:36 AM,DATA_RECHARGE,  120298  ,CHURNED,dar-es-salaam,02:15,unknown,Samsung Galaxy A14; Android 13,Flagged for KYC update; verified by agent
REC-101305,+255(0)714016714,0000000000,2023-12-04 09:25:41,TIGO_PESA_CASH_OUT,"41,597.5600",  active  ,N/A,N/A,3G WCDMA,Huawei P40 Lite,Standard call; cell handover success
REC-102070,+255(0)714028770,0714003973,15-11-2023 23:33:48,TIGO_PESA_CASH_OUT,  67199  ,actve,,1800,2G GSM,Transsion Infinix Hot 30,None
REC-101450,+255 714 004 384,0714-032-880,2023-12-04 04:45:30,SMS_PACK,"145,859.44",  active  ,Mbeya,360,LTE-A,Huawei P40 Lite,"VIP Subscriber, priority routing"
REC-100566,+255 714 011 508,tel:+255-714-033976,02-12-2023 03:20:23,DATA_RECHARGE,"TZS 32,099.35/=",Terminated,Mwanza Rock City,-15,LTE-A,Samsung Galaxy A14; Android 13,Standard call; cell handover success
REC-101873,0714-003-562,0714-026-304,"Nov 20, 2023 04:11",VOICE_CALL,$ 12.07 USD,pending,  Dar es Salaam  ,30s,LTE-A,Unknown,"Customer stated: ""Cannot connect to 4G in Posta area, please help"""
REC-101402,0714-026-304,+255 714 033 291,2023/11/04,TIGO_PESA_CASH_IN,"98,096.78",pending,Mwanza Rock City,45,unknown,"iPhone 13,2 (iOS 16.5)",None
REC-100151,0714-019-454,0000000000,11/18/2023 12:56 PM,SMS_PACK,  31488  ,Term,"Stone Town, Zanzibar",30s,2G GSM,Unknown,
REC-100754,0000000000,  714027537  ,2023-11-25 06:14:28,SMS_PACK,"TZS 42,132.18/=",ACTV,ARUSHA,02:15,5G NR,Tecno Spark 10 Pro,"Customer stated: ""Cannot connect to 4G in Posta area, please help"""
REC-100580,255714031236,0714022605,21-11-2023 08:13:54,TIGO_PESA_CASH_OUT,"TZS 104,778.41/=",Terminated,Arusha (CBD),N/A,5G NR,Transsion Infinix Hot 30,Flagged for KYC update; verified by agent
REC-100129,0714005343,255714023701,11/08/2023 05:48 AM,BUNDLE_PURCHASE,"21,085.42",Term,N/A,360,4G,Samsung Galaxy A14; Android 13,"VIP Subscriber, priority routing"
REC-101540,0714-005-617,  714033565  ,11/22/2023 03:08 PM,VOICE_CALL,FREE,PENDING_KYC,Mwanza,1800,3G WCDMA,Nokia 105 (Feature Phone),None
REC-100739,+255(0)714017810,255714013426,"Nov 14, 2023 13:18",DATA_RECHARGE,$ 0.42 USD,,Dar es Salaam,1800,3G WCDMA,Huawei P40 Lite,
REC-100814,tel:+255-714-014796,N/A,09-11-2023 11:08:08,DATA_RECHARGE,"TZS 69,412.64/=",actve,Arusha﻿,-15,3G WCDMA,"iPhone 13,2 (iOS 16.5)","USSD session timeout, retry OK"
REC-101384,+255 714 013 974,  714029592  ,07-11-2023 16:20:28,BUNDLE_PURCHASE,"19,453.20",null,Morogoro,1800,LTE-A,Samsung Galaxy A14; Android 13,Standard call; cell handover success
REC-100303,+255/714/004110,0714-032-606,1699899345,SMS_PACK,"-51,021.07",,  Dar es Salaam  ,N/A,3G WCDMA,Nokia 105 (Feature Phone),Standard call; cell handover success
REC-101006,+255(0)714029044,+255 714 029 866,11-11-2023 10:21:29,DATA_RECHARGE,"99,051.8800",Terminated,Tanga,0,4G,"iPhone 13,2 (iOS 16.5)","USSD session timeout, retry OK"
REC-100314,+255(0)714032606,tel:+255-714-021920,02-12-2023 07:26:21,BUNDLE_PURCHASE,"54,033.8000",suspnded,ARUSHA,1800,4G LTE,Unknown,Standard call; cell handover success
REC-100318,  714033976  ,+255(0)714033428,"Nov 14, 2023 17:48",SMS_PACK,"TZS 94,612.42/=",PENDING_KYC,  Dar es Salaam  ,120,2G GSM,Unknown,
REC-101460,+255/714/008083,255714033428,1699851539,VOICE_CALL,"TZS 132,769.27/=",CHURNED,Dodoma,1800,4G,Samsung Galaxy A14; Android 13,"USSD session timeout, retry OK"
REC-101530,+255(0)714007809,255714032743,2023-11-18T21:48:48+03:00,DATA_RECHARGE,"28,978.81",ACTV,DAR ES SALAAM,120,4G,Tecno Spark 10 Pro,"Customer stated: ""Cannot connect to 4G in Posta area, please help"""
REC-100770,  714017399  ,+255 714 003 288,2023-12-01T01:40:54+03:00,VOICE_CALL,$ 30.03 USD,SUSPENDED,mwanza,45,4G LTE,Tecno Spark 10 Pro,Standard call; cell handover success
REC-100043,+255 714 016 303,tel:+255-714-032195,2023-11-23 15:17:20,BUNDLE_PURCHASE,"TZS 84,876.60/=",PENDING_KYC,Arusha,N/A,4G,Samsung Galaxy A14; Android 13,"USSD session timeout, retry OK"
REC-102242,tel:+255-714-025619,+255 714 024 660,1701151427,TIGO_PESA_CASH_IN,NaN,  active  ,DODOMA (Capital),360,2G GSM,Transsion Infinix Hot 30,Standard call; cell handover success
REC-100974,tel:+255-714-008494,0714007946,1700798946,TIGO_PESA_CASH_IN,"TZS 83,020.36/=",Suspended,dar-es-salaam,45,2G GSM,Tecno Spark 10 Pro,"VIP Subscriber, priority routing"
REC-101408,255714029455,0714-014-796,11/21/2023 11:01 PM,TIGO_PESA_CASH_IN,"TZS 39,652.19/=",null,Arusha (CBD),1800,5G NR,Nokia 105 (Feature Phone),"VIP Subscriber, priority routing"
REC-102253,0714024797,0714-027-674,1700345989,DATA_RECHARGE,"TZS 95,485.78/=",Term,mwanza,N/A,2G GSM,Transsion Infinix Hot 30,Flagged for KYC update; verified by agent
REC-100923,255714025208,+255 714 033 017,"Nov 24, 2023 17:20",SMS_PACK,"TZS 100,611.36/=",UNKNOWN,Arusha,360,4G LTE,"iPhone 13,2 (iOS 16.5)","Customer stated: ""Cannot connect to 4G in Posta area, please help"""
REC-100346,N/A,+255 714 024 523,20-11-2023 22:31:51,BUNDLE_PURCHASE,  92297  ,Active,ARUSHA,02:15,LTE-A,Samsung Galaxy A14; Android 13,None
REC-102339,0714002466,0714-002-192,11/26/2023 03:33 PM,VOICE_CALL,$ 13.26 USD,ACTV,Dodoma,02:15,LTE-A,Transsion Infinix Hot 30,None
REC-101901,0714-010-138,255714027537,09-11-2023 12:20:19,TIGO_PESA_CASH_IN,"11,770.49",,Morogoro,45,4G LTE,Samsung Galaxy A14; Android 13,None
REC-100453,+255 714 033 702,  714024112  ,18-11-2023 01:46:13,TIGO_PESA_CASH_OUT,$ 31.11 USD,  active  ,Arusha﻿,N/A,LTE-A,Nokia 105 (Feature Phone),
REC-101201,+255(0)714011508,0714-006-165,"Nov 08, 2023 09:03",TIGO_PESA_CASH_IN,NaN,ACTIVE,  Dar es Salaam  ,45,LTE-A,Nokia 105 (Feature Phone),"USSD session timeout, retry OK"
REC-101374,0714019591,0714031647,1701526807,SMS_PACK,$ 55.83 USD,Active,Mwanza,-15,2G GSM,Tecno Spark 10 Pro,Flagged for KYC update; verified by agent
REC-101796,  714021098  ,+255(0)714032332,2023-11-30 16:56:02,VOICE_CALL,$ 40.92 USD,churn,ARUSHA,-15,4G,Huawei P40 Lite,"USSD session timeout, retry OK"
REC-100316,+255 714 026 304,tel:+255-714-022742,12/04/2023 07:14 AM,BUNDLE_PURCHASE,"TZS 36,952.16/=",Term,DODOMA (Capital),0,3G WCDMA,Tecno Spark 10 Pro,Standard call; cell handover success
REC-102327,255714031510,255714032880,12/03/2023 10:09 PM,DATA_RECHARGE,"TZS 19,403.56/=",UNKNOWN,Mbeya,45,4G,Samsung Galaxy A14; Android 13,"Customer stated: ""Cannot connect to 4G in Posta area, please help"""
REC-101001,+255 714 018 084,0714005343,2023-12-03 10:51:02,DATA_RECHARGE,  130019  ,CHURNED,Tanga,02:15,unknown,"iPhone 13,2 (iOS 16.5)","Customer stated: ""Cannot connect to 4G in Posta area, please help"""
REC-101619,N/A,tel:+255-714-033565,2023-11-30 12:01:25,SMS_PACK,"137,897.39",TERMINATED,DAR ES SALAAM,30s,4G LTE,Samsung Galaxy A14; Android 13,Flagged for KYC update; verified by agent
REC-100864,tel:+255-714-025345,+255/714/029044,1699339572,VOICE_CALL,NaN,Terminated,Mbeya,N/A,3G WCDMA,Huawei P40 Lite,
REC-100699,0000000000,  714016577  ,11/30/2023 03:12 AM,SMS_PACK,  42814  ,Suspended,Mbeya,02:15,4G LTE,"iPhone 13,2 (iOS 16.5)","USSD session timeout, retry OK"
REC-101155,+255/714/003288,0714-008-631,12-11-2023 13:12:35,DATA_RECHARGE,"137,685.02",ACTIVE,Arusha﻿,360,3G WCDMA,Huawei P40 Lite,None
REC-100405,tel:+255-714-019591,+255 714 032 469,2023/11/04,TIGO_PESA_CASH_IN,"-73,744.96",CHURNED,Dodoma,360,4G,Huawei P40 Lite,"USSD session timeout, retry OK"
REC-100272,0714-029-318,+255/714/031236,2023-11-05 20:12:15,TIGO_PESA_CASH_OUT,FREE,Suspended,Arusha﻿,120,LTE-A,"iPhone 13,2 (iOS 16.5)","USSD session timeout, retry OK"
REC-102464,255714008494,  714016303  ,1701167320,DATA_RECHARGE,FREE,Term,Mbeya,45,LTE-A,Tecno Spark 10 Pro,Standard call; cell handover success
REC-101822,+255 714 019 591,0714-032-195,2023-11-23 16:10:40,TIGO_PESA_CASH_OUT,FREE,SUSPENDED,Mwanza,45,3G WCDMA,Transsion Infinix Hot 30,Flagged for KYC update; verified by agent
REC-100217,0000000000,0714000000,UNKNOWN_TIME,SMS_PACK,FREE,TERMINATED,dar-es-salaam,30s,5G NR,Samsung Galaxy A14; Android 13,"USSD session timeout, retry OK"
REC-100544,+255(0)714032606,+255/714/004110,2023/11/04,TIGO_PESA_CASH_IN,"TZS 74,719.44/=",actve,Mwanza Rock City,30s,unknown,Huawei P40 Lite,
REC-101730,0714-005-891,0714-019-454,11/09/2023 04:03 PM,BUNDLE_PURCHASE,"27,910.9800",churn,ARUSHA,360,3G WCDMA,"iPhone 13,2 (iOS 16.5)",Standard call; cell handover success
REC-100853,tel:+255-714-031647,  714021372  ,2023-11-07 22:40:01,TIGO_PESA_CASH_OUT,  89923  ,  active  ,Mbeya,N/A,4G,Tecno Spark 10 Pro,
REC-101166,+255/714/004521,+255/714/008357,18-11-2023 01:36:12,TIGO_PESA_CASH_OUT,"TZS 37,245.44/=",actve,Arusha﻿,45,LTE-A,Huawei P40 Lite,None
REC-100636,N/A,+255 714 009 179,"Nov 22, 2023 21:41",SMS_PACK,"TZS 118,218.41/=",Suspended,mwanza,N/A,4G,Tecno Spark 10 Pro,None
REC-102048,tel:+255-714-033702,  714014796  ,1700884265,TIGO_PESA_CASH_IN,"TZS 132,504.04/=",PENDING_KYC,Dar es Salaam,1800,5G NR,Huawei P40 Lite,"VIP Subscriber, priority routing"
REC-100583,255714033017,0714-017-262,2023-11-05 09:20:45,TIGO_PESA_CASH_IN,"132,195.46",SUSPENDED,ARUSHA,1800,4G LTE,Unknown,"VIP Subscriber, priority routing"
REC-101511,+255(0)714032880,  714006987  ,11/24/2023 02:22 AM,TIGO_PESA_CASH_OUT,  80031  ,churn,DAR ES SALAAM,1800,3G WCDMA,"iPhone 13,2 (iOS 16.5)","VIP Subscriber, priority routing"
REC-101728,255714030962,0714018221,1701311621,BUNDLE_PURCHASE,"-29,219.76",Term,Dodoma ,N/A,4G,Transsion Infinix Hot 30,None
REC-100678,+255 714 008 494,  714016714  ,"Nov 05, 2023 21:08",SMS_PACK,"TZS 100,018.51/=",pending,,45,5G NR,"iPhone 13,2 (iOS 16.5)",Standard call; cell handover success
REC-101896,0714028085,+255 714 013 015,1701347784,TIGO_PESA_CASH_OUT,"TZS 144,771.87/=",Suspended,Morogoro,0,5G NR,Samsung Galaxy A14; Android 13,"VIP Subscriber, priority routing"
REC-100128,0714-026-167,+255 714 023 701,1700937830,VOICE_CALL,"TZS 19,371.39/=",CHURNED,Dodoma,02:15,2G GSM,Samsung Galaxy A14; Android 13,Standard call; cell handover success
REC-102194,+255 714 009 453,+255(0)714020139,"Nov 13, 2023 03:43",BUNDLE_PURCHASE,  47234  ,churn,Arusha,0,LTE-A,Unknown,"USSD session timeout, retry OK"
REC-100035,  714017810  ,N/A,1699455658,TIGO_PESA_CASH_IN,  77560  ,Term,dar-es-salaam,120,LTE-A,Tecno Spark 10 Pro,Flagged for KYC update; verified by agent
REC-100079,tel:+255-714-021646,  714008768  ,"Nov 11, 2023 03:34",SMS_PACK,  15026  ,Active,mwanza,N/A,4G LTE,Huawei P40 Lite,"USSD session timeout, retry OK"
REC-100536,255714010412,0714-020-002,20-11-2023 14:44:41,SMS_PACK,"TZS 126,705.94/=",Term,Mwanza,0,2G GSM,Unknown,Standard call; cell handover success
REC-102415,0000000000,+255(0)714020550,2023/11/04,TIGO_PESA_CASH_IN,$ 16.87 USD,pending,mwanza,0,4G,Tecno Spark 10 Pro,"VIP Subscriber, priority routing"
REC-101221,255714024386,255714000411,11/11/2023 03:28 PM,SMS_PACK,"TZS 97,370.52/=",CHURNED,Mwanza Rock City,02:15,3G WCDMA,Nokia 105 (Feature Phone),Standard call; cell handover success
REC-100989,tel:+255-714-023701,0714-033-976,1699197049,DATA_RECHARGE,"18,318.97",churn,"Stone Town, Zanzibar",-15,unknown,Huawei P40 Lite,"VIP Subscriber, priority routing"
REC-101717,0714-013-700,0714032195,2023-11-30 14:20:34,VOICE_CALL,"52,349.5300",suspnded,  Dar es Salaam  ,45,unknown,Unknown,"USSD session timeout, retry OK"
REC-102083,0714-029-044,0714003288,2023/11/04,TIGO_PESA_CASH_OUT,"122,787.4300",actve,Dodoma ,360,2G GSM,Transsion Infinix Hot 30,Flagged for KYC update; verified by agent
REC-101747,+255(0)714033428,0714-031-784,23-11-2023 17:48:16,SMS_PACK,$ 22.64 USD,pending,N/A,30s,3G WCDMA,Tecno Spark 10 Pro,"Customer stated: ""Cannot connect to 4G in Posta area, please help"""
REC-100304,+255 714 033 428,0714017673,06-11-2023 20:48:44,BUNDLE_PURCHASE,FREE,Pending_Kyc​,ZNZ,45,LTE-A,Huawei P40 Lite,Flagged for KYC update; verified by agent
REC-102096,0714-029-729,tel:+255-714-033017,15-11-2023 15:38:55,VOICE_CALL,NaN,SUSPENDED,Arusha﻿,02:15,5G NR,Tecno Spark 10 Pro,"VIP Subscriber, priority routing"
REC-101054,N/A,0714-001-507,"Nov 18, 2023 14:36",VOICE_CALL,  135707  ,Term,ARUSHA,02:15,unknown,"iPhone 13,2 (iOS 16.5)","USSD session timeout, retry OK"
REC-100445,+255 714 002 329,  714020961  ,1700689267,TIGO_PESA_CASH_IN,  74397  ,  active  ,Arusha (CBD),45,2G GSM,Unknown,
REC-101969,255714030414,tel:+255-714-004795,1701250120,TIGO_PESA_CASH_IN,NaN,  active  ,dar-es-salaam,360,unknown,"iPhone 13,2 (iOS 16.5)",Standard call; cell handover success
REC-101555,255714001370,255714015070,11/29/2023 11:30 AM,VOICE_CALL,$ 38.85 USD,actve,Arusha (CBD),120,LTE-A,Samsung Galaxy A14; Android 13,Flagged for KYC update; verified by agent
REC-100582,0714-033-976,0714-029-592,"Nov 08, 2023 16:38",SMS_PACK,"TZS 72,692.02/=",SUSPENDED,Tanga,N/A,4G LTE,Unknown,"Customer stated: ""Cannot connect to 4G in Posta area, please help"""
REC-100758,N/A,0714033976,2023-11-15 09:53:06,VOICE_CALL,"TZS 112,175.81/=",ACTV,DODOMA (Capital),-15,LTE-A,Transsion Infinix Hot 30,"USSD session timeout, retry OK"
REC-102112,0714-027-948,N/A,"Nov 26, 2023 06:12",VOICE_CALL,$ 20.34 USD,CHURNED,Dodoma ,02:15,LTE-A,Tecno Spark 10 Pro,"VIP Subscriber, priority routing"
REC-101177,  714006713  ,+255/714/014522,12/02/2023 02:12 AM,TIGO_PESA_CASH_IN,"TZS 148,568.73/=",  active  ,ARUSHA,-15,5G NR,Nokia 105 (Feature Phone),"Customer stated: ""Cannot connect to 4G in Posta area, please help"""
REC-102309,0714-000-685,0714-002-055,27-11-2023 00:40:50,BUNDLE_PURCHASE,$ 18.16 USD,,ZNZ,360,2G GSM,Tecno Spark 10 Pro,Standard call; cell handover success
REC-102193,+255 714 013 563,0714003425,"Nov 06, 2023 00:37",SMS_PACK,"127,034.3800",Active,DODOMA (Capital),N/A,2G GSM,Unknown,
REC-102036,+255/714/022057,+255/714/005480,2023-11-23 12:30:44,TIGO_PESA_CASH_IN,"TZS 77,878.99/=",ACTIVE,,N/A,3G WCDMA,Tecno Spark 10 Pro,Standard call; cell handover success
REC-101018,+255 714 031 236,  714013974  ,2023/11/04,DATA_RECHARGE,  66786  ,Term,Dar es Salaam,0,2G GSM,Tecno Spark 10 Pro,Standard call; cell handover success
REC-101286,0714-021-372,0714-022-605,"Nov 20, 2023 02:40",VOICE_CALL,"68,243.9700",UNKNOWN,Arusha (CBD),N/A,LTE-A,Transsion Infinix Hot 30,
REC-101907,+255/714/021920,0714-031-647,"Dec 01, 2023 05:11",SMS_PACK,"TZS 93,950.44/=",Pending_Kyc​,Arusha﻿,30s,3G WCDMA,Unknown,None
REC-101510,0714-004-795,0714000548,2023-11-05 05:35:32,VOICE_CALL,  93601  ,actve,Arusha,0,4G,Tecno Spark 10 Pro,"VIP Subscriber, priority routing"
REC-100615,tel:+255-714-009453,255714008494,2023-12-03 14:42:22,TIGO_PESA_CASH_IN,  2873  ,ACTIVE,Tanga,N/A,4G LTE,Samsung Galaxy A14; Android 13,
REC-102340,+255 714 015 070,255714003562,12-11-2023 07:03:50,DATA_RECHARGE,"31,595.1500",CHURNED,DODOMA (Capital),120,4G LTE,Nokia 105 (Feature Phone),Standard call; cell handover success
REC-100899,0714-016-988,255714001370,2023-11-16 12:21:28,VOICE_CALL,"TZS 41,232.51/=",churn,N/A,02:15,4G,Unknown,
REC-100915,  714004795  ,0714017810,19-11-2023 04:43:41,BUNDLE_PURCHASE,"TZS 114,121.11/=",churn,DODOMA (Capital),02:15,LTE-A,Transsion Infinix Hot 30,"USSD session timeout, retry OK"
REC-100313,0714-009-727,0714-019-454,1699123677,TIGO_PESA_CASH_IN,NaN,Active,Arusha,30s,2G GSM,Samsung Galaxy A14; Android 13,None
REC-101360,+255 714 008 768,+255 714 017 399,2023-11-14 04:01:58,SMS_PACK,"120,646.1900",SUSPENDED,Zanzibar,360,unknown,Transsion Infinix Hot 30,"Customer stated: ""Cannot connect to 4G in Posta area, please help"""
REC-100275,0000000000,+255/714/023153,03-12-2023 08:01:02,BUNDLE_PURCHASE,  42760  ,Pending_Kyc​,dar-es-salaam,30s,5G NR,Nokia 105 (Feature Phone),"USSD session timeout, retry OK"
REC-101040,+255(0)714026441,  714012467  ,2023-11-07 14:21:18,BUNDLE_PURCHASE,"TZS 62,349.86/=",Suspended,Arusha﻿,45,unknown,"iPhone 13,2 (iOS 16.5)","VIP Subscriber, priority routing"
REC-100940,255714005206,tel:+255-714-009864,1699323164,TIGO_PESA_CASH_OUT,"27,337.93",UNKNOWN,  Dar es Salaam  ,N/A,unknown,Samsung Galaxy A14; Android 13,"USSD session timeout, retry OK"
REC-100160,tel:+255-714-000274,tel:+255-714-009042,2023-11-10 05:57:50,TIGO_PESA_CASH_OUT,"46,367.55",UNKNOWN,mwanza,0,LTE-A,Tecno Spark 10 Pro,"USSD session timeout, retry OK"
REC-101047,0714-006-713,+255(0)714021098,11/26/2023 01:56 PM,SMS_PACK,"82,423.07",pending,  Dar es Salaam  ,1800,4G LTE,Tecno Spark 10 Pro,Flagged for KYC update; verified by agent
REC-101042,255714006302,0714-003-288,11/16/2023 05:50 PM,TIGO_PESA_CASH_OUT,"14,064.81",Suspended,Arusha﻿,30s,LTE-A,Nokia 105 (Feature Phone),"VIP Subscriber, priority routing"
REC-101959,+255 714 006 165,tel:+255-714-031647,24-11-2023 05:23:11,TIGO_PESA_CASH_OUT,$ 36.33 USD,ACTIVE,DODOMA (Capital),120,4G,Unknown,"USSD session timeout, retry OK"
REC-100755,tel:+255-714-014796,255714016851,1700498654,DATA_RECHARGE,  120420  ,suspnded,DODOMA (Capital),02:15,2G GSM,Transsion Infinix Hot 30,Standard call; cell handover success
REC-101778,  714027674  ,0714-033-291,12/01/2023 08:20 AM,SMS_PACK,,null,ZNZ,N/A,LTE-A,Transsion Infinix Hot 30,"Customer stated: ""Cannot connect to 4G in Posta area, please help"""
REC-101232,+255 714 001 233,+255(0)714008905,2023-11-18 02:55:28,SMS_PACK,"88,499.62",Suspended,dar-es-salaam,30s,4G,Huawei P40 Lite,"VIP Subscriber, priority routing"
REC-100722,255714033976,tel:+255-714-003836,1699594363,TIGO_PESA_CASH_IN,"45,227.11",Suspended,Dar es Salaam,02:15,4G,Tecno Spark 10 Pro,
REC-102395,+255 714 026 715,tel:+255-714-009179,2023-11-22 14:53:33,SMS_PACK,"TZS 103,008.10/=",churn,Dar es Salaam,0,2G GSM,Huawei P40 Lite,"VIP Subscriber, priority routing"
REC-101883,0714-028-633,0714019591,11/05/2023 06:19 PM,SMS_PACK,$ 59.77 USD,ACTV,Mbeya,02:15,5G NR,Nokia 105 (Feature Phone),
REC-102161,0000000000,+255(0)714030003,UNKNOWN_TIME,SMS_PACK,"TZS 37,260.84/=",,mwanza,360,4G LTE,Huawei P40 Lite,
REC-100846,0000000000,+255(0)714004658,2023-11-16 18:24:00,TIGO_PESA_CASH_OUT,"65,908.47",Suspended,ARUSHA,02:15,unknown,Huawei P40 Lite,None
REC-101513,0714018632,+255(0)714021783,11/14/2023 02:33 PM,SMS_PACK,NaN,Terminated,Arusha (CBD),0,2G GSM,Samsung Galaxy A14; Android 13,
REC-100055,255714010275,255714007946,"Nov 10, 2023 15:42",TIGO_PESA_CASH_IN,"TZS 7,304.60/=",Terminated,Arusha,N/A,4G LTE,Unknown,"VIP Subscriber, priority routing"
REC-102246,  714014933  ,+255/714/001644,12/03/2023 08:46 AM,DATA_RECHARGE,"34,753.44",  active  ,Mwanza,1800,5G NR,Huawei P40 Lite,
REC-101524,N/A,0000000000,"Nov 30, 2023 09:25",SMS_PACK,$ 46.28 USD,TERMINATED,  Dar es Salaam  ,120,4G,Samsung Galaxy A14; Android 13,"VIP Subscriber, priority routing"
REC-101464,0714024112,tel:+255-714-034113,2023-12-01 12:01:27,BUNDLE_PURCHASE,"TZS 7,146.33/=",Term,Arusha﻿,N/A,2G GSM,Unknown,None
REC-100595,N/A,0714022742,04-11-2023 18:17:46,TIGO_PESA_CASH_OUT,"TZS 51,177.55/=",,Morogoro,1800,unknown,Huawei P40 Lite,Flagged for KYC update; verified by agent
REC-101925,N/A,255714014522,06-11-2023 02:38:49,SMS_PACK,FREE,Active,Arusha﻿,360,4G,Samsung Galaxy A14; Android 13,None
REC-100591,255714019317,  714030551  ,2023-11-04T21:25:44+03:00,TIGO_PESA_CASH_IN,  135081  ,ACTV,DODOMA (Capital),N/A,LTE-A,"iPhone 13,2 (iOS 16.5)",Standard call; cell handover success
REC-102491,+255 714 011 645,+255 714 032 606,"Dec 01, 2023 10:45",VOICE_CALL,"TZS 82,814.91/=",SUSPENDED,DODOMA (Capital),N/A,2G GSM,Huawei P40 Lite,"VIP Subscriber, priority routing"
REC-101341,+255/714/012056,N/A,2023-12-02T04:55:18+03:00,VOICE_CALL,"TZS 3,914.67/=",,ARUSHA,30s,LTE-A,Samsung Galaxy A14; Android 13,"VIP Subscriber, priority routing"
REC-100279,  714025893  ,+255(0)714009042,2023-11-20T19:15:44+03:00,SMS_PACK,"13,850.32",Terminated,Dodoma ,30s,5G NR,Tecno Spark 10 Pro,Standard call; cell handover success
REC-101172,N/A,+255/714/016303,2023-11-08T07:14:33+03:00,BUNDLE_PURCHASE,FREE,null,"Stone Town, Zanzibar",-15,unknown,Unknown,"Customer stated: ""Cannot connect to 4G in Posta area, please help"""
REC-102324,0000000000,  714008768  ,"Nov 08, 2023 11:38",DATA_RECHARGE,FREE,ACTIVE,DAR ES SALAAM,1800,2G GSM,"iPhone 13,2 (iOS 16.5)",
REC-102381,+255 714 014 385,0714-001-233,1700124234,TIGO_PESA_CASH_OUT,"85,051.9900",ACTV,Dodoma ,-15,4G,Nokia 105 (Feature Phone),Flagged for KYC update; verified by agent
REC-101629,255714005480,  714009453  ,1699415761,VOICE_CALL,  93397  ,Terminated,  Dar es Salaam  ,45,4G,Unknown,"USSD session timeout, retry OK"
REC-101812,+255(0)714022057,0714-012-193,1700286946,TIGO_PESA_CASH_IN,"60,021.47",SUSPENDED,Tanga,30s,4G,Samsung Galaxy A14; Android 13,"Customer stated: ""Cannot connect to 4G in Posta area, please help"""
REC-101199,0714013837,N/A,1700247707,BUNDLE_PURCHASE,$ 48.90 USD,PENDING_KYC,Dar es Salaam,1800,unknown,Nokia 105 (Feature Phone),None
REC-100577,+255 714 026 989,0714016166,2023-11-11 21:48:25,SMS_PACK,,Pending_Kyc​,Dar es Salaam,N/A,2G GSM,"iPhone 13,2 (iOS 16.5)",Flagged for KYC update; verified by agent
REC-102228,255714033428,+255/714/023975,1699147847,TIGO_PESA_CASH_OUT,$ 22.86 USD,SUSPENDED,N/A,02:15,4G LTE,"iPhone 13,2 (iOS 16.5)",Standard call; cell handover success
REC-101675,N/A,+255 714 021 098,2023-11-17 21:48:42,VOICE_CALL,"TZS 140,784.58/=",Pending_Kyc​,  Dar es Salaam  ,120,4G LTE,Unknown,
REC-100603,0714015755,+255/714/023290,11/24/2023 09:28 AM,TIGO_PESA_CASH_OUT,"35,306.93",null,DAR ES SALAAM,N/A,LTE-A,Tecno Spark 10 Pro,
REC-100031,+255 714 033 702,+255(0)714009179,11/19/2023 05:40 PM,TIGO_PESA_CASH_OUT,$ 36.45 USD,churn,Morogoro,120,5G NR,Samsung Galaxy A14; Android 13,
REC-101466,+255 714 001 781,0714023016,2023-11-27 15:42:06,DATA_RECHARGE,TZS 682.26/=,Suspended,Tanga,360,2G GSM,"iPhone 13,2 (iOS 16.5)",
REC-101383,0714026304,0714-010-549,"Nov 25, 2023 07:56",TIGO_PESA_CASH_IN,FREE,Terminated,Mwanza,-15,unknown,Huawei P40 Lite,"Customer stated: ""Cannot connect to 4G in Posta area, please help"""
REC-102417,0000000000,0000000000,16-11-2023 16:51:14,TIGO_PESA_CASH_OUT,$ 53.77 USD,ACTIVE,  Dar es Salaam  ,45,unknown,Tecno Spark 10 Pro,None
REC-100798,0714026030,0714028359,11/13/2023 09:08 PM,TIGO_PESA_CASH_IN,  26357  ,TERMINATED,DODOMA (Capital),0,2G GSM,Unknown,None
REC-102361,tel:+255-714-016029,+255 714 015 070,"Dec 02, 2023 13:22",BUNDLE_PURCHASE,"-88,213.38",Pending_Kyc​,Mwanza,02:15,4G LTE,Nokia 105 (Feature Phone),"VIP Subscriber, priority routing"
REC-101028,+255/714/029592,255714017399,"Nov 15, 2023 13:21",TIGO_PESA_CASH_IN,"TZS 124,388.13/=",  active  ,N/A,02:15,5G NR,Huawei P40 Lite,"Customer stated: ""Cannot connect to 4G in Posta area, please help"""
REC-100537,0714-016-577,  714014933  ,"Nov 19, 2023 03:53",BUNDLE_PURCHASE,"120,716.94",null,Mwanza Rock City,120,3G WCDMA,Transsion Infinix Hot 30,"USSD session timeout, retry OK"
REC-100622,N/A,0714029866,UNKNOWN_TIME,VOICE_CALL,$ 40.87 USD,CHURNED,ZNZ,-15,LTE-A,"iPhone 13,2 (iOS 16.5)","VIP Subscriber, priority routing"
REC-101663,0000000000,+255 714 028 907,2023-11-15 23:52:43,VOICE_CALL,  55210  ,Suspended,mwanza,N/A,unknown,"iPhone 13,2 (iOS 16.5)","USSD session timeout, retry OK"
REC-100432,0714-021-235,+255 714 013 563,2023-11-23T06:59:49+03:00,SMS_PACK,  128744  ,TERMINATED,Dodoma ,0,3G WCDMA,"iPhone 13,2 (iOS 16.5)","USSD session timeout, retry OK"
REC-101914,+255(0)714022331,  714008220  ,1699423649,TIGO_PESA_CASH_OUT,FREE,UNKNOWN,dar-es-salaam,0,3G WCDMA,Unknown,Standard call; cell handover success
REC-101178,0714-027-537,N/A,2023-11-28 11:10:14,VOICE_CALL,$ 4.98 USD,Term,Tanga,30s,unknown,Transsion Infinix Hot 30,"USSD session timeout, retry OK"
REC-100254,tel:+255-714-024797,+255/714/023427,11/17/2023 09:13 AM,DATA_RECHARGE,"TZS 37,806.36/=",TERMINATED,  Dar es Salaam  ,-15,4G LTE,Transsion Infinix Hot 30,"Customer stated: ""Cannot connect to 4G in Posta area, please help"""
REC-101052,+255(0)714025893,+255 714 001 644,11/13/2023 03:32 PM,TIGO_PESA_CASH_IN,"TZS 144,645.97/=",PENDING_KYC,ZNZ,1800,unknown,"iPhone 13,2 (iOS 16.5)",Standard call; cell handover success
REC-101829,255714027948,255714001096,"Nov 19, 2023 06:40",DATA_RECHARGE,"TZS 94,711.09/=",Active,N/A,N/A,unknown,Nokia 105 (Feature Phone),"USSD session timeout, retry OK"
REC-100500,+255(0)714001370,0714011097,11/14/2023 11:14 AM,BUNDLE_PURCHASE,  106217  ,CHURNED,Arusha,30s,3G WCDMA,Huawei P40 Lite,Flagged for KYC update; verified by agent
REC-100085,+255(0)714029181,N/A,11/22/2023 11:55 AM,DATA_RECHARGE,NaN,CHURNED,  Dar es Salaam  ,30s,2G GSM,Nokia 105 (Feature Phone),"USSD session timeout, retry OK"
REC-101212,+255/714/021098,255714020961,2023-11-17 08:02:14,TIGO_PESA_CASH_IN,"TZS 48,087.60/=",,Arusha (CBD),0,4G,Samsung Galaxy A14; Android 13,"USSD session timeout, retry OK"
REC-100694,N/A,  714020687  ,2023-11-22 08:40:00,DATA_RECHARGE,NaN,,Dar es Salaam,360,4G LTE,Huawei P40 Lite,Standard call; cell handover success
REC-100690,+255/714/003014,0000000000,UNKNOWN_TIME,DATA_RECHARGE,NaN,Pending_Kyc​,,1800,4G,"iPhone 13,2 (iOS 16.5)",Flagged for KYC update; verified by agent
REC-100163,+255/714/005754,0714011371,"Dec 02, 2023 19:38",TIGO_PESA_CASH_OUT,$ 5.64 USD,Active,Zanzibar,45,2G GSM,Transsion Infinix Hot 30,"Customer stated: ""Cannot connect to 4G in Posta area, please help"""
REC-101355,0714-029-318,0714028359,2023-12-01 10:46:32,VOICE_CALL,"115,488.9500",Active,Arusha (CBD),-15,unknown,Nokia 105 (Feature Phone),None
REC-100301,0714007809,+255(0)714029592,"Nov 27, 2023 11:27",SMS_PACK,  98746  ,actve,  Dar es Salaam  ,120,4G LTE,Tecno Spark 10 Pro,"USSD session timeout, retry OK"
REC-101758,  714007124  ,0714026989,04-11-2023 19:18:03,BUNDLE_PURCHASE,FREE,TERMINATED,ARUSHA,02:15,2G GSM,Tecno Spark 10 Pro,Flagged for KYC update; verified by agent
REC-100858,+255 714 006 302,255714009864,"Nov 16, 2023 08:47",TIGO_PESA_CASH_IN,"19,892.58",actve,,0,4G LTE,Tecno Spark 10 Pro,Standard call; cell handover success
REC-101405,0714002466,tel:+255-714-031373,"Nov 07, 2023 11:02",VOICE_CALL,"91,207.71",suspnded,DAR ES SALAAM,360,5G NR,Nokia 105 (Feature Phone),
REC-101869,N/A,0714-015-892,11/24/2023 10:24 PM,TIGO_PESA_CASH_OUT,$ 19.81 USD,PENDING_KYC,ZNZ,120,4G,Tecno Spark 10 Pro,"USSD session timeout, retry OK"
REC-101325,0714-024-112,0714032743,"Nov 25, 2023 22:05",SMS_PACK,  142444  ,ACTV,Dar es Salaam,45,5G NR,Unknown,Standard call; cell handover success
REC-100748,tel:+255-714-004932,+255 714 032 880,2023/11/04,BUNDLE_PURCHASE,"110,551.66",  active  ,Arusha (CBD),45,3G WCDMA,Unknown,Standard call; cell handover success
REC-102099,0000000000,+255 714 014 522,1700295406,VOICE_CALL,"46,684.93",null,Tanga,0,4G,Transsion Infinix Hot 30,"VIP Subscriber, priority routing"
REC-101652,+255(0)714029455,0714-033-976,2023-11-25 14:31:25,VOICE_CALL,"-133,602.63",pending,dar-es-salaam,0,2G GSM,Samsung Galaxy A14; Android 13,"USSD session timeout, retry OK"
REC-100704,+255 714 015 481,+255 714 012 878,2023-11-29 06:07:20,DATA_RECHARGE,$ 1.58 USD,,"Stone Town, Zanzibar",360,LTE-A,Nokia 105 (Feature Phone),"VIP Subscriber, priority routing"
REC-102206,  714017947  ,+255(0)714010549,2023-11-28T14:52:02+03:00,VOICE_CALL,  39396  ,SUSPENDED,Dar es Salaam,0,5G NR,Nokia 105 (Feature Phone),Standard call; cell handover success
REC-100202,N/A,0714-014-933,11/13/2023 11:07 AM,DATA_RECHARGE,"96,251.59",ACTIVE,Tanga,120,3G WCDMA,Huawei P40 Lite,"Customer stated: ""Cannot connect to 4G in Posta area, please help"""
REC-100728,+255 714 028 907,N/A,1699629000,DATA_RECHARGE,"TZS 51,946.02/=",suspnded,DAR ES SALAAM,30s,3G WCDMA,Huawei P40 Lite,
REC-101508,tel:+255-714-006028,+255 714 032 743,2023-11-17 12:04:41,VOICE_CALL,"12,085.2300",Term,Dodoma ,360,4G LTE,Huawei P40 Lite,
REC-100270,+255/714/004658,+255/714/027263,2023-11-13 20:48:28,DATA_RECHARGE,"TZS 125,628.01/=",pending,DAR ES SALAAM,30s,LTE-A,"iPhone 13,2 (iOS 16.5)","USSD session timeout, retry OK"
REC-101905,+255/714/008905,255714011645,11/10/2023 03:18 PM,DATA_RECHARGE,$ 18.40 USD,Terminated,mwanza,N/A,3G WCDMA,Unknown,"VIP Subscriber, priority routing"
REC-102295,tel:+255-714-015070,  714001507  ,1700012302,BUNDLE_PURCHASE,$ 7.80 USD,Terminated,Mwanza,N/A,LTE-A,Huawei P40 Lite,"VIP Subscriber, priority routing"
REC-100283,+255 714 027 263,0714003014,11/25/2023 08:04 AM,TIGO_PESA_CASH_OUT,"TZS 57,805.80/=",Suspended,Dodoma,-15,5G NR,Unknown,None
REC-101056,255714014522,0714-028-770,2023-11-28T05:02:08+03:00,TIGO_PESA_CASH_IN,  90219  ,churn,DAR ES SALAAM,N/A,4G,Nokia 105 (Feature Phone),
REC-101732,+255(0)714020002,  714006028  ,"Nov 24, 2023 18:39",TIGO_PESA_CASH_OUT,  25951  ,Active,Arusha,02:15,3G WCDMA,Samsung Galaxy A14; Android 13,"USSD session timeout, retry OK"
REC-101659,0000000000,255714022057,2023-11-23 19:26:22,VOICE_CALL,"TZS 132,563.75/=",SUSPENDED,Arusha﻿,-15,5G NR,Transsion Infinix Hot 30,"Customer stated: ""Cannot connect to 4G in Posta area, please help"""
REC-100298,+255/714/029866,+255 714 017 262,16-11-2023 04:52:53,TIGO_PESA_CASH_IN,"TZS 145,536.68/=",suspnded,Mbeya,02:15,3G WCDMA,Unknown,Flagged for KYC update; verified by agent
REC-102359,255714030551,+255/714/008768,2023-11-23 09:30:13,VOICE_CALL,,CHURNED,ZNZ,N/A,4G LTE,Unknown,None
REC-100322,0714-021-235,N/A,11/06/2023 12:07 AM,TIGO_PESA_CASH_OUT,"TZS 23,870.36/=",churn,Mbeya,360,LTE-A,"iPhone 13,2 (iOS 16.5)","USSD session timeout, retry OK"
REC-101098,255714030825,+255 714 003 288,11/30/2023 04:49 AM,TIGO_PESA_CASH_OUT,NaN,TERMINATED,dar-es-salaam,N/A,3G WCDMA,Unknown,Flagged for KYC update; verified by agent
REC-100174,+255/714/021098,0714-001-370,1701443988,DATA_RECHARGE,FREE,Term,mwanza,-15,4G,"iPhone 13,2 (iOS 16.5)",
REC-101942,0714-028-085,+255/714/003973,2023-11-10 02:44:39,DATA_RECHARGE,"TZS 52,380.88/=",Term,Arusha (CBD),30s,unknown,Transsion Infinix Hot 30,Flagged for KYC update; verified by agent
REC-100215,+255/714/030414,+255 714 027 126,UNKNOWN_TIME,VOICE_CALL,"119,453.85",PENDING_KYC,Arusha (CBD),N/A,5G NR,Tecno Spark 10 Pro,None
REC-101078,0714-006-713,+255(0)714017947,2023-11-28T06:39:29+03:00,TIGO_PESA_CASH_IN,"TZS 135,919.59/=",suspnded,mwanza,360,3G WCDMA,Transsion Infinix Hot 30,"USSD session timeout, retry OK"
REC-102104,0714-030-003,255714005206,"Nov 29, 2023 09:11",SMS_PACK,"28,579.19",Suspended,mwanza,1800,2G GSM,Huawei P40 Lite,Flagged for KYC update; verified by agent
REC-100671,tel:+255-714-023975,+255(0)714024386,11/20/2023 02:57 AM,DATA_RECHARGE,"TZS 66,632.95/=",Pending_Kyc​,dar-es-salaam,120,4G LTE,Nokia 105 (Feature Phone),Flagged for KYC update; verified by agent
REC-102230,+255/714/019865,255714019728,11/28/2023 03:16 PM,TIGO_PESA_CASH_OUT,FREE,pending,dar-es-salaam,0,4G LTE,Transsion Infinix Hot 30,None
REC-101307,  714026167  ,+255(0)714001233,"Nov 04, 2023 12:59",TIGO_PESA_CASH_OUT,  96711  ,suspnded,Dodoma,-15,LTE-A,Tecno Spark 10 Pro,"VIP Subscriber, priority routing"
REC-102356,+255(0)714028085,  714031647  ,2023-12-03 07:07:39,TIGO_PESA_CASH_OUT,$ 7.24 USD,  active  ,mwanza,45,4G,Huawei P40 Lite,Flagged for KYC update; verified by agent
REC-101468,  714030140  ,+255 714 018 358,UNKNOWN_TIME,BUNDLE_PURCHASE,"TZS 90,565.30/=",ACTIVE,,45,LTE-A,Nokia 105 (Feature Phone),
REC-100555,+255(0)714005891,+255 714 033 154,26-11-2023 12:49:48,SMS_PACK,"TZS 74,375.28/=",Suspended,Arusha (CBD),360,5G NR,Nokia 105 (Feature Phone),"Customer stated: ""Cannot connect to 4G in Posta area, please help"""
REC-102040,+255 714 017 125,0000000000,11/21/2023 06:35 AM,SMS_PACK,  94518  ,suspnded,Mbeya,-15,4G LTE,Transsion Infinix Hot 30,Flagged for KYC update; verified by agent
REC-101077,255714033702,tel:+255-714-022194,2023/11/04,TIGO_PESA_CASH_IN,"-90,620.48",,Dodoma ,45,5G NR,Unknown,"USSD session timeout, retry OK"
REC-100244,+255(0)714014385,+255 714 030 825,11/11/2023 04:06 AM,TIGO_PESA_CASH_OUT,FREE,UNKNOWN,Arusha﻿,1800,unknown,Samsung Galaxy A14; Android 13,"Customer stated: ""Cannot connect to 4G in Posta area, please help"""
REC-100419,0714-023-016,+255/714/030140,2023-11-07 00:00:11,TIGO_PESA_CASH_OUT,"46,555.3000",Terminated,N/A,45,4G LTE,"iPhone 13,2 (iOS 16.5)",Flagged for KYC update; verified by agent
REC-101787,+255 714 017 125,0714-008-905,2023-11-08 00:44:25,SMS_PACK,  29529  ,Term,DODOMA (Capital),0,4G LTE,Samsung Galaxy A14; Android 13,"Customer stated: ""Cannot connect to 4G in Posta area, please help"""
REC-102172,255714026578,0714025756,"Nov 12, 2023 21:15",TIGO_PESA_CASH_IN,$ 8.85 USD,null,Arusha (CBD),360,unknown,Nokia 105 (Feature Phone),Standard call; cell handover success
REC-102469,255714004247,255714009042,09-11-2023 21:26:22,SMS_PACK,"116,549.80",  active  ,Dodoma,N/A,4G,Huawei P40 Lite,"VIP Subscriber, priority routing"
REC-100909,+255 714 022 742,+255(0)714005754,2023-12-04 07:35:01,SMS_PACK,  56002  ,Pending_Kyc​,Zanzibar,120,5G NR,Nokia 105 (Feature Phone),
REC-100736,255714021646,0714011919,1701337902,SMS_PACK,"TZS 23,474.02/=",PENDING_KYC,Mbeya,360,unknown,Unknown,None
REC-101917,  714010001  ,+255(0)714013837,11/25/2023 11:12 PM,TIGO_PESA_CASH_OUT,  28000  ,ACTV,Morogoro,45,3G WCDMA,Unknown,
REC-100446,  714028359  ,tel:+255-714-000000,18-11-2023 15:50:53,TIGO_PESA_CASH_OUT,"92,528.04",Suspended,,30s,5G NR,Huawei P40 Lite,None
REC-102116,+255(0)714029044,0714-024-523,11/26/2023 03:30 AM,VOICE_CALL,"TZS 45,449.08/=",ACTV,Mwanza Rock City,-15,unknown,Nokia 105 (Feature Phone),None
REC-101836,N/A,255714030277,11/20/2023 11:41 PM,DATA_RECHARGE,"TZS 38,095.94/=",  active  ,ARUSHA,N/A,3G WCDMA,Nokia 105 (Feature Phone),
REC-100590,255714015207,+255 714 002 055,2023/11/04,BUNDLE_PURCHASE,  9143  ,UNKNOWN,mwanza,02:15,3G WCDMA,Nokia 105 (Feature Phone),
REC-102288,tel:+255-714-004932,+255 714 009 179,2023/11/04,TIGO_PESA_CASH_IN,  48527  ,Term,mwanza,-15,2G GSM,Nokia 105 (Feature Phone),
REC-100609,0714-001-781,+255(0)714006987,2023-11-29 04:48:32,BUNDLE_PURCHASE,"TZS 58,064.78/=",Active,Mwanza Rock City,N/A,2G GSM,Transsion Infinix Hot 30,"VIP Subscriber, priority routing"
REC-100710,0714-030-003,+255 714 029 181,03-12-2023 05:41:58,TIGO_PESA_CASH_IN,"41,970.6600",null,Mwanza,360,3G WCDMA,Nokia 105 (Feature Phone),Flagged for KYC update; verified by agent
REC-100115,0714-016-166,255714026852,12-11-2023 09:02:01,DATA_RECHARGE,"TZS 120,288.25/=",TERMINATED,DAR ES SALAAM,N/A,unknown,Tecno Spark 10 Pro,Standard call; cell handover success
REC-100487,0714000411,+255/714/025482,2023-11-25 14:09:31,BUNDLE_PURCHASE,NaN,ACTV,Morogoro,-15,3G WCDMA,Samsung Galaxy A14; Android 13,"VIP Subscriber, priority routing"
REC-101161,0714020413,+255(0)714022605,2023-11-06 06:30:25,TIGO_PESA_CASH_OUT,"-55,003.49",SUSPENDED,dar-es-salaam,1800,4G LTE,Tecno Spark 10 Pro,"VIP Subscriber, priority routing"
REC-101947,0714023564,+255(0)714007946,2023-11-11 14:13:06,VOICE_CALL,  33677  ,pending,Mwanza,120,unknown,Nokia 105 (Feature Phone),"Customer stated: ""Cannot connect to 4G in Posta area, please help"""
REC-101420,+255/714/003151,0000000000,2023-11-18 05:00:01,VOICE_CALL,$ 48.50 USD,actve,DODOMA (Capital),360,unknown,Huawei P40 Lite,"Customer stated: ""Cannot connect to 4G in Posta area, please help"""
REC-101596,  714010412  ,+255(0)714024523,2023-11-18 13:22:48,BUNDLE_PURCHASE,"30,874.59",Pending_Kyc​,ZNZ,1800,4G LTE,"iPhone 13,2 (iOS 16.5)",Flagged for KYC update; verified by agent
REC-101083,tel:+255-714-005343,+255/714/020413,20-11-2023 13:44:57,SMS_PACK,"TZS 16,321.99/=",ACTV,Arusha (CBD),0,4G,Samsung Galaxy A14; Android 13,
REC-102482,N/A,0714009727,08-11-2023 22:21:25,SMS_PACK,FREE,Active,dar-es-salaam,N/A,4G LTE,Transsion Infinix Hot 30,Standard call; cell handover success
REC-100890,0714016440,0714-005-206,2023-11-30 08:58:04,DATA_RECHARGE,"TZS 95,398.52/=",UNKNOWN,Arusha (CBD),-15,3G WCDMA,Samsung Galaxy A14; Android 13,"Customer stated: ""Cannot connect to 4G in Posta area, please help"""
REC-100259,0714-014-933,tel:+255-714-003014,"Nov 14, 2023 04:51",VOICE_CALL,"TZS 4,347.49/=",Terminated,dar-es-salaam,N/A,unknown,Samsung Galaxy A14; Android 13,"USSD session timeout, retry OK"
REC-101953,0714-030-140,  714031784  ,1701329288,TIGO_PESA_CASH_IN,"TZS 101,459.16/=",ACTV,Mwanza,45,4G,Tecno Spark 10 Pro,Standard call; cell handover success
REC-100788,255714031510,+255 714 031 784,2023-11-22 16:26:11,BUNDLE_PURCHASE,$ 49.24 USD,Term,ARUSHA,02:15,4G,Huawei P40 Lite,"Customer stated: ""Cannot connect to 4G in Posta area, please help"""
REC-101419,N/A,+255 714 000 685,11/23/2023 10:31 AM,TIGO_PESA_CASH_OUT,"TZS 40,666.55/=",churn,Dodoma,360,unknown,Samsung Galaxy A14; Android 13,
REC-100080,+255 714 025 619,0714-004-521,1699836687,DATA_RECHARGE,$ 8.10 USD,CHURNED,ZNZ,1800,5G NR,Unknown,Flagged for KYC update; verified by agent
REC-102069,  714003836  ,  714030825  ,"Nov 19, 2023 06:19",TIGO_PESA_CASH_IN,"39,301.49",Pending_Kyc​,Arusha,02:15,5G NR,Tecno Spark 10 Pro,"Customer stated: ""Cannot connect to 4G in Posta area, please help"""
REC-100287,  714024934  ,255714022742,"Nov 30, 2023 11:13",BUNDLE_PURCHASE,,actve,N/A,-15,4G LTE,Nokia 105 (Feature Phone),"VIP Subscriber, priority routing"
REC-101089,255714032058,tel:+255-714-032058,"Nov 07, 2023 16:58",BUNDLE_PURCHASE,FREE,pending,Dodoma,N/A,5G NR,Transsion Infinix Hot 30,"USSD session timeout, retry OK"
REC-101361,+255 714 015 207,255714028770,2023-11-16 04:28:50,DATA_RECHARGE,$ 42.03 USD,Active,DAR ES SALAAM,360,3G WCDMA,Transsion Infinix Hot 30,"Customer stated: ""Cannot connect to 4G in Posta area, please help"""
REC-102005,+255/714/006302,+255(0)714004384,1700122895,BUNDLE_PURCHASE,$ 42.26 USD,CHURNED,mwanza,N/A,LTE-A,"iPhone 13,2 (iOS 16.5)","Customer stated: ""Cannot connect to 4G in Posta area, please help"""
REC-100411,255714023975,tel:+255-714-000822,28-11-2023 21:28:22,BUNDLE_PURCHASE,  70580  ,SUSPENDED,DODOMA (Capital),N/A,3G WCDMA,"iPhone 13,2 (iOS 16.5)",Flagged for KYC update; verified by agent
REC-100263,tel:+255-714-027948,tel:+255-714-020002,2023-11-26 07:23:29,DATA_RECHARGE,"TZS 142,384.69/=",Suspended,Arusha (CBD),45,4G LTE,Transsion Infinix Hot 30,"VIP Subscriber, priority routing"
REC-100599,0714016988,0000000000,30-11-2023 04:42:58,VOICE_CALL,$ 41.73 USD,Active,ARUSHA,1800,5G NR,Samsung Galaxy A14; Android 13,Standard call; cell handover success
REC-102250,+255 714 028 359,+255/714/004247,1700960726,VOICE_CALL,"TZS 42,722.15/=",ACTIVE,Zanzibar,30s,unknown,Transsion Infinix Hot 30,"USSD session timeout, retry OK"
REC-100009,+255 714 030 140,  714033017  ,"Nov 30, 2023 13:50",TIGO_PESA_CASH_IN,"115,405.51",Terminated,Dodoma ,45,3G WCDMA,Samsung Galaxy A14; Android 13,
REC-100669,0714004795,0714-013-015,11/06/2023 08:23 AM,DATA_RECHARGE,$ 55.42 USD,pending,Mwanza Rock City,45,5G NR,Tecno Spark 10 Pro,
REC-101144,+255(0)714002603,255714015070,11-11-2023 13:48:58,SMS_PACK,"6,472.31",TERMINATED,Zanzibar,30s,5G NR,Unknown,Standard call; cell handover success
REC-100192,0714-005-069,0714-002-192,11/08/2023 05:50 AM,TIGO_PESA_CASH_IN,"TZS 38,129.11/=",Pending_Kyc​,Tanga,120,3G WCDMA,Samsung Galaxy A14; Android 13,Flagged for KYC update; verified by agent
REC-101789,tel:+255-714-011645,+255/714/029181,07-11-2023 22:55:22,BUNDLE_PURCHASE,$ 12.06 USD,Suspended,Zanzibar,-15,4G,Tecno Spark 10 Pro,
REC-100732,255714008083,0714007672,07-11-2023 00:24:18,TIGO_PESA_CASH_IN,"16,953.21",CHURNED,Dodoma ,120,5G NR,Samsung Galaxy A14; Android 13,Flagged for KYC update; verified by agent
REC-101248,+255 714 031 921,0714-026-852,1701203088,BUNDLE_PURCHASE,"118,352.32",Pending_Kyc​,DAR ES SALAAM,1800,3G WCDMA,Transsion Infinix Hot 30,"VIP Subscriber, priority routing"
REC-101701,+255 714 015 207,tel:+255-714-029729,2023-11-30 02:11:07,TIGO_PESA_CASH_IN,"TZS 22,500.81/=",Suspended,DODOMA (Capital),45,3G WCDMA,Nokia 105 (Feature Phone),Flagged for KYC update; verified by agent
REC-102165,+255(0)714030962,0714-005-480,04-11-2023 14:05:54,VOICE_CALL,"TZS 79,277.88/=",CHURNED,Arusha (CBD),-15,3G WCDMA,Huawei P40 Lite,Standard call; cell handover success
REC-102374,  714024797  ,0714-011-508,17-11-2023 06:02:08,BUNDLE_PURCHASE,"TZS 103,650.80/=",ACTV,Arusha﻿,360,3G WCDMA,Transsion Infinix Hot 30,"VIP Subscriber, priority routing"
REC-102179,N/A,255714003014,11/15/2023 01:40 AM,BUNDLE_PURCHASE,$ 22.37 USD,UNKNOWN,Mwanza,360,LTE-A,Transsion Infinix Hot 30,"VIP Subscriber, priority routing"
REC-102379,N/A,+255(0)714028359,2023-11-24 07:26:54,DATA_RECHARGE,"106,001.07",Pending_Kyc​,"Stone Town, Zanzibar",N/A,unknown,Huawei P40 Lite,Standard call; cell handover success
REC-100427,  714016303  ,  714021920  ,2023-12-04 09:06:28,TIGO_PESA_CASH_OUT,"62,399.15",null,N/A,120,4G LTE,Nokia 105 (Feature Phone),Flagged for KYC update; verified by agent
REC-102414,+255 714 011 782,0714-018-769,1699858872,TIGO_PESA_CASH_OUT,NaN,PENDING_KYC,Tanga,1800,2G GSM,Nokia 105 (Feature Phone),Standard call; cell handover success
REC-101399,0714-032-606,+255 714 028 085,"Nov 17, 2023 06:46",DATA_RECHARGE,"95,969.81",ACTV,  Dar es Salaam  ,45,4G LTE,"iPhone 13,2 (iOS 16.5)",Standard call; cell handover success
REC-100369,+255/714/032058,0714011371,2023-11-17T17:36:28+03:00,BUNDLE_PURCHASE,,null,ARUSHA,N/A,LTE-A,Nokia 105 (Feature Phone),
REC-101777,255714000274,+255 714 013 426,02-12-2023 03:23:00,BUNDLE_PURCHASE,"TZS 61,523.12/=",CHURNED,DODOMA (Capital),45,2G GSM,Nokia 105 (Feature Phone),Standard call; cell handover success
REC-101997,  714020687  ,0714-019-591,11/22/2023 12:26 PM,SMS_PACK,"TZS 106,663.00/=",ACTV,ZNZ,30s,5G NR,Transsion Infinix Hot 30,"VIP Subscriber, priority routing"
REC-100724,0714-031-099,255714025208,2023-11-28 09:29:51,DATA_RECHARGE,$ 5.27 USD,ACTV,Dodoma ,0,3G WCDMA,Samsung Galaxy A14; Android 13,Flagged for KYC update; verified by agent
REC-100241,0000000000,+255 714 027 263,1700661286,SMS_PACK,  94729  ,,Morogoro,360,unknown,Samsung Galaxy A14; Android 13,"VIP Subscriber, priority routing"
REC-101215,0714003699,0714031236,11/30/2023 07:39 PM,VOICE_CALL,$ 16.00 USD,null,Arusha﻿,0,5G NR,"iPhone 13,2 (iOS 16.5)",Flagged for KYC update; verified by agent
REC-102307,0714007809,  714005754  ,11/07/2023 04:22 PM,SMS_PACK,"TZS 97,062.61/=",Pending_Kyc​,DODOMA (Capital),120,4G LTE,Nokia 105 (Feature Phone),None
REC-101224,  714006165  ,0714014933,1699373867,BUNDLE_PURCHASE,"68,437.14",suspnded,Zanzibar,120,LTE-A,Unknown,"USSD session timeout, retry OK"
REC-102163,tel:+255-714-016577,+255/714/007535,11/15/2023 05:46 AM,DATA_RECHARGE,"98,797.44",ACTIVE,Mbeya,360,unknown,Huawei P40 Lite,None
REC-102111,tel:+255-714-003699,+255/714/016029,2023-11-25 12:58:19,BUNDLE_PURCHASE,FREE,pending,dar-es-salaam,0,4G LTE,Unknown,Flagged for KYC update; verified by agent
REC-102388,0714-001-781,255714031510,11/28/2023 10:34 PM,BUNDLE_PURCHASE,"-48,944.57",PENDING_KYC,Dar es Salaam,02:15,unknown,Nokia 105 (Feature Phone),None
REC-100007,N/A,0714030962,11/16/2023 11:33 AM,SMS_PACK,"84,424.54",,Dodoma ,02:15,5G NR,"iPhone 13,2 (iOS 16.5)",Flagged for KYC update; verified by agent
REC-102009,+255(0)714014111,  714016440  ,11/29/2023 01:00 AM,TIGO_PESA_CASH_OUT,"147,750.20",Terminated,,120,unknown,"iPhone 13,2 (iOS 16.5)","VIP Subscriber, priority routing"
REC-100723,+255/714/017947,N/A,2023-11-28T05:05:37+03:00,VOICE_CALL,  53684  ,Term,mwanza,30s,4G LTE,Samsung Galaxy A14; Android 13,"USSD session timeout, retry OK"
REC-100819,N/A,tel:+255-714-017536,1700100842,DATA_RECHARGE,"TZS 47,609.32/=",SUSPENDED,Mwanza Rock City,N/A,4G,Samsung Galaxy A14; Android 13,
REC-102431,+255(0)714007398,tel:+255-714-011782,07-11-2023 11:10:14,DATA_RECHARGE,"TZS 116,504.40/=",ACTV,ARUSHA,1800,5G NR,Unknown,None
REC-102457,0714-007-124,  714027400  ,UNKNOWN_TIME,TIGO_PESA_CASH_IN,"89,068.84",Pending_Kyc​,dar-es-salaam,360,2G GSM,Transsion Infinix Hot 30,None
REC-100339,  714020961  ,+255/714/004932,2023-11-29 07:21:11,TIGO_PESA_CASH_IN,  25574  ,pending,Tanga,0,4G,Transsion Infinix Hot 30,"Customer stated: ""Cannot connect to 4G in Posta area, please help"""
REC-101977,  714030277  ,  714014659  ,2023-11-28T09:39:54+03:00,DATA_RECHARGE,"TZS 89,792.92/=",Term,Dar es Salaam,N/A,2G GSM,Unknown,Flagged for KYC update; verified by agent
REC-101826,tel:+255-714-015207,tel:+255-714-019865,2023-11-15 05:51:56,VOICE_CALL,  4903  ,churn,mwanza,120,4G,Nokia 105 (Feature Phone),Flagged for KYC update; verified by agent
REC-100449,255714013289,+255(0)714014111,"Nov 27, 2023 13:29",DATA_RECHARGE,"28,639.91",CHURNED,Dodoma ,45,5G NR,Unknown,
REC-101674,+255/714/025482,255714022468,UNKNOWN_TIME,DATA_RECHARGE,  9841  ,actve,Tanga,N/A,2G GSM,Unknown,Standard call; cell handover success
REC-102449,+255/714/012604,0714-025-071,19-11-2023 21:32:09,BUNDLE_PURCHASE,  85443  ,Terminated,"Stone Town, Zanzibar",360,4G LTE,"iPhone 13,2 (iOS 16.5)",None
REC-100824,  714008494  ,0000000000,11/08/2023 08:14 PM,DATA_RECHARGE,"138,136.76",actve,Mwanza,1800,3G WCDMA,Huawei P40 Lite,Flagged for KYC update; verified by agent
REC-101275,N/A,tel:+255-714-006302,16-11-2023 21:36:10,BUNDLE_PURCHASE,"121,195.07",,Tanga,02:15,unknown,Huawei P40 Lite,Standard call; cell handover success
REC-101349,+255/714/020413,  714017399  ,2023-11-26 12:51:39,VOICE_CALL,"TZS 21,710.91/=",CHURNED,Mbeya,30s,2G GSM,Tecno Spark 10 Pro,"Customer stated: ""Cannot connect to 4G in Posta area, please help"""
REC-101225,0000000000,0714-016-714,25-11-2023 18:40:47,DATA_RECHARGE,"TZS 3,063.29/=",Pending_Kyc​,DODOMA (Capital),120,2G GSM,Huawei P40 Lite,
REC-101928,+255/714/029866,  714024523  ,2023-11-11 01:46:42,SMS_PACK,  15115  ,ACTIVE,Arusha,360,3G WCDMA,Nokia 105 (Feature Phone),None
REC-100267,tel:+255-714-021646,255714021235,11/20/2023 02:26 PM,SMS_PACK,"36,018.1000",CHURNED,Dar es Salaam,30s,unknown,Unknown,"USSD session timeout, retry OK"
REC-102210,0714-005-069,+255(0)714001370,01-12-2023 17:44:04,VOICE_CALL,"TZS 98,687.22/=",churn,Morogoro,120,4G LTE,"iPhone 13,2 (iOS 16.5)",None
REC-101330,  714003151  ,+255/714/017810,1700703955,SMS_PACK,"83,293.0600",null,ARUSHA,N/A,4G LTE,Nokia 105 (Feature Phone),"Customer stated: ""Cannot connect to 4G in Posta area, please help"""
REC-100424,  714028633  ,+255/714/002329,2023-11-27 08:45:48,DATA_RECHARGE,FREE,Term,ZNZ,02:15,2G GSM,"iPhone 13,2 (iOS 16.5)",
REC-100326,0714025345,255714020276,2023-11-15 21:28:22,VOICE_CALL,"TZS 43,128.00/=",Suspended,Mwanza Rock City,N/A,3G WCDMA,Tecno Spark 10 Pro,Standard call; cell handover success
REC-100741,0714-033-017,+255 714 030 962,2023-11-07T00:14:50+03:00,SMS_PACK,,Suspended,Mbeya,0,4G LTE,Nokia 105 (Feature Phone),"USSD session timeout, retry OK"
REC-101523,+255/714/030825,0714-009-453,01-12-2023 18:15:02,DATA_RECHARGE,"TZS 22,342.57/=",Term,ZNZ,02:15,4G,Huawei P40 Lite,
REC-100255,0000000000,+255/714/014659,22-11-2023 21:27:15,TIGO_PESA_CASH_IN,"TZS 82,130.58/=",Pending_Kyc​,Morogoro,120,4G,Transsion Infinix Hot 30,"VIP Subscriber, priority routing"
REC-100111,+255(0)714013700,N/A,11/22/2023 07:05 PM,SMS_PACK,"118,853.4600",UNKNOWN,dar-es-salaam,02:15,2G GSM,Tecno Spark 10 Pro,"VIP Subscriber, priority routing"
REC-101280,255714021098,0714-031-784,2023/11/04,SMS_PACK,"134,611.3300",Terminated,Dar es Salaam,30s,3G WCDMA,Nokia 105 (Feature Phone),"VIP Subscriber, priority routing"
REC-101862,255714015618,0714-020-276,"Nov 26, 2023 02:52",TIGO_PESA_CASH_OUT,"74,711.74",,ZNZ,0,unknown,Unknown,Standard call; cell handover success
REC-100867,0714006165,0714015481,21-11-2023 22:09:56,TIGO_PESA_CASH_OUT,$ 38.34 USD,PENDING_KYC,DAR ES SALAAM,0,5G NR,Huawei P40 Lite,Standard call; cell handover success
REC-100317,+255 714 025 345,0714009864,1701257168,BUNDLE_PURCHASE,"TZS 67,110.76/=",Suspended,Mwanza Rock City,1800,4G LTE,Samsung Galaxy A14; Android 13,Flagged for KYC update; verified by agent
REC-100701,0714-028-085,tel:+255-714-026167,12/02/2023 10:56 AM,VOICE_CALL,,ACTV,DODOMA (Capital),02:15,LTE-A,Unknown,Flagged for KYC update; verified by agent
REC-101461,+255/714/016166,tel:+255-714-016166,2023-11-26 02:35:19,VOICE_CALL,"14,079.70",SUSPENDED,Arusha﻿,1800,4G LTE,"iPhone 13,2 (iOS 16.5)",Flagged for KYC update; verified by agent
REC-102127,0714-015-481,+255 714 012 193,11/27/2023 09:11 AM,DATA_RECHARGE,"TZS 97,935.23/=",,DAR ES SALAAM,-15,LTE-A,Nokia 105 (Feature Phone),"VIP Subscriber, priority routing"
REC-100893,0714014659,0714-033-976,11/13/2023 01:30 AM,TIGO_PESA_CASH_OUT,  143469  ,CHURNED,DODOMA (Capital),45,unknown,Transsion Infinix Hot 30,None
REC-101935,+255(0)714009864,N/A,2023-11-07 08:12:35,VOICE_CALL,$ 22.28 USD,Term,Dodoma ,N/A,5G NR,Nokia 105 (Feature Phone),"Customer stated: ""Cannot connect to 4G in Posta area, please help"""
REC-101283,+255 714 032 332,+255/714/026304,1700772145,BUNDLE_PURCHASE,$ 9.11 USD,Terminated,ZNZ,360,LTE-A,Samsung Galaxy A14; Android 13,None
REC-100945,0714012878,tel:+255-714-008768,1699198693,BUNDLE_PURCHASE,"40,451.71",PENDING_KYC,Dar es Salaam,N/A,5G NR,Tecno Spark 10 Pro,
REC-100601,  714004932  ,0714004932,11/11/2023 10:08 PM,TIGO_PESA_CASH_IN,"32,729.4300",actve,Mbeya,30s,4G LTE,Unknown,"VIP Subscriber, priority routing"
REC-101282,255714013289,255714020002,2023-11-15 00:37:00,VOICE_CALL,"-84,488.21",ACTV,Arusha (CBD),1800,5G NR,Huawei P40 Lite,"USSD session timeout, retry OK"
REC-100382,+255(0)714019591,0714010275,30-11-2023 21:35:09,TIGO_PESA_CASH_IN,$ 19.56 USD,null,ARUSHA,0,2G GSM,"iPhone 13,2 (iOS 16.5)","Customer stated: ""Cannot connect to 4G in Posta area, please help"""
REC-100410,N/A,0714-022-331,1699547831,DATA_RECHARGE,"28,119.6000",TERMINATED,Tanga,120,2G GSM,"iPhone 13,2 (iOS 16.5)",Flagged for KYC update; verified by agent
REC-100050,  714015207  ,0714-028-907,2023-11-08T17:11:30+03:00,TIGO_PESA_CASH_IN,"TZS 132,303.86/=",pending,Morogoro,02:15,5G NR,Samsung Galaxy A14; Android 13,"Customer stated: ""Cannot connect to 4G in Posta area, please help"""
REC-100442,  714005891  ,+255(0)714009864,2023-11-09 12:08:48,TIGO_PESA_CASH_OUT,"122,724.1600",  active  ,mwanza,1800,3G WCDMA,Transsion Infinix Hot 30,Standard call; cell handover success
REC-101204,  714004247  ,  714017536  ,10-11-2023 10:28:34,TIGO_PESA_CASH_OUT,"100,365.76",  active  ,Dodoma,0,5G NR,"iPhone 13,2 (iOS 16.5)","Customer stated: ""Cannot connect to 4G in Posta area, please help"""
REC-101521,255714011645,N/A,11/25/2023 02:35 PM,DATA_RECHARGE,"45,131.30",TERMINATED,mwanza,120,5G NR,Nokia 105 (Feature Phone),"USSD session timeout, retry OK"
REC-100647,0714-007-261,+255(0)714016577,27-11-2023 06:20:31,SMS_PACK,"122,252.46",  active  ,Mwanza Rock City,120,3G WCDMA,Unknown,
REC-102377,+255(0)714032469,N/A,2023-11-05 04:50:49,TIGO_PESA_CASH_OUT,"49,076.70",churn,  Dar es Salaam  ,45,4G,Unknown,Flagged for KYC update; verified by agent
REC-100124,255714010960,255714032606,1701085582,TIGO_PESA_CASH_IN,  5975  ,Terminated,Dodoma,-15,unknown,Nokia 105 (Feature Phone),"USSD session timeout, retry OK"
REC-101151,0714028770,0714009590,11/25/2023 06:32 AM,SMS_PACK,$ 58.91 USD,Pending_Kyc​,Dodoma ,02:15,5G NR,Samsung Galaxy A14; Android 13,Flagged for KYC update; verified by agent
REC-101129,255714010412,0714-011-919,12/03/2023 03:15 AM,TIGO_PESA_CASH_OUT,$ 38.19 USD,Pending_Kyc​,DAR ES SALAAM,N/A,5G NR,Tecno Spark 10 Pro,"VIP Subscriber, priority routing"
REC-100086,0714-002-055,0000000000,2023/11/04,VOICE_CALL,  99584  ,ACTIVE,DAR ES SALAAM,30s,4G,"iPhone 13,2 (iOS 16.5)",None
REC-100860,0714024386,+255 714 018 906,2023-11-28T02:41:42+03:00,TIGO_PESA_CASH_IN,NaN,UNKNOWN,Arusha﻿,360,LTE-A,Huawei P40 Lite,Flagged for KYC update; verified by agent
REC-100535,0714-023-290,0714-011-782,2023/11/04,TIGO_PESA_CASH_OUT,,  active  ,Mbeya,120,5G NR,Tecno Spark 10 Pro,"VIP Subscriber, priority routing"
REC-100547,tel:+255-714-010686,N/A,2023-11-07 03:55:12,SMS_PACK,  137660  ,TERMINATED,Mbeya,02:15,5G NR,Nokia 105 (Feature Phone),
REC-101030,255714006576,0714020276,"Nov 18, 2023 21:19",BUNDLE_PURCHASE,"80,969.03",  active  ,Arusha (CBD),0,4G LTE,Nokia 105 (Feature Phone),Standard call; cell handover success
REC-102297,  714005069  ,0714-005-480,16-11-2023 16:43:50,BUNDLE_PURCHASE,"81,860.87",  active  ,Arusha﻿,N/A,4G,Transsion Infinix Hot 30,"VIP Subscriber, priority routing"
REC-101529,+255(0)714032332,N/A,11/22/2023 12:13 AM,BUNDLE_PURCHASE,"45,102.52",Term,DODOMA (Capital),02:15,4G,Samsung Galaxy A14; Android 13,"VIP Subscriber, priority routing"
REC-102480,0714-016-577,+255 714 011 919,2023-11-24 15:37:21,SMS_PACK,FREE,  active  ,N/A,N/A,4G,Tecno Spark 10 Pro,"USSD session timeout, retry OK"
REC-101064,+255(0)714021920,+255 714 001 233,"Nov 27, 2023 15:18",BUNDLE_PURCHASE,"96,896.13",churn,Zanzibar,120,LTE-A,Transsion Infinix Hot 30,Standard call; cell handover success
REC-102006,+255 714 001 644,0714026715,"Nov 10, 2023 01:22",VOICE_CALL,"136,227.00",actve,DAR ES SALAAM,0,3G WCDMA,Nokia 105 (Feature Phone),None
REC-101009,0714-027-811,255714008220,27-11-2023 23:56:32,TIGO_PESA_CASH_IN,FREE,,DODOMA (Capital),N/A,4G,Transsion Infinix Hot 30,Standard call; cell handover success
REC-100877,+255 714 020 413,0714-023-290,11/19/2023 05:52 PM,VOICE_CALL,"12,685.14",ACTV,Morogoro,N/A,LTE-A,Unknown,Flagged for KYC update; verified by agent
REC-100170,+255(0)714032058,+255(0)714025619,1700444966,DATA_RECHARGE,"TZS 45,613.78/=",UNKNOWN,Arusha﻿,02:15,5G NR,Tecno Spark 10 Pro,"VIP Subscriber, priority routing"
REC-101515,+255 714 012 330,255714029455,1700242056,TIGO_PESA_CASH_IN,$ 33.87 USD,Terminated,"Stone Town, Zanzibar",-15,LTE-A,Samsung Galaxy A14; Android 13,"VIP Subscriber, priority routing"
REC-100504,+255 714 009 727,+255(0)714006850,11/08/2023 06:01 PM,BUNDLE_PURCHASE,$ 23.79 USD,UNKNOWN,DAR ES SALAAM,30s,3G WCDMA,"iPhone 13,2 (iOS 16.5)",
REC-100525,+255(0)714011782,0000000000,2023-11-25 03:02:18,SMS_PACK,"75,116.9600",,Mwanza,02:15,5G NR,Transsion Infinix Hot 30,
REC-100799,0714-020-550,0714-010-823,1700918111,TIGO_PESA_CASH_OUT,"63,848.7300",actve,Tanga,02:15,3G WCDMA,"iPhone 13,2 (iOS 16.5)",Standard call; cell handover success
REC-101610,+255 714 016 303,255714020139,25-11-2023 03:38:44,TIGO_PESA_CASH_OUT,"TZS 87,987.57/=",CHURNED,dar-es-salaam,30s,LTE-A,Huawei P40 Lite,Standard call; cell handover success
REC-101359,tel:+255-714-006028,+255 714 003 973,13-11-2023 07:56:53,TIGO_PESA_CASH_IN,$ 32.00 USD,CHURNED,Zanzibar,02:15,LTE-A,Transsion Infinix Hot 30,Standard call; cell handover success
REC-101488,  714006850  ,0714-008-631,11/28/2023 12:31 AM,TIGO_PESA_CASH_IN,FREE,Suspended,DAR ES SALAAM,N/A,2G GSM,Transsion Infinix Hot 30,Flagged for KYC update; verified by agent
REC-102363,+255 714 013 700,  714032743  ,1699986020,BUNDLE_PURCHASE,"101,675.4700",CHURNED,Arusha,1800,5G NR,Nokia 105 (Feature Phone),
REC-101037,0000000000,+255 714 033 428,11/07/2023 07:16 AM,TIGO_PESA_CASH_IN,  71756  ,  active  ,,30s,4G LTE,Nokia 105 (Feature Phone),"USSD session timeout, retry OK"
REC-101950,255714014933,  714000411  ,11/24/2023 09:59 PM,TIGO_PESA_CASH_OUT,$ 14.59 USD,TERMINATED,Dodoma,N/A,4G LTE,Samsung Galaxy A14; Android 13,"Customer stated: ""Cannot connect to 4G in Posta area, please help"""
REC-101878,+255(0)714013700,  714033702  ,"Nov 11, 2023 03:29",BUNDLE_PURCHASE,"124,565.02",CHURNED,,360,LTE-A,"iPhone 13,2 (iOS 16.5)",None
REC-100242,N/A,0714006850,2023-11-20 14:30:21,VOICE_CALL,$ 2.75 USD,SUSPENDED,Morogoro,02:15,unknown,Nokia 105 (Feature Phone),"Customer stated: ""Cannot connect to 4G in Posta area, please help"""
REC-102236,255714005754,255714012604,2023-11-04 19:45:01,TIGO_PESA_CASH_IN,"37,513.40",Terminated,Arusha,30s,5G NR,Unknown,"VIP Subscriber, priority routing"
REC-100021,N/A,+255(0)714004110,06-11-2023 10:31:28,BUNDLE_PURCHASE,  12757  ,,ZNZ,30s,5G NR,"iPhone 13,2 (iOS 16.5)",
REC-101259,tel:+255-714-021372,tel:+255-714-029044,11/18/2023 01:44 PM,SMS_PACK,,Terminated,Arusha﻿,120,4G,"iPhone 13,2 (iOS 16.5)",None
REC-100119,N/A,+255(0)714019180,11/18/2023 11:53 AM,DATA_RECHARGE,"TZS 45,522.10/=",PENDING_KYC,N/A,N/A,4G LTE,Samsung Galaxy A14; Android 13,None
REC-102166,+255(0)714011919,0714-014-933,2023/11/04,TIGO_PESA_CASH_OUT,  136044  ,UNKNOWN,Dar es Salaam,02:15,5G NR,Tecno Spark 10 Pro,None
REC-102334,0714-001-507,+255(0)714014933,20-11-2023 01:36:07,BUNDLE_PURCHASE,"TZS 75,202.48/=",Term,Mwanza Rock City,30s,2G GSM,Nokia 105 (Feature Phone),
REC-100982,+255 714 010 549,255714012878,11/19/2023 07:37 PM,TIGO_PESA_CASH_OUT,$ 18.62 USD,PENDING_KYC,Dar es Salaam,02:15,4G LTE,Transsion Infinix Hot 30,"USSD session timeout, retry OK"
REC-100265,0714030003,N/A,2023-12-03 00:47:52,BUNDLE_PURCHASE,"TZS 117,362.01/=",ACTV,Arusha,0,4G LTE,Huawei P40 Lite,None
REC-101271,  714033291  ,0714-006-028,11/07/2023 12:52 AM,TIGO_PESA_CASH_OUT,"TZS 76,606.83/=",,  Dar es Salaam  ,N/A,LTE-A,Unknown,"Customer stated: ""Cannot connect to 4G in Posta area, please help"""
REC-101672,  714009042  ,255714030277,2023-11-11 02:40:37,VOICE_CALL,"TZS 27,670.85/=",CHURNED,mwanza,120,LTE-A,Nokia 105 (Feature Phone),"USSD session timeout, retry OK"
REC-101388,+255 714 001 644,+255 714 003 836,2023-12-04T08:15:40+03:00,VOICE_CALL,"126,800.3600",suspnded,DODOMA (Capital),-15,5G NR,Samsung Galaxy A14; Android 13,"VIP Subscriber, priority routing"
REC-102462,+255 714 018 221,+255 714 028 633,07-11-2023 16:46:11,TIGO_PESA_CASH_IN,$ 39.43 USD,Suspended,Arusha﻿,45,4G,Tecno Spark 10 Pro,Flagged for KYC update; verified by agent
REC-101390,tel:+255-714-034113,+255 714 024 797,20-11-2023 09:57:59,TIGO_PESA_CASH_IN,"90,124.33",ACTIVE,DAR ES SALAAM,-15,2G GSM,Nokia 105 (Feature Phone),
REC-101414,+255 714 017 947,+255(0)714032332,2023/11/04,DATA_RECHARGE,"-18,608.42",suspnded,ARUSHA,-15,4G LTE,Samsung Galaxy A14; Android 13,
REC-102375,  714010138  ,255714014796,2023-11-16 07:22:03,SMS_PACK,"53,861.77",pending,DAR ES SALAAM,45,4G LTE,Samsung Galaxy A14; Android 13,"Customer stated: ""Cannot connect to 4G in Posta area, please help"""
REC-101352,+255 714 014 385,+255/714/007946,09-11-2023 16:55:56,TIGO_PESA_CASH_IN,NaN,SUSPENDED,,-15,4G,Nokia 105 (Feature Phone),
REC-100673,+255(0)714014796,255714006165,14-11-2023 06:52:17,TIGO_PESA_CASH_IN,$ 51.77 USD,CHURNED,DODOMA (Capital),02:15,4G,Transsion Infinix Hot 30,"Customer stated: ""Cannot connect to 4G in Posta area, please help"""
REC-101755,255714023427,+255 714 022 331,1701010133,VOICE_CALL,FREE,PENDING_KYC,dar-es-salaam,1800,unknown,Transsion Infinix Hot 30,
REC-100437,0714-005-206,+255 714 005 480,"Nov 29, 2023 11:08",VOICE_CALL,"31,383.32",Term,Mwanza,45,LTE-A,Unknown,"USSD session timeout, retry OK"
REC-100948,+255 714 028 359,0714030825,1700516721,SMS_PACK,"112,515.42",ACTIVE,ARUSHA,360,LTE-A,Nokia 105 (Feature Phone),
REC-100720,  714031921  ,tel:+255-714-029044,"Nov 21, 2023 06:14",DATA_RECHARGE,  149136  ,UNKNOWN,,-15,2G GSM,Transsion Infinix Hot 30,Flagged for KYC update; verified by agent
REC-102124,+255 714 010 960,+255(0)714024386,2023-12-03T21:37:36+03:00,TIGO_PESA_CASH_OUT,"122,150.74",Pending_Kyc​,Dodoma,360,LTE-A,Tecno Spark 10 Pro,
REC-101060,  714034113  ,  714006576  ,2023-11-05 04:46:45,DATA_RECHARGE,NaN,SUSPENDED,Dodoma,N/A,4G,Nokia 105 (Feature Phone),"VIP Subscriber, priority routing"
REC-102266,0714-011-645,+255/714/015892,1699513591,DATA_RECHARGE,NaN,suspnded,Mwanza,30s,4G,Nokia 105 (Feature Phone),None
REC-100467,+255 714 021 509,0714022468,11/06/2023 04:50 AM,VOICE_CALL,"11,026.6400",ACTIVE,"Stone Town, Zanzibar",45,LTE-A,Nokia 105 (Feature Phone),"VIP Subscriber, priority routing"
REC-100022,0714-025-071,255714010960,"Nov 19, 2023 01:44",TIGO_PESA_CASH_OUT,"-47,768.49",pending,Tanga,0,4G LTE,Huawei P40 Lite,Flagged for KYC update; verified by agent
REC-102443,+255 714 022 057,tel:+255-714-013563,2023-11-10 01:53:44,TIGO_PESA_CASH_IN,FREE,Terminated,dar-es-salaam,1800,4G,Huawei P40 Lite,"USSD session timeout, retry OK"
REC-102221,0714-018-906,tel:+255-714-028359,20-11-2023 01:56:05,DATA_RECHARGE,"36,240.64",TERMINATED,  Dar es Salaam  ,1800,3G WCDMA,Unknown,None
REC-101050,N/A,0714010138,11/08/2023 12:12 PM,TIGO_PESA_CASH_OUT,"TZS 4,063.21/=",null,"Stone Town, Zanzibar",02:15,5G NR,Transsion Infinix Hot 30,None
REC-100551,  714024249  ,tel:+255-714-000959,2023-11-26 00:49:35,SMS_PACK,"20,845.79",Terminated,Mwanza Rock City,0,4G LTE,"iPhone 13,2 (iOS 16.5)",Flagged for KYC update; verified by agent
REC-101497,  714030003  ,255714016988,"Dec 04, 2023 09:10",TIGO_PESA_CASH_IN,FREE,Suspended,Arusha﻿,45,4G,"iPhone 13,2 (iOS 16.5)",
REC-101088,N/A,+255 714 012 056,1700903948,VOICE_CALL,FREE,pending,Dar es Salaam,0,5G NR,Huawei P40 Lite,None
REC-101955,0714-010-960,N/A,2023/11/04,DATA_RECHARGE,$ 50.08 USD,churn,Dar es Salaam,45,5G NR,"iPhone 13,2 (iOS 16.5)","USSD session timeout, retry OK"
REC-100618,  714000274  ,  714007672  ,"Nov 21, 2023 21:06",DATA_RECHARGE,  13950  ,Terminated,Arusha﻿,120,3G WCDMA,Tecno Spark 10 Pro,"VIP Subscriber, priority routing"
REC-101322,0714028359,255714024249,2023-11-04 19:30:46,VOICE_CALL,"6,909.8000",suspnded,Morogoro,120,4G LTE,"iPhone 13,2 (iOS 16.5)",Flagged for KYC update; verified by agent
REC-102060,0000000000,+255 714 028 359,"Dec 01, 2023 20:11",SMS_PACK,"TZS 121,134.03/=",Pending_Kyc​,Mbeya,-15,4G,Nokia 105 (Feature Phone),"USSD session timeout, retry OK"
REC-101102,0000000000,0714031784,11/12/2023 03:06 AM,BUNDLE_PURCHASE,"66,898.82",TERMINATED,Zanzibar,360,4G,Nokia 105 (Feature Phone),Standard call; cell handover success
REC-101560,0714-022-331,+255/714/013974,1699598081,BUNDLE_PURCHASE,"TZS 65,583.99/=",Terminated,,45,4G LTE,Huawei P40 Lite,Flagged for KYC update; verified by agent
REC-100420,  714000000  ,+255 714 021 783,28-11-2023 17:10:57,BUNDLE_PURCHASE,  121214  ,Pending_Kyc​,Arusha﻿,120,2G GSM,Nokia 105 (Feature Phone),"Customer stated: ""Cannot connect to 4G in Posta area, please help"""
REC-101081,0714-009-042,0714-019-317,2023-11-26 08:21:49,SMS_PACK,  13177  ,Term,ZNZ,0,4G LTE,Unknown,Flagged for KYC update; verified by agent
REC-100932,0714026304,+255(0)714000685,25-11-2023 14:59:50,SMS_PACK,FREE,TERMINATED,Dodoma,30s,3G WCDMA,Nokia 105 (Feature Phone),"Customer stated: ""Cannot connect to 4G in Posta area, please help"""
REC-100145,255714004795,0714024934,03-12-2023 22:34:00,BUNDLE_PURCHASE,NaN,Term,ARUSHA,02:15,2G GSM,Nokia 105 (Feature Phone),None
REC-101016,tel:+255-714-002603,tel:+255-714-008768,2023-12-04 06:33:20,BUNDLE_PURCHASE,"TZS 143,911.73/=",PENDING_KYC,Arusha,45,3G WCDMA,Unknown,Flagged for KYC update; verified by agent
REC-100084,255714033154,0714001233,2023-11-30 14:30:33,DATA_RECHARGE,"58,602.55",null,Dodoma ,45,3G WCDMA,Nokia 105 (Feature Phone),"VIP Subscriber, priority routing"
REC-102256,+255(0)714025208,+255 714 001 644,2023-11-21 17:03:15,TIGO_PESA_CASH_OUT,"34,594.15",Terminated,ARUSHA,02:15,3G WCDMA,Nokia 105 (Feature Phone),None
REC-100876,+255 714 019 591,255714017673,15-11-2023 16:35:57,TIGO_PESA_CASH_OUT,"TZS 118,052.47/=",ACTV,Mbeya,120,unknown,Transsion Infinix Hot 30,
REC-101677,  714026304  ,0714-001-781,18-11-2023 08:08:57,SMS_PACK,$ 28.11 USD,CHURNED,Dar es Salaam,0,4G LTE,"iPhone 13,2 (iOS 16.5)","Customer stated: ""Cannot connect to 4G in Posta area, please help"""
REC-100062,+255/714/020961,  714001370  ,"Nov 05, 2023 18:21",VOICE_CALL,  34724  ,,Morogoro,-15,unknown,Nokia 105 (Feature Phone),None
REC-100244,+255(0)714014385,+255 714 030 825,11/11/2023 04:06 AM,TIGO_PESA_CASH_OUT,FREE,UNKNOWN,Arusha﻿,1800,unknown,Samsung Galaxy A14; Android 13,"Customer stated: ""Cannot connect to 4G in Posta area, please help"""
REC-102235,0714-030-140,+255(0)714032880,1700510677,TIGO_PESA_CASH_IN,"79,990.3500",actve,  Dar es Salaam  ,1800,unknown,Samsung Galaxy A14; Android 13,"USSD session timeout, retry OK"
REC-101860,0714-025-345,0714004932,28-11-2023 21:46:42,BUNDLE_PURCHASE,"TZS 4,532.74/=",SUSPENDED,Arusha﻿,N/A,LTE-A,Unknown,Standard call; cell handover success
REC-102234,+255(0)714011919,255714015344,1701611489,TIGO_PESA_CASH_IN,$ 5.60 USD,suspnded,"Stone Town, Zanzibar",-15,4G LTE,Unknown,"Customer stated: ""Cannot connect to 4G in Posta area, please help"""
REC-101544,  714015755  ,+255 714 020 002,2023-11-10 19:40:20,VOICE_CALL,"TZS 13,349.93/=",UNKNOWN,Zanzibar,1800,4G LTE,"iPhone 13,2 (iOS 16.5)",
REC-101644,N/A,0714002055,11/26/2023 03:43 PM,TIGO_PESA_CASH_IN,"4,033.5200",null,dar-es-salaam,0,2G GSM,Samsung Galaxy A14; Android 13,"Customer stated: ""Cannot connect to 4G in Posta area, please help"""
REC-101824,+255(0)714002192,0714-014-796,1701265375,TIGO_PESA_CASH_IN,"TZS 44,353.59/=",Terminated,"Stone Town, Zanzibar",0,2G GSM,Huawei P40 Lite,Standard call; cell handover success
REC-101821,+255 714 029 729,tel:+255-714-028633,"Nov 14, 2023 20:02",SMS_PACK,$ 8.17 USD,churn,mwanza,360,4G LTE,"iPhone 13,2 (iOS 16.5)",None
REC-101554,  714011097  ,tel:+255-714-010960,11/25/2023 04:04 PM,DATA_RECHARGE,"-69,759.22",PENDING_KYC,ARUSHA,360,LTE-A,Unknown,Flagged for KYC update; verified by agent
REC-102148,tel:+255-714-025893,0714-029-318,1700465398,TIGO_PESA_CASH_IN,$ 7.36 USD,SUSPENDED,Tanga,0,4G,Transsion Infinix Hot 30,Standard call; cell handover success
REC-101186,tel:+255-714-024523,+255 714 012 467,2023-11-19 13:07:38,TIGO_PESA_CASH_IN,,  active  ,DAR ES SALAAM,-15,unknown,"iPhone 13,2 (iOS 16.5)",None
REC-101003,N/A,0714-013-015,11/05/2023 06:18 PM,TIGO_PESA_CASH_IN,$ 1.90 USD,ACTV,Dodoma ,-15,2G GSM,Transsion Infinix Hot 30,None
REC-100024,N/A,+255 714 010 412,2023-11-17T08:20:50+03:00,VOICE_CALL,"-133,512.05",Terminated,Tanga,120,LTE-A,Tecno Spark 10 Pro,Flagged for KYC update; verified by agent
REC-101595,0714010686,  714009316  ,"Nov 21, 2023 19:43",DATA_RECHARGE,FREE,Terminated,  Dar es Salaam  ,N/A,4G LTE,Tecno Spark 10 Pro,Standard call; cell handover success
REC-101035,+255 714 018 906,tel:+255-714-012467,11/16/2023 11:52 AM,BUNDLE_PURCHASE,"TZS 87,054.29/=",UNKNOWN,"Stone Town, Zanzibar",1800,5G NR,Samsung Galaxy A14; Android 13,None
REC-102056,+255 714 003 699,+255 714 011 234,27-11-2023 05:07:53,BUNDLE_PURCHASE,NaN,Term,dar-es-salaam,N/A,4G,Unknown,Flagged for KYC update; verified by agent
REC-101853,+255(0)714012330,0000000000,2023-11-29 18:44:49,TIGO_PESA_CASH_IN,FREE,pending,Arusha (CBD),360,4G,Samsung Galaxy A14; Android 13,Flagged for KYC update; verified by agent
REC-102066,tel:+255-714-023701,tel:+255-714-023290,"Nov 16, 2023 10:17",SMS_PACK,"TZS 57,366.15/=",UNKNOWN,Morogoro,360,LTE-A,Transsion Infinix Hot 30,"Customer stated: ""Cannot connect to 4G in Posta area, please help"""
REC-100914,N/A,0714-023-427,2023-11-15 18:19:29,DATA_RECHARGE,"-14,155.07",SUSPENDED,"Stone Town, Zanzibar",-15,5G NR,Samsung Galaxy A14; Android 13,"VIP Subscriber, priority routing"
REC-101026,N/A,  714010138  ,1700163315,TIGO_PESA_CASH_IN,"122,846.08",suspnded,Mwanza,N/A,unknown,Samsung Galaxy A14; Android 13,"USSD session timeout, retry OK"
REC-102069,  714003836  ,  714030825  ,"Nov 19, 2023 06:19",TIGO_PESA_CASH_IN,"39,301.49",Pending_Kyc​,Arusha,02:15,5G NR,Tecno Spark 10 Pro,"Customer stated: ""Cannot connect to 4G in Posta area, please help"""
REC-101021,+255/714/033565,0714-020-961,1701174216,SMS_PACK,"144,505.04",actve,Mwanza,360,5G NR,Nokia 105 (Feature Phone),Standard call; cell handover success
REC-100509,  714007809  ,0714-000-822,11/27/2023 10:46 AM,VOICE_CALL,FREE,PENDING_KYC,ARUSHA,N/A,LTE-A,Nokia 105 (Feature Phone),Flagged for KYC update; verified by agent
REC-102092,+255(0)714027126,+255 714 001 781,1701072553,BUNDLE_PURCHASE,  60291  ,Term,Tanga,-15,LTE-A,Huawei P40 Lite,"Customer stated: ""Cannot connect to 4G in Posta area, please help"""
REC-101509,  714003151  ,+255(0)714020139,2023-11-20 02:15:41,TIGO_PESA_CASH_OUT,"82,294.70",SUSPENDED,DAR ES SALAAM,N/A,unknown,Samsung Galaxy A14; Android 13,None
REC-101434,tel:+255-714-003699,255714028496,11/06/2023 03:02 PM,SMS_PACK,NaN,pending,DAR ES SALAAM,45,4G,Samsung Galaxy A14; Android 13,"VIP Subscriber, priority routing"
REC-100210,0000000000,+255 714 007 535,1700138222,TIGO_PESA_CASH_IN,"TZS 131,284.07/=",TERMINATED,Dodoma,0,3G WCDMA,Unknown,"VIP Subscriber, priority routing"
REC-101377,+255(0)714001507,0714030962,"Dec 04, 2023 02:43",TIGO_PESA_CASH_OUT,"TZS 57,867.74/=",TERMINATED,Tanga,02:15,4G LTE,Tecno Spark 10 Pro,"Customer stated: ""Cannot connect to 4G in Posta area, please help"""
REC-100610,255714016851,0714-000-959,2023-11-17T13:48:57+03:00,BUNDLE_PURCHASE,  144539  ,suspnded,Mbeya,45,5G NR,Huawei P40 Lite,"Customer stated: ""Cannot connect to 4G in Posta area, please help"""
REC-101067,255714007261,+255/714/033017,26-11-2023 11:12:13,TIGO_PESA_CASH_OUT,$ 57.15 USD,Term,Mwanza Rock City,02:15,4G,Nokia 105 (Feature Phone),Standard call; cell handover success
REC-101205,+255(0)714028222,0714-006-576,2023-11-08 16:54:49,VOICE_CALL,"24,762.67",UNKNOWN,Mbeya,120,3G WCDMA,Unknown,
REC-100600,+255 714 029 866,255714014248,2023/11/04,DATA_RECHARGE,"18,102.46",CHURNED,mwanza,360,3G WCDMA,Samsung Galaxy A14; Android 13,None
REC-102412,+255/714/033839,  714002192  ,16-11-2023 21:46:01,BUNDLE_PURCHASE,"109,462.17",Terminated,DODOMA (Capital),-15,5G NR,"iPhone 13,2 (iOS 16.5)",Standard call; cell handover success
REC-100746,+255/714/010823,  714005617  ,"Nov 13, 2023 15:04",VOICE_CALL,"21,956.59",pending,N/A,02:15,4G LTE,Nokia 105 (Feature Phone),Standard call; cell handover success
REC-100466,0714-033-428,0714028496,14-11-2023 06:01:07,BUNDLE_PURCHASE,  59199  ,actve,Arusha,1800,unknown,Transsion Infinix Hot 30,Flagged for KYC update; verified by agent
REC-101806,N/A,0714007535,2023-11-07 00:36:46,TIGO_PESA_CASH_OUT,"35,857.35",suspnded,Dodoma ,-15,5G NR,Samsung Galaxy A14; Android 13,Flagged for KYC update; verified by agent
REC-101008,  714005069  ,+255/714/020276,1700714932,SMS_PACK,"TZS 7,678.76/=",SUSPENDED,Dar es Salaam,45,LTE-A,Samsung Galaxy A14; Android 13,None
REC-102147,0714000274,+255 714 015 755,"Nov 06, 2023 19:30",BUNDLE_PURCHASE,"149,972.5500",null,mwanza,30s,5G NR,Transsion Infinix Hot 30,"Customer stated: ""Cannot connect to 4G in Posta area, please help"""
REC-100261,0714-016-303,0714-009-179,2023-11-09 04:53:20,VOICE_CALL,"100,387.1100",,Arusha﻿,1800,4G LTE,Unknown,"Customer stated: ""Cannot connect to 4G in Posta area, please help"""
REC-100225,255714033154,0714-027-674,"Nov 24, 2023 16:14",TIGO_PESA_CASH_OUT,"TZS 105,420.69/=",null,Mbeya,45,5G NR,Samsung Galaxy A14; Android 13,"USSD session timeout, retry OK"
REC-101168,+255(0)714012330,tel:+255-714-027537,1700154573,BUNDLE_PURCHASE,"TZS 140,562.08/=",Pending_Kyc​,Arusha,-15,4G,Samsung Galaxy A14; Android 13,Standard call; cell handover success
REC-101855,0000000000,tel:+255-714-009316,1699945012,VOICE_CALL,"-75,378.61",Term,N/A,1800,unknown,Transsion Infinix Hot 30,
REC-100195,0714-020-687,  714019043  ,2023-11-26 22:03:03,SMS_PACK,"31,842.4400",  active  ,Dodoma ,N/A,4G,Nokia 105 (Feature Phone),"USSD session timeout, retry OK"
REC-100818,255714025071,+255 714 014 111,1700225193,TIGO_PESA_CASH_OUT,"31,252.9500",Terminated,Tanga,360,LTE-A,Samsung Galaxy A14; Android 13,"VIP Subscriber, priority routing"
REC-101473,N/A,+255(0)714030140,2023/11/04,VOICE_CALL,"TZS 141,644.80/=",suspnded,Mbeya,360,4G LTE,Huawei P40 Lite,"Customer stated: ""Cannot connect to 4G in Posta area, please help"""
REC-100490,tel:+255-714-004795,0714-030-551,2023-11-27T01:09:57+03:00,SMS_PACK,FREE,  active  ,DODOMA (Capital),30s,2G GSM,Samsung Galaxy A14; Android 13,"USSD session timeout, retry OK"
REC-100374,+255 714 004 658,0714010138,28-11-2023 09:26:20,DATA_RECHARGE,"TZS 48,436.24/=",null,Dar es Salaam,45,4G LTE,Tecno Spark 10 Pro,"USSD session timeout, retry OK"
REC-101229,0714-009-453,255714020550,1701623177,BUNDLE_PURCHASE,"TZS 84,821.29/=",Pending_Kyc​,Tanga,120,4G,Tecno Spark 10 Pro,"VIP Subscriber, priority routing"
REC-100328,  714004658  ,+255/714/023701,21-11-2023 22:11:11,TIGO_PESA_CASH_IN,"TZS 73,302.22/=",  active  ,Mwanza,45,2G GSM,"iPhone 13,2 (iOS 16.5)","USSD session timeout, retry OK"
REC-100246,  714009727  ,0714001918,12/02/2023 08:37 PM,DATA_RECHARGE,"TZS 146,109.99/=",suspnded,Mwanza,1800,unknown,Unknown,
REC-102064,+255(0)714002055,0714-003-425,2023-11-15 22:02:31,BUNDLE_PURCHASE,"TZS 98,801.32/=",suspnded,ARUSHA,-15,unknown,Huawei P40 Lite,
REC-102108,0714-030-277,0714000274,2023-11-24T23:49:44+03:00,TIGO_PESA_CASH_IN,"49,350.49",actve,"Stone Town, Zanzibar",02:15,5G NR,Samsung Galaxy A14; Android 13,"USSD session timeout, retry OK"
REC-102200,255714028496,+255 714 005 343,2023-11-21 03:30:09,DATA_RECHARGE,  142313  ,suspnded,"Stone Town, Zanzibar",360,LTE-A,Unknown,None
REC-101733,+255/714/032195,+255/714/029044,2023-12-02 16:48:04,TIGO_PESA_CASH_IN,"TZS 64,831.13/=",Pending_Kyc​,mwanza,-15,4G LTE,Nokia 105 (Feature Phone),Flagged for KYC update; verified by agent
REC-101304,0714021920,0000000000,1699250153,SMS_PACK,"TZS 98,397.51/=",SUSPENDED,Arusha﻿,1800,3G WCDMA,Transsion Infinix Hot 30,"Customer stated: ""Cannot connect to 4G in Posta area, please help"""
REC-102485,+255/714/031099,0714-028-496,2023-11-12 17:06:01,SMS_PACK,$ 32.19 USD,CHURNED,DODOMA (Capital),N/A,2G GSM,Huawei P40 Lite,"VIP Subscriber, priority routing"
REC-100985,N/A,N/A,1700736042,SMS_PACK,  143980  ,suspnded,Mwanza,02:15,4G LTE,Samsung Galaxy A14; Android 13,"VIP Subscriber, priority routing"
REC-100124,255714010960,255714032606,1701085582,TIGO_PESA_CASH_IN,  5975  ,Terminated,Dodoma,-15,unknown,Nokia 105 (Feature Phone),"USSD session timeout, retry OK"
REC-101757,+255/714/006165,+255/714/026852,2023-12-02 00:25:03,BUNDLE_PURCHASE,$ 55.84 USD,null,Arusha,02:15,LTE-A,Tecno Spark 10 Pro,None
REC-101549,  714024249  ,0714-018-906,11/19/2023 04:07 AM,TIGO_PESA_CASH_OUT,FREE,Terminated,ZNZ,1800,3G WCDMA,Huawei P40 Lite,Standard call; cell handover success
REC-100887,+255/714/004110,0714015481,2023-11-11 03:37:36,TIGO_PESA_CASH_IN,"TZS 109,879.24/=",CHURNED,dar-es-salaam,120,LTE-A,Samsung Galaxy A14; Android 13,"USSD session timeout, retry OK"
REC-100685,+255(0)714000137,0000000000,1701138122,TIGO_PESA_CASH_OUT,  113658  ,Term,Dodoma,30s,5G NR,Unknown,Flagged for KYC update; verified by agent
REC-100964,+255(0)714025071,0000000000,"Nov 25, 2023 19:08",TIGO_PESA_CASH_OUT,"TZS 124,249.20/=",churn,DAR ES SALAAM,30s,3G WCDMA,Nokia 105 (Feature Phone),Standard call; cell handover success
REC-101780,  714021098  ,0000000000,12-11-2023 00:31:41,DATA_RECHARGE,"TZS 60,666.41/=",  active  ,mwanza,360,4G LTE,Nokia 105 (Feature Phone),
REC-100827,0714005617,+255 714 010 549,11/26/2023 01:00 PM,VOICE_CALL,FREE,actve,DAR ES SALAAM,N/A,5G NR,Samsung Galaxy A14; Android 13,"Customer stated: ""Cannot connect to 4G in Posta area, please help"""
REC-102087,+255(0)714010823,+255 714 024 112,12-11-2023 10:31:46,BUNDLE_PURCHASE,"53,909.94",UNKNOWN,Mwanza Rock City,1800,4G,Tecno Spark 10 Pro,
REC-102078,+255 714 016 851,255714032743,2023-11-07 15:16:11,VOICE_CALL,"TZS 136,222.50/=",ACTV,Morogoro,0,4G LTE,Huawei P40 Lite,"Customer stated: ""Cannot connect to 4G in Posta area, please help"""
REC-100958,0714030003,0714014111,1700985154,DATA_RECHARGE,"TZS 138,624.63/=",Terminated,Dar es Salaam,1800,unknown,Tecno Spark 10 Pro,None
REC-101558,+255 714 010 412,  714031236  ,2023-11-20 08:52:28,TIGO_PESA_CASH_IN,"TZS 83,662.67/=",Terminated,mwanza,45,unknown,Unknown,
REC-100381,tel:+255-714-019454,255714027537,2023-11-13T21:02:35+03:00,VOICE_CALL,"103,542.87",ACTV,Mwanza,-15,3G WCDMA,Nokia 105 (Feature Phone),"Customer stated: ""Cannot connect to 4G in Posta area, please help"""
REC-100065,0000000000,255714003973,04-11-2023 13:33:47,SMS_PACK,$ 52.19 USD,Active,Arusha (CBD),1800,5G NR,Huawei P40 Lite,None
REC-100840,255714000274,tel:+255-714-020276,2023-11-26T02:04:41+03:00,VOICE_CALL,"136,262.20",ACTV,Zanzibar,N/A,5G NR,Samsung Galaxy A14; Android 13,Flagged for KYC update; verified by agent
REC-102227,+255(0)714005206,0714017947,2023-12-02 12:01:39,DATA_RECHARGE,"44,758.47",ACTIVE,Arusha (CBD),-15,2G GSM,Huawei P40 Lite,"USSD session timeout, retry OK"
REC-102059,+255 714 015 755,tel:+255-714-016988,12/03/2023 09:16 AM,SMS_PACK,"93,003.1900",Suspended,DAR ES SALAAM,360,5G NR,Tecno Spark 10 Pro,"VIP Subscriber, priority routing"
REC-101314,255714000137,tel:+255-714-006713,2023-11-29T09:06:24+03:00,BUNDLE_PURCHASE,FREE,Pending_Kyc​,Tanga,N/A,4G,Samsung Galaxy A14; Android 13,Flagged for KYC update; verified by agent
REC-101574,+255(0)714030414,+255 714 012 330,11/14/2023 10:03 AM,TIGO_PESA_CASH_IN,$ 37.08 USD,SUSPENDED,Mwanza Rock City,30s,4G,Huawei P40 Lite,"USSD session timeout, retry OK"
REC-102419,tel:+255-714-024660,0714-004-521,2023-11-27T02:22:32+03:00,VOICE_CALL,"98,756.02",TERMINATED,ZNZ,-15,unknown,Tecno Spark 10 Pro,Flagged for KYC update; verified by agent
REC-102142,+255/714/028222,0000000000,2023-11-26 20:59:41,TIGO_PESA_CASH_IN,"TZS 113,805.81/=",null,Arusha (CBD),0,2G GSM,"iPhone 13,2 (iOS 16.5)","USSD session timeout, retry OK"
REC-100705,0714-027-811,0714020687,"Nov 25, 2023 13:28",TIGO_PESA_CASH_IN,"TZS 85,927.75/=",  active  ,Mbeya,45,3G WCDMA,Unknown,
REC-102026,+255 714 026 989,N/A,11/27/2023 10:46 PM,BUNDLE_PURCHASE,$ 35.05 USD,ACTV,Morogoro,30s,unknown,Transsion Infinix Hot 30,"USSD session timeout, retry OK"
REC-100047,+255(0)714032469,N/A,11/14/2023 03:17 AM,VOICE_CALL,FREE,suspnded,  Dar es Salaam  ,360,unknown,Nokia 105 (Feature Phone),Standard call; cell handover success
REC-100700,+255(0)714026304,  714027674  ,1700375378,TIGO_PESA_CASH_OUT,$ 39.35 USD,pending,"Stone Town, Zanzibar",360,4G,"iPhone 13,2 (iOS 16.5)",Flagged for KYC update; verified by agent
REC-102180,+255(0)714015618,+255/714/019591,1700540298,VOICE_CALL,FREE,,  Dar es Salaam  ,1800,4G LTE,Transsion Infinix Hot 30,"Customer stated: ""Cannot connect to 4G in Posta area, please help"""
REC-100431,N/A,  714027948  ,2023-11-11 18:10:30,TIGO_PESA_CASH_IN,"126,190.50",churn,N/A,1800,unknown,"iPhone 13,2 (iOS 16.5)",Standard call; cell handover success
REC-101209,+255(0)714020824,+255 714 018 221,2023-11-28 12:10:34,BUNDLE_PURCHASE,"149,422.2800",Active,N/A,30s,4G,Tecno Spark 10 Pro,Standard call; cell handover success
REC-102306,0714-033-017,+255 714 007 946,2023-12-04 08:35:54,TIGO_PESA_CASH_IN,"13,799.7600",Terminated,dar-es-salaam,-15,unknown,Transsion Infinix Hot 30,"VIP Subscriber, priority routing"
REC-100969,+255 714 022 331,0714-007-946,12/02/2023 08:54 PM,VOICE_CALL,"39,283.4700",UNKNOWN,DODOMA (Capital),N/A,2G GSM,"iPhone 13,2 (iOS 16.5)","USSD session timeout, retry OK"
REC-101446,0714004658,255714006302,1701473515,TIGO_PESA_CASH_IN,"TZS 130,852.48/=",SUSPENDED,Dodoma ,-15,4G LTE,Tecno Spark 10 Pro,"VIP Subscriber, priority routing"
REC-100553,255714020687,0714-028-907,2023-11-22 08:30:24,DATA_RECHARGE,"59,327.38",,Arusha﻿,-15,4G LTE,Huawei P40 Lite,
REC-102452,0714-006-439,  714017262  ,2023-11-10 03:57:04,DATA_RECHARGE,"TZS 4,375.03/=",  active  ,Arusha (CBD),1800,4G LTE,"iPhone 13,2 (iOS 16.5)","VIP Subscriber, priority routing"
REC-101343,0714023975,+255(0)714020687,2023-11-23 19:42:55,VOICE_CALL,"-95,176.96",SUSPENDED,  Dar es Salaam  ,N/A,3G WCDMA,Transsion Infinix Hot 30,None
REC-101377,+255(0)714001507,0714030962,"Dec 04, 2023 02:43",TIGO_PESA_CASH_OUT,"TZS 57,867.74/=",TERMINATED,Tanga,02:15,4G LTE,Tecno Spark 10 Pro,"Customer stated: ""Cannot connect to 4G in Posta area, please help"""
REC-100916,+255(0)714010823,+255(0)714029318,2023-11-14T21:25:58+03:00,DATA_RECHARGE,FREE,ACTV,Dodoma ,1800,3G WCDMA,Transsion Infinix Hot 30,
REC-100659,+255 714 006 713,0714-013-837,"Nov 11, 2023 03:14",TIGO_PESA_CASH_IN,$ 40.28 USD,pending,dar-es-salaam,0,2G GSM,Nokia 105 (Feature Phone),Flagged for KYC update; verified by agent
REC-100441,0714-031-373,255714021509,2023-11-20 13:04:55,TIGO_PESA_CASH_IN,"TZS 68,265.82/=",Pending_Kyc​,  Dar es Salaam  ,30s,3G WCDMA,Transsion Infinix Hot 30,None
REC-100516,+255/714/028633,+255(0)714015481,1700534641,DATA_RECHARGE,"TZS 106,629.28/=",actve,Arusha﻿,45,unknown,Nokia 105 (Feature Phone),Flagged for KYC update; verified by agent
REC-102494,+255/714/026167,+255 714 020 687,2023-11-13 08:23:43,TIGO_PESA_CASH_OUT,"TZS 78,267.97/=",UNKNOWN,Dodoma ,02:15,unknown,Unknown,Standard call; cell handover success
REC-101904,+255(0)714007261,0714-007-809,"Nov 22, 2023 03:52",DATA_RECHARGE,NaN,actve,Arusha (CBD),45,4G,Nokia 105 (Feature Phone),Standard call; cell handover success
REC-101866,tel:+255-714-021098,255714000959,2023-12-01 01:19:01,VOICE_CALL,$ 9.45 USD,null,ZNZ,02:15,unknown,Nokia 105 (Feature Phone),None
REC-100045,255714001781,tel:+255-714-033291,1699268854,VOICE_CALL,"TZS 142,466.95/=",ACTIVE,Tanga,45,4G,"iPhone 13,2 (iOS 16.5)","Customer stated: ""Cannot connect to 4G in Posta area, please help"""
REC-101710,+255(0)714005480,+255/714/031373,2023-11-06 19:51:51,TIGO_PESA_CASH_IN,$ 58.50 USD,PENDING_KYC,DAR ES SALAAM,45,unknown,Transsion Infinix Hot 30,
REC-101768,+255 714 013 700,+255 714 004 521,2023-11-05 07:43:45,DATA_RECHARGE,$ 37.57 USD,SUSPENDED,Dodoma ,120,LTE-A,Tecno Spark 10 Pro,"USSD session timeout, retry OK"
REC-100484,+255 714 020 413,0714016988,2023-12-04 02:15:49,TIGO_PESA_CASH_OUT,"27,120.08",pending,Arusha (CBD),30s,5G NR,"iPhone 13,2 (iOS 16.5)","USSD session timeout, retry OK"
REC-101849,0714020413,+255 714 026 989,"Dec 03, 2023 11:03",TIGO_PESA_CASH_OUT,NaN,,"Stone Town, Zanzibar",45,unknown,Tecno Spark 10 Pro,"USSD session timeout, retry OK"
REC-102020,0000000000,  714016577  ,11/05/2023 09:45 PM,SMS_PACK,"16,024.9500",actve,ZNZ,N/A,3G WCDMA,Transsion Infinix Hot 30,None
REC-100415,255714001370,  714019454  ,2023/11/04,TIGO_PESA_CASH_IN,FREE,Terminated,Zanzibar,45,3G WCDMA,Tecno Spark 10 Pro,Standard call; cell handover success
REC-100962,0714007124,0714-020-139,"Nov 16, 2023 06:02",DATA_RECHARGE,$ 58.37 USD,actve,Tanga,30s,unknown,"iPhone 13,2 (iOS 16.5)",Flagged for KYC update; verified by agent
REC-101299,+255 714 012 741,+255(0)714026715,2023-11-12 19:22:55,DATA_RECHARGE,"33,974.28",SUSPENDED,dar-es-salaam,02:15,LTE-A,Unknown,
REC-101159,0000000000,tel:+255-714-016440,07-11-2023 15:35:50,TIGO_PESA_CASH_OUT,"TZS 107,103.92/=",,Dodoma,30s,3G WCDMA,Samsung Galaxy A14; Android 13,"Customer stated: ""Cannot connect to 4G in Posta area, please help"""
REC-100975,0714-007-261,  714007946  ,09-11-2023 06:42:55,BUNDLE_PURCHASE,"TZS 132,305.29/=",  active  ,Arusha (CBD),N/A,4G LTE,Transsion Infinix Hot 30,"VIP Subscriber, priority routing"
REC-100946,+255 714 001 233,  714020824  ,23-11-2023 17:50:44,DATA_RECHARGE,$ 10.68 USD,ACTV,Arusha,N/A,3G WCDMA,Tecno Spark 10 Pro,"USSD session timeout, retry OK"
REC-101805,N/A,255714013152,UNKNOWN_TIME,SMS_PACK,"57,962.9100",ACTV,Dodoma,N/A,unknown,Huawei P40 Lite,"Customer stated: ""Cannot connect to 4G in Posta area, please help"""
REC-101213,  714010823  ,  714029455  ,2023-11-08T09:02:11+03:00,SMS_PACK,$ 33.03 USD,null,mwanza,1800,LTE-A,Tecno Spark 10 Pro,"VIP Subscriber, priority routing"
REC-100538,0714021783,  714017947  ,2023-11-05 09:53:47,SMS_PACK,FREE,,"Stone Town, Zanzibar",120,LTE-A,Unknown,
REC-101061,0714-013-700,0714-013-289,2023-11-13 10:33:17,SMS_PACK,  29554  ,pending,Dar es Salaam,N/A,4G LTE,Unknown,Flagged for KYC update; verified by agent
REC-101725,0714-024-249,+255 714 025 893,11/05/2023 07:31 AM,BUNDLE_PURCHASE,"35,821.9200",Term,Mbeya,0,2G GSM,"iPhone 13,2 (iOS 16.5)",
REC-100803,N/A,  714021235  ,"Dec 02, 2023 08:55",SMS_PACK,"63,551.6500",Term,Arusha (CBD),120,4G LTE,Unknown,"Customer stated: ""Cannot connect to 4G in Posta area, please help"""
REC-100236,0714020276,tel:+255-714-003288,12/03/2023 05:49 AM,BUNDLE_PURCHASE,  9811  ,ACTV,Arusha﻿,360,5G NR,Unknown,"USSD session timeout, retry OK"
REC-100672,+255 714 032 880,0714-007-124,14-11-2023 10:20:03,DATA_RECHARGE,"76,359.97",pending,mwanza,45,LTE-A,"iPhone 13,2 (iOS 16.5)",Flagged for KYC update; verified by agent
REC-101222,0714023838,0714-009-590,"Nov 14, 2023 13:08",TIGO_PESA_CASH_OUT,FREE,suspnded,"Stone Town, Zanzibar",N/A,5G NR,Transsion Infinix Hot 30,"VIP Subscriber, priority routing"
REC-101790,0714-006-439,0000000000,11/26/2023 06:49 AM,TIGO_PESA_CASH_IN,"TZS 82,717.55/=",TERMINATED,"Stone Town, Zanzibar",02:15,4G LTE,Transsion Infinix Hot 30,
REC-101397,+255 714 024 797,N/A,2023-11-16T16:53:33+03:00,BUNDLE_PURCHASE,  119634  ,Active,Dar es Salaam,1800,4G LTE,Samsung Galaxy A14; Android 13,"Customer stated: ""Cannot connect to 4G in Posta area, please help"""
REC-100226,N/A,0000000000,2023-11-20 08:54:50,TIGO_PESA_CASH_OUT,"88,172.3600",  active  ,mwanza,02:15,LTE-A,Unknown,Flagged for KYC update; verified by agent
REC-102405,  714026852  ,0714003014,06-11-2023 18:18:46,TIGO_PESA_CASH_IN,  78384  ,churn,ZNZ,1800,4G LTE,Tecno Spark 10 Pro,"USSD session timeout, retry OK"
REC-101647,tel:+255-714-006439,+255 714 005 069,2023-11-12 14:12:30,DATA_RECHARGE,$ 44.66 USD,ACTV,Dar es Salaam,30s,5G NR,Samsung Galaxy A14; Android 13,Flagged for KYC update; verified by agent
REC-100990,255714031921,+255(0)714017947,UNKNOWN_TIME,TIGO_PESA_CASH_IN,$ 47.45 USD,,Mwanza Rock City,0,LTE-A,Samsung Galaxy A14; Android 13,Standard call; cell handover success
REC-100092,+255(0)714030688,+255/714/026852,11/15/2023 02:26 PM,TIGO_PESA_CASH_OUT,$ 20.47 USD,PENDING_KYC,  Dar es Salaam  ,30s,3G WCDMA,Tecno Spark 10 Pro,
REC-100894,0714028222,255714030277,2023-11-18 15:10:49,TIGO_PESA_CASH_IN,FREE,PENDING_KYC,DAR ES SALAAM,1800,unknown,Tecno Spark 10 Pro,"USSD session timeout, retry OK"
REC-101002,N/A,0000000000,1699861747,TIGO_PESA_CASH_IN,"TZS 131,922.07/=",SUSPENDED,Dar es Salaam,N/A,4G,Tecno Spark 10 Pro,"Customer stated: ""Cannot connect to 4G in Posta area, please help"""
REC-102001,0714-025-071,0714-030-003,"Nov 28, 2023 05:47",DATA_RECHARGE,,CHURNED,,N/A,unknown,Unknown,
REC-102119,  714002877  ,+255/714/000685,2023-12-01 04:10:11,BUNDLE_PURCHASE,"56,917.19",Suspended,Dar es Salaam,360,LTE-A,Huawei P40 Lite,None
REC-100044,0714-013-289,255714011371,1700690170,TIGO_PESA_CASH_IN,FREE,TERMINATED,dar-es-salaam,N/A,4G LTE,Nokia 105 (Feature Phone),Standard call; cell handover success
REC-102418,  714018495  ,0714010001,2023-11-21 11:23:14,TIGO_PESA_CASH_OUT,FREE,CHURNED,Dodoma ,1800,unknown,Transsion Infinix Hot 30,Flagged for KYC update; verified by agent
REC-101797,+255(0)714032058,255714028770,2023/11/04,SMS_PACK,$ 26.80 USD,ACTV,DODOMA (Capital),30s,4G,Huawei P40 Lite,
REC-101837,0714-032-195,N/A,1701327404,SMS_PACK,NaN,Terminated,ARUSHA,45,5G NR,Transsion Infinix Hot 30,
REC-102081,N/A,+255 714 005 617,11-11-2023 02:16:31,TIGO_PESA_CASH_IN,"82,169.65",Term,Dodoma ,30s,2G GSM,Nokia 105 (Feature Phone),"VIP Subscriber, priority routing"
REC-101671,0714-020-550,+255/714/027537,13-11-2023 04:30:16,SMS_PACK,$ 4.07 USD,,Dodoma ,1800,4G LTE,Transsion Infinix Hot 30,"Customer stated: ""Cannot connect to 4G in Posta area, please help"""
REC-101676,+255 714 017 399,+255/714/026167,1701426898,TIGO_PESA_CASH_OUT,"7,315.2800",churn,Arusha,30s,LTE-A,Nokia 105 (Feature Phone),Standard call; cell handover success
REC-101446,0714004658,255714006302,1701473515,TIGO_PESA_CASH_IN,"TZS 130,852.48/=",SUSPENDED,Dodoma ,-15,4G LTE,Tecno Spark 10 Pro,"VIP Subscriber, priority routing"
REC-101206,255714012193,255714000959,2023-11-09T02:31:43+03:00,BUNDLE_PURCHASE,"116,491.39",SUSPENDED,Arusha (CBD),N/A,unknown,Huawei P40 Lite,
REC-101553,+255 714 028 359,tel:+255-714-021098,12-11-2023 03:55:07,DATA_RECHARGE,"TZS 89,083.11/=",Term,Dodoma ,120,4G LTE,"iPhone 13,2 (iOS 16.5)",Standard call; cell handover success
REC-101452,+255 714 013 563,255714002466,02-12-2023 13:11:07,VOICE_CALL,"96,796.74",PENDING_KYC,Mbeya,-15,4G LTE,Huawei P40 Lite,"Customer stated: ""Cannot connect to 4G in Posta area, please help"""
REC-102115,+255/714/014248,+255(0)714014248,2023/11/04,TIGO_PESA_CASH_IN,"TZS 46,974.57/=",TERMINATED,ARUSHA,1800,3G WCDMA,Samsung Galaxy A14; Android 13,"Customer stated: ""Cannot connect to 4G in Posta area, please help"""
REC-101603,tel:+255-714-032606,0714-023-975,"Nov 30, 2023 17:43",BUNDLE_PURCHASE,$ 24.69 USD,Terminated,ARUSHA,360,3G WCDMA,Tecno Spark 10 Pro,
REC-102195,  714020276  ,tel:+255-714-028359,1701555249,TIGO_PESA_CASH_OUT,  67053  ,CHURNED,Arusha (CBD),02:15,3G WCDMA,"iPhone 13,2 (iOS 16.5)","USSD session timeout, retry OK"
REC-102028,+255(0)714009179,tel:+255-714-009453,26-11-2023 05:15:16,BUNDLE_PURCHASE,$ 50.15 USD,pending,DAR ES SALAAM,120,LTE-A,Samsung Galaxy A14; Android 13,None
REC-100688,tel:+255-714-011234,+255/714/000548,2023/11/04,SMS_PACK,  66924  ,churn,Tanga,0,5G NR,Transsion Infinix Hot 30,"Customer stated: ""Cannot connect to 4G in Posta area, please help"""
REC-100229,0714-018-358,0000000000,"Nov 28, 2023 14:16",TIGO_PESA_CASH_OUT,"TZS 76,861.89/=",,ARUSHA,30s,4G,Tecno Spark 10 Pro,None
REC-100838,+255 714 000 685,  714006439  ,2023-11-29 08:10:49,SMS_PACK,"TZS 105,094.49/=",Pending_Kyc​,mwanza,360,LTE-A,Samsung Galaxy A14; Android 13,Standard call; cell handover success
REC-100972,+255/714/029455,  714026167  ,15-11-2023 14:17:38,SMS_PACK,  30778  ,churn,N/A,0,5G NR,Huawei P40 Lite,"VIP Subscriber, priority routing"
REC-102291,255714005480,N/A,UNKNOWN_TIME,SMS_PACK,"146,061.91",pending,Morogoro,02:15,5G NR,Tecno Spark 10 Pro,"Customer stated: ""Cannot connect to 4G in Posta area, please help"""
REC-101169,0714-012-878,+255(0)714029455,11/22/2023 06:13 PM,TIGO_PESA_CASH_IN,"56,356.70",Suspended,Dar es Salaam,120,3G WCDMA,Unknown,
REC-101606,+255(0)714016166,tel:+255-714-025619,"Nov 08, 2023 02:24",DATA_RECHARGE,$ 18.09 USD,pending,dar-es-salaam,N/A,4G LTE,Tecno Spark 10 Pro,None
REC-102280,  714019454  ,255714018769,2023-11-06 04:09:19,VOICE_CALL,"TZS 72,135.53/=",Pending_Kyc​,ARUSHA,-15,LTE-A,Nokia 105 (Feature Phone),Standard call; cell handover success
REC-100403,0714-002-055,tel:+255-714-009864,11/27/2023 01:56 AM,SMS_PACK,"TZS 141,803.88/=",TERMINATED,,30s,unknown,Samsung Galaxy A14; Android 13,"VIP Subscriber, priority routing"
REC-100995,+255 714 033 017,+255 714 029 592,11/07/2023 08:55 PM,TIGO_PESA_CASH_IN,NaN,Suspended,Arusha (CBD),360,4G,Transsion Infinix Hot 30,"USSD session timeout, retry OK"
REC-101851,tel:+255-714-013152,0714-026-304,05-11-2023 04:43:14,BUNDLE_PURCHASE,  48619  ,suspnded,Morogoro,360,LTE-A,Samsung Galaxy A14; Android 13,"USSD session timeout, retry OK"
REC-100280,+255/714/010275,0714016166,2023-12-02T20:08:09+03:00,BUNDLE_PURCHASE,"TZS 141,673.00/=",Suspended,ZNZ,0,unknown,Nokia 105 (Feature Phone),"Customer stated: ""Cannot connect to 4G in Posta area, please help"""
REC-101756,+255 714 025 345,255714015481,2023-11-07 11:30:58,VOICE_CALL,"TZS 60,631.76/=",ACTIVE,"Stone Town, Zanzibar",120,unknown,Huawei P40 Lite,Standard call; cell handover success
REC-101743,+255(0)714008905,0000000000,2023-11-18 18:05:00,BUNDLE_PURCHASE,"TZS 55,773.61/=",ACTV,Dodoma ,1800,2G GSM,Samsung Galaxy A14; Android 13,"USSD session timeout, retry OK"
REC-102292,0714-026-441,+255(0)714013563,"Nov 21, 2023 22:45",VOICE_CALL,"-78,519.41",Term,Arusha,N/A,unknown,Tecno Spark 10 Pro,
REC-101926,0714-026-989,+255/714/006987,2023/11/04,BUNDLE_PURCHASE,"TZS 39,539.40/=",Active,Arusha (CBD),30s,4G,Samsung Galaxy A14; Android 13,"Customer stated: ""Cannot connect to 4G in Posta area, please help"""
REC-100077,+255/714/008768,0714-015-892,11/27/2023 11:12 PM,VOICE_CALL,$ 14.38 USD,,mwanza,360,4G LTE,Unknown,
REC-101527,+255 714 032 469,+255(0)714002192,05-11-2023 20:07:44,DATA_RECHARGE,FREE,actve,Arusha,0,4G,Nokia 105 (Feature Phone),None
REC-101875,255714022331,  714034113  ,11/25/2023 04:57 AM,BUNDLE_PURCHASE,"44,142.42",Pending_Kyc​,Morogoro,360,4G LTE,Unknown,Flagged for KYC update; verified by agent
REC-102153,tel:+255-714-004521,+255 714 019 317,2023-11-11 14:03:12,VOICE_CALL,  7471  ,pending,Mwanza,1800,5G NR,Huawei P40 Lite,"Customer stated: ""Cannot connect to 4G in Posta area, please help"""
REC-100808,0714-025-345,+255 714 015 207,1700647192,BUNDLE_PURCHASE,NaN,Active,Mwanza,-15,4G LTE,Samsung Galaxy A14; Android 13,"USSD session timeout, retry OK"
REC-101845,+255 714 008 905,0714-011-371,11/19/2023 04:42 AM,TIGO_PESA_CASH_IN,$ 4.31 USD,Pending_Kyc​,mwanza,-15,4G,Unknown,None
REC-102105,0714-033-291,0714008220,2023-11-30 02:00:01,TIGO_PESA_CASH_OUT,  65709  ,Active,ZNZ,02:15,unknown,Unknown,"USSD session timeout, retry OK"
REC-101417,+255 714 017 810,0714026441,12/01/2023 05:24 AM,SMS_PACK,"21,168.78",PENDING_KYC,Morogoro,30s,unknown,Nokia 105 (Feature Phone),None
REC-100546,255714017125,N/A,11/25/2023 01:57 AM,TIGO_PESA_CASH_OUT,,ACTV,Dodoma,N/A,LTE-A,Tecno Spark 10 Pro,None
REC-102367,  714013426  ,255714022331,"Nov 18, 2023 23:05",TIGO_PESA_CASH_OUT,,actve,DODOMA (Capital),-15,unknown,Nokia 105 (Feature Phone),"USSD session timeout, retry OK"
REC-101990,+255 714 009 864,+255/714/015618,17-11-2023 05:46:55,VOICE_CALL,NaN,Active,Arusha,N/A,unknown,Nokia 105 (Feature Phone),"VIP Subscriber, priority routing"
REC-100576,  714006576  ,tel:+255-714-003836,2023-11-05 19:27:51,DATA_RECHARGE,"TZS 72,427.02/=",suspnded,Dodoma ,1800,4G,Samsung Galaxy A14; Android 13,"USSD session timeout, retry OK"
REC-100957,255714026304,+255(0)714007535,11/22/2023 03:21 AM,SMS_PACK,FREE,Term,ZNZ,1800,2G GSM,Transsion Infinix Hot 30,Flagged for KYC update; verified by agent
REC-102192,0000000000,0714011919,2023-11-18 06:24:30,TIGO_PESA_CASH_IN,"107,225.76",actve,Zanzibar,-15,4G,Huawei P40 Lite,None
REC-100597,+255 714 015 892,0714003425,11/08/2023 11:41 PM,VOICE_CALL,"TZS 64,020.57/=",Suspended,Zanzibar,0,5G NR,Nokia 105 (Feature Phone),Standard call; cell handover success
REC-101825,+255(0)714005206,  714031099  ,20-11-2023 02:18:36,VOICE_CALL,"49,574.22",Term,Arusha,02:15,4G LTE,Transsion Infinix Hot 30,"USSD session timeout, retry OK"
REC-100414,+255(0)714020824,+255/714/018769,1701283760,VOICE_CALL,FREE,Active,Arusha﻿,1800,2G GSM,Transsion Infinix Hot 30,
REC-100422,+255 714 012 193,+255 714 001 233,03-12-2023 19:06:02,TIGO_PESA_CASH_IN,"TZS 50,001.11/=",actve,Dodoma ,45,4G,Nokia 105 (Feature Phone),"USSD session timeout, retry OK"
REC-100885,0714-004-932,+255/714/003288,1699214714,BUNDLE_PURCHASE,NaN,null,Mbeya,120,4G LTE,Transsion Infinix Hot 30,None
REC-101191,0714-011-097,0714020276,12/01/2023 07:29 AM,SMS_PACK,NaN,Suspended,"Stone Town, Zanzibar",-15,5G NR,"iPhone 13,2 (iOS 16.5)","Customer stated: ""Cannot connect to 4G in Posta area, please help"""
REC-101294,tel:+255-714-015755,+255/714/007124,11/30/2023 10:35 AM,VOICE_CALL,NaN,Pending_Kyc​,,1800,4G,"iPhone 13,2 (iOS 16.5)","VIP Subscriber, priority routing"
REC-100926,255714033017,tel:+255-714-008631,2023/11/04,SMS_PACK,"TZS 113,496.97/=",Active,DODOMA (Capital),360,4G,Tecno Spark 10 Pro,Flagged for KYC update; verified by agent
REC-101092,  714015207  ,N/A,2023-11-13 10:29:32,DATA_RECHARGE,"14,679.51",ACTV,Mwanza,30s,4G,Samsung Galaxy A14; Android 13,"Customer stated: ""Cannot connect to 4G in Posta area, please help"""
REC-101781,N/A,+255 714 016 303,"Nov 07, 2023 18:40",TIGO_PESA_CASH_IN,  111308  ,Active,mwanza,0,4G,Tecno Spark 10 Pro,"VIP Subscriber, priority routing"
REC-100472,0714020687,+255 714 008 357,19-11-2023 10:45:16,TIGO_PESA_CASH_OUT,FREE,pending,Dar es Salaam,-15,5G NR,Samsung Galaxy A14; Android 13,"USSD session timeout, retry OK"
REC-100806,255714029044,255714028085,"Nov 30, 2023 14:20",TIGO_PESA_CASH_OUT,"12,425.2000",Active,DODOMA (Capital),360,LTE-A,Transsion Infinix Hot 30,"Customer stated: ""Cannot connect to 4G in Posta area, please help"""
REC-100740,0714-025-208,+255/714/018358,11/17/2023 01:03 PM,BUNDLE_PURCHASE,"TZS 18,305.96/=",null,Arusha﻿,360,4G LTE,Nokia 105 (Feature Phone),Flagged for KYC update; verified by agent
REC-100835,0714024523,+255(0)714007124,2023/11/04,DATA_RECHARGE,  134310  ,ACTV,mwanza,360,LTE-A,Samsung Galaxy A14; Android 13,None
REC-100290,+255(0)714009179,0714-029-044,"Nov 18, 2023 20:19",DATA_RECHARGE,$ 2.56 USD,Suspended,"Stone Town, Zanzibar",30s,4G,Samsung Galaxy A14; Android 13,"VIP Subscriber, priority routing"
REC-101802,+255 714 023 564,255714005480,"Nov 27, 2023 08:15",SMS_PACK,$ 0.62 USD,TERMINATED,Dodoma,360,5G NR,Transsion Infinix Hot 30,
REC-101999,tel:+255-714-019454,0714-030-277,27-11-2023 13:46:20,TIGO_PESA_CASH_OUT,"68,654.1400",actve,ZNZ,360,4G,Tecno Spark 10 Pro,Flagged for KYC update; verified by agent
REC-102032,tel:+255-714-004795,+255(0)714009042,11/27/2023 07:18 AM,SMS_PACK,,Term,"Stone Town, Zanzibar",0,unknown,Nokia 105 (Feature Phone),None
REC-100094,tel:+255-714-019591,255714011508,2023-11-25T00:58:45+03:00,SMS_PACK,"8,191.19",Terminated,Dodoma,0,2G GSM,Huawei P40 Lite,Flagged for KYC update; verified by agent
REC-100212,0714-012-193,+255(0)714018632,11/18/2023 05:09 PM,TIGO_PESA_CASH_IN,NaN,UNKNOWN,,0,4G,Unknown,None
REC-100644,tel:+255-714-017947,  714019043  ,2023/11/04,VOICE_CALL,"TZS 11,166.63/=",Suspended,Mwanza Rock City,120,LTE-A,Tecno Spark 10 Pro,"USSD session timeout, retry OK"
REC-100061,  714010686  ,+255(0)714020824,11/10/2023 01:06 PM,TIGO_PESA_CASH_OUT,  103457  ,TERMINATED,ZNZ,1800,3G WCDMA,Transsion Infinix Hot 30,"VIP Subscriber, priority routing"
REC-101718,+255 714 026 304,+255/714/009453,2023-11-20 16:35:28,BUNDLE_PURCHASE,NaN,ACTV,DAR ES SALAAM,0,4G,"iPhone 13,2 (iOS 16.5)","Customer stated: ""Cannot connect to 4G in Posta area, please help"""
REC-100528,0714-016-303,0714006987,30-11-2023 20:12:30,TIGO_PESA_CASH_IN,$ 48.61 USD,ACTIVE,DAR ES SALAAM,02:15,4G LTE,Transsion Infinix Hot 30,"Customer stated: ""Cannot connect to 4G in Posta area, please help"""
REC-102279,+255 714 025 619,  714012330  ,11/24/2023 10:05 PM,BUNDLE_PURCHASE,"7,339.02",Active,,02:15,5G NR,Transsion Infinix Hot 30,None
REC-101661,255714014933,+255 714 002 329,"Nov 17, 2023 08:22",BUNDLE_PURCHASE,"TZS 107,441.85/=",PENDING_KYC,Dodoma ,30s,4G,Unknown,None
REC-102212,tel:+255-714-025071,0714-031-647,"Nov 23, 2023 06:59",TIGO_PESA_CASH_IN,$ 47.81 USD,,"Stone Town, Zanzibar",-15,4G,Tecno Spark 10 Pro,Flagged for KYC update; verified by agent
REC-100448,+255(0)714012878,+255 714 031 510,"Nov 21, 2023 22:46",VOICE_CALL,FREE,suspnded,Dodoma ,02:15,LTE-A,Tecno Spark 10 Pro,
REC-100792,tel:+255-714-004521,  714015892  ,2023-11-15 06:35:08,TIGO_PESA_CASH_IN,FREE,churn,Mwanza,-15,5G NR,Samsung Galaxy A14; Android 13,Flagged for KYC update; verified by agent
REC-101803,  714024386  ,+255/714/033565,"Nov 11, 2023 04:31",SMS_PACK,"TZS 134,362.30/=",  active  ,mwanza,02:15,LTE-A,Samsung Galaxy A14; Android 13,None
REC-102173,255714005754,+255(0)714016714,29-11-2023 17:56:58,TIGO_PESA_CASH_IN,  65666  ,  active  ,N/A,1800,4G LTE,Tecno Spark 10 Pro,"VIP Subscriber, priority routing"
REC-101699,tel:+255-714-027537,N/A,"Nov 11, 2023 12:54",TIGO_PESA_CASH_OUT,"30,402.21",  active  ,Mwanza Rock City,N/A,3G WCDMA,Tecno Spark 10 Pro,None
REC-100721,+255/714/023564,+255(0)714032606,2023-11-08 03:44:46,TIGO_PESA_CASH_IN,$ 50.40 USD,Active,Dodoma ,N/A,3G WCDMA,"iPhone 13,2 (iOS 16.5)","USSD session timeout, retry OK"
REC-100179,N/A,+255(0)714006439,"Nov 07, 2023 08:39",BUNDLE_PURCHASE,FREE,Active,Dar es Salaam,02:15,4G,Unknown,
REC-100563,0714016988,+255/714/016029,2023-11-10T12:17:23+03:00,TIGO_PESA_CASH_IN,FREE,SUSPENDED,ARUSHA,1800,unknown,Tecno Spark 10 Pro,Standard call; cell handover success
REC-101793,0000000000,+255 714 006 713,1701441866,TIGO_PESA_CASH_IN,"76,578.08",null,dar-es-salaam,0,5G NR,Unknown,"Customer stated: ""Cannot connect to 4G in Posta area, please help"""
REC-101645,+255/714/010138,+255 714 021 646,11/06/2023 03:02 PM,VOICE_CALL,"60,847.7600",Suspended,DODOMA (Capital),45,unknown,"iPhone 13,2 (iOS 16.5)",None
REC-100114,0000000000,+255(0)714008220,1700982940,DATA_RECHARGE,"80,334.67",Pending_Kyc​,Arusha (CBD),30s,LTE-A,Huawei P40 Lite,"Customer stated: ""Cannot connect to 4G in Posta area, please help"""
REC-100429,+255/714/033565,0714-000-959,1701109525,TIGO_PESA_CASH_OUT,  119690  ,Pending_Kyc​,Arusha,N/A,unknown,Huawei P40 Lite,"USSD session timeout, retry OK"
REC-100940,255714005206,tel:+255-714-009864,17-11-2023 04:19:55,TIGO_PESA_CASH_OUT,"27,337.93",UNKNOWN,  Dar es Salaam  ,N/A,unknown,Samsung Galaxy A14; Android 13,"USSD session timeout, retry OK"
REC-100454,+255 714 033 565,tel:+255-714-023427,1700410718,BUNDLE_PURCHASE,"8,389.75",ACTIVE,"Stone Town, Zanzibar",N/A,2G GSM,Transsion Infinix Hot 30,Standard call; cell handover success
REC-100973,0000000000,+255/714/019317,08-11-2023 08:47:06,VOICE_CALL,$ 26.91 USD,suspnded,Mwanza,45,LTE-A,Nokia 105 (Feature Phone),None
REC-100060,tel:+255-714-027537,tel:+255-714-027674,2023/11/04,VOICE_CALL,  81912  ,TERMINATED,Arusha,0,4G LTE,"iPhone 13,2 (iOS 16.5)",None
REC-102292,0714-026-441,+255(0)714013563,1699473405,VOICE_CALL,"-78,519.41",Term,Arusha,N/A,unknown,Tecno Spark 10 Pro,
REC-101662,N/A,  714025619  ,11/06/2023 05:49 PM,TIGO_PESA_CASH_IN,FREE,pending,Dodoma ,120,unknown,Nokia 105 (Feature Phone),"USSD session timeout, retry OK"
REC-100567,255714033291,255714021098,2023-11-23 20:59:40,VOICE_CALL,"TZS 3,566.55/=",churn,DODOMA (Capital),360,LTE-A,Unknown,
REC-101882,255714023290,+255(0)714003288,"Nov 18, 2023 10:13",VOICE_CALL,"34,575.0200",Pending_Kyc​,DODOMA (Capital),-15,LTE-A,Huawei P40 Lite,"USSD session timeout, retry OK"
REC-102139,+255 714 016 714,+255 714 010 549,11/26/2023 07:18 AM,VOICE_CALL,"TZS 76,069.64/=",ACTV,Dodoma,1800,5G NR,"iPhone 13,2 (iOS 16.5)","USSD session timeout, retry OK"
REC-100088,+255 714 027 948,+255/714/006028,2023-11-21 21:36:17,DATA_RECHARGE,"TZS 88,533.51/=",TERMINATED,DAR ES SALAAM,45,LTE-A,Transsion Infinix Hot 30,Standard call; cell handover success
REC-100336,0714-005-206,+255(0)714006439,"Nov 10, 2023 21:44",TIGO_PESA_CASH_OUT,"121,770.3100",Pending_Kyc​,"Stone Town, Zanzibar",120,2G GSM,"iPhone 13,2 (iOS 16.5)",
REC-101517,+255 714 030 962,  714032880  ,11/21/2023 09:09 AM,TIGO_PESA_CASH_OUT,"TZS 103,748.62/=",Term,DAR ES SALAAM,-15,3G WCDMA,"iPhone 13,2 (iOS 16.5)","USSD session timeout, retry OK"
REC-101536,0000000000,0714-020-002,11/08/2023 09:47 PM,VOICE_CALL,"33,309.21",pending,Zanzibar,0,LTE-A,Nokia 105 (Feature Phone),"VIP Subscriber, priority routing"
REC-100778,0714030551,255714024934,2023-11-17 02:30:00,DATA_RECHARGE,"TZS 124,667.09/=",PENDING_KYC,Mwanza Rock City,360,4G,"iPhone 13,2 (iOS 16.5)","USSD session timeout, retry OK"
REC-102463,  714029592  ,255714000959,2023-11-28T08:11:08+03:00,TIGO_PESA_CASH_IN,  43154  ,UNKNOWN,Mbeya,120,2G GSM,Nokia 105 (Feature Phone),Flagged for KYC update; verified by agent
REC-100834,+255 714 029 044,+255(0)714022742,1701471641,TIGO_PESA_CASH_OUT,FREE,actve,Morogoro,1800,LTE-A,Nokia 105 (Feature Phone),"VIP Subscriber, priority routing"
REC-100508,0714-032-058,+255/714/004795,11/28/2023 07:47 AM,VOICE_CALL,"123,508.48",,mwanza,N/A,2G GSM,Nokia 105 (Feature Phone),"Customer stated: ""Cannot connect to 4G in Posta area, please help"""
REC-100248,255714025756,+255(0)714024386,"Nov 21, 2023 13:57",BUNDLE_PURCHASE,$ 33.90 USD,Suspended,"Stone Town, Zanzibar",1800,5G NR,"iPhone 13,2 (iOS 16.5)","Customer stated: ""Cannot connect to 4G in Posta area, please help"""
REC-101244,tel:+255-714-014796,+255 714 025 208,1701033151,DATA_RECHARGE,,Term,Dar es Salaam,-15,unknown,Samsung Galaxy A14; Android 13,None
REC-101478,+255 714 030 825,0714-029-181,2023-11-15 00:23:44,TIGO_PESA_CASH_OUT,NaN,Term,N/A,1800,LTE-A,Tecno Spark 10 Pro,"USSD session timeout, retry OK"
REC-100383,0714-010-275,255714028633,2023-11-29 01:42:20,TIGO_PESA_CASH_OUT,FREE,CHURNED,Tanga,120,5G NR,Nokia 105 (Feature Phone),"VIP Subscriber, priority routing"
REC-100387,  714012604  ,+255/714/019454,1699344528,BUNDLE_PURCHASE,"TZS 40,239.44/=",  active  ,mwanza,0,4G,Huawei P40 Lite,"VIP Subscriber, priority routing"
REC-101189,N/A,255714012467,"Nov 23, 2023 23:31",TIGO_PESA_CASH_OUT,"TZS 121,141.40/=",Terminated,,30s,4G,"iPhone 13,2 (iOS 16.5)","Customer stated: ""Cannot connect to 4G in Posta area, please help"""
REC-100826,  714019865  ,255714033839,2023-11-04 21:55:59,TIGO_PESA_CASH_OUT,"TZS 139,121.34/=",ACTV,ZNZ,360,2G GSM,Huawei P40 Lite,
REC-101895,+255 714 030 551,+255 714 024 112,11/16/2023 08:20 AM,TIGO_PESA_CASH_OUT,"74,584.29",actve,ZNZ,120,4G LTE,Nokia 105 (Feature Phone),Standard call; cell handover success
REC-100762,0714024797,0714-007-946,UNKNOWN_TIME,TIGO_PESA_CASH_OUT,"TZS 146,699.98/=",Suspended,DODOMA (Capital),-15,4G,Transsion Infinix Hot 30,Flagged for KYC update; verified by agent
REC-101093,255714013700,N/A,15-11-2023 13:33:27,DATA_RECHARGE,"73,236.9500",SUSPENDED,"Stone Town, Zanzibar",-15,5G NR,Samsung Galaxy A14; Android 13,"VIP Subscriber, priority routing"
REC-101494,0000000000,+255 714 023 016,2023/11/04,SMS_PACK,"TZS 27,138.12/=",Terminated,ARUSHA,30s,3G WCDMA,Nokia 105 (Feature Phone),None
REC-100407,tel:+255-714-018221,+255/714/033565,"Nov 24, 2023 18:27",DATA_RECHARGE,"86,148.33",Terminated,Tanga,30s,3G WCDMA,Huawei P40 Lite,Flagged for KYC update; verified by agent
REC-101220,  714008083  ,  714008631  ,"Nov 10, 2023 23:08",DATA_RECHARGE,"TZS 41,844.09/=",ACTIVE,N/A,120,LTE-A,Samsung Galaxy A14; Android 13,None
REC-101090,255714026715,0000000000,2023-12-03 00:23:37,DATA_RECHARGE,"6,883.57",pending,Zanzibar,30s,unknown,Unknown,"Customer stated: ""Cannot connect to 4G in Posta area, please help"""
REC-102151,N/A,0714-017-536,2023-11-28 17:51:26,TIGO_PESA_CASH_IN,"139,216.66",churn,Tanga,02:15,4G,Samsung Galaxy A14; Android 13,Standard call; cell handover success
REC-100768,+255 714 030 962,tel:+255-714-021920,2023-11-11T08:20:20+03:00,SMS_PACK,,UNKNOWN,Tanga,1800,unknown,Tecno Spark 10 Pro,"Customer stated: ""Cannot connect to 4G in Posta area, please help"""
REC-100015,0714009727,+255(0)714023427,1701495128,BUNDLE_PURCHASE,"71,164.3200",Suspended,  Dar es Salaam  ,0,LTE-A,Transsion Infinix Hot 30,"USSD session timeout, retry OK"
REC-101076,+255(0)714033154,+255/714/023427,UNKNOWN_TIME,VOICE_CALL,  26997  ,churn,Arusha,0,unknown,Nokia 105 (Feature Phone),Flagged for KYC update; verified by agent
REC-100988,255714024934,+255/714/025893,2023-11-26T03:39:50+03:00,SMS_PACK,"TZS 132,745.49/=",pending,Arusha﻿,N/A,5G NR,Tecno Spark 10 Pro,Flagged for KYC update; verified by agent
REC-101583,+255 714 032 058,0714-000-411,"Nov 23, 2023 11:02",SMS_PACK,$ 24.32 USD,CHURNED,N/A,120,4G LTE,Tecno Spark 10 Pro,"Customer stated: ""Cannot connect to 4G in Posta area, please help"""
REC-100067,+255(0)714019317,+255 714 000 411,UNKNOWN_TIME,TIGO_PESA_CASH_OUT,  142086  ,ACTV,"Stone Town, Zanzibar",360,2G GSM,Nokia 105 (Feature Phone),"USSD session timeout, retry OK"
REC-101929,0000000000,+255(0)714005617,1699470209,TIGO_PESA_CASH_IN,"TZS 14,256.34/=",null,Zanzibar,360,5G NR,"iPhone 13,2 (iOS 16.5)","Customer stated: ""Cannot connect to 4G in Posta area, please help"""
REC-101776,+255/714/033839,tel:+255-714-031921,2023-11-06 23:03:22,TIGO_PESA_CASH_IN,$ 11.32 USD,SUSPENDED,ARUSHA,02:15,2G GSM,Huawei P40 Lite,Flagged for KYC update; verified by agent
REC-101135,0714-010-549,+255/714/006302,28-11-2023 11:01:04,DATA_RECHARGE,"107,217.2800",actve,  Dar es Salaam  ,45,4G,"iPhone 13,2 (iOS 16.5)",
REC-100573,+255 714 029 455,255714013700,"Nov 19, 2023 17:59",BUNDLE_PURCHASE,"108,752.1600",TERMINATED,Mwanza Rock City,45,4G,"iPhone 13,2 (iOS 16.5)","VIP Subscriber, priority routing"
REC-100716,tel:+255-714-009042,tel:+255-714-000274,"Nov 11, 2023 10:26",TIGO_PESA_CASH_OUT,"85,350.34",CHURNED,Arusha﻿,02:15,LTE-A,Transsion Infinix Hot 30,Flagged for KYC update; verified by agent
REC-101669,255714025756,255714026304,12-11-2023 20:41:43,VOICE_CALL,  145500  ,TERMINATED,mwanza,0,unknown,Samsung Galaxy A14; Android 13,"VIP Subscriber, priority routing"
REC-101649,+255(0)714018084,  714018221  ,UNKNOWN_TIME,TIGO_PESA_CASH_IN,"-18,307.09",  active  ,DODOMA (Capital),45,unknown,"iPhone 13,2 (iOS 16.5)",Flagged for KYC update; verified by agent
REC-100904,0714-003-288,+255/714/019591,16-11-2023 15:27:26,VOICE_CALL,  21629  ,Pending_Kyc​,ZNZ,120,4G LTE,Unknown,"Customer stated: ""Cannot connect to 4G in Posta area, please help"""
REC-102076,255714018769,0714019728,05-11-2023 13:40:34,DATA_RECHARGE,$ 22.77 USD,suspnded,Dar es Salaam,-15,5G NR,Huawei P40 Lite,Flagged for KYC update; verified by agent
REC-100056,0714020002,0714009864,2023-11-07 00:04:49,TIGO_PESA_CASH_IN,$ 56.48 USD,  active  ,DODOMA (Capital),N/A,4G LTE,Huawei P40 Lite,
REC-102090,N/A,0714-031-647,24-11-2023 22:41:23,DATA_RECHARGE,"TZS 135,738.24/=",SUSPENDED,Arusha (CBD),02:15,unknown,Samsung Galaxy A14; Android 13,"VIP Subscriber, priority routing"
REC-100682,0714-015-070,0714-005-891,2023-11-28 03:00:08,DATA_RECHARGE,"TZS 75,640.76/=",,Arusha (CBD),45,4G,Samsung Galaxy A14; Android 13,
REC-102407,+255(0)714011508,+255(0)714000822,11/13/2023 09:02 AM,TIGO_PESA_CASH_IN,"TZS 56,395.86/=",ACTV,Zanzibar,0,4G LTE,Samsung Galaxy A14; Android 13,"VIP Subscriber, priority routing"
REC-102120,N/A,N/A,21-11-2023 12:19:33,BUNDLE_PURCHASE,$ 22.69 USD,Suspended,DODOMA (Capital),30s,3G WCDMA,"iPhone 13,2 (iOS 16.5)","VIP Subscriber, priority routing"
REC-102411,+255 714 032 606,+255/714/004658,11/12/2023 11:15 AM,BUNDLE_PURCHASE,FREE,Pending_Kyc​,Mbeya,0,LTE-A,Huawei P40 Lite,Flagged for KYC update; verified by agent
REC-100465,0000000000,  714032332  ,"Nov 20, 2023 05:00",TIGO_PESA_CASH_IN,"TZS 24,713.92/=",Active,DODOMA (Capital),02:15,5G NR,Samsung Galaxy A14; Android 13,"USSD session timeout, retry OK"
REC-101800,+255 714 023 701,tel:+255-714-025071,2023-11-18 04:56:52,DATA_RECHARGE,"TZS 12,289.68/=",ACTV,DODOMA (Capital),02:15,4G LTE,Samsung Galaxy A14; Android 13,"USSD session timeout, retry OK"
REC-101247,0714027811,0714-032-058,12/01/2023 01:53 PM,VOICE_CALL,"TZS 82,093.40/=",,Mbeya,N/A,5G NR,Transsion Infinix Hot 30,Standard call; cell handover success
REC-100676,  714030140  ,255714017536,11/24/2023 04:41 PM,TIGO_PESA_CASH_OUT,"145,588.65",Pending_Kyc​,mwanza,0,3G WCDMA,Samsung Galaxy A14; Android 13,"VIP Subscriber, priority routing"
REC-102332,+255/714/019865,0714-011-234,2023-11-13 11:46:24,BUNDLE_PURCHASE,"62,463.91",Terminated,,1800,5G NR,Unknown,Flagged for KYC update; verified by agent
REC-102425,255714031921,N/A,12/03/2023 02:50 AM,SMS_PACK,"-91,055.24",UNKNOWN,ARUSHA,1800,5G NR,Transsion Infinix Hot 30,"VIP Subscriber, priority routing"
REC-101532,+255 714 029 044,  714000959  ,UNKNOWN_TIME,SMS_PACK,"TZS 106,323.04/=",TERMINATED,DODOMA (Capital),-15,4G,Unknown,
REC-101704,255714008083,N/A,1701526760,VOICE_CALL,FREE,SUSPENDED,ARUSHA,-15,4G,Nokia 105 (Feature Phone),"Customer stated: ""Cannot connect to 4G in Posta area, please help"""
REC-101392,0714019454,0714021509,2023-11-25 15:58:14,TIGO_PESA_CASH_IN,FREE,Terminated,Mwanza Rock City,02:15,unknown,Tecno Spark 10 Pro,"Customer stated: ""Cannot connect to 4G in Posta area, please help"""
REC-102394,255714033702,255714022468,02-12-2023 12:44:31,TIGO_PESA_CASH_IN,"TZS 95,578.62/=",,ZNZ,120,4G LTE,"iPhone 13,2 (iOS 16.5)",None
REC-102362,  714026167  ,+255(0)714008631,1701109761,BUNDLE_PURCHASE,FREE,ACTV,Zanzibar,0,LTE-A,Tecno Spark 10 Pro,
REC-101146,0000000000,+255(0)714017125,"Nov 07, 2023 13:32",TIGO_PESA_CASH_IN,NaN,Terminated,Tanga,1800,4G,Tecno Spark 10 Pro,"USSD session timeout, retry OK"
REC-100012,0714002877,+255 714 025 619,1699627477,DATA_RECHARGE,NaN,SUSPENDED,Mwanza,1800,unknown,Huawei P40 Lite,"Customer stated: ""Cannot connect to 4G in Posta area, please help"""
REC-101326,0714-025-893,255714024660,2023-11-07 21:18:15,BUNDLE_PURCHASE,"33,156.5800",actve,Arusha,120,unknown,Samsung Galaxy A14; Android 13,Flagged for KYC update; verified by agent
REC-101230,255714030003,  714011782  ,28-11-2023 10:47:03,DATA_RECHARGE,$ 25.96 USD,  active  ,  Dar es Salaam  ,45,4G,Transsion Infinix Hot 30,None
REC-101149,0714-025-345,0714-030-688,20-11-2023 21:17:21,DATA_RECHARGE,"133,147.3500",churn,"Stone Town, Zanzibar",360,2G GSM,Transsion Infinix Hot 30,Standard call; cell handover success
REC-101015,+255 714 006 987,0000000000,11/23/2023 10:20 AM,BUNDLE_PURCHASE,FREE,pending,Mwanza Rock City,45,LTE-A,Tecno Spark 10 Pro,"VIP Subscriber, priority routing"
REC-102007,255714031784,+255 714 005 206,2023-11-23 23:48:02,TIGO_PESA_CASH_IN,  84298  ,TERMINATED,Zanzibar,30s,2G GSM,Transsion Infinix Hot 30,None
REC-100495,+255/714/028359,0714-032-880,2023-11-08T17:56:39+03:00,VOICE_CALL,"TZS 58,907.03/=",  active  ,  Dar es Salaam  ,45,5G NR,Samsung Galaxy A14; Android 13,
REC-100747,  714004795  ,+255 714 025 482,2023-11-23 03:36:13,VOICE_CALL,"TZS 16,950.31/=",Active,Arusha,120,unknown,Samsung Galaxy A14; Android 13,"USSD session timeout, retry OK"
REC-100460,0714024660,+255 714 013 563,2023-11-05T02:02:37+03:00,TIGO_PESA_CASH_IN,"139,119.77",Term,ZNZ,-15,4G LTE,Huawei P40 Lite,
REC-100049,255714015070,+255/714/033565,11-11-2023 22:28:11,TIGO_PESA_CASH_OUT,$ 10.73 USD,TERMINATED,Tanga,1800,unknown,Transsion Infinix Hot 30,"Customer stated: ""Cannot connect to 4G in Posta area, please help"""
REC-100519,+255 714 023 427,+255 714 012 193,1700263397,BUNDLE_PURCHASE,"TZS 52,501.56/=",UNKNOWN,Tanga,120,2G GSM,Huawei P40 Lite,"VIP Subscriber, priority routing"
REC-100266,0714-003-425,+255(0)714027537,11/24/2023 10:56 AM,TIGO_PESA_CASH_IN,$ 23.11 USD,Pending_Kyc​,DAR ES SALAAM,45,5G NR,Transsion Infinix Hot 30,Flagged for KYC update; verified by agent
REC-101308,+255/714/023153,  714031373  ,11/20/2023 02:53 PM,SMS_PACK,"TZS 68,767.00/=",actve,ARUSHA,360,2G GSM,"iPhone 13,2 (iOS 16.5)",None
REC-101469,+255 714 000 411,0714-004-384,2023-11-11 18:07:54,DATA_RECHARGE,"TZS 127,930.11/=",pending,"Stone Town, Zanzibar",30s,unknown,"iPhone 13,2 (iOS 16.5)",
REC-100244,+255(0)714014385,+255 714 030 825,22-11-2023 12:00:01,TIGO_PESA_CASH_OUT,FREE,UNKNOWN,Arusha﻿,1800,unknown,Samsung Galaxy A14; Android 13,"Customer stated: ""Cannot connect to 4G in Posta area, please help"""
REC-101327,+255 714 006 987,+255/714/021235,2023-11-19 07:25:15,BUNDLE_PURCHASE,"14,344.31",ACTIVE,dar-es-salaam,1800,4G,Transsion Infinix Hot 30,"USSD session timeout, retry OK"
REC-100655,+255 714 016 166,+255 714 020 139,"Nov 26, 2023 15:51",TIGO_PESA_CASH_IN,  105197  ,Terminated,DODOMA (Capital),45,3G WCDMA,"iPhone 13,2 (iOS 16.5)",Flagged for KYC update; verified by agent
REC-101769,255714009316,+255(0)714007535,"Nov 13, 2023 10:27",SMS_PACK,,Pending_Kyc​,Dar es Salaam,0,4G,Samsung Galaxy A14; Android 13,
REC-100518,tel:+255-714-001096,+255(0)714027811,16-11-2023 19:00:11,VOICE_CALL,  10404  ,actve,  Dar es Salaam  ,120,2G GSM,"iPhone 13,2 (iOS 16.5)",Flagged for KYC update; verified by agent
REC-101858,0714-029-455,0000000000,2023-11-08T16:56:44+03:00,TIGO_PESA_CASH_IN,"14,294.7700",  active  ,Zanzibar,1800,2G GSM,"iPhone 13,2 (iOS 16.5)","USSD session timeout, retry OK"
REC-100908,  714016988  ,+255(0)714004795,11/18/2023 09:57 PM,VOICE_CALL,"65,604.17",TERMINATED,ZNZ,30s,2G GSM,Tecno Spark 10 Pro,Standard call; cell handover success
REC-101749,0714013015,+255(0)714028633,2023-11-07 09:54:23,DATA_RECHARGE,NaN,SUSPENDED,Morogoro,0,4G LTE,Unknown,Standard call; cell handover success
REC-100564,+255(0)714031236,+255(0)714023153,UNKNOWN_TIME,BUNDLE_PURCHASE,NaN,suspnded,"Stone Town, Zanzibar",0,5G NR,Samsung Galaxy A14; Android 13,"USSD session timeout, retry OK"
REC-100489,N/A,+255 714 014 248,11/08/2023 09:55 PM,VOICE_CALL,"72,227.55",pending,Morogoro,-15,3G WCDMA,Transsion Infinix Hot 30,None
REC-101512,0714005754,0714014933,2023-12-03 17:32:08,DATA_RECHARGE,  20212  ,ACTIVE,Zanzibar,30s,LTE-A,Huawei P40 Lite,Standard call; cell handover success
REC-101658,0714-010-275,+255 714 003 014,1699685060,BUNDLE_PURCHASE,"TZS 105,332.32/=",actve,,02:15,4G LTE,Nokia 105 (Feature Phone),Flagged for KYC update; verified by agent
REC-101287,  714004932  ,0714-001-644,11/05/2023 07:48 AM,TIGO_PESA_CASH_OUT,$ 26.55 USD,churn,ARUSHA,-15,LTE-A,Transsion Infinix Hot 30,Flagged for KYC update; verified by agent
REC-101725,0714-024-249,+255 714 025 893,UNKNOWN_TIME,BUNDLE_PURCHASE,"35,821.9200",Term,Mbeya,0,2G GSM,"iPhone 13,2 (iOS 16.5)",
REC-100725,0714-026-852,0714023016,11/22/2023 04:53 AM,TIGO_PESA_CASH_OUT,$ 53.55 USD,TERMINATED,  Dar es Salaam  ,N/A,LTE-A,Unknown,"Customer stated: ""Cannot connect to 4G in Posta area, please help"""
REC-100715,+255 714 003 425,255714031373,1699857795,TIGO_PESA_CASH_IN,  121010  ,null,Mbeya,02:15,3G WCDMA,Huawei P40 Lite,Flagged for KYC update; verified by agent
REC-100161,0714-021-509,+255 714 007 672,2023-12-03 21:57:33,TIGO_PESA_CASH_IN,$ 25.07 USD,Pending_Kyc​,Mbeya,120,unknown,"iPhone 13,2 (iOS 16.5)",
REC-102198,255714017262,+255(0)714022194,11/15/2023 10:23 AM,TIGO_PESA_CASH_IN,"72,227.7200",pending,dar-es-salaam,360,2G GSM,Samsung Galaxy A14; Android 13,Flagged for KYC update; verified by agent
REC-100907,+255 714 004 384,0714026441,2023-11-14 02:10:19,TIGO_PESA_CASH_OUT,"TZS 130,527.50/=",PENDING_KYC,"Stone Town, Zanzibar",45,LTE-A,Unknown,Standard call; cell handover success
REC-101992,+255 714 018 084,+255(0)714014796,23-11-2023 05:13:21,TIGO_PESA_CASH_OUT,"53,759.0500",Suspended,ARUSHA,02:15,4G LTE,Transsion Infinix Hot 30,None
REC-100543,+255/714/021098,N/A,11/22/2023 03:39 AM,SMS_PACK,"TZS 98,785.88/=",ACTV,Arusha﻿,0,2G GSM,Nokia 105 (Feature Phone),Standard call; cell handover success
REC-101297,tel:+255-714-006165,255714019043,2023-11-15 14:55:10,BUNDLE_PURCHASE,NaN,ACTIVE,"Stone Town, Zanzibar",1800,LTE-A,Nokia 105 (Feature Phone),"Customer stated: ""Cannot connect to 4G in Posta area, please help"""
REC-101195,255714021509,+255 714 013 015,1701201668,DATA_RECHARGE,"32,053.73",UNKNOWN,Mwanza,1800,3G WCDMA,Huawei P40 Lite,Standard call; cell handover success
REC-101678,255714011919,0714-007-809,2023-11-27 10:46:50,DATA_RECHARGE,  83938  ,pending,ZNZ,-15,3G WCDMA,"iPhone 13,2 (iOS 16.5)",None
REC-100532,+255/714/000822,255714026715,2023-11-21 06:20:34,TIGO_PESA_CASH_IN,"TZS 62,083.48/=",suspnded,Arusha﻿,120,LTE-A,Tecno Spark 10 Pro,Standard call; cell handover success
REC-101268,N/A,tel:+255-714-008905,2023-11-18T18:41:48+03:00,DATA_RECHARGE,"78,192.20",Active,Dodoma,-15,unknown,Unknown,"USSD session timeout, retry OK"
REC-100789,tel:+255-714-006713,+255/714/021509,1701523693,TIGO_PESA_CASH_OUT,  19766  ,SUSPENDED,DODOMA (Capital),30s,2G GSM,"iPhone 13,2 (iOS 16.5)","Customer stated: ""Cannot connect to 4G in Posta area, please help"""
REC-102101,tel:+255-714-002466,255714000822,11/17/2023 11:29 AM,DATA_RECHARGE,$ 45.01 USD,SUSPENDED,DAR ES SALAAM,45,4G,Transsion Infinix Hot 30,"Customer stated: ""Cannot connect to 4G in Posta area, please help"""
REC-101519,+255 714 022 742,tel:+255-714-012467,2023-11-14 12:05:59,VOICE_CALL,$ 41.74 USD,ACTIVE,ARUSHA,30s,5G NR,Samsung Galaxy A14; Android 13,Flagged for KYC update; verified by agent
REC-101344,+255 714 023 153,+255(0)714004795,1699474285,VOICE_CALL,"17,350.08",ACTV,ARUSHA,-15,4G LTE,Huawei P40 Lite,
REC-100911,+255(0)714024249,255714003288,2023-11-27 06:17:25,BUNDLE_PURCHASE,"23,889.73",null,Arusha﻿,30s,LTE-A,Samsung Galaxy A14; Android 13,Flagged for KYC update; verified by agent
REC-101062,0714-021-098,0714-018-495,19-11-2023 22:11:56,VOICE_CALL,"TZS 17,149.19/=",UNKNOWN,Mbeya,-15,2G GSM,Nokia 105 (Feature Phone),Flagged for KYC update; verified by agent
REC-100423,tel:+255-714-021372,+255(0)714023153,2023-11-05T03:45:06+03:00,TIGO_PESA_CASH_OUT,"112,525.55",Active,dar-es-salaam,360,5G NR,Tecno Spark 10 Pro,"Customer stated: ""Cannot connect to 4G in Posta area, please help"""
REC-101507,  714020002  ,tel:+255-714-029044,11/19/2023 05:51 PM,SMS_PACK,$ 16.76 USD,CHURNED,Mwanza Rock City,360,2G GSM,Samsung Galaxy A14; Android 13,None
REC-100541,0714-008-220,+255 714 014 111,2023-11-19 14:01:41,TIGO_PESA_CASH_OUT,,PENDING_KYC,N/A,-15,4G,"iPhone 13,2 (iOS 16.5)","USSD session timeout, retry OK"
REC-101636,255714018906,+255 714 028 496,08-11-2023 04:16:05,SMS_PACK,"TZS 58,782.21/=",actve,Dar es Salaam,360,5G NR,Unknown,
REC-101786,255714015618,+255 714 021 509,02-12-2023 06:30:00,TIGO_PESA_CASH_IN,"TZS 146,736.53/=",Terminated,Dar es Salaam,360,4G,Unknown,"USSD session timeout, retry OK"
REC-101656,+255 714 005 206,0714-032-195,11/18/2023 12:54 PM,VOICE_CALL,FREE,ACTV,DAR ES SALAAM,1800,5G NR,Huawei P40 Lite,"VIP Subscriber, priority routing"
REC-101454,tel:+255-714-010686,0000000000,2023-11-29 17:38:29,VOICE_CALL,$ 23.68 USD,SUSPENDED,Mwanza Rock City,30s,4G LTE,"iPhone 13,2 (iOS 16.5)",Flagged for KYC update; verified by agent
REC-101218,+255 714 010 138,0000000000,12/02/2023 02:01 PM,TIGO_PESA_CASH_IN,  40769  ,actve,Dodoma ,360,LTE-A,Huawei P40 Lite,"Customer stated: ""Cannot connect to 4G in Posta area, please help"""
REC-100719,0714033702,0714033154,1701111822,TIGO_PESA_CASH_OUT,,null,  Dar es Salaam  ,02:15,4G LTE,Huawei P40 Lite,Flagged for KYC update; verified by agent
REC-102321,tel:+255-714-023153,255714021920,2023-11-15 17:05:46,BUNDLE_PURCHASE,"107,743.42",ACTV,"Stone Town, Zanzibar",0,LTE-A,Huawei P40 Lite,"Customer stated: ""Cannot connect to 4G in Posta area, please help"""
REC-101568,tel:+255-714-017673,+255/714/011782,2023/11/04,DATA_RECHARGE,"TZS 59,948.58/=",PENDING_KYC,Mbeya,360,unknown,Samsung Galaxy A14; Android 13,"VIP Subscriber, priority routing"
REC-102243,+255/714/004795,+255 714 023 016,2023-11-17T13:42:00+03:00,TIGO_PESA_CASH_OUT,FREE,Term,N/A,-15,unknown,Samsung Galaxy A14; Android 13,"USSD session timeout, retry OK"
REC-101813,+255 714 021 509,tel:+255-714-017262,11/15/2023 09:42 PM,TIGO_PESA_CASH_OUT,"15,831.06",ACTV,mwanza,1800,3G WCDMA,Samsung Galaxy A14; Android 13,"Customer stated: ""Cannot connect to 4G in Posta area, please help"""
REC-100869,tel:+255-714-001233,+255/714/006439,06-11-2023 13:06:14,BUNDLE_PURCHASE,"TZS 107,744.98/=",TERMINATED,Mwanza,-15,LTE-A,Unknown,None
REC-101348,+255(0)714029455,tel:+255-714-028770,11/21/2023 11:58 AM,SMS_PACK,"57,384.1000",ACTIVE,Arusha (CBD),30s,4G,Unknown,
REC-101010,0714009179,  714019043  ,"Nov 29, 2023 11:38",TIGO_PESA_CASH_IN,FREE,TERMINATED,Mwanza Rock City,N/A,unknown,Huawei P40 Lite,"Customer stated: ""Cannot connect to 4G in Posta area, please help"""
REC-101720,0714007124,tel:+255-714-031510,1701557681,DATA_RECHARGE,"27,531.31",suspnded,  Dar es Salaam  ,N/A,5G NR,"iPhone 13,2 (iOS 16.5)",
REC-100811,0714-025-619,0714-016-851,11/08/2023 12:41 PM,TIGO_PESA_CASH_IN,FREE,Suspended,dar-es-salaam,0,3G WCDMA,Samsung Galaxy A14; Android 13,Flagged for KYC update; verified by agent
REC-101004,+255(0)714020961,0714-025-208,2023-11-15 07:41:10,VOICE_CALL,"TZS 63,272.49/=",Pending_Kyc​,Zanzibar,02:15,unknown,Huawei P40 Lite,"Customer stated: ""Cannot connect to 4G in Posta area, please help"""
REC-102146,+255 714 006 850,+255/714/008631,11/14/2023 12:19 AM,VOICE_CALL,"142,864.35",Active,Arusha (CBD),-15,unknown,Tecno Spark 10 Pro,"USSD session timeout, retry OK"
REC-100412,+255 714 006 713,  714007809  ,2023-11-17 14:37:49,TIGO_PESA_CASH_OUT,  33772  ,Suspended,Arusha (CBD),0,4G,Transsion Infinix Hot 30,None
REC-100784,0714032469,255714006165,12-11-2023 09:43:53,BUNDLE_PURCHASE,"65,663.49",PENDING_KYC,N/A,360,LTE-A,Huawei P40 Lite,None
REC-100345,255714016851,+255(0)714006165,11/19/2023 09:29 AM,BUNDLE_PURCHASE,  51981  ,ACTV,,0,LTE-A,"iPhone 13,2 (iOS 16.5)","Customer stated: ""Cannot connect to 4G in Posta area, please help"""
REC-100105,N/A,tel:+255-714-006165,01-12-2023 21:01:17,BUNDLE_PURCHASE,NaN,,N/A,30s,unknown,Nokia 105 (Feature Phone),"USSD session timeout, retry OK"
REC-101017,  714026715  ,N/A,2023-11-12 05:59:12,SMS_PACK,$ 25.26 USD,suspnded,Dodoma,0,4G,Tecno Spark 10 Pro,Flagged for KYC update; verified by agent
REC-101810,  714012193  ,0714032058,11/20/2023 03:00 AM,TIGO_PESA_CASH_IN,,,Arusha,-15,5G NR,Tecno Spark 10 Pro,
REC-100557,N/A,255714015755,"Nov 26, 2023 18:01",VOICE_CALL,"TZS 2,042.88/=",Term,DODOMA (Capital),120,LTE-A,Transsion Infinix Hot 30,
REC-101122,  714016303  ,+255 714 012 056,"Nov 28, 2023 12:22",SMS_PACK,"81,569.15",PENDING_KYC,dar-es-salaam,360,4G,Tecno Spark 10 Pro,"USSD session timeout, retry OK"
REC-102202,+255/714/005754,  714011234  ,2023-11-09 18:17:26,BUNDLE_PURCHASE,  73640  ,,Arusha,30s,unknown,Huawei P40 Lite,None
REC-100797,0714-003-973,255714031510,2023-11-10 15:41:56,TIGO_PESA_CASH_IN,"TZS 41,413.14/=",  active  ,Dodoma,1800,LTE-A,Tecno Spark 10 Pro,"Customer stated: ""Cannot connect to 4G in Posta area, please help"""
REC-102264,+255 714 017 262,tel:+255-714-020961,2023-11-25 12:32:59,TIGO_PESA_CASH_OUT,"-142,579.51",,Arusha﻿,120,5G NR,"iPhone 13,2 (iOS 16.5)",
REC-101202,0714-005-891,0714-023-016,2023-11-25 05:04:18,DATA_RECHARGE,"109,509.69",Terminated,mwanza,1800,LTE-A,Huawei P40 Lite,
REC-102365,N/A,+255(0)714024934,"Nov 27, 2023 08:07",DATA_RECHARGE,"74,718.00",,Tanga,360,unknown,Tecno Spark 10 Pro,"USSD session timeout, retry OK"
REC-102339,0714002466,0714-002-192,2023-11-27 06:40:48,VOICE_CALL,$ 13.26 USD,ACTV,Dodoma,02:15,LTE-A,Transsion Infinix Hot 30,None
REC-102052,+255(0)714032195,+255 714 019 454,08-11-2023 21:36:21,SMS_PACK,"TZS 44,116.97/=",ACTV,Dodoma,120,3G WCDMA,Tecno Spark 10 Pro,"USSD session timeout, retry OK"
REC-102467,0714-000-548,0714-001-096,11/22/2023 04:25 AM,BUNDLE_PURCHASE,"47,024.54",TERMINATED,ZNZ,02:15,LTE-A,Transsion Infinix Hot 30,
REC-102155,  714030962  ,+255 714 032 332,2023/11/04,TIGO_PESA_CASH_OUT,"2,882.37",Terminated,Mbeya,-15,4G,Unknown,None
REC-101943,tel:+255-714-005754,+255(0)714026852,2023/11/04,TIGO_PESA_CASH_OUT,  43746  ,CHURNED,"Stone Town, Zanzibar",1800,4G LTE,Huawei P40 Lite,None
REC-101406,255714006713,0000000000,UNKNOWN_TIME,SMS_PACK,FREE,TERMINATED,Tanga,120,5G NR,Unknown,Flagged for KYC update; verified by agent
REC-100144,+255 714 021 372,+255 714 004 110,11/20/2023 11:17 PM,BUNDLE_PURCHASE,"-140,872.81",UNKNOWN,DODOMA (Capital),1800,4G LTE,Samsung Galaxy A14; Android 13,"VIP Subscriber, priority routing"
REC-100268,+255/714/010823,+255/714/009727,"Nov 15, 2023 13:48",DATA_RECHARGE,"45,421.8300",Term,Mwanza,02:15,2G GSM,Nokia 105 (Feature Phone),"VIP Subscriber, priority routing"
REC-101721,N/A,+255/714/004384,11/19/2023 11:18 PM,DATA_RECHARGE,$ 40.13 USD,churn,Mwanza,02:15,4G LTE,"iPhone 13,2 (iOS 16.5)",
REC-101665,255714033291,0000000000,24-11-2023 19:35:00,SMS_PACK,NaN,churn,Arusha,45,5G NR,Samsung Galaxy A14; Android 13,Standard call; cell handover success
REC-101508,tel:+255-714-006028,+255 714 032 743,2023-11-17 12:04:41,VOICE_CALL,"12,085.2300",Term,Dodoma ,360,4G LTE,Huawei P40 Lite,
REC-101737,+255 714 032 880,+255(0)714012330,2023-11-12 22:19:21,DATA_RECHARGE,"TZS 41,070.85/=",PENDING_KYC,,45,unknown,"iPhone 13,2 (iOS 16.5)",
REC-100019,tel:+255-714-010001,  714014796  ,1701141247,DATA_RECHARGE,"TZS 28,889.73/=",Active,Morogoro,1800,4G LTE,Nokia 105 (Feature Phone),"USSD session timeout, retry OK"
REC-101756,+255 714 025 345,255714015481,11/14/2023 10:06 AM,VOICE_CALL,"TZS 60,631.76/=",ACTIVE,"Stone Town, Zanzibar",120,unknown,Huawei P40 Lite,Standard call; cell handover success
REC-100750,+255 714 019 043,+255/714/010275,11/04/2023 01:37 PM,DATA_RECHARGE,"4,088.13",ACTV,Dodoma,360,4G,Nokia 105 (Feature Phone),"Customer stated: ""Cannot connect to 4G in Posta area, please help"""
REC-102231,+255 714 008 357,+255(0)714012467,11/13/2023 02:35 PM,SMS_PACK,"119,049.58",SUSPENDED,mwanza,120,4G,"iPhone 13,2 (iOS 16.5)",Flagged for KYC update; verified by agent
REC-102325,+255(0)714026715,255714006713,UNKNOWN_TIME,BUNDLE_PURCHASE,  8159  ,null,DODOMA (Capital),N/A,4G,"iPhone 13,2 (iOS 16.5)",
REC-101911,N/A,+255 714 024 523,"Dec 02, 2023 11:59",BUNDLE_PURCHASE,"-133,289.85",Suspended,DODOMA (Capital),N/A,2G GSM,"iPhone 13,2 (iOS 16.5)","USSD session timeout, retry OK"
REC-102165,+255(0)714030962,0714-005-480,04-11-2023 14:05:54,VOICE_CALL,"TZS 79,277.88/=",CHURNED,Arusha (CBD),-15,3G WCDMA,Huawei P40 Lite,Standard call; cell handover success
REC-101263,+255(0)714014248,+255/714/027263,2023-11-05T00:39:21+03:00,DATA_RECHARGE,"TZS 31,701.18/=",ACTIVE,Morogoro,0,5G NR,Unknown,"Customer stated: ""Cannot connect to 4G in Posta area, please help"""
REC-101375,0714-024-934,  714004110  ,1700876383,VOICE_CALL,"TZS 53,514.20/=",null,N/A,120,4G,Transsion Infinix Hot 30,"USSD session timeout, retry OK"
REC-102328,+255 714 007 398,  714026304  ,11/18/2023 11:05 AM,VOICE_CALL,"TZS 72,363.49/=",suspnded,Dar es Salaam,45,4G,Transsion Infinix Hot 30,"USSD session timeout, retry OK"
REC-100486,N/A,+255(0)714021372,15-11-2023 15:50:41,VOICE_CALL,$ 24.82 USD,Suspended,Morogoro,N/A,unknown,Transsion Infinix Hot 30,"USSD session timeout, retry OK"
REC-102426,+255 714 011 508,+255 714 005 343,2023-11-12 15:26:45,BUNDLE_PURCHASE,FREE,pending,dar-es-salaam,45,4G,Nokia 105 (Feature Phone),Flagged for KYC update; verified by agent
REC-101913,255714014385,  714019180  ,2023-12-02 13:21:03,VOICE_CALL,"TZS 62,237.34/=",null,Arusha,360,2G GSM,Transsion Infinix Hot 30,Standard call; cell handover success
REC-102183,  714012193  ,+255(0)714013289,2023-11-05 10:03:29,TIGO_PESA_CASH_IN,"-49,258.47",Suspended,N/A,360,4G,Unknown,"Customer stated: ""Cannot connect to 4G in Posta area, please help"""
REC-100643,255714015070,0714014248,11/05/2023 05:01 PM,DATA_RECHARGE,"66,532.43",  active  ,Dodoma,0,5G NR,Unknown,Standard call; cell handover success
REC-102458,+255 714 013 700,tel:+255-714-012056,11-11-2023 23:03:29,TIGO_PESA_CASH_IN,  106269  ,ACTV,Arusha﻿,0,unknown,Transsion Infinix Hot 30,None
REC-101819,0714-021-235,tel:+255-714-017262,01-12-2023 01:27:06,VOICE_CALL,$ 22.58 USD,SUSPENDED,Arusha﻿,N/A,unknown,Transsion Infinix Hot 30,None
REC-101875,255714022331,  714034113  ,11/25/2023 04:57 AM,BUNDLE_PURCHASE,"44,142.42",Pending_Kyc​,Morogoro,360,4G LTE,Unknown,Flagged for KYC update; verified by agent
REC-101492,+255/714/027811,+255/714/011919,2023-11-26 02:20:47,TIGO_PESA_CASH_OUT,$ 27.29 USD,churn,,30s,3G WCDMA,"iPhone 13,2 (iOS 16.5)",Flagged for KYC update; verified by agent
REC-100425,+255 714 007 261,+255(0)714021372,UNKNOWN_TIME,VOICE_CALL,  72808  ,Terminated,Dodoma ,30s,5G NR,Huawei P40 Lite,Standard call; cell handover success
REC-101921,+255 714 026 989,255714020002,"Dec 02, 2023 01:37",BUNDLE_PURCHASE,$ 16.47 USD,  active  ,Arusha (CBD),120,4G,Tecno Spark 10 Pro,"USSD session timeout, retry OK"
REC-101488,  714006850  ,0714-008-631,11/10/2023 03:46 AM,TIGO_PESA_CASH_IN,FREE,Suspended,DAR ES SALAAM,N/A,2G GSM,Transsion Infinix Hot 30,Flagged for KYC update; verified by agent
REC-101094,tel:+255-714-033291,+255(0)714011234,2023-11-29 16:37:28,TIGO_PESA_CASH_OUT,"120,641.50",ACTIVE,mwanza,45,5G NR,Nokia 105 (Feature Phone),"USSD session timeout, retry OK"
REC-100649,  714014796  ,  714023975  ,"Nov 19, 2023 01:19",TIGO_PESA_CASH_IN,$ 35.30 USD,Active,Arusha,45,5G NR,Huawei P40 Lite,
REC-101798,0000000000,255714003151,"Dec 03, 2023 15:38",DATA_RECHARGE,"130,109.2700",PENDING_KYC,Arusha,120,4G LTE,"iPhone 13,2 (iOS 16.5)",Standard call; cell handover success
REC-101325,0714-024-112,0714032743,"Nov 25, 2023 22:05",SMS_PACK,  142444  ,ACTV,Dar es Salaam,45,5G NR,Unknown,Standard call; cell handover success
REC-102085,+255 714 024 386,0714-001-644,1701195436,VOICE_CALL,$ 25.68 USD,Suspended,,45,4G LTE,Transsion Infinix Hot 30,Flagged for KYC update; verified by agent
REC-100336,0714-005-206,+255(0)714006439,1700066142,TIGO_PESA_CASH_OUT,"121,770.3100",Pending_Kyc​,"Stone Town, Zanzibar",120,2G GSM,"iPhone 13,2 (iOS 16.5)",
REC-100235,+255 714 017 125,0000000000,"Nov 09, 2023 00:36",VOICE_CALL,FREE,UNKNOWN,Dodoma ,30s,3G WCDMA,Nokia 105 (Feature Phone),"VIP Subscriber, priority routing"
REC-100711,+255 714 013 974,0714-015-892,11/11/2023 11:06 AM,BUNDLE_PURCHASE,  30963  ,TERMINATED,N/A,120,LTE-A,Tecno Spark 10 Pro,Standard call; cell handover success
REC-100917,tel:+255-714-027537,+255(0)714008768,11/21/2023 09:52 AM,DATA_RECHARGE,"4,281.69",pending,,30s,LTE-A,Transsion Infinix Hot 30,Flagged for KYC update; verified by agent
REC-101252,  714002055  ,N/A,2023-11-16T18:46:23+03:00,BUNDLE_PURCHASE,$ 7.63 USD,UNKNOWN,Dar es Salaam,360,LTE-A,Nokia 105 (Feature Phone),"USSD session timeout, retry OK"
REC-102159,+255 714 014 522,N/A,1699196595,VOICE_CALL,"148,847.3800",null,DODOMA (Capital),-15,5G NR,Transsion Infinix Hot 30,None
REC-102102,0714024934,tel:+255-714-013289,UNKNOWN_TIME,DATA_RECHARGE,$ 46.57 USD,suspnded,Arusha﻿,1800,3G WCDMA,Samsung Galaxy A14; Android 13,Standard call; cell handover success
REC-101877,+255/714/023153,255714007261,2023/11/04,TIGO_PESA_CASH_OUT,"TZS 106,109.56/=",ACTV,,N/A,4G,Samsung Galaxy A14; Android 13,Standard call; cell handover success
REC-100794,+255/714/012604,255714031921,05-11-2023 13:48:14,TIGO_PESA_CASH_OUT,NaN,  active  ,Arusha (CBD),02:15,3G WCDMA,Tecno Spark 10 Pro,
REC-102218,+255 714 012 056,0714-004-247,2023-11-06 19:04:48,VOICE_CALL,$ 9.20 USD,Suspended,dar-es-salaam,30s,5G NR,Huawei P40 Lite,
REC-102315,0714-020-413,tel:+255-714-020413,UNKNOWN_TIME,SMS_PACK,"TZS 58,194.57/=",Pending_Kyc​,N/A,N/A,4G,Samsung Galaxy A14; Android 13,"Customer stated: ""Cannot connect to 4G in Posta area, please help"""
REC-102217,+255 714 021 783,255714022331,11/20/2023 08:21 AM,VOICE_CALL,"72,262.69",TERMINATED,DODOMA (Capital),120,unknown,Nokia 105 (Feature Phone),
REC-101616,0714-015-755,tel:+255-714-023290,2023-11-22T17:47:49+03:00,DATA_RECHARGE,$ 35.17 USD,CHURNED,Dodoma,0,4G LTE,Transsion Infinix Hot 30,"USSD session timeout, retry OK"
REC-100150,255714018358,0714-013-152,2023-11-21T03:03:43+03:00,BUNDLE_PURCHASE,"53,465.9000",TERMINATED,Tanga,N/A,4G,"iPhone 13,2 (iOS 16.5)","USSD session timeout, retry OK"
REC-100744,+255(0)714021920,0714-022-194,11/20/2023 06:00 AM,TIGO_PESA_CASH_IN,  30986  ,churn,Arusha,N/A,4G,Nokia 105 (Feature Phone),
REC-101852,tel:+255-714-020413,+255(0)714029044,2023-11-25 11:46:03,VOICE_CALL,  25704  ,TERMINATED,Arusha,-15,unknown,"iPhone 13,2 (iOS 16.5)","VIP Subscriber, priority routing"
REC-101586,+255/714/014933,+255 714 013 015,2023-11-18 20:39:07,TIGO_PESA_CASH_IN,"142,479.24",Active,DODOMA (Capital),N/A,5G NR,Nokia 105 (Feature Phone),"USSD session timeout, retry OK"
REC-100947,tel:+255-714-033976,0714-016-029,1701295964,BUNDLE_PURCHASE,"TZS 69,033.73/=",CHURNED,DAR ES SALAAM,45,2G GSM,Nokia 105 (Feature Phone),
REC-101892,+255 714 011 645,  714011919  ,2023-11-17 16:03:37,TIGO_PESA_CASH_IN,"138,841.26",null,DODOMA (Capital),N/A,4G,"iPhone 13,2 (iOS 16.5)",Standard call; cell handover success
REC-101561,0714025071,+255 714 032 606,2023-11-13 09:27:28,VOICE_CALL,"TZS 46,192.92/=",Terminated,ARUSHA,360,2G GSM,"iPhone 13,2 (iOS 16.5)",None
REC-100128,0714-026-167,+255 714 023 701,1700937830,VOICE_CALL,"TZS 19,371.39/=",CHURNED,Dodoma,02:15,2G GSM,Samsung Galaxy A14; Android 13,Standard call; cell handover success
REC-101563,+255(0)714021372,+255(0)714009727,"Nov 29, 2023 10:42",SMS_PACK,"-30,274.79",suspnded,Dodoma ,02:15,3G WCDMA,Samsung Galaxy A14; Android 13,
REC-100110,255714019454,0714-023-701,2023-12-03T18:25:10+03:00,DATA_RECHARGE,$ 20.14 USD,ACTV,Dodoma,360,LTE-A,Nokia 105 (Feature Phone),
REC-100919,255714020550,N/A,2023-11-28T22:01:08+03:00,VOICE_CALL,"TZS 91,212.77/=",TERMINATED,N/A,N/A,3G WCDMA,Samsung Galaxy A14; Android 13,
REC-101972,  714019317  ,0714006987,11/07/2023 11:37 PM,TIGO_PESA_CASH_IN,NaN,ACTV,DAR ES SALAAM,0,4G LTE,Unknown,"USSD session timeout, retry OK"
REC-101404,0714-013-837,tel:+255-714-026715,"Nov 12, 2023 14:02",TIGO_PESA_CASH_OUT,"TZS 25,873.30/=",null,Mbeya,02:15,LTE-A,"iPhone 13,2 (iOS 16.5)",None
REC-100367,0714-002-740,+255 714 007 261,2023-11-27 11:31:25,BUNDLE_PURCHASE,"8,546.9000",  active  ,  Dar es Salaam  ,360,2G GSM,"iPhone 13,2 (iOS 16.5)","VIP Subscriber, priority routing"
REC-102370,0714002466,255714013152,1700385902,SMS_PACK,FREE,Suspended,DAR ES SALAAM,N/A,LTE-A,Nokia 105 (Feature Phone),"VIP Subscriber, priority routing"
REC-100076,tel:+255-714-016029,+255/714/008905,18-11-2023 11:20:14,SMS_PACK,"TZS 82,216.42/=",CHURNED,Morogoro,360,LTE-A,Transsion Infinix Hot 30,
REC-101886,N/A,0714-013-700,1699234518,DATA_RECHARGE,FREE,ACTV,,120,5G NR,Huawei P40 Lite,Standard call; cell handover success
REC-101025,0714015344,+255/714/029866,2023-11-23 20:43:58,SMS_PACK,"111,785.76",ACTIVE,Arusha (CBD),45,4G LTE,Nokia 105 (Feature Phone),"USSD session timeout, retry OK"
REC-101575,tel:+255-714-023427,+255 714 015 207,11/18/2023 11:15 PM,DATA_RECHARGE,  87110  ,pending,Mwanza,N/A,4G,Unknown,Standard call; cell handover success
REC-100399,tel:+255-714-015070,+255(0)714011234,2023-11-24 14:04:48,TIGO_PESA_CASH_OUT,"TZS 55,107.51/=",CHURNED,Tanga,-15,unknown,Tecno Spark 10 Pro,Flagged for KYC update; verified by agent
REC-101613,tel:+255-714-020002,255714002055,09-11-2023 09:58:14,BUNDLE_PURCHASE,"TZS 107,718.24/=",Term,DAR ES SALAAM,45,5G NR,"iPhone 13,2 (iOS 16.5)",
REC-100011,N/A,N/A,28-11-2023 05:29:20,VOICE_CALL,"17,224.22",Terminated,Arusha﻿,-15,4G,Huawei P40 Lite,"VIP Subscriber, priority routing"
REC-100357,+255/714/031373,+255/714/030825,29-11-2023 07:44:09,TIGO_PESA_CASH_IN,"-59,982.98",UNKNOWN,Dodoma ,N/A,2G GSM,Samsung Galaxy A14; Android 13,Standard call; cell handover success
REC-100053,tel:+255-714-008494,255714010686,21-11-2023 04:43:43,TIGO_PESA_CASH_OUT,$ 59.80 USD,CHURNED,Zanzibar,360,5G NR,Tecno Spark 10 Pro,Flagged for KYC update; verified by agent
REC-102258,0714-005-069,N/A,2023-11-26 20:17:41,DATA_RECHARGE,"123,029.04",  active  ,Mwanza,N/A,unknown,Tecno Spark 10 Pro,"Customer stated: ""Cannot connect to 4G in Posta area, please help"""
REC-100306,+255 714 028 222,+255(0)714004658,2023-11-29T09:05:19+03:00,TIGO_PESA_CASH_IN,$ 50.62 USD,Term,Mbeya,120,4G,"iPhone 13,2 (iOS 16.5)",Standard call; cell handover success
REC-100641,+255(0)714032195,+255 714 027 674,2023-11-14 08:44:05,TIGO_PESA_CASH_OUT,"129,543.66",Terminated,Dodoma ,02:15,2G GSM,"iPhone 13,2 (iOS 16.5)",None
REC-102046,0714003288,N/A,11/21/2023 08:42 PM,TIGO_PESA_CASH_IN,"TZS 113,491.93/=",pending,DAR ES SALAAM,02:15,4G,Transsion Infinix Hot 30,Flagged for KYC update; verified by agent
REC-101029,  714022331  ,0714-006-439,2023-11-28T01:48:05+03:00,TIGO_PESA_CASH_IN,"50,881.69",CHURNED,ARUSHA,45,5G NR,Samsung Galaxy A14; Android 13,"VIP Subscriber, priority routing"
REC-101691,255714008083,+255(0)714020687,21-11-2023 01:56:33,TIGO_PESA_CASH_IN,"39,309.80",Active,,N/A,4G,"iPhone 13,2 (iOS 16.5)",
REC-100815,tel:+255-714-000959,0714016577,12/01/2023 05:22 AM,VOICE_CALL,"TZS 53,486.81/=",churn,ZNZ,02:15,2G GSM,Tecno Spark 10 Pro,"VIP Subscriber, priority routing"
REC-100752,+255(0)714031373,0714-001-507,03-12-2023 14:49:12,DATA_RECHARGE,"TZS 102,075.28/=",Terminated,Tanga,360,5G NR,Samsung Galaxy A14; Android 13,"USSD session timeout, retry OK"
REC-101160,0714015207,0714025345,11/21/2023 09:56 AM,DATA_RECHARGE,NaN,TERMINATED,"Stone Town, Zanzibar",45,4G,"iPhone 13,2 (iOS 16.5)",None
REC-101261,+255 714 030 688,+255 714 027 537,UNKNOWN_TIME,BUNDLE_PURCHASE,  14167  ,Pending_Kyc​,Arusha (CBD),45,3G WCDMA,Nokia 105 (Feature Phone),"USSD session timeout, retry OK"
REC-100001,+255 714 022 331,0714-003-836,2023-11-09 11:38:15,SMS_PACK,$ 44.49 USD,,Dodoma ,-15,4G LTE,Samsung Galaxy A14; Android 13,Flagged for KYC update; verified by agent
REC-101262,+255/714/007809,+255/714/001370,1699451756,BUNDLE_PURCHASE,$ 45.73 USD,Term,DODOMA (Capital),0,3G WCDMA,Huawei P40 Lite,None
REC-101370,  714033702  ,+255(0)714000685,"Nov 18, 2023 13:49",SMS_PACK,"76,478.5200",null,DODOMA (Capital),360,5G NR,Huawei P40 Lite,Flagged for KYC update; verified by agent
REC-100436,255714023016,+255(0)714026030,11/14/2023 04:42 PM,TIGO_PESA_CASH_IN,"30,483.05",null,Mwanza Rock City,N/A,LTE-A,Samsung Galaxy A14; Android 13,"USSD session timeout, retry OK"
REC-100918,+255/714/021509,N/A,2023-11-22 16:12:13,DATA_RECHARGE,,Suspended,Zanzibar,30s,2G GSM,"iPhone 13,2 (iOS 16.5)","VIP Subscriber, priority routing"
REC-100336,0714-005-206,+255(0)714006439,1700066142,TIGO_PESA_CASH_OUT,"121,770.3100",Pending_Kyc​,"Stone Town, Zanzibar",120,2G GSM,"iPhone 13,2 (iOS 16.5)",
REC-100851,N/A,0714018084,11/07/2023 06:13 AM,BUNDLE_PURCHASE,"TZS 104,778.93/=",Pending_Kyc​,Mwanza,-15,4G LTE,Tecno Spark 10 Pro,"Customer stated: ""Cannot connect to 4G in Posta area, please help"""
REC-100385,+255 714 023 016,N/A,2023-11-06 00:39:31,DATA_RECHARGE,"TZS 16,504.75/=",Active,Morogoro,02:15,LTE-A,Transsion Infinix Hot 30,Standard call; cell handover success
REC-100136,tel:+255-714-008768,+255(0)714006850,2023-11-19 05:02:18,BUNDLE_PURCHASE,$ 32.10 USD,SUSPENDED,Morogoro,45,4G,Nokia 105 (Feature Phone),Standard call; cell handover success
REC-100113,+255/714/029181,+255 714 025 893,11/10/2023 08:54 PM,BUNDLE_PURCHASE,"TZS 56,819.62/=",SUSPENDED,Zanzibar,-15,3G WCDMA,Tecno Spark 10 Pro,
REC-101489,0714023016,+255 714 026 989,2023-11-05T09:16:39+03:00,VOICE_CALL,  80357  ,actve,"Stone Town, Zanzibar",1800,unknown,Tecno Spark 10 Pro,Flagged for KYC update; verified by agent
REC-102499,0714-007-809,+255/714/001918,11/16/2023 10:07 PM,TIGO_PESA_CASH_IN,NaN,pending,Arusha﻿,120,4G LTE,Huawei P40 Lite,
REC-100048,  714028222  ,+255(0)714004110,2023-11-30 08:54:55,TIGO_PESA_CASH_OUT,"TZS 99,397.44/=",Term,Dar es Salaam,02:15,unknown,Transsion Infinix Hot 30,"VIP Subscriber, priority routing"
REC-102008,+255/714/019454,0714-032-195,11/28/2023 07:13 PM,SMS_PACK,$ 12.58 USD,  active  ,Tanga,45,4G LTE,Tecno Spark 10 Pro,Standard call; cell handover success
REC-100054,0714-004-110,+255 714 025 208,13-11-2023 11:56:14,DATA_RECHARGE,$ 13.14 USD,,ZNZ,360,4G LTE,Unknown,Flagged for KYC update; verified by agent
REC-100822,0714011645,255714015755,28-11-2023 03:01:40,TIGO_PESA_CASH_IN,"TZS 54,961.26/=",CHURNED,mwanza,30s,2G GSM,Unknown,
REC-100787,tel:+255-714-031784,  714028770  ,11/22/2023 04:42 PM,DATA_RECHARGE,"76,380.34",TERMINATED,mwanza,02:15,LTE-A,"iPhone 13,2 (iOS 16.5)","VIP Subscriber, priority routing"
REC-100534,+255(0)714024386,0000000000,11/23/2023 10:57 AM,TIGO_PESA_CASH_IN,"-86,094.53",Suspended,Mwanza Rock City,N/A,2G GSM,Unknown,None
REC-102013,255714030688,tel:+255-714-003973,1699931090,DATA_RECHARGE,"48,380.10",Suspended,DODOMA (Capital),120,unknown,Samsung Galaxy A14; Android 13,"VIP Subscriber, priority routing"
REC-102355,+255(0)714015618,+255(0)714024660,11/15/2023 05:45 AM,VOICE_CALL,"147,484.53",,Dar es Salaam,120,4G LTE,Tecno Spark 10 Pro,"USSD session timeout, retry OK"
REC-100423,tel:+255-714-021372,+255(0)714023153,11/21/2023 07:16 PM,TIGO_PESA_CASH_OUT,"112,525.55",Active,dar-es-salaam,360,5G NR,Tecno Spark 10 Pro,"Customer stated: ""Cannot connect to 4G in Posta area, please help"""
REC-101220,  714008083  ,  714008631  ,"Nov 10, 2023 23:08",DATA_RECHARGE,"TZS 41,844.09/=",ACTIVE,N/A,120,LTE-A,Samsung Galaxy A14; Android 13,None
REC-100097,tel:+255-714-004932,+255 714 019 728,1699228585,VOICE_CALL,"TZS 112,043.71/=",PENDING_KYC,Zanzibar,30s,4G,Tecno Spark 10 Pro,"USSD session timeout, retry OK"
REC-100902,255714007672,0714-033-839,11/30/2023 09:26 AM,BUNDLE_PURCHASE,"TZS 37,069.80/=",Pending_Kyc​,DODOMA (Capital),30s,unknown,Huawei P40 Lite,
REC-101418,+255 714 003 425,  714001096  ,UNKNOWN_TIME,TIGO_PESA_CASH_OUT,"TZS 137,441.89/=",TERMINATED,Mwanza Rock City,02:15,3G WCDMA,Unknown,"VIP Subscriber, priority routing"
REC-100299,0714002740,+255(0)714016029,2023-11-28 16:57:56,TIGO_PESA_CASH_OUT,,ACTIVE,  Dar es Salaam  ,02:15,3G WCDMA,Samsung Galaxy A14; Android 13,Standard call; cell handover success
REC-100021,N/A,+255(0)714004110,2023-11-20 12:50:13,BUNDLE_PURCHASE,  12757  ,,ZNZ,30s,5G NR,"iPhone 13,2 (iOS 16.5)",
REC-102375,  714010138  ,255714014796,2023-11-16 07:22:03,SMS_PACK,"53,861.77",pending,DAR ES SALAAM,45,4G LTE,Samsung Galaxy A14; Android 13,"Customer stated: ""Cannot connect to 4G in Posta area, please help"""
REC-100366,255714030140,+255(0)714032880,2023/11/04,DATA_RECHARGE,"TZS 27,990.99/=",suspnded,,360,LTE-A,Nokia 105 (Feature Phone),
REC-101265,N/A,N/A,2023-11-14T21:12:10+03:00,TIGO_PESA_CASH_OUT,"-55,501.77",Active,dar-es-salaam,360,2G GSM,Samsung Galaxy A14; Android 13,None
REC-102190,0714-005-754,  714008357  ,1700366477,TIGO_PESA_CASH_OUT,TZS 781.20/=,actve,Mwanza,02:15,unknown,Huawei P40 Lite,"Customer stated: ""Cannot connect to 4G in Posta area, please help"""
REC-100295,0714019865,+255(0)714023701,1701664223,VOICE_CALL,FREE,ACTV,"Stone Town, Zanzibar",N/A,4G LTE,Transsion Infinix Hot 30,"Customer stated: ""Cannot connect to 4G in Posta area, please help"""
REC-101742,255714007672,  714015481  ,2023-11-28 14:20:56,DATA_RECHARGE,"33,244.13",Term,Arusha (CBD),1800,unknown,Transsion Infinix Hot 30,Standard call; cell handover success
REC-101479,+255 714 023 564,0714005206,06-11-2023 09:59:57,BUNDLE_PURCHASE,NaN,actve,Tanga,02:15,4G,Nokia 105 (Feature Phone),Flagged for KYC update; verified by agent
REC-100859,tel:+255-714-007124,  714017262  ,2023-11-15T04:52:31+03:00,TIGO_PESA_CASH_OUT,NaN,null,mwanza,120,2G GSM,Tecno Spark 10 Pro,"USSD session timeout, retry OK"
REC-101500,  714021235  ,+255 714 017 399,12-11-2023 04:45:56,DATA_RECHARGE,"TZS 57,479.38/=",Pending_Kyc​,  Dar es Salaam  ,45,3G WCDMA,Samsung Galaxy A14; Android 13,"USSD session timeout, retry OK"
REC-102000,0714024249,0714025619,11/04/2023 01:29 PM,BUNDLE_PURCHASE,"9,691.04",  active  ,Arusha,0,4G LTE,Unknown,Flagged for KYC update; verified by agent
REC-102333,  714028085  ,0714032195,"Nov 30, 2023 19:50",TIGO_PESA_CASH_OUT,FREE,actve,dar-es-salaam,360,unknown,"iPhone 13,2 (iOS 16.5)",Flagged for KYC update; verified by agent
REC-102017,  714017947  ,+255 714 027 537,2023-11-25 08:08:51,BUNDLE_PURCHASE,FREE,,mwanza,N/A,LTE-A,Tecno Spark 10 Pro,None
REC-102129,tel:+255-714-011645,255714022879,11/13/2023 06:16 AM,DATA_RECHARGE,"TZS 129,805.42/=",PENDING_KYC,Dodoma ,-15,LTE-A,Nokia 105 (Feature Phone),
REC-101752,  714016440  ,N/A,11-11-2023 02:15:12,DATA_RECHARGE,"110,366.89",Pending_Kyc​,Morogoro,360,unknown,Samsung Galaxy A14; Android 13,Standard call; cell handover success
REC-101151,0714028770,0714009590,11/25/2023 06:32 AM,SMS_PACK,$ 58.91 USD,Pending_Kyc​,Dodoma ,02:15,5G NR,Samsung Galaxy A14; Android 13,Flagged for KYC update; verified by agent
REC-101638,0000000000,+255 714 001 781,2023-11-19 03:32:06,TIGO_PESA_CASH_IN,NaN,ACTV,ARUSHA,30s,4G,Samsung Galaxy A14; Android 13,
REC-102003,  714015207  ,255714012193,18-11-2023 21:04:55,VOICE_CALL,"91,284.7200",suspnded,Arusha (CBD),360,unknown,Tecno Spark 10 Pro,"VIP Subscriber, priority routing"
REC-100727,0714006850,tel:+255-714-033154,11/24/2023 10:50 PM,TIGO_PESA_CASH_OUT,"82,743.4900",Term,DODOMA (Capital),1800,LTE-A,Nokia 105 (Feature Phone),None
REC-102288,tel:+255-714-004932,+255 714 009 179,11/18/2023 02:10 PM,TIGO_PESA_CASH_IN,  48527  ,Term,mwanza,-15,2G GSM,Nokia 105 (Feature Phone),
REC-101379,+255(0)714009590,+255 714 018 906,2023/11/04,TIGO_PESA_CASH_IN,$ 32.17 USD,UNKNOWN,Arusha﻿,-15,3G WCDMA,"iPhone 13,2 (iOS 16.5)","USSD session timeout, retry OK"
REC-101614,255714016166,N/A,2023/11/04,TIGO_PESA_CASH_OUT,"-31,243.42",pending,dar-es-salaam,120,LTE-A,Tecno Spark 10 Pro,Standard call; cell handover success
REC-100793,tel:+255-714-021920,+255(0)714000685,2023-11-26 19:08:41,BUNDLE_PURCHASE,"TZS 18,841.31/=",TERMINATED,ARUSHA,0,4G LTE,Transsion Infinix Hot 30,None
REC-101680,tel:+255-714-031236,+255/714/006987,23-11-2023 03:50:40,TIGO_PESA_CASH_IN,"72,427.7100",Pending_Kyc​,Mwanza Rock City,120,4G LTE,Transsion Infinix Hot 30,"Customer stated: ""Cannot connect to 4G in Posta area, please help"""
REC-100855,+255(0)714028359,+255/714/006850,"Nov 05, 2023 09:18",BUNDLE_PURCHASE,"72,584.91",churn,Arusha,02:15,LTE-A,Transsion Infinix Hot 30,Standard call; cell handover success
REC-100428,0714-024-112,+255 714 009 864,12/01/2023 05:00 AM,TIGO_PESA_CASH_IN,"TZS 115,171.37/=",Term,Mwanza Rock City,02:15,LTE-A,Huawei P40 Lite,Standard call; cell handover success
REC-100809,255714002603,+255(0)714009179,1700232093,SMS_PACK,"TZS 25,965.63/=",pending,  Dar es Salaam  ,45,5G NR,Unknown,Flagged for KYC update; verified by agent
REC-102047,+255 714 019 043,0714029592,2023-11-16 15:42:10,TIGO_PESA_CASH_OUT,FREE,  active  ,,30s,unknown,Transsion Infinix Hot 30,"USSD session timeout, retry OK"
REC-101011,tel:+255-714-023153,255714003288,07-11-2023 13:45:35,TIGO_PESA_CASH_IN,"TZS 64,263.92/=",null,Arusha,0,4G,Transsion Infinix Hot 30,None
REC-100301,0714007809,+255(0)714029592,"Nov 27, 2023 11:27",SMS_PACK,  98746  ,actve,  Dar es Salaam  ,120,4G LTE,Tecno Spark 10 Pro,"USSD session timeout, retry OK"
REC-100684,255714009590,+255(0)714002192,09-11-2023 09:40:24,VOICE_CALL,"-9,627.94",,DAR ES SALAAM,0,4G,Huawei P40 Lite,None
REC-100553,255714020687,0714-028-907,2023-11-22 08:30:24,DATA_RECHARGE,"59,327.38",,Arusha﻿,-15,4G LTE,Huawei P40 Lite,
REC-101525,+255(0)714031236,+255 714 026 578,"Nov 10, 2023 02:22",TIGO_PESA_CASH_OUT,$ 45.75 USD,Terminated,ZNZ,30s,4G,Tecno Spark 10 Pro,
REC-101481,0000000000,0714-016-029,11/07/2023 07:20 AM,TIGO_PESA_CASH_IN,"TZS 79,978.50/=",TERMINATED,Arusha (CBD),-15,unknown,Nokia 105 (Feature Phone),Flagged for KYC update; verified by agent
REC-101433,+255 714 000 137,  714016851  ,2023/11/04,VOICE_CALL,"17,867.21",ACTIVE,Tanga,45,unknown,Transsion Infinix Hot 30,None
REC-101385,N/A,+255 714 033 428,12/01/2023 06:21 AM,DATA_RECHARGE,"TZS 14,986.27/=",TERMINATED,Dodoma ,1800,unknown,Samsung Galaxy A14; Android 13,None
REC-101683,tel:+255-714-013426,255714021098,11/26/2023 03:22 PM,TIGO_PESA_CASH_IN,$ 24.02 USD,churn,Zanzibar,30s,4G LTE,Transsion Infinix Hot 30,Standard call; cell handover success
REC-100341,+255 714 016 851,+255(0)714023016,1700909828,BUNDLE_PURCHASE,FREE,UNKNOWN,Dodoma ,120,unknown,Transsion Infinix Hot 30,None
REC-100389,0714012467,tel:+255-714-023564,2023-11-12T14:34:08+03:00,DATA_RECHARGE,$ 33.09 USD,SUSPENDED,Mbeya,N/A,5G NR,Tecno Spark 10 Pro,Standard call; cell handover success
REC-102167,0714019317,0714-007-672,11/20/2023 07:24 AM,BUNDLE_PURCHASE,"TZS 71,504.11/=",suspnded,Dodoma,120,4G LTE,Transsion Infinix Hot 30,"USSD session timeout, retry OK"
REC-102233,N/A,255714029729,UNKNOWN_TIME,SMS_PACK,NaN,churn,Tanga,30s,LTE-A,"iPhone 13,2 (iOS 16.5)",Flagged for KYC update; verified by agent
REC-101542,+255(0)714018906,N/A,2023-11-27 06:50:03,SMS_PACK,$ 9.07 USD,  active  ,ARUSHA,45,5G NR,Huawei P40 Lite,"VIP Subscriber, priority routing"
REC-100924,+255(0)714001507,tel:+255-714-009590,11/04/2023 03:58 PM,TIGO_PESA_CASH_IN,"41,427.59",Term,Zanzibar,0,2G GSM,Transsion Infinix Hot 30,"VIP Subscriber, priority routing"
REC-101258,N/A,  714032058  ,1700645063,DATA_RECHARGE,$ 33.45 USD,SUSPENDED,Mwanza,30s,LTE-A,"iPhone 13,2 (iOS 16.5)","Customer stated: ""Cannot connect to 4G in Posta area, please help"""
REC-100078,+255 714 013 837,+255/714/009590,1699305706,BUNDLE_PURCHASE,FREE,Terminated,Arusha﻿,30s,4G,Nokia 105 (Feature Phone),Flagged for KYC update; verified by agent
REC-101941,0714-011-371,0714-030-277,UNKNOWN_TIME,BUNDLE_PURCHASE,"TZS 44,925.46/=",  active  ,DAR ES SALAAM,1800,5G NR,Transsion Infinix Hot 30,Standard call; cell handover success
REC-100362,255714027537,+255(0)714016988,23-11-2023 20:23:38,VOICE_CALL,"TZS 103,736.20/=",TERMINATED,"Stone Town, Zanzibar",0,3G WCDMA,Nokia 105 (Feature Phone),"USSD session timeout, retry OK"
REC-101916,  714021509  ,N/A,2023-11-05T10:28:26+03:00,BUNDLE_PURCHASE,"134,487.50",TERMINATED,Morogoro,120,4G LTE,"iPhone 13,2 (iOS 16.5)","VIP Subscriber, priority routing"
REC-100963,0000000000,+255 714 025 208,2023-11-24 05:39:01,BUNDLE_PURCHASE,FREE,  active  ,Dodoma ,360,LTE-A,Huawei P40 Lite,"VIP Subscriber, priority routing"
REC-101593,+255(0)714023564,0714-011-234,19-11-2023 07:53:31,DATA_RECHARGE,"102,349.54",Term,  Dar es Salaam  ,02:15,4G LTE,Huawei P40 Lite,"USSD session timeout, retry OK"
REC-100120,+255(0)714031647,+255 714 017 399,16-11-2023 06:06:02,SMS_PACK,"21,964.74",CHURNED,Arusha﻿,02:15,4G,Nokia 105 (Feature Phone),
REC-100485,tel:+255-714-004384,+255 714 001 096,2023-11-27 02:36:32,TIGO_PESA_CASH_OUT,"-63,024.46",Terminated,Tanga,45,unknown,Unknown,
REC-100743,0714-028-770,0000000000,2023-11-05 06:26:32,BUNDLE_PURCHASE,FREE,,  Dar es Salaam  ,02:15,LTE-A,Tecno Spark 10 Pro,None
REC-102254,+255/714/021098,255714034113,2023-11-24 05:21:49,SMS_PACK,"TZS 127,785.74/=",UNKNOWN,,-15,unknown,"iPhone 13,2 (iOS 16.5)",Standard call; cell handover success
REC-100631,tel:+255-714-018084,+255 714 020 550,2023-12-01 16:01:43,VOICE_CALL,"TZS 63,598.14/=",Suspended,N/A,120,unknown,Samsung Galaxy A14; Android 13,"USSD session timeout, retry OK"
REC-100402,+255(0)714007398,  714007124  ,11-11-2023 08:54:14,SMS_PACK,"TZS 104,963.91/=",,,1800,4G LTE,Tecno Spark 10 Pro,Flagged for KYC update; verified by agent
REC-101440,0000000000,0714009453,1700978228,DATA_RECHARGE,"TZS 88,448.76/=",TERMINATED,mwanza,1800,2G GSM,"iPhone 13,2 (iOS 16.5)",Standard call; cell handover success
REC-101774,tel:+255-714-012330,0714030551,29-11-2023 15:28:07,TIGO_PESA_CASH_IN,  41829  ,PENDING_KYC,Arusha,120,4G,"iPhone 13,2 (iOS 16.5)","Customer stated: ""Cannot connect to 4G in Posta area, please help"""
REC-101267,0714-014-248,  714006713  ,2023/11/04,BUNDLE_PURCHASE,"TZS 76,124.96/=",pending,Mwanza,30s,5G NR,Transsion Infinix Hot 30,"VIP Subscriber, priority routing"
REC-102134,255714020961,+255(0)714020550,"Nov 17, 2023 22:02",SMS_PACK,"TZS 25,028.65/=",suspnded,Dar es Salaam,45,2G GSM,Nokia 105 (Feature Phone),Flagged for KYC update; verified by agent
REC-100461,+255/714/012330,+255(0)714033428,"Nov 17, 2023 17:48",TIGO_PESA_CASH_IN,"-40,913.75",,DODOMA (Capital),N/A,unknown,Nokia 105 (Feature Phone),
REC-100376,+255/714/011508,N/A,2023-11-23 13:25:36,VOICE_CALL,"TZS 81,707.20/=",TERMINATED,DODOMA (Capital),-15,4G LTE,Unknown,
REC-100140,0714011097,0714-008-357,2023-11-09 05:00:57,VOICE_CALL,"43,886.69",PENDING_KYC,Arusha﻿,45,unknown,Tecno Spark 10 Pro,Standard call; cell handover success
REC-101209,+255(0)714020824,+255 714 018 221,2023-11-28 12:10:34,BUNDLE_PURCHASE,"149,422.2800",Active,N/A,30s,4G,Tecno Spark 10 Pro,Standard call; cell handover success
REC-101393,255714026441,+255/714/015481,19-11-2023 11:40:32,TIGO_PESA_CASH_IN,"TZS 144,731.30/=",UNKNOWN,Tanga,-15,3G WCDMA,"iPhone 13,2 (iOS 16.5)",Flagged for KYC update; verified by agent
REC-100843,+255(0)714027126,+255 714 023 016,12/02/2023 04:48 PM,TIGO_PESA_CASH_IN,FREE,  active  ,DAR ES SALAAM,-15,unknown,Nokia 105 (Feature Phone),Flagged for KYC update; verified by agent
REC-101084,+255 714 033 291,  714003151  ,2023-11-06 22:28:29,SMS_PACK,"12,372.09",UNKNOWN,Arusha (CBD),N/A,unknown,"iPhone 13,2 (iOS 16.5)",
REC-101034,255714018084,+255(0)714020276,2023-11-23T07:13:50+03:00,SMS_PACK,"39,593.1000",TERMINATED,Dodoma ,30s,5G NR,"iPhone 13,2 (iOS 16.5)","USSD session timeout, retry OK"
REC-100829,+255 714 020 413,0714-032-195,21-11-2023 17:23:55,DATA_RECHARGE,  121851  ,PENDING_KYC,DODOMA (Capital),0,5G NR,Tecno Spark 10 Pro,Standard call; cell handover success
REC-100745,+255 714 015 207,0714012878,26-11-2023 19:27:01,DATA_RECHARGE,"TZS 122,431.90/=",,"Stone Town, Zanzibar",45,LTE-A,Tecno Spark 10 Pro,"VIP Subscriber, priority routing"
REC-100388,0714-003-425,255714025345,2023-11-16 14:03:07,BUNDLE_PURCHASE,"TZS 93,986.10/=",null,Dodoma ,0,unknown,Nokia 105 (Feature Phone),Standard call; cell handover success
REC-100949,+255/714/030962,0714002740,2023-11-13 19:30:11,BUNDLE_PURCHASE,"39,515.87",UNKNOWN,Mbeya,120,LTE-A,Unknown,"VIP Subscriber, priority routing"
REC-102372,+255 714 020 413,0714-005-480,"Nov 20, 2023 02:51",TIGO_PESA_CASH_IN,NaN,PENDING_KYC,Morogoro,30s,4G,Huawei P40 Lite,"USSD session timeout, retry OK"
REC-102225,+255/714/013563,+255/714/000685,2023-11-07 00:10:57,TIGO_PESA_CASH_OUT,FREE,CHURNED,Morogoro,360,unknown,Transsion Infinix Hot 30,"Customer stated: ""Cannot connect to 4G in Posta area, please help"""
REC-101668,0714-009-453,+255 714 028 359,2023-11-08T04:02:32+03:00,BUNDLE_PURCHASE,"TZS 23,277.88/=",  active  ,Mwanza Rock City,02:15,unknown,Tecno Spark 10 Pro,Standard call; cell handover success
REC-100133,0000000000,+255 714 028 085,2023-11-07T16:49:27+03:00,TIGO_PESA_CASH_IN,  60025  ,Pending_Kyc​,ZNZ,02:15,unknown,Transsion Infinix Hot 30,None
REC-101627,+255 714 014 659,+255(0)714033976,11/21/2023 10:27 AM,TIGO_PESA_CASH_IN,,TERMINATED,dar-es-salaam,45,unknown,Unknown,Flagged for KYC update; verified by agent
REC-101643,  714024523  ,  714010001  ,2023-11-16T21:40:02+03:00,TIGO_PESA_CASH_OUT,"83,622.3900",UNKNOWN,,02:15,4G,"iPhone 13,2 (iOS 16.5)","Customer stated: ""Cannot connect to 4G in Posta area, please help"""
REC-102278,+255 714 020 824,  714007261  ,2023-11-10T01:43:04+03:00,TIGO_PESA_CASH_OUT,$ 56.31 USD,actve,Dodoma ,1800,3G WCDMA,Nokia 105 (Feature Phone),Standard call; cell handover success
REC-100151,0714-019-454,0000000000,11/18/2023 12:56 PM,SMS_PACK,  31488  ,Term,"Stone Town, Zanzibar",30s,2G GSM,Unknown,
REC-100681,N/A,255714007261,11/12/2023 04:25 PM,TIGO_PESA_CASH_OUT,TZS 736.00/=,PENDING_KYC,ZNZ,02:15,LTE-A,Tecno Spark 10 Pro,
REC-101765,0714007124,+255(0)714000959,07-11-2023 16:38:24,TIGO_PESA_CASH_OUT,"TZS 24,320.44/=",SUSPENDED,Tanga,02:15,2G GSM,"iPhone 13,2 (iOS 16.5)",
REC-101476,255714012604,0714-002-055,1700168439,TIGO_PESA_CASH_IN,"98,576.05",PENDING_KYC,DODOMA (Capital),120,LTE-A,Tecno Spark 10 Pro,Standard call; cell handover success
REC-101227,0714-008-357,  714031510  ,1701431857,BUNDLE_PURCHASE,NaN,SUSPENDED,N/A,N/A,2G GSM,Samsung Galaxy A14; Android 13,Flagged for KYC update; verified by agent
REC-100046,+255(0)714023427,0714-003-973,"Nov 22, 2023 10:00",DATA_RECHARGE,,actve,ARUSHA,360,4G LTE,Huawei P40 Lite,"VIP Subscriber, priority routing"
REC-100810,+255/714/026304,0000000000,11/26/2023 04:45 AM,SMS_PACK,$ 7.52 USD,,"Stone Town, Zanzibar",N/A,5G NR,Tecno Spark 10 Pro,None
REC-102349,0714-008-905,0714-013-015,2023/11/04,VOICE_CALL,"65,666.17",pending,Dar es Salaam,-15,LTE-A,Huawei P40 Lite,"USSD session timeout, retry OK"
REC-100883,0714-032-469,255714014933,1699700609,VOICE_CALL,"122,191.0800",Suspended,Dodoma ,1800,5G NR,Huawei P40 Lite,Standard call; cell handover success
REC-101071,255714006850,0714005206,2023-11-10T20:19:47+03:00,TIGO_PESA_CASH_OUT,NaN,UNKNOWN,N/A,-15,LTE-A,Samsung Galaxy A14; Android 13,None
REC-101748,+255 714 029 729,+255/714/016303,1700795053,BUNDLE_PURCHASE,NaN,  active  ,Dodoma,360,LTE-A,Samsung Galaxy A14; Android 13,Standard call; cell handover success
REC-100548,  714012604  ,+255 714 031 647,2023-11-25T23:39:31+03:00,TIGO_PESA_CASH_OUT,,TERMINATED,mwanza,0,unknown,Unknown,Flagged for KYC update; verified by agent
REC-101804,255714021646,0714-020-002,11/28/2023 02:21 AM,TIGO_PESA_CASH_OUT,"TZS 149,671.42/=",PENDING_KYC,ARUSHA,120,5G NR,Nokia 105 (Feature Phone),None
REC-101072,+255 714 002 192,N/A,2023-11-20T14:27:27+03:00,VOICE_CALL,NaN,Suspended,Arusha,120,5G NR,Unknown,"VIP Subscriber, priority routing"
REC-102389,0714000548,+255/714/022605,11/12/2023 01:32 AM,SMS_PACK,NaN,Term,ARUSHA,30s,3G WCDMA,"iPhone 13,2 (iOS 16.5)","Customer stated: ""Cannot connect to 4G in Posta area, please help"""
REC-100676,  714030140  ,255714017536,11/24/2023 04:41 PM,TIGO_PESA_CASH_OUT,"145,588.65",Pending_Kyc​,mwanza,0,3G WCDMA,Samsung Galaxy A14; Android 13,"VIP Subscriber, priority routing"
REC-102201,+255/714/002329,+255/714/004932,25-11-2023 08:14:05,BUNDLE_PURCHASE,"16,001.0900",Suspended,ARUSHA,0,5G NR,Nokia 105 (Feature Phone),
REC-101702,tel:+255-714-006302,0714-002-055,"Nov 27, 2023 21:57",VOICE_CALL,"TZS 16,409.32/=",pending,Dodoma,N/A,3G WCDMA,Huawei P40 Lite,"VIP Subscriber, priority routing"
REC-102063,+255/714/001507,+255/714/002603,"Nov 26, 2023 04:19",DATA_RECHARGE,FREE,Term,  Dar es Salaam  ,120,4G,Tecno Spark 10 Pro,"Customer stated: ""Cannot connect to 4G in Posta area, please help"""
REC-100871,tel:+255-714-029044,+255 714 028 770,11/18/2023 06:02 AM,DATA_RECHARGE,  4192  ,CHURNED,Mwanza Rock City,02:15,LTE-A,Tecno Spark 10 Pro,"Customer stated: ""Cannot connect to 4G in Posta area, please help"""
REC-102338,+255(0)714020002,255714006850,1700735503,TIGO_PESA_CASH_IN,"TZS 114,664.31/=",ACTV,Mwanza,N/A,5G NR,Nokia 105 (Feature Phone),"VIP Subscriber, priority routing"
REC-100521,+255(0)714012741,0714024386,2023/11/04,TIGO_PESA_CASH_IN,"147,204.52",UNKNOWN,Arusha﻿,02:15,4G LTE,Unknown,"USSD session timeout, retry OK"
REC-102207,0714-008-494,0714-006-850,2023-11-09 05:45:17,VOICE_CALL,"TZS 28,095.32/=",Suspended,DODOMA (Capital),-15,4G,Samsung Galaxy A14; Android 13,Standard call; cell handover success
REC-100742,0000000000,255714021098,2023/11/04,TIGO_PESA_CASH_IN,"108,450.90",Terminated,Mwanza Rock City,-15,LTE-A,Unknown,"VIP Subscriber, priority routing"
REC-100493,  714022742  ,  714016714  ,2023-11-14T16:38:59+03:00,SMS_PACK,"114,252.44",TERMINATED,ZNZ,02:15,5G NR,Samsung Galaxy A14; Android 13,"VIP Subscriber, priority routing"
REC-100634,0714-007-124,0000000000,11/08/2023 02:07 AM,TIGO_PESA_CASH_IN,"TZS 4,987.63/=",Terminated,Zanzibar,120,LTE-A,Huawei P40 Lite,None
REC-102252,+255 714 012 056,N/A,2023-11-07 21:52:58,DATA_RECHARGE,$ 18.16 USD,Pending_Kyc​,Zanzibar,120,unknown,Nokia 105 (Feature Phone),"Customer stated: ""Cannot connect to 4G in Posta area, please help"""
REC-100664,  714023290  ,+255 714 005 754,20-11-2023 09:22:10,TIGO_PESA_CASH_IN,"TZS 84,527.09/=",Suspended,Mbeya,02:15,3G WCDMA,Samsung Galaxy A14; Android 13,Flagged for KYC update; verified by agent
REC-100571,tel:+255-714-005206,255714004384,2023-11-25 06:33:57,TIGO_PESA_CASH_IN,$ 34.20 USD,Active,ZNZ,0,2G GSM,Transsion Infinix Hot 30,"Customer stated: ""Cannot connect to 4G in Posta area, please help"""
REC-101547,  714030962  ,0714031373,2023-11-11 09:47:11,TIGO_PESA_CASH_OUT,"-141,829.29",null,Zanzibar,45,4G,Samsung Galaxy A14; Android 13,"USSD session timeout, retry OK"
REC-101841,255714027126,+255/714/027811,04-11-2023 16:32:29,BUNDLE_PURCHASE,"128,782.97",Suspended,DODOMA (Capital),0,4G LTE,Unknown,Standard call; cell handover success
REC-102383,+255 714 006 028,+255(0)714001233,2023-11-19 12:37:40,BUNDLE_PURCHASE,"5,458.11",Pending_Kyc​,ARUSHA,0,3G WCDMA,"iPhone 13,2 (iOS 16.5)",
REC-100052,255714008357,+255(0)714025208,2023-11-27 14:54:39,SMS_PACK,"106,920.44",ACTIVE,dar-es-salaam,360,4G,Transsion Infinix Hot 30,
REC-101648,+255 714 026 578,+255 714 007 535,22-11-2023 19:20:47,DATA_RECHARGE,"119,095.2800",pending,Arusha﻿,0,2G GSM,Samsung Galaxy A14; Android 13,"VIP Subscriber, priority routing"
REC-101447,+255/714/011782,N/A,2023-11-21T08:32:06+03:00,SMS_PACK,$ 41.25 USD,pending,N/A,30s,4G LTE,Transsion Infinix Hot 30,"USSD session timeout, retry OK"
REC-101684,0714-024-112,+255/714/004110,2023-11-22T05:06:06+03:00,SMS_PACK,FREE,ACTV,dar-es-salaam,30s,4G LTE,Nokia 105 (Feature Phone),"VIP Subscriber, priority routing"
REC-101577,tel:+255-714-010686,0714-023-975,12/04/2023 12:01 PM,BUNDLE_PURCHASE,"42,991.88",UNKNOWN,Arusha (CBD),1800,unknown,Tecno Spark 10 Pro,"VIP Subscriber, priority routing"
REC-101650,0714-023-975,0714017262,1701331086,BUNDLE_PURCHASE,"109,149.9800",churn,Dar es Salaam,1800,unknown,Nokia 105 (Feature Phone),"USSD session timeout, retry OK"
REC-100906,0714017125,N/A,2023-11-26 21:45:34,SMS_PACK,$ 29.08 USD,  active  ,  Dar es Salaam  ,02:15,LTE-A,Samsung Galaxy A14; Android 13,"Customer stated: ""Cannot connect to 4G in Posta area, please help"""
REC-100074,+255/714/022194,0714024660,"Nov 05, 2023 21:56",VOICE_CALL,"TZS 48,994.01/=",CHURNED,Dodoma,02:15,4G,"iPhone 13,2 (iOS 16.5)",Standard call; cell handover success
REC-101881,tel:+255-714-002877,0714-032-195,2023/11/04,VOICE_CALL,"63,991.87",Term,Dar es Salaam,45,4G,Samsung Galaxy A14; Android 13,Standard call; cell handover success
REC-100027,0714019317,+255 714 005 069,11/06/2023 10:42 AM,TIGO_PESA_CASH_IN,"TZS 31,906.44/=",actve,Dodoma,1800,unknown,Transsion Infinix Hot 30,Standard call; cell handover success
REC-101048,0714-012-741,  714004932  ,2023-11-24 03:14:52,VOICE_CALL,NaN,Pending_Kyc​,,0,unknown,Huawei P40 Lite,"VIP Subscriber, priority routing"
REC-102034,255714012604,N/A,2023-11-20 13:03:25,SMS_PACK,"10,304.73",PENDING_KYC,Mbeya,1800,LTE-A,Unknown,"Customer stated: ""Cannot connect to 4G in Posta area, please help"""
REC-101932,255714005206,+255/714/004110,2023-11-16 00:53:35,VOICE_CALL,"TZS 138,052.15/=",Active,Dodoma ,02:15,LTE-A,"iPhone 13,2 (iOS 16.5)","Customer stated: ""Cannot connect to 4G in Posta area, please help"""
REC-101884,0714-008-357,N/A,1700881540,SMS_PACK,NaN,ACTIVE,Morogoro,02:15,LTE-A,Unknown,Flagged for KYC update; verified by agent
REC-101269,N/A,0714017262,2023/11/04,BUNDLE_PURCHASE,"TZS 104,206.11/=",ACTV,Dodoma ,-15,4G LTE,"iPhone 13,2 (iOS 16.5)",None
REC-101104,tel:+255-714-019180,tel:+255-714-000822,11/20/2023 08:45 AM,BUNDLE_PURCHASE,"TZS 125,492.96/=",Terminated,Mwanza Rock City,-15,2G GSM,Samsung Galaxy A14; Android 13,
REC-102399,0714001781,  714023701  ,22-11-2023 02:07:24,VOICE_CALL,"TZS 109,113.66/=",Active,Arusha,30s,LTE-A,Tecno Spark 10 Pro,Standard call; cell handover success
REC-101624,0000000000,  714022468  ,2023/11/04,VOICE_CALL,FREE,TERMINATED,DAR ES SALAAM,120,5G NR,"iPhone 13,2 (iOS 16.5)",Standard call; cell handover success
REC-100895,255714023564,  714011097  ,11/17/2023 03:57 AM,VOICE_CALL,"40,613.4300",Active,mwanza,N/A,3G WCDMA,"iPhone 13,2 (iOS 16.5)",Standard call; cell handover success
REC-102152,0714-006-713,+255(0)714022057,2023/11/04,SMS_PACK,"1,080.39",suspnded,Arusha,30s,3G WCDMA,"iPhone 13,2 (iOS 16.5)",None
REC-101279,+255 714 013 837,  714022331  ,UNKNOWN_TIME,SMS_PACK,"66,577.4100",suspnded,ZNZ,120,5G NR,Nokia 105 (Feature Phone),
REC-102312,+255 714 032 606,+255 714 030 962,"Nov 25, 2023 01:11",VOICE_CALL,"148,908.72",ACTIVE,ARUSHA,0,5G NR,Tecno Spark 10 Pro,"USSD session timeout, retry OK"
REC-100847,+255 714 027 674,+255 714 006 713,2023/11/04,DATA_RECHARGE,"TZS 5,469.26/=",ACTIVE,Dodoma,02:15,2G GSM,Huawei P40 Lite,None
REC-101846,0714-029-181,255714006987,25-11-2023 04:18:57,VOICE_CALL,"TZS 77,127.52/=",Term,"Stone Town, Zanzibar",-15,LTE-A,Samsung Galaxy A14; Android 13,"Customer stated: ""Cannot connect to 4G in Posta area, please help"""
REC-101188,tel:+255-714-009042,tel:+255-714-005480,2023-12-03 22:49:36,DATA_RECHARGE,"TZS 103,510.29/=",Term,,45,LTE-A,Transsion Infinix Hot 30,None
REC-100057,0714-023-975,  714001781  ,2023/11/04,DATA_RECHARGE,"18,208.5100",suspnded,ZNZ,02:15,3G WCDMA,Transsion Infinix Hot 30,"USSD session timeout, retry OK"
REC-101799,0714-016-303,+255 714 010 412,2023-11-07T02:27:47+03:00,TIGO_PESA_CASH_OUT,$ 29.35 USD,null,"Stone Town, Zanzibar",-15,2G GSM,"iPhone 13,2 (iOS 16.5)","VIP Subscriber, priority routing"
REC-100168,  714032743  ,+255 714 030 688,1700858422,BUNDLE_PURCHASE,FREE,ACTIVE,Arusha﻿,120,4G LTE,Samsung Galaxy A14; Android 13,Standard call; cell handover success
REC-102281,tel:+255-714-003836,+255/714/023564,11/13/2023 09:15 PM,TIGO_PESA_CASH_OUT,"32,011.36",ACTIVE,Zanzibar,1800,4G,Nokia 105 (Feature Phone),
REC-101082,+255 714 028 222,+255 714 026 715,11/11/2023 11:39 PM,BUNDLE_PURCHASE,"120,317.8300",ACTIVE,Dar es Salaam,30s,unknown,Huawei P40 Lite,"VIP Subscriber, priority routing"
REC-101317,+255 714 029 729,N/A,11/11/2023 06:37 PM,SMS_PACK,"-129,706.70",  active  ,DAR ES SALAAM,30s,4G,Transsion Infinix Hot 30,"Customer stated: ""Cannot connect to 4G in Posta area, please help"""
REC-100939,255714020961,+255 714 026 304,2023-11-28 18:42:20,DATA_RECHARGE,"7,115.06",  active  ,Mwanza Rock City,02:15,LTE-A,"iPhone 13,2 (iOS 16.5)","Customer stated: ""Cannot connect to 4G in Posta area, please help"""
REC-100763,0000000000,+255(0)714026030,2023-11-27 05:59:23,TIGO_PESA_CASH_OUT,  47322  ,churn,ARUSHA,-15,unknown,Tecno Spark 10 Pro,
REC-100686,tel:+255-714-032880,255714012604,2023-11-21 19:01:34,TIGO_PESA_CASH_IN,"TZS 121,037.40/=",churn,Arusha,-15,2G GSM,Samsung Galaxy A14; Android 13,None
REC-100657,N/A,tel:+255-714-023290,1700011232,TIGO_PESA_CASH_OUT,"-61,986.08",CHURNED,dar-es-salaam,0,2G GSM,Unknown,None
REC-100482,+255/714/021509,0714028222,2023-11-07 01:20:18,BUNDLE_PURCHASE,"26,795.2000",actve,dar-es-salaam,120,LTE-A,Transsion Infinix Hot 30,Standard call; cell handover success
REC-100879,0000000000,+255 714 005 754,2023-11-23T08:24:28+03:00,TIGO_PESA_CASH_OUT,"53,477.98",null,Arusha﻿,360,4G LTE,Tecno Spark 10 Pro,None
REC-100863,0714006439,+255 714 023 016,11/30/2023 07:10 PM,TIGO_PESA_CASH_IN,NaN,Term,Mwanza,120,unknown,Samsung Galaxy A14; Android 13,"USSD session timeout, retry OK"
REC-101638,0000000000,+255 714 001 781,11/10/2023 02:01 PM,TIGO_PESA_CASH_IN,NaN,ACTV,ARUSHA,30s,4G,Samsung Galaxy A14; Android 13,
REC-101182,255714014659,+255 714 019 865,2023-11-27 20:49:48,SMS_PACK,"10,414.93",Active,Dodoma ,02:15,unknown,Transsion Infinix Hot 30,Flagged for KYC update; verified by agent
REC-101170,0714026304,+255(0)714005069,1699686552,SMS_PACK,"119,167.20",ACTV,Dar es Salaam,120,3G WCDMA,Tecno Spark 10 Pro,"Customer stated: ""Cannot connect to 4G in Posta area, please help"""
REC-102466,  714030140  ,0714-005-754,01-12-2023 17:35:39,DATA_RECHARGE,$ 32.96 USD,churn,Morogoro,120,4G,"iPhone 13,2 (iOS 16.5)",Standard call; cell handover success
REC-101774,tel:+255-714-012330,0714030551,27-11-2023 22:59:22,TIGO_PESA_CASH_IN,  41829  ,PENDING_KYC,Arusha,120,4G,"iPhone 13,2 (iOS 16.5)","Customer stated: ""Cannot connect to 4G in Posta area, please help"""
REC-100900,+255/714/030688,+255 714 009 453,24-11-2023 16:10:30,VOICE_CALL,FREE,ACTV,  Dar es Salaam  ,02:15,4G,Unknown,Standard call; cell handover success
REC-101791,255714033565,+255 714 018 632,2023-11-07 16:45:19,VOICE_CALL,$ 41.57 USD,Term,dar-es-salaam,0,unknown,Transsion Infinix Hot 30,
REC-101870,+255 714 024 112,0714015618,2023-11-09 10:32:59,DATA_RECHARGE,  126060  ,Suspended,  Dar es Salaam  ,30s,5G NR,Tecno Spark 10 Pro,
REC-100891,0714-019-454,0714-021-372,11/17/2023 06:43 AM,BUNDLE_PURCHASE,$ 22.94 USD,CHURNED,"Stone Town, Zanzibar",1800,LTE-A,"iPhone 13,2 (iOS 16.5)","USSD session timeout, retry OK"
REC-101046,+255 714 000 959,+255(0)714021783,2023/11/04,TIGO_PESA_CASH_IN,"TZS 140,287.36/=",SUSPENDED,Morogoro,1800,4G,Samsung Galaxy A14; Android 13,"Customer stated: ""Cannot connect to 4G in Posta area, please help"""
REC-102045,0714-007-809,tel:+255-714-018495,11/18/2023 05:04 PM,TIGO_PESA_CASH_IN,"143,206.71",PENDING_KYC,DAR ES SALAAM,0,2G GSM,"iPhone 13,2 (iOS 16.5)","USSD session timeout, retry OK"
REC-100629,+255(0)714006713,tel:+255-714-031647,11/24/2023 10:43 PM,TIGO_PESA_CASH_OUT,"108,831.14",suspnded,Arusha,-15,4G LTE,"iPhone 13,2 (iOS 16.5)","USSD session timeout, retry OK"
REC-101501,N/A,0000000000,2023-12-01 14:39:38,SMS_PACK,,  active  ,"Stone Town, Zanzibar",02:15,LTE-A,Unknown,"USSD session timeout, retry OK"
REC-100474,tel:+255-714-004932,0714017125,2023-11-06T17:35:06+03:00,DATA_RECHARGE,"TZS 105,343.87/=",SUSPENDED,N/A,-15,5G NR,Unknown,None
REC-100536,255714010412,0714-020-002,1699485699,SMS_PACK,"TZS 126,705.94/=",Term,Mwanza,0,2G GSM,Unknown,Standard call; cell handover success
REC-100220,255714003562,0714-010-960,11/10/2023 11:20 PM,SMS_PACK,"TZS 148,944.55/=",UNKNOWN,Morogoro,-15,2G GSM,Nokia 105 (Feature Phone),Flagged for KYC update; verified by agent
REC-101653,+255(0)714003151,tel:+255-714-023153,"Nov 20, 2023 12:22",BUNDLE_PURCHASE,$ 8.66 USD,Terminated,Arusha,-15,4G,Nokia 105 (Feature Phone),"USSD session timeout, retry OK"
REC-102097,+255(0)714003288,tel:+255-714-031236,11/17/2023 12:59 PM,DATA_RECHARGE,,TERMINATED,Arusha,-15,4G,Nokia 105 (Feature Phone),"USSD session timeout, retry OK"
REC-101951,0714011097,+255 714 004 932,2023-12-01 16:49:52,VOICE_CALL,FREE,Active,Arusha,30s,4G,Nokia 105 (Feature Phone),"VIP Subscriber, priority routing"
REC-100379,+255 714 015 207,  714011371  ,23-11-2023 17:22:20,DATA_RECHARGE,"TZS 1,835.01/=",Pending_Kyc​,Tanga,45,5G NR,Unknown,"VIP Subscriber, priority routing"
REC-102075,+255 714 017 810,255714007946,24-11-2023 23:18:11,DATA_RECHARGE,"133,132.68",Pending_Kyc​,Dar es Salaam,360,3G WCDMA,Tecno Spark 10 Pro,"Customer stated: ""Cannot connect to 4G in Posta area, please help"""
REC-102145,  714029455  ,+255 714 020 550,2023-11-19 18:31:07,DATA_RECHARGE,"TZS 71,091.19/=",  active  ,dar-es-salaam,360,LTE-A,Transsion Infinix Hot 30,"VIP Subscriber, priority routing"
REC-102174,0714-027-811,255714007124,2023-11-20 16:56:43,DATA_RECHARGE,"TZS 66,075.72/=",UNKNOWN,DODOMA (Capital),02:15,LTE-A,Transsion Infinix Hot 30,"VIP Subscriber, priority routing"
REC-100282,0714027263,tel:+255-714-002740,2023-11-07 07:48:46,VOICE_CALL,"TZS 68,081.96/=",SUSPENDED,Morogoro,45,3G WCDMA,Unknown,None
REC-101694,0000000000,+255(0)714010686,1700955142,TIGO_PESA_CASH_IN,FREE,UNKNOWN,Mwanza Rock City,N/A,LTE-A,"iPhone 13,2 (iOS 16.5)","Customer stated: ""Cannot connect to 4G in Posta area, please help"""
REC-102260,  714009453  ,0714-015-618,16-11-2023 06:35:19,SMS_PACK,  114415  ,PENDING_KYC,"Stone Town, Zanzibar",N/A,unknown,Samsung Galaxy A14; Android 13,"USSD session timeout, retry OK"
REC-101458,+255/714/000411,+255 714 005 206,11/26/2023 01:36 AM,DATA_RECHARGE,  119289  ,ACTIVE,mwanza,30s,3G WCDMA,Tecno Spark 10 Pro,None
REC-102224,+255 714 003 973,+255(0)714027263,2023-11-06T14:32:28+03:00,BUNDLE_PURCHASE,FREE,pending,Arusha (CBD),0,2G GSM,Samsung Galaxy A14; Android 13,"USSD session timeout, retry OK"
REC-101493,+255 714 016 303,N/A,"Nov 06, 2023 18:33",SMS_PACK,"105,189.7600",null,dar-es-salaam,-15,5G NR,Tecno Spark 10 Pro,
REC-102033,255714009590,tel:+255-714-010686,24-11-2023 07:35:04,SMS_PACK,$ 46.66 USD,Active,DODOMA (Capital),1800,3G WCDMA,Unknown,Flagged for KYC update; verified by agent
REC-101236,0714-028-907,0714-007-261,2023-11-26 07:53:21,DATA_RECHARGE,"TZS 92,987.61/=",Suspended,Dodoma,360,unknown,Nokia 105 (Feature Phone),"Customer stated: ""Cannot connect to 4G in Posta area, please help"""
REC-101207,0000000000,  714002329  ,1701173559,BUNDLE_PURCHASE,"115,740.43",CHURNED,Arusha (CBD),-15,4G LTE,Transsion Infinix Hot 30,Flagged for KYC update; verified by agent
REC-100810,+255/714/026304,0000000000,11/26/2023 04:45 AM,SMS_PACK,$ 7.52 USD,,"Stone Town, Zanzibar",N/A,5G NR,Tecno Spark 10 Pro,None
REC-101240,0714-029-181,0714-000-685,1701049799,VOICE_CALL,"TZS 131,271.35/=",ACTV,DAR ES SALAAM,120,LTE-A,Nokia 105 (Feature Phone),Standard call; cell handover success
REC-100844,tel:+255-714-008083,0714003288,"Nov 20, 2023 05:18",DATA_RECHARGE,"147,208.6000",suspnded,  Dar es Salaam  ,45,LTE-A,Transsion Infinix Hot 30,None
REC-100188,0714032880,tel:+255-714-013152,"Nov 08, 2023 16:03",BUNDLE_PURCHASE,"TZS 44,659.23/=",  active  ,dar-es-salaam,360,4G,Transsion Infinix Hot 30,
REC-102440,+255(0)714002603,+255 714 001 233,2023-11-15 02:44:46,DATA_RECHARGE,FREE,Suspended,Mwanza Rock City,02:15,3G WCDMA,Samsung Galaxy A14; Android 13,Flagged for KYC update; verified by agent
REC-100378,  714005480  ,  714022057  ,10-11-2023 10:31:38,TIGO_PESA_CASH_IN,"72,443.82",CHURNED,DAR ES SALAAM,120,4G LTE,"iPhone 13,2 (iOS 16.5)",
REC-100117,N/A,255714012193,11/22/2023 03:55 PM,DATA_RECHARGE,"TZS 58,231.83/=",suspnded,Dar es Salaam,30s,4G LTE,Unknown,
REC-101915,tel:+255-714-022879,+255 714 006 850,2023-11-28 15:23:20,DATA_RECHARGE,"71,360.58",Pending_Kyc​,ARUSHA,-15,4G LTE,Tecno Spark 10 Pro,Standard call; cell handover success
REC-102009,+255(0)714014111,  714016440  ,2023-11-10 05:33:43,TIGO_PESA_CASH_OUT,"147,750.20",Terminated,,120,unknown,"iPhone 13,2 (iOS 16.5)","VIP Subscriber, priority routing"
REC-100675,255714006028,255714008905,12/01/2023 07:09 PM,BUNDLE_PURCHASE,"72,386.23",Pending_Kyc​,Arusha (CBD),45,4G,Samsung Galaxy A14; Android 13,"VIP Subscriber, priority routing"
REC-101847,0714-000-685,0714-033-565,2023-11-18T23:45:56+03:00,TIGO_PESA_CASH_IN,"TZS 23,505.50/=",PENDING_KYC,DAR ES SALAAM,45,4G LTE,Unknown,
REC-101134,+255 714 029 866,+255(0)714005617,11/12/2023 12:34 AM,VOICE_CALL,$ 12.11 USD,ACTIVE,DODOMA (Capital),45,unknown,Transsion Infinix Hot 30,"VIP Subscriber, priority routing"
REC-100996,N/A,  714032743  ,2023-11-25 20:26:27,VOICE_CALL,"125,206.51",pending,Arusha (CBD),02:15,4G LTE,Transsion Infinix Hot 30,"Customer stated: ""Cannot connect to 4G in Posta area, please help"""
REC-100931,N/A,0714-030-414,20-11-2023 20:28:24,SMS_PACK,"TZS 135,495.49/=",CHURNED,mwanza,45,3G WCDMA,Huawei P40 Lite,Flagged for KYC update; verified by agent
REC-100929,tel:+255-714-022605,0714-028-359,11/28/2023 11:09 PM,BUNDLE_PURCHASE,"-124,563.72",Suspended,Mwanza,120,3G WCDMA,Tecno Spark 10 Pro,"VIP Subscriber, priority routing"
REC-101485,0714-006-165,+255 714 011 919,"Nov 04, 2023 21:26",BUNDLE_PURCHASE,FREE,Terminated,ZNZ,0,unknown,Tecno Spark 10 Pro,Flagged for KYC update; verified by agent
REC-100502,0714-016-577,N/A,UNKNOWN_TIME,SMS_PACK,$ 9.00 USD,pending,Mwanza Rock City,0,LTE-A,Transsion Infinix Hot 30,"VIP Subscriber, priority routing"
REC-100397,255714010138,+255 714 027 537,2023-12-02 05:59:55,SMS_PACK,"7,872.01",  active  ,DODOMA (Capital),1800,3G WCDMA,Unknown,
REC-101962,tel:+255-714-000685,tel:+255-714-006439,11/22/2023 07:12 PM,DATA_RECHARGE,"28,038.78",TERMINATED,"Stone Town, Zanzibar",0,2G GSM,Nokia 105 (Feature Phone),"USSD session timeout, retry OK"
REC-100284,+255 714 018 495,+255 714 006 576,1700049027,SMS_PACK,"131,609.28",actve,DODOMA (Capital),1800,2G GSM,Tecno Spark 10 Pro,Flagged for KYC update; verified by agent
REC-100875,N/A,255714010275,1700618191,DATA_RECHARGE,"-68,645.27",suspnded,Zanzibar,02:15,5G NR,Samsung Galaxy A14; Android 13,"USSD session timeout, retry OK"
REC-100839,tel:+255-714-017262,255714012878,"Nov 09, 2023 17:16",TIGO_PESA_CASH_OUT,"62,826.02",ACTIVE,mwanza,N/A,4G LTE,Huawei P40 Lite,"Customer stated: ""Cannot connect to 4G in Posta area, please help"""
REC-101111,255714031373,tel:+255-714-009042,26-11-2023 03:19:04,BUNDLE_PURCHASE,  145176  ,churn,Arusha (CBD),45,4G LTE,Samsung Galaxy A14; Android 13,"Customer stated: ""Cannot connect to 4G in Posta area, please help"""
REC-101278,  714006439  ,  714029318  ,11/11/2023 08:50 AM,TIGO_PESA_CASH_OUT,$ 24.37 USD,Active,Dodoma ,-15,2G GSM,Transsion Infinix Hot 30,Flagged for KYC update; verified by agent
REC-101890,255714026304,+255 714 004 384,21-11-2023 19:48:45,SMS_PACK,"135,737.09",Term,Dodoma,45,LTE-A,"iPhone 13,2 (iOS 16.5)","Customer stated: ""Cannot connect to 4G in Posta area, please help"""
REC-101658,0714-010-275,+255 714 003 014,2023-11-18 12:00:28,BUNDLE_PURCHASE,"TZS 105,332.32/=",actve,,02:15,4G LTE,Nokia 105 (Feature Phone),Flagged for KYC update; verified by agent
REC-101253,tel:+255-714-033702,+255(0)714030003,16-11-2023 14:20:46,BUNDLE_PURCHASE,  29482  ,Suspended,ZNZ,0,3G WCDMA,Tecno Spark 10 Pro,Flagged for KYC update; verified by agent
REC-101565,+255 714 011 234,  714022057  ,11/30/2023 05:05 AM,DATA_RECHARGE,"TZS 82,700.08/=",CHURNED,Mbeya,45,3G WCDMA,Unknown,None
REC-100584,+255 714 011 782,0714-015-070,28-11-2023 02:52:43,TIGO_PESA_CASH_IN,"149,052.5900",null,Mwanza,45,unknown,Nokia 105 (Feature Phone),None
REC-101457,tel:+255-714-020002,+255/714/001370,1699294594,TIGO_PESA_CASH_IN,  37021  ,null,Mbeya,02:15,2G GSM,Tecno Spark 10 Pro,Flagged for KYC update; verified by agent
REC-101173,255714002329,255714012330,05-11-2023 01:06:12,VOICE_CALL,  22318  ,TERMINATED,DAR ES SALAAM,-15,2G GSM,"iPhone 13,2 (iOS 16.5)",
REC-101137,0714001096,tel:+255-714-009727,2023-11-08 17:52:03,TIGO_PESA_CASH_IN,  131728  ,Pending_Kyc​,DODOMA (Capital),1800,4G,"iPhone 13,2 (iOS 16.5)","VIP Subscriber, priority routing"
REC-100335,255714028633,  714030414  ,2023-11-04T19:54:32+03:00,BUNDLE_PURCHASE,"132,364.12",suspnded,dar-es-salaam,1800,LTE-A,Tecno Spark 10 Pro,Flagged for KYC update; verified by agent
REC-101588,+255/714/020824,+255 714 015 207,2023/11/04,DATA_RECHARGE,"TZS 140,871.64/=",ACTIVE,Mwanza Rock City,120,4G,Nokia 105 (Feature Phone),
REC-100063,+255 714 009 316,  714020139  ,25-11-2023 23:27:24,TIGO_PESA_CASH_IN,$ 11.05 USD,Pending_Kyc​,dar-es-salaam,N/A,5G NR,Transsion Infinix Hot 30,"USSD session timeout, retry OK"
REC-100499,0714-005-069,N/A,"Nov 12, 2023 07:33",SMS_PACK,"TZS 80,529.84/=",SUSPENDED,,45,4G,"iPhone 13,2 (iOS 16.5)","VIP Subscriber, priority routing"
REC-100016,0714014796,  714014385  ,"Nov 09, 2023 06:53",VOICE_CALL,"60,691.88",actve,Arusha﻿,120,4G,Huawei P40 Lite,"Customer stated: ""Cannot connect to 4G in Posta area, please help"""
REC-100901,  714030003  ,0714010823,1700367325,TIGO_PESA_CASH_IN,"TZS 69,106.39/=",,"Stone Town, Zanzibar",02:15,5G NR,Transsion Infinix Hot 30,"VIP Subscriber, priority routing"
REC-101079,  714001370  ,  714009453  ,08-11-2023 09:42:48,TIGO_PESA_CASH_IN,"TZS 82,915.48/=",ACTIVE,Morogoro,-15,5G NR,Transsion Infinix Hot 30,Flagged for KYC update; verified by agent
REC-101053,tel:+255-714-012878,N/A,2023-11-13 12:35:04,DATA_RECHARGE,"TZS 107,005.38/=",Suspended,"Stone Town, Zanzibar",120,2G GSM,Nokia 105 (Feature Phone),Standard call; cell handover success
REC-100337,+255 714 029 181,+255 714 014 385,12-11-2023 07:57:04,DATA_RECHARGE,"TZS 94,616.29/=",,Arusha,-15,4G,Tecno Spark 10 Pro,Flagged for KYC update; verified by agent
REC-102453,+255(0)714003151,255714010138,2023-11-30 00:38:24,BUNDLE_PURCHASE,$ 3.23 USD,UNKNOWN,dar-es-salaam,02:15,LTE-A,Transsion Infinix Hot 30,"USSD session timeout, retry OK"
REC-101970,+255 714 010 823,+255 714 006 713,1701002351,TIGO_PESA_CASH_IN,"TZS 116,049.92/=",null,Morogoro,45,unknown,"iPhone 13,2 (iOS 16.5)",
REC-100142,+255 714 020 413,0714-012-330,27-11-2023 08:29:44,TIGO_PESA_CASH_IN,FREE,PENDING_KYC,Arusha,360,LTE-A,Tecno Spark 10 Pro,None
REC-100391,+255 714 033 565,+255 714 013 837,11/05/2023 07:12 AM,BUNDLE_PURCHASE,FREE,ACTIVE,mwanza,120,4G,Unknown,"USSD session timeout, retry OK"
REC-102451,0714009179,255714028085,2023-11-14 21:56:43,BUNDLE_PURCHASE,  115187  ,SUSPENDED,Zanzibar,02:15,2G GSM,Transsion Infinix Hot 30,"VIP Subscriber, priority routing"
REC-101623,  714030551  ,255714011097,2023-11-16T00:29:53+03:00,TIGO_PESA_CASH_IN,FREE,ACTV,"Stone Town, Zanzibar",0,3G WCDMA,Tecno Spark 10 Pro,Flagged for KYC update; verified by agent
REC-100559,255714021646,255714013289,12/01/2023 04:09 PM,VOICE_CALL,"87,282.79",UNKNOWN,"Stone Town, Zanzibar",30s,3G WCDMA,"iPhone 13,2 (iOS 16.5)","VIP Subscriber, priority routing"
REC-101078,0714-006-713,+255(0)714017947,2023-12-01 12:07:01,TIGO_PESA_CASH_IN,"TZS 135,919.59/=",suspnded,mwanza,360,3G WCDMA,Transsion Infinix Hot 30,"USSD session timeout, retry OK"
REC-100421,0714015892,+255(0)714014248,2023-12-01 01:55:17,TIGO_PESA_CASH_IN,$ 37.26 USD,Suspended,DAR ES SALAAM,45,4G,Samsung Galaxy A14; Android 13,
REC-101841,255714027126,+255/714/027811,04-11-2023 16:32:29,BUNDLE_PURCHASE,"128,782.97",Suspended,DODOMA (Capital),0,4G LTE,Unknown,Standard call; cell handover success
REC-101487,0714-009-590,  714004658  ,"Nov 05, 2023 23:00",TIGO_PESA_CASH_IN,"TZS 27,648.10/=",Terminated,DAR ES SALAAM,360,LTE-A,Huawei P40 Lite,Standard call; cell handover success
REC-102276,0714020824,+255 714 015 618,2023-11-14 23:36:52,SMS_PACK,"TZS 144,670.67/=",UNKNOWN,DAR ES SALAAM,-15,4G LTE,Samsung Galaxy A14; Android 13,"VIP Subscriber, priority routing"
REC-101598,0714-018-632,N/A,2023-11-12 23:02:59,TIGO_PESA_CASH_OUT,"TZS 81,724.11/=",Terminated,Mbeya,02:15,4G,Tecno Spark 10 Pro,
REC-100882,0714013289,0714011234,09-11-2023 05:07:02,DATA_RECHARGE,"44,953.61",,ZNZ,1800,2G GSM,Huawei P40 Lite,None
REC-100296,0714-001-507,255714002192,"Nov 29, 2023 23:40",SMS_PACK,$ 34.68 USD,Term,ZNZ,1800,LTE-A,Nokia 105 (Feature Phone),Standard call; cell handover success
REC-100851,N/A,0714018084,11/07/2023 06:13 AM,BUNDLE_PURCHASE,"TZS 104,778.93/=",Pending_Kyc​,Mwanza,-15,4G LTE,Tecno Spark 10 Pro,"Customer stated: ""Cannot connect to 4G in Posta area, please help"""
REC-101284,N/A,0714029181,2023-11-04 19:48:38,SMS_PACK,"127,905.06",churn,DODOMA (Capital),0,4G LTE,Samsung Galaxy A14; Android 13,None
REC-101936,255714007261,0714012741,2023-11-13T10:52:02+03:00,TIGO_PESA_CASH_OUT,"TZS 95,903.65/=",ACTV,DODOMA (Capital),02:15,4G,Unknown,
REC-100228,255714017399,0714033291,1700187360,DATA_RECHARGE,"56,094.4800",actve,Dar es Salaam,30s,unknown,Transsion Infinix Hot 30,"USSD session timeout, retry OK"
REC-100530,  714013563  ,+255(0)714016988,01-12-2023 09:25:38,SMS_PACK,$ 32.46 USD,null,ARUSHA,1800,4G LTE,Transsion Infinix Hot 30,"USSD session timeout, retry OK"
REC-100324,N/A,255714019180,1700542218,DATA_RECHARGE,  62192  ,UNKNOWN,Arusha,45,4G,"iPhone 13,2 (iOS 16.5)",Standard call; cell handover success
REC-101830,+255 714 025 482,0714001781,2023-11-25 14:15:07,TIGO_PESA_CASH_OUT,"117,334.43",SUSPENDED,Dodoma ,N/A,3G WCDMA,"iPhone 13,2 (iOS 16.5)","USSD session timeout, retry OK"
REC-102051,+255 714 020 687,+255/714/018906,2023-11-24T20:07:41+03:00,TIGO_PESA_CASH_OUT,"34,520.8200",Suspended,Mwanza,120,unknown,Unknown,Standard call; cell handover success
REC-102319,+255/714/003425,+255/714/016714,2023-11-25 22:55:01,VOICE_CALL,"TZS 132,185.03/=",ACTV,Mwanza Rock City,-15,3G WCDMA,Nokia 105 (Feature Phone),None
REC-101226,+255 714 032 743,  714005069  ,09-11-2023 07:22:22,TIGO_PESA_CASH_IN,$ 51.75 USD,Terminated,DODOMA (Capital),-15,4G LTE,Huawei P40 Lite,"VIP Subscriber, priority routing"
REC-102029,0714-004-932,+255 714 020 550,1699728833,TIGO_PESA_CASH_IN,"TZS 95,226.20/=",UNKNOWN,DODOMA (Capital),-15,3G WCDMA,Tecno Spark 10 Pro,Flagged for KYC update; verified by agent
REC-102237,+255/714/016714,N/A,26-11-2023 04:35:02,BUNDLE_PURCHASE,  59835  ,Active,Arusha﻿,45,4G,Samsung Galaxy A14; Android 13,Flagged for KYC update; verified by agent
REC-102214,255714004932,N/A,13-11-2023 00:17:18,VOICE_CALL,NaN,  active  ,Tanga,120,LTE-A,Transsion Infinix Hot 30,
REC-100527,+255 714 001 781,tel:+255-714-029044,UNKNOWN_TIME,BUNDLE_PURCHASE,"TZS 102,041.05/=",actve,dar-es-salaam,1800,unknown,Transsion Infinix Hot 30,None
REC-102181,+255 714 013 015,+255(0)714012878,"Nov 19, 2023 00:30",VOICE_CALL,  119123  ,SUSPENDED,Mwanza Rock City,120,LTE-A,Samsung Galaxy A14; Android 13,"Customer stated: ""Cannot connect to 4G in Posta area, please help"""
REC-100182,+255(0)714008357,0714-006-713,11/23/2023 06:38 PM,VOICE_CALL,"56,271.21",,Arusha﻿,120,5G NR,Nokia 105 (Feature Phone),None
REC-101552,N/A,0714015755,1699771164,TIGO_PESA_CASH_IN,"TZS 85,302.19/=",  active  ,DODOMA (Capital),30s,2G GSM,Samsung Galaxy A14; Android 13,Flagged for KYC update; verified by agent
REC-101556,  714022879  ,+255 714 018 769,11/30/2023 10:52 AM,DATA_RECHARGE,"TZS 105,803.69/=",  active  ,ARUSHA,45,4G LTE,Unknown,Flagged for KYC update; verified by agent
REC-102475,+255/714/003425,0000000000,11/14/2023 02:09 PM,TIGO_PESA_CASH_OUT,"TZS 119,777.46/=",CHURNED,,-15,2G GSM,Tecno Spark 10 Pro,None
REC-101937,255714012604,0714-014-111,2023-11-27T15:16:52+03:00,VOICE_CALL,"TZS 99,668.86/=",TERMINATED,  Dar es Salaam  ,120,4G LTE,Unknown,"Customer stated: ""Cannot connect to 4G in Posta area, please help"""
REC-101625,+255(0)714017536,+255 714 026 578,01-12-2023 03:07:38,TIGO_PESA_CASH_OUT,"66,756.5300",suspnded,Arusha﻿,120,3G WCDMA,Tecno Spark 10 Pro,None
REC-101808,  714002055  ,tel:+255-714-028222,2023-11-11 01:48:23,VOICE_CALL,"91,442.35",Suspended,Zanzibar,30s,2G GSM,Transsion Infinix Hot 30,
REC-101074,N/A,255714018632,27-11-2023 07:18:29,SMS_PACK,  147504  ,suspnded,  Dar es Salaam  ,45,3G WCDMA,Samsung Galaxy A14; Android 13,None
REC-100030,+255/714/011508,0000000000,11/29/2023 05:43 AM,TIGO_PESA_CASH_OUT,FREE,Term,Dar es Salaam,0,5G NR,"iPhone 13,2 (iOS 16.5)",Standard call; cell handover success
REC-100651,tel:+255-714-033702,255714015755,2023-12-01 08:24:19,DATA_RECHARGE,  5293  ,Pending_Kyc​,Dar es Salaam,45,4G,Samsung Galaxy A14; Android 13,"Customer stated: ""Cannot connect to 4G in Posta area, please help"""
REC-101933,+255(0)714002329,  714014248  ,11/20/2023 04:44 AM,DATA_RECHARGE,$ 45.51 USD,Terminated,dar-es-salaam,-15,4G,Nokia 105 (Feature Phone),"USSD session timeout, retry OK"
REC-102093,255714024386,+255/714/023153,27-11-2023 01:46:10,DATA_RECHARGE,NaN,Active,Mbeya,45,LTE-A,Samsung Galaxy A14; Android 13,"Customer stated: ""Cannot connect to 4G in Posta area, please help"""
REC-102442,0714-023-290,0000000000,11/21/2023 04:08 AM,BUNDLE_PURCHASE,,ACTIVE,Mwanza Rock City,30s,LTE-A,"iPhone 13,2 (iOS 16.5)",
REC-102160,tel:+255-714-020550,0714009590,2023-12-02T12:57:46+03:00,BUNDLE_PURCHASE,$ 1.12 USD,Suspended,Mwanza Rock City,0,unknown,Nokia 105 (Feature Phone),
REC-102270,  714031373  ,tel:+255-714-022605,2023/11/04,TIGO_PESA_CASH_IN,$ 4.46 USD,SUSPENDED,Dodoma,30s,unknown,Samsung Galaxy A14; Android 13,Flagged for KYC update; verified by agent
REC-100944,0714009042,+255(0)714006850,2023-11-25T14:54:12+03:00,VOICE_CALL,"TZS 69,982.09/=",Pending_Kyc​,Zanzibar,30s,4G LTE,Huawei P40 Lite,
REC-101498,  714024249  ,0714-026-989,"Nov 29, 2023 20:38",BUNDLE_PURCHASE,"TZS 91,384.60/=",CHURNED,"Stone Town, Zanzibar",120,unknown,Tecno Spark 10 Pro,Flagged for KYC update; verified by agent
REC-101378,0714-017-810,0714010823,2023-11-20 22:02:29,VOICE_CALL,"TZS 58,197.31/=",CHURNED,Morogoro,120,unknown,Nokia 105 (Feature Phone),"Customer stated: ""Cannot connect to 4G in Posta area, please help"""
REC-101032,0714011234,+255 714 007 809,17-11-2023 19:12:31,VOICE_CALL,FREE,suspnded,Arusha﻿,120,3G WCDMA,Nokia 105 (Feature Phone),None
REC-101023,0000000000,+255/714/003562,03-12-2023 23:00:35,BUNDLE_PURCHASE,$ 22.67 USD,churn,DAR ES SALAAM,0,2G GSM,Unknown,None
REC-100096,tel:+255-714-021509,+255 714 023 564,24-11-2023 15:32:18,VOICE_CALL,  27472  ,Terminated,Mwanza Rock City,30s,4G LTE,"iPhone 13,2 (iOS 16.5)",None
REC-101357,0714023427,+255 714 012 741,2023-11-09 18:15:46,TIGO_PESA_CASH_IN,$ 42.32 USD,Suspended,ZNZ,-15,3G WCDMA,Transsion Infinix Hot 30,"VIP Subscriber, priority routing"
REC-100104,255714031647,  714027126  ,1699719456,DATA_RECHARGE,"15,869.28",SUSPENDED,Tanga,45,unknown,Unknown,
REC-102268,0714-028-633,0714-016-029,11/20/2023 05:56 AM,VOICE_CALL,"TZS 60,264.29/=",ACTV,Mwanza Rock City,0,unknown,Samsung Galaxy A14; Android 13,"Customer stated: ""Cannot connect to 4G in Posta area, please help"""
REC-100765,0714-031-784,0714-010-823,2023/11/04,TIGO_PESA_CASH_IN,$ 5.29 USD,Active,Morogoro,N/A,4G LTE,Samsung Galaxy A14; Android 13,"USSD session timeout, retry OK"
REC-102282,+255 714 024 934,+255(0)714027263,2023-11-23 22:39:17,BUNDLE_PURCHASE,FREE,,N/A,30s,4G LTE,Nokia 105 (Feature Phone),"USSD session timeout, retry OK"
REC-102157,0000000000,+255(0)714017536,11/23/2023 01:06 PM,SMS_PACK,"TZS 39,308.00/=",churn,Mwanza Rock City,30s,3G WCDMA,Unknown,Flagged for KYC update; verified by agent
REC-101909,0714-012-878,tel:+255-714-027537,2023-11-24 17:32:41,TIGO_PESA_CASH_OUT,"45,371.87",CHURNED,Arusha﻿,120,3G WCDMA,Unknown,Standard call; cell handover success
REC-100277,0714000822,0714-022-879,2023-11-24T03:36:50+03:00,TIGO_PESA_CASH_OUT,$ 44.26 USD,,Arusha (CBD),30s,LTE-A,Nokia 105 (Feature Phone),Flagged for KYC update; verified by agent
REC-100479,0714-015-755,0714-014-385,"Dec 03, 2023 10:55",DATA_RECHARGE,  107721  ,  active  ,N/A,360,5G NR,Transsion Infinix Hot 30,"VIP Subscriber, priority routing"
REC-101340,  714027674  ,0714-028-496,11/19/2023 04:11 AM,DATA_RECHARGE,  138420  ,,Morogoro,30s,4G LTE,Transsion Infinix Hot 30,"VIP Subscriber, priority routing"
REC-100830,+255(0)714010823,tel:+255-714-006028,12/02/2023 01:50 PM,DATA_RECHARGE,"TZS 102,656.52/=",ACTV,Dodoma ,1800,4G,Tecno Spark 10 Pro,"USSD session timeout, retry OK"
REC-101319,+255(0)714029592,+255/714/017947,11/12/2023 09:53 AM,DATA_RECHARGE,$ 56.12 USD,PENDING_KYC,Dodoma ,-15,5G NR,Unknown,None
REC-100526,255714021098,0714033291,11/26/2023 01:54 PM,VOICE_CALL,$ 7.51 USD,suspnded,N/A,45,4G LTE,Samsung Galaxy A14; Android 13,
REC-100761,tel:+255-714-002055,+255(0)714030825,2023-11-12 07:02:31,VOICE_CALL,"59,760.41",pending,Mbeya,360,2G GSM,Huawei P40 Lite,"USSD session timeout, retry OK"
REC-101211,0000000000,255714002603,19-11-2023 01:32:16,TIGO_PESA_CASH_OUT,,Term,ARUSHA,0,unknown,"iPhone 13,2 (iOS 16.5)",Standard call; cell handover success
REC-101274,+255 714 025 345,tel:+255-714-004247,05-11-2023 09:15:24,BUNDLE_PURCHASE,$ 49.37 USD,,Morogoro,0,unknown,Tecno Spark 10 Pro,"USSD session timeout, retry OK"
REC-101289,N/A,+255 714 024 523,1699195357,TIGO_PESA_CASH_OUT,  140518  ,TERMINATED,dar-es-salaam,120,4G,"iPhone 13,2 (iOS 16.5)","Customer stated: ""Cannot connect to 4G in Posta area, please help"""
REC-100611,+255/714/015618,0714002877,1699697130,TIGO_PESA_CASH_IN,"TZS 81,295.74/=",suspnded,Mbeya,02:15,2G GSM,Transsion Infinix Hot 30,"VIP Subscriber, priority routing"
REC-102024,+255(0)714010138,  714020276  ,09-11-2023 15:55:19,DATA_RECHARGE,  48857  ,Pending_Kyc​,Zanzibar,45,3G WCDMA,Tecno Spark 10 Pro,Standard call; cell handover success
REC-100801,0714028359,0714-011-234,2023-11-14 22:55:47,SMS_PACK,"TZS 56,063.21/=",Term,  Dar es Salaam  ,-15,5G NR,Nokia 105 (Feature Phone),"VIP Subscriber, priority routing"
REC-100589,255714027811,+255 714 023 838,2023-11-04 23:48:47,SMS_PACK,NaN,  active  ,Mwanza Rock City,30s,3G WCDMA,Unknown,Flagged for KYC update; verified by agent
REC-102184,tel:+255-714-018769,+255 714 016 440,2023-12-01T20:57:13+03:00,DATA_RECHARGE,"142,637.0400",TERMINATED,Tanga,-15,3G WCDMA,Transsion Infinix Hot 30,
REC-100423,tel:+255-714-021372,+255(0)714023153,1699844150,TIGO_PESA_CASH_OUT,"112,525.55",Active,dar-es-salaam,360,5G NR,Tecno Spark 10 Pro,"Customer stated: ""Cannot connect to 4G in Posta area, please help"""
REC-102488,0000000000,+255 714 003 973,11/23/2023 11:48 PM,TIGO_PESA_CASH_IN,  38560  ,  active  ,  Dar es Salaam  ,1800,4G,Samsung Galaxy A14; Android 13,None
REC-101231,0714001507,+255(0)714007124,1699530399,SMS_PACK,$ 59.39 USD,ACTV,Arusha﻿,120,4G,Tecno Spark 10 Pro,"VIP Subscriber, priority routing"
REC-100874,  714022057  ,+255(0)714019180,2023-11-30 03:06:10,VOICE_CALL,  91262  ,UNKNOWN,Zanzibar,30s,5G NR,"iPhone 13,2 (iOS 16.5)",None
REC-101709,0000000000,255714028633,"Nov 15, 2023 03:21",SMS_PACK,"TZS 90,904.34/=",SUSPENDED,"Stone Town, Zanzibar",45,2G GSM,Unknown,"VIP Subscriber, priority routing"
REC-102250,+255 714 028 359,+255/714/004247,1700465589,VOICE_CALL,"TZS 42,722.15/=",ACTIVE,Zanzibar,30s,unknown,Transsion Infinix Hot 30,"USSD session timeout, retry OK"
REC-101421,+255(0)714001370,255714018221,13-11-2023 23:00:10,TIGO_PESA_CASH_OUT,"TZS 63,243.72/=",null,Arusha,02:15,2G GSM,Nokia 105 (Feature Phone),Standard call; cell handover success
REC-101157,+255/714/009453,0714007124,1701297544,TIGO_PESA_CASH_IN,$ 19.46 USD,churn,Zanzibar,120,5G NR,"iPhone 13,2 (iOS 16.5)",
REC-101850,0714-005-343,0714-019-454,11/17/2023 03:08 PM,BUNDLE_PURCHASE,"2,470.79",Active,Zanzibar,120,5G NR,Unknown,None
REC-101940,+255/714/004247,tel:+255-714-012193,2023-11-11 10:37:32,BUNDLE_PURCHASE,"TZS 22,638.44/=",ACTV,mwanza,-15,2G GSM,Tecno Spark 10 Pro,"Customer stated: ""Cannot connect to 4G in Posta area, please help"""
REC-102065,  714006850  ,+255/714/023975,"Nov 29, 2023 21:31",VOICE_CALL,  108688  ,suspnded,Dodoma ,-15,4G,Huawei P40 Lite,Standard call; cell handover success
REC-101482,tel:+255-714-002603,255714002740,"Nov 28, 2023 18:11",TIGO_PESA_CASH_OUT,,TERMINATED,Dodoma,N/A,unknown,Nokia 105 (Feature Phone),"Customer stated: ""Cannot connect to 4G in Posta area, please help"""
REC-100618,  714000274  ,  714007672  ,"Nov 21, 2023 21:06",DATA_RECHARGE,  13950  ,Terminated,Arusha﻿,120,3G WCDMA,Tecno Spark 10 Pro,"VIP Subscriber, priority routing"
REC-100890,0714016440,0714-005-206,10-11-2023 21:46:15,DATA_RECHARGE,"TZS 95,398.52/=",UNKNOWN,Arusha (CBD),-15,3G WCDMA,Samsung Galaxy A14; Android 13,"Customer stated: ""Cannot connect to 4G in Posta area, please help"""
REC-101783,  714010412  ,tel:+255-714-005480,"Nov 18, 2023 22:04",VOICE_CALL,,ACTV,DAR ES SALAAM,1800,4G,"iPhone 13,2 (iOS 16.5)","USSD session timeout, retry OK"
REC-102128,0714-020-002,+255 714 029 729,11/23/2023 08:25 PM,TIGO_PESA_CASH_IN,"TZS 109,032.89/=",Terminated,Mwanza,30s,4G,Huawei P40 Lite,None
REC-101898,+255(0)714014111,0714022057,2023-11-26 13:20:07,VOICE_CALL,$ 24.51 USD,ACTIVE,Arusha,02:15,unknown,Huawei P40 Lite,
REC-101409,+255(0)714016577,0714021098,1699549432,VOICE_CALL,  96447  ,Term,Arusha﻿,0,4G,Huawei P40 Lite,"Customer stated: ""Cannot connect to 4G in Posta area, please help"""
REC-101673,  714002877  ,0714-028-085,2023-11-23 23:56:37,VOICE_CALL,"46,987.8300",ACTIVE,Arusha﻿,N/A,4G,Samsung Galaxy A14; Android 13,
REC-100667,255714022057,N/A,1699657554,TIGO_PESA_CASH_IN,"26,711.9900",Pending_Kyc​,dar-es-salaam,30s,4G LTE,Huawei P40 Lite,Standard call; cell handover success
REC-101273,  714018495  ,255714015618,2023-12-01 05:21:16,SMS_PACK,"TZS 134,111.87/=",Active,Arusha (CBD),120,LTE-A,Tecno Spark 10 Pro,Standard call; cell handover success
REC-100617,+255 714 015 481,0000000000,12/03/2023 04:48 PM,TIGO_PESA_CASH_IN,FREE,ACTIVE,  Dar es Salaam  ,N/A,5G NR,"iPhone 13,2 (iOS 16.5)","Customer stated: ""Cannot connect to 4G in Posta area, please help"""
REC-101569,0714-034-113,tel:+255-714-002603,1699943579,DATA_RECHARGE,"TZS 107,675.99/=",null,ZNZ,120,5G NR,"iPhone 13,2 (iOS 16.5)","Customer stated: ""Cannot connect to 4G in Posta area, please help"""
REC-102322,  714013837  ,0000000000,11/10/2023 03:11 PM,BUNDLE_PURCHASE,  125146  ,Term,Dar es Salaam,45,3G WCDMA,Samsung Galaxy A14; Android 13,"VIP Subscriber, priority routing"
REC-100175,0000000000,0714026167,2023-12-03 20:24:03,SMS_PACK,NaN,null,Mwanza Rock City,360,3G WCDMA,Transsion Infinix Hot 30,Standard call; cell handover success
REC-100064,+255 714 011 234,0714-023-427,11/28/2023 01:29 PM,TIGO_PESA_CASH_IN,"99,556.24",null,DAR ES SALAAM,N/A,4G LTE,Tecno Spark 10 Pro,"USSD session timeout, retry OK"
REC-101826,tel:+255-714-015207,tel:+255-714-019865,2023-11-15 05:51:56,VOICE_CALL,  4903  ,churn,mwanza,120,4G,Nokia 105 (Feature Phone),Flagged for KYC update; verified by agent
REC-102058,+255/714/013837,  714019865  ,11/26/2023 08:45 PM,TIGO_PESA_CASH_OUT,"TZS 116,813.10/=",ACTIVE,Dodoma,45,2G GSM,Huawei P40 Lite,
REC-100331,0714013837,tel:+255-714-012741,1701675453,SMS_PACK,$ 10.12 USD,pending,ARUSHA,45,2G GSM,Huawei P40 Lite,
REC-102118,0714-018-084,0714-022-605,1701445822,VOICE_CALL,"TZS 100,840.39/=",UNKNOWN,Dodoma,120,4G LTE,Nokia 105 (Feature Phone),None
REC-102318,0714-032-332,+255(0)714033565,1701119997,BUNDLE_PURCHASE,NaN,PENDING_KYC,Dar es Salaam,30s,5G NR,Huawei P40 Lite,
REC-102016,0714-021-783,N/A,"Nov 26, 2023 00:54",TIGO_PESA_CASH_OUT,"TZS 63,992.28/=",PENDING_KYC,DODOMA (Capital),45,2G GSM,Nokia 105 (Feature Phone),"VIP Subscriber, priority routing"
REC-100889,+255/714/011097,tel:+255-714-006576,2023-11-06T05:44:28+03:00,SMS_PACK,"TZS 94,279.11/=",,DODOMA (Capital),120,LTE-A,"iPhone 13,2 (iOS 16.5)","USSD session timeout, retry OK"
REC-100380,0714008631,tel:+255-714-005480,11/07/2023 10:11 AM,VOICE_CALL,"TZS 53,649.89/=",null,  Dar es Salaam  ,45,3G WCDMA,"iPhone 13,2 (iOS 16.5)","USSD session timeout, retry OK"
REC-100935,255714004932,255714028085,11-11-2023 16:03:42,DATA_RECHARGE,"132,501.73",  active  ,ARUSHA,120,unknown,"iPhone 13,2 (iOS 16.5)","Customer stated: ""Cannot connect to 4G in Posta area, please help"""
REC-100604,0714-003-014,+255 714 030 277,"Nov 19, 2023 12:03",BUNDLE_PURCHASE,  96951  ,  active  ,Arusha (CBD),1800,2G GSM,Unknown,"VIP Subscriber, priority routing"
REC-102175,255714032469,0714-012-056,2023-11-21T06:14:05+03:00,DATA_RECHARGE,FREE,Active,Tanga,02:15,3G WCDMA,Unknown,"USSD session timeout, retry OK"
REC-101750,+255 714 010 686,0714011645,1701457615,TIGO_PESA_CASH_OUT,,CHURNED,Dodoma ,02:15,4G LTE,Tecno Spark 10 Pro,"VIP Subscriber, priority routing"
REC-100471,tel:+255-714-006576,+255/714/010412,"Nov 21, 2023 22:47",TIGO_PESA_CASH_OUT,  13187  ,Suspended,Arusha,-15,4G,Samsung Galaxy A14; Android 13,
REC-100396,+255(0)714001370,+255 714 011 097,15-11-2023 05:28:10,DATA_RECHARGE,"8,052.7100",pending,Tanga,1800,4G LTE,"iPhone 13,2 (iOS 16.5)","Customer stated: ""Cannot connect to 4G in Posta area, please help"""
REC-100609,0714-001-781,+255(0)714006987,2023-11-29 04:48:32,BUNDLE_PURCHASE,"TZS 58,064.78/=",Active,Mwanza Rock City,N/A,2G GSM,Transsion Infinix Hot 30,"VIP Subscriber, priority routing"
REC-100185,+255/714/032332,+255(0)714009727,2023-11-19 18:37:24,VOICE_CALL,$ 57.70 USD,churn,dar-es-salaam,360,4G,Huawei P40 Lite,Flagged for KYC update; verified by agent
REC-101245,tel:+255-714-000822,+255 714 027 126,1699227286,VOICE_CALL,"48,713.2400",,dar-es-salaam,0,LTE-A,"iPhone 13,2 (iOS 16.5)","Customer stated: ""Cannot connect to 4G in Posta area, please help"""
REC-100620,+255(0)714023016,tel:+255-714-025893,07-11-2023 16:22:22,BUNDLE_PURCHASE,"TZS 19,672.84/=",TERMINATED,Morogoro,120,2G GSM,Nokia 105 (Feature Phone),None
REC-102229,255714004521,+255(0)714032606,2023-11-26 00:11:26,TIGO_PESA_CASH_OUT,"133,610.41",CHURNED,Zanzibar,-15,unknown,Nokia 105 (Feature Phone),Flagged for KYC update; verified by agent
REC-102424,+255/714/005754,tel:+255-714-021920,2023-11-11 06:45:46,VOICE_CALL,NaN,UNKNOWN,Mbeya,02:15,3G WCDMA,Huawei P40 Lite,"VIP Subscriber, priority routing"
REC-101974,255714006302,255714009727,2023/11/04,TIGO_PESA_CASH_OUT,"142,552.25",churn,Mwanza Rock City,02:15,2G GSM,Transsion Infinix Hot 30,"Customer stated: ""Cannot connect to 4G in Posta area, please help"""
REC-101908,tel:+255-714-003151,0000000000,UNKNOWN_TIME,TIGO_PESA_CASH_IN,$ 48.88 USD,  active  ,Mwanza,N/A,unknown,Transsion Infinix Hot 30,Flagged for KYC update; verified by agent
REC-100807,0000000000,+255 714 022 468,12/04/2023 12:13 PM,VOICE_CALL,"TZS 4,878.58/=",ACTIVE,Arusha,0,5G NR,Unknown,
REC-101087,0714-022-331,0714-010-001,11/16/2023 04:44 AM,BUNDLE_PURCHASE,FREE,TERMINATED,mwanza,45,4G LTE,Samsung Galaxy A14; Android 13,"VIP Subscriber, priority routing"
REC-100912,+255/714/009590,+255/714/009864,19-11-2023 08:26:49,TIGO_PESA_CASH_IN,"93,862.89",TERMINATED,Mbeya,1800,LTE-A,Nokia 105 (Feature Phone),Flagged for KYC update; verified by agent
REC-102098,+255/714/008494,255714028222,"Nov 19, 2023 10:39",TIGO_PESA_CASH_OUT,  61997  ,  active  ,  Dar es Salaam  ,1800,3G WCDMA,Nokia 105 (Feature Phone),"VIP Subscriber, priority routing"
REC-101989,0714003562,0714-009-590,11/20/2023 12:43 AM,TIGO_PESA_CASH_IN,"TZS 76,100.03/=",ACTIVE,  Dar es Salaam  ,02:15,2G GSM,Tecno Spark 10 Pro,"Customer stated: ""Cannot connect to 4G in Posta area, please help"""
REC-102205,+255 714 017 810,255714033839,2023-12-01 08:04:03,SMS_PACK,"TZS 96,698.50/=",,Arusha (CBD),N/A,unknown,Nokia 105 (Feature Phone),"Customer stated: ""Cannot connect to 4G in Posta area, please help"""
REC-100127,0714005754,0714024112,1700578740,BUNDLE_PURCHASE,"149,723.51",Active,dar-es-salaam,02:15,5G NR,Huawei P40 Lite,None
REC-101152,255714006302,  714004247  ,2023-11-07 22:06:15,TIGO_PESA_CASH_IN,$ 6.63 USD,ACTV,  Dar es Salaam  ,02:15,4G,Samsung Galaxy A14; Android 13,
REC-100308,tel:+255-714-033017,tel:+255-714-023290,2023-11-30T10:15:50+03:00,TIGO_PESA_CASH_IN,"131,682.85",ACTIVE,ZNZ,0,4G LTE,Transsion Infinix Hot 30,Flagged for KYC update; verified by agent
REC-101136,+255(0)714033154,0714021098,11/25/2023 09:10 AM,VOICE_CALL,FREE,CHURNED,N/A,1800,4G LTE,Transsion Infinix Hot 30,"Customer stated: ""Cannot connect to 4G in Posta area, please help"""
REC-100447,255714031921,N/A,11/21/2023 05:19 AM,VOICE_CALL,  87618  ,UNKNOWN,DODOMA (Capital),45,unknown,Tecno Spark 10 Pro,"VIP Subscriber, priority routing"
REC-100927,255714019728,+255/714/010960,11/14/2023 04:20 AM,DATA_RECHARGE,"146,902.09",pending,Mwanza,0,3G WCDMA,Tecno Spark 10 Pro,Standard call; cell handover success
REC-101058,+255(0)714009864,+255 714 030 003,2023-11-14 07:42:58,VOICE_CALL,$ 33.37 USD,ACTV,ZNZ,-15,3G WCDMA,Transsion Infinix Hot 30,"VIP Subscriber, priority routing"
REC-101110,0714-013-837,+255 714 007 398,"Nov 18, 2023 04:05",TIGO_PESA_CASH_IN,$ 33.46 USD,SUSPENDED,Arusha (CBD),360,5G NR,"iPhone 13,2 (iOS 16.5)","USSD session timeout, retry OK"
REC-102371,+255/714/028222,0714023975,11/13/2023 09:26 PM,TIGO_PESA_CASH_IN,  98810  ,ACTIVE,"Stone Town, Zanzibar",1800,2G GSM,"iPhone 13,2 (iOS 16.5)","Customer stated: ""Cannot connect to 4G in Posta area, please help"""
REC-100602,+255(0)714014522,+255(0)714016851,2023-11-22T19:48:54+03:00,TIGO_PESA_CASH_OUT,FREE,ACTV,Arusha,1800,LTE-A,Transsion Infinix Hot 30,None
REC-100349,tel:+255-714-017810,+255(0)714018084,"Nov 21, 2023 23:20",DATA_RECHARGE,,  active  ,Mwanza,02:15,5G NR,Nokia 105 (Feature Phone),"Customer stated: ""Cannot connect to 4G in Posta area, please help"""
REC-102477,255714002329,tel:+255-714-006576,11/05/2023 10:39 AM,DATA_RECHARGE,$ 16.65 USD,TERMINATED,Mbeya,360,4G,Unknown,
REC-100028,N/A,0714-005-343,2023-11-13 02:30:11,TIGO_PESA_CASH_OUT,"4,205.5600",PENDING_KYC,,120,5G NR,"iPhone 13,2 (iOS 16.5)",None
REC-100507,N/A,+255(0)714002192,11/04/2023 07:56 PM,TIGO_PESA_CASH_OUT,"96,001.50",SUSPENDED,Mbeya,N/A,LTE-A,Huawei P40 Lite,None
REC-100520,+255(0)714003425,+255 714 028 633,2023-11-13 19:23:28,TIGO_PESA_CASH_IN,"-26,180.13",actve,Arusha (CBD),1800,unknown,Nokia 105 (Feature Phone),"Customer stated: ""Cannot connect to 4G in Posta area, please help"""
REC-100613,tel:+255-714-012193,+255(0)714029455,06-11-2023 17:12:56,DATA_RECHARGE,$ 44.40 USD,Terminated,dar-es-salaam,02:15,LTE-A,Samsung Galaxy A14; Android 13,None
REC-100993,+255/714/000137,+255 714 021 783,2023-11-25 05:53:15,DATA_RECHARGE,"TZS 39,198.52/=",Term,Mbeya,N/A,LTE-A,Nokia 105 (Feature Phone),Flagged for KYC update; verified by agent
REC-100612,0714000000,+255/714/028496,11/12/2023 03:14 PM,VOICE_CALL,NaN,TERMINATED,Tanga,360,unknown,Nokia 105 (Feature Phone),"Customer stated: ""Cannot connect to 4G in Posta area, please help"""
REC-101181,+255 714 003 699,0714-028-770,1700143282,TIGO_PESA_CASH_OUT,NaN,null,ZNZ,30s,3G WCDMA,Nokia 105 (Feature Phone),"Customer stated: ""Cannot connect to 4G in Posta area, please help"""
REC-100942,255714033565,  714023427  ,11/17/2023 01:34 AM,SMS_PACK,  95301  ,pending,ZNZ,30s,unknown,Transsion Infinix Hot 30,
REC-100946,+255 714 001 233,  714020824  ,23-11-2023 17:50:44,DATA_RECHARGE,$ 10.68 USD,ACTV,Arusha,N/A,3G WCDMA,Tecno Spark 10 Pro,"USSD session timeout, retry OK"
REC-101350,N/A,0714-026-715,2023-11-08 03:32:38,SMS_PACK,"TZS 116,888.90/=",Pending_Kyc​,DAR ES SALAAM,02:15,4G LTE,Tecno Spark 10 Pro,Standard call; cell handover success
REC-100069,N/A,0714011919,1700286312,SMS_PACK,$ 18.05 USD,Pending_Kyc​,Arusha,N/A,2G GSM,Transsion Infinix Hot 30,"USSD session timeout, retry OK"
REC-101695,+255(0)714001644,255714005617,1700754347,SMS_PACK,,pending,ARUSHA,1800,2G GSM,Unknown,"USSD session timeout, retry OK"
REC-101522,  714027537  ,255714002466,2023-12-02 03:36:15,BUNDLE_PURCHASE,"-88,568.70",TERMINATED,Mwanza,N/A,5G NR,"iPhone 13,2 (iOS 16.5)",Standard call; cell handover success
REC-101115,+255/714/021646,N/A,2023/11/04,TIGO_PESA_CASH_OUT,$ 23.01 USD,SUSPENDED,  Dar es Salaam  ,-15,5G NR,"iPhone 13,2 (iOS 16.5)",
REC-102110,tel:+255-714-025482,tel:+255-714-021372,25-11-2023 13:26:50,TIGO_PESA_CASH_OUT,$ 27.11 USD,,Mwanza,N/A,4G LTE,Transsion Infinix Hot 30,
REC-100488,  714016440  ,+255 714 025 619,27-11-2023 18:36:41,SMS_PACK,$ 49.31 USD,suspnded,dar-es-salaam,1800,unknown,Samsung Galaxy A14; Android 13,
REC-100772,255714010001,+255(0)714013974,"Nov 25, 2023 21:49",TIGO_PESA_CASH_IN,  77116  ,Term,Dodoma,0,LTE-A,Transsion Infinix Hot 30,Standard call; cell handover success
REC-100360,255714024523,+255/714/026304,11/13/2023 05:48 AM,BUNDLE_PURCHASE,$ 8.04 USD,suspnded,  Dar es Salaam  ,360,unknown,"iPhone 13,2 (iOS 16.5)",Standard call; cell handover success
REC-100816,255714015344,+255 714 009 453,11/25/2023 12:34 AM,DATA_RECHARGE,"44,453.88",TERMINATED,ZNZ,N/A,2G GSM,Transsion Infinix Hot 30,"VIP Subscriber, priority routing"
REC-101354,0714002192,tel:+255-714-012878,UNKNOWN_TIME,TIGO_PESA_CASH_IN,"TZS 64,062.93/=",suspnded,Mwanza,N/A,unknown,Samsung Galaxy A14; Android 13,Flagged for KYC update; verified by agent
REC-100933,0000000000,+255/714/001370,1701226347,VOICE_CALL,"63,437.4000",churn,Morogoro,-15,4G,Huawei P40 Lite,Flagged for KYC update; verified by agent
REC-101475,N/A,0714033976,1699270202,TIGO_PESA_CASH_OUT,"35,463.25",ACTV,dar-es-salaam,1800,unknown,Transsion Infinix Hot 30,"USSD session timeout, retry OK"
REC-100034,255714021509,+255(0)714019865,2023-11-18 10:30:03,DATA_RECHARGE,$ 25.91 USD,Term,Zanzibar,N/A,3G WCDMA,Nokia 105 (Feature Phone),Flagged for KYC update; verified by agent
REC-100616,+255(0)714006028,tel:+255-714-014385,23-11-2023 13:51:25,BUNDLE_PURCHASE,FREE,  active  ,Mbeya,-15,unknown,Unknown,
REC-101391,  714020002  ,0714-010-549,UNKNOWN_TIME,DATA_RECHARGE,NaN,churn,,360,unknown,Nokia 105 (Feature Phone),None
REC-100232,N/A,0714-023-564,1699292638,TIGO_PESA_CASH_OUT,$ 4.32 USD,Terminated,mwanza,30s,4G LTE,Huawei P40 Lite,"Customer stated: ""Cannot connect to 4G in Posta area, please help"""
REC-101483,+255(0)714032058,0714-024-112,11/26/2023 12:37 PM,TIGO_PESA_CASH_OUT,FREE,TERMINATED,N/A,30s,4G,Tecno Spark 10 Pro,Flagged for KYC update; verified by agent
REC-100443,tel:+255-714-014385,+255(0)714008357,UNKNOWN_TIME,VOICE_CALL,"51,436.7700",PENDING_KYC,Morogoro,30s,2G GSM,Nokia 105 (Feature Phone),Flagged for KYC update; verified by agent
REC-100737,0000000000,+255/714/019591,11/10/2023 05:02 AM,TIGO_PESA_CASH_OUT,"10,622.42",UNKNOWN,Dar es Salaam,45,2G GSM,Tecno Spark 10 Pro,
REC-101854,  714003288  ,tel:+255-714-019728,30-11-2023 08:44:06,TIGO_PESA_CASH_OUT,  69311  ,actve,,360,4G LTE,Huawei P40 Lite,"Customer stated: ""Cannot connect to 4G in Posta area, please help"""
REC-100257,0714021509,+255 714 031 236,2023/11/04,BUNDLE_PURCHASE,"TZS 133,518.11/=",actve,Mwanza Rock City,120,4G,Transsion Infinix Hot 30,
REC-101388,+255 714 001 644,+255 714 003 836,29-11-2023 16:30:10,VOICE_CALL,"126,800.3600",suspnded,DODOMA (Capital),-15,5G NR,Samsung Galaxy A14; Android 13,"VIP Subscriber, priority routing"
REC-102459,+255 714 026 167,+255 714 007 261,2023-11-28 15:48:31,SMS_PACK,"TZS 75,822.36/=",Active,Mwanza Rock City,N/A,unknown,Samsung Galaxy A14; Android 13,Flagged for KYC update; verified by agent
REC-101266,+255(0)714004247,  714030414  ,11/30/2023 04:28 PM,TIGO_PESA_CASH_IN,"34,263.69",Pending_Kyc​,Mwanza Rock City,-15,2G GSM,"iPhone 13,2 (iOS 16.5)",None
REC-100596,0714-012-193,  714010412  ,03-12-2023 18:13:34,SMS_PACK,"-56,961.03",UNKNOWN,Morogoro,120,unknown,Unknown,"USSD session timeout, retry OK"
REC-102141,+255(0)714004110,255714017125,2023-11-07T07:39:50+03:00,BUNDLE_PURCHASE,  78616  ,  active  ,ARUSHA,1800,3G WCDMA,Tecno Spark 10 Pro,"USSD session timeout, retry OK"
REC-101315,tel:+255-714-018221,+255(0)714029181,11/06/2023 08:08 AM,VOICE_CALL,"TZS 125,865.14/=",Terminated,dar-es-salaam,30s,5G NR,Transsion Infinix Hot 30,"VIP Subscriber, priority routing"
REC-102135,N/A,+255/714/014796,11/27/2023 08:50 PM,SMS_PACK,$ 14.67 USD,SUSPENDED,Arusha,0,5G NR,Samsung Galaxy A14; Android 13,"USSD session timeout, retry OK"
REC-100003,  714007535  ,+255 714 033 565,11/21/2023 10:27 PM,TIGO_PESA_CASH_IN,"90,757.0400",null,  Dar es Salaam  ,02:15,4G LTE,Huawei P40 Lite,"USSD session timeout, retry OK"
REC-100139,0714-016-851,+255(0)714016166,11/20/2023 12:15 AM,SMS_PACK,"148,209.49",churn,Arusha,30s,2G GSM,Huawei P40 Lite,"VIP Subscriber, priority routing"
REC-100280,+255/714/010275,0714016166,2023-11-13T07:28:02+03:00,BUNDLE_PURCHASE,"TZS 141,673.00/=",Suspended,ZNZ,0,unknown,Nokia 105 (Feature Phone),"Customer stated: ""Cannot connect to 4G in Posta area, please help"""
REC-101400,  714008768  ,+255/714/007946,11/25/2023 09:18 AM,TIGO_PESA_CASH_IN,"104,616.9300",null,DAR ES SALAAM,N/A,2G GSM,Tecno Spark 10 Pro,None
REC-100621,+255/714/009590,+255 714 006 713,2023/11/04,BUNDLE_PURCHASE,$ 15.32 USD,pending,Dar es Salaam,02:15,LTE-A,Nokia 105 (Feature Phone),
REC-101394,255714030003,  714027400  ,2023-11-10T20:37:20+03:00,SMS_PACK,"28,056.64",Terminated,DAR ES SALAAM,0,3G WCDMA,Nokia 105 (Feature Phone),"USSD session timeout, retry OK"
REC-100832,0000000000,0714014659,2023-11-05T19:00:22+03:00,TIGO_PESA_CASH_OUT,"TZS 13,720.13/=",Terminated,Arusha﻿,1800,5G NR,"iPhone 13,2 (iOS 16.5)",Standard call; cell handover success
REC-100735,255714007261,+255/714/020413,2023-12-03 17:24:39,VOICE_CALL,,Suspended,Arusha (CBD),N/A,4G LTE,Samsung Galaxy A14; Android 13,Standard call; cell handover success
REC-101121,+255/714/012878,+255(0)714015892,11/22/2023 12:47 PM,SMS_PACK,"TZS 82,878.10/=",CHURNED,Dodoma ,45,2G GSM,Transsion Infinix Hot 30,"USSD session timeout, retry OK"
REC-100607,255714030140,0714-018-495,2023-11-09 07:57:15,BUNDLE_PURCHASE,"TZS 25,639.32/=",TERMINATED,dar-es-salaam,45,5G NR,Transsion Infinix Hot 30,
REC-101321,255714018906,+255(0)714022057,2023/11/04,SMS_PACK,"126,315.66",UNKNOWN,Arusha,360,2G GSM,Samsung Galaxy A14; Android 13,"VIP Subscriber, priority routing"
REC-100605,+255(0)714033565,  714019865  ,05-11-2023 09:58:02,VOICE_CALL,$ 39.56 USD,ACTIVE,Mwanza,120,4G,Unknown,
REC-100356,0714-021-646,+255 714 012 467,2023/11/04,BUNDLE_PURCHASE,FREE,Active,"Stone Town, Zanzibar",30s,2G GSM,Tecno Spark 10 Pro,"Customer stated: ""Cannot connect to 4G in Posta area, please help"""
REC-100845,N/A,+255 714 014 659,11/06/2023 07:49 AM,SMS_PACK,"11,395.8100",ACTIVE,ARUSHA,30s,4G LTE,Nokia 105 (Feature Phone),"Customer stated: ""Cannot connect to 4G in Posta area, please help"""
REC-100542,0714-004-658,  714000959  ,"Nov 13, 2023 01:15",SMS_PACK,,Pending_Kyc​,Dar es Salaam,-15,unknown,Samsung Galaxy A14; Android 13,"USSD session timeout, retry OK"
REC-102037,N/A,N/A,11/12/2023 05:32 AM,SMS_PACK,"61,572.7200",TERMINATED,mwanza,120,unknown,Nokia 105 (Feature Phone),"Customer stated: ""Cannot connect to 4G in Posta area, please help"""
REC-101491,0714031099,0714031647,11/28/2023 04:29 PM,VOICE_CALL,"TZS 17,308.08/=",SUSPENDED,N/A,-15,LTE-A,Huawei P40 Lite,"Customer stated: ""Cannot connect to 4G in Posta area, please help"""
REC-100258,N/A,+255(0)714025208,"Nov 18, 2023 22:43",DATA_RECHARGE,"14,839.43",null,"Stone Town, Zanzibar",45,4G LTE,Tecno Spark 10 Pro,"VIP Subscriber, priority routing"
REC-100648,0714014522,+255/714/007261,2023-11-11 06:06:39,BUNDLE_PURCHASE,"131,125.66",ACTIVE,"Stone Town, Zanzibar",30s,5G NR,"iPhone 13,2 (iOS 16.5)","Customer stated: ""Cannot connect to 4G in Posta area, please help"""
REC-101240,0714-029-181,0714-000-685,1701049799,VOICE_CALL,"TZS 131,271.35/=",ACTV,DAR ES SALAAM,120,LTE-A,Nokia 105 (Feature Phone),Standard call; cell handover success
REC-101210,0714-028-770,+255/714/014796,2023-11-19 01:59:11,SMS_PACK,"TZS 144,629.66/=",TERMINATED,DODOMA (Capital),45,5G NR,Tecno Spark 10 Pro,None
REC-102012,+255 714 023 290,tel:+255-714-001644,11/05/2023 08:34 AM,TIGO_PESA_CASH_IN,"TZS 13,359.46/=",Term,Mwanza,120,unknown,"iPhone 13,2 (iOS 16.5)","Customer stated: ""Cannot connect to 4G in Posta area, please help"""
REC-102039,  714016166  ,+255 714 005 754,18-11-2023 02:52:12,DATA_RECHARGE,"137,706.0100",,DAR ES SALAAM,N/A,3G WCDMA,"iPhone 13,2 (iOS 16.5)",
REC-100645,  714010549  ,tel:+255-714-026030,12/03/2023 07:58 PM,DATA_RECHARGE,"149,761.5600",TERMINATED,Dar es Salaam,360,5G NR,Unknown,"USSD session timeout, retry OK"
REC-101551,0714-030-551,tel:+255-714-010960,13-11-2023 07:52:14,TIGO_PESA_CASH_OUT,  64357  ,SUSPENDED,Tanga,30s,3G WCDMA,"iPhone 13,2 (iOS 16.5)","USSD session timeout, retry OK"
REC-101514,255714026989,0714-013-289,2023/11/04,SMS_PACK,"TZS 50,563.24/=",ACTV,DAR ES SALAAM,45,4G LTE,Huawei P40 Lite,"VIP Subscriber, priority routing"
REC-101622,  714009042  ,N/A,2023-11-04T16:24:33+03:00,BUNDLE_PURCHASE,$ 10.59 USD,TERMINATED,Tanga,1800,3G WCDMA,Unknown,"USSD session timeout, retry OK"
REC-100512,N/A,255714022194,11/30/2023 05:15 AM,SMS_PACK,$ 56.19 USD,SUSPENDED,  Dar es Salaam  ,45,2G GSM,Tecno Spark 10 Pro,None
REC-100189,0714-027-400,255714022194,11/08/2023 10:51 PM,VOICE_CALL,"141,472.55",TERMINATED,  Dar es Salaam  ,45,4G LTE,"iPhone 13,2 (iOS 16.5)","Customer stated: ""Cannot connect to 4G in Posta area, please help"""
REC-101979,0714010138,+255(0)714031236,2023-11-04T19:30:24+03:00,TIGO_PESA_CASH_IN,,,Zanzibar,45,5G NR,Samsung Galaxy A14; Android 13,None
REC-101692,0714-013-426,  714000548  ,11/22/2023 11:05 AM,TIGO_PESA_CASH_IN,$ 25.49 USD,ACTV,DAR ES SALAAM,30s,4G LTE,Transsion Infinix Hot 30,"VIP Subscriber, priority routing"
REC-101812,+255(0)714022057,0714-012-193,1700286946,TIGO_PESA_CASH_IN,"60,021.47",SUSPENDED,Tanga,30s,4G,Samsung Galaxy A14; Android 13,"Customer stated: ""Cannot connect to 4G in Posta area, please help"""
REC-102436,0000000000,0714-002-466,20-11-2023 13:02:35,TIGO_PESA_CASH_IN,NaN,pending,Dar es Salaam,-15,LTE-A,Unknown,"Customer stated: ""Cannot connect to 4G in Posta area, please help"""
REC-102247,tel:+255-714-003425,+255 714 021 646,11/09/2023 04:43 PM,BUNDLE_PURCHASE,  65127  ,Pending_Kyc​,,45,4G LTE,Huawei P40 Lite,Flagged for KYC update; verified by agent
REC-101639,+255 714 013 837,0714-000-411,2023-11-17T14:39:10+03:00,VOICE_CALL,"21,716.4500",ACTIVE,Morogoro,360,5G NR,Nokia 105 (Feature Phone),None
REC-101107,  714005480  ,+255/714/003973,2023-11-07 06:03:57,SMS_PACK,"TZS 102,686.53/=",suspnded,"Stone Town, Zanzibar",-15,4G LTE,"iPhone 13,2 (iOS 16.5)",None
REC-100523,tel:+255-714-025756,+255/714/010823,2023-11-24 06:44:25,TIGO_PESA_CASH_IN,"147,751.87",  active  ,"Stone Town, Zanzibar",30s,4G,Samsung Galaxy A14; Android 13,
REC-102139,+255 714 016 714,+255 714 010 549,2023-11-22 07:11:21,VOICE_CALL,"TZS 76,069.64/=",ACTV,Dodoma,1800,5G NR,"iPhone 13,2 (iOS 16.5)","USSD session timeout, retry OK"
REC-102445,+255 714 027 126,tel:+255-714-026578,2023-11-07 18:24:02,BUNDLE_PURCHASE,"TZS 94,558.27/=",Terminated,Dodoma,N/A,5G NR,Nokia 105 (Feature Phone),"USSD session timeout, retry OK"
REC-101264,+255 714 003 836,+255(0)714019180,2023/11/04,SMS_PACK,$ 22.76 USD,Pending_Kyc​,Mwanza,360,unknown,Huawei P40 Lite,"VIP Subscriber, priority routing"
REC-100777,0714-007-398,+255 714 001 781,1700873856,TIGO_PESA_CASH_IN,"TZS 38,184.66/=",ACTV,dar-es-salaam,360,3G WCDMA,Samsung Galaxy A14; Android 13,"USSD session timeout, retry OK"
REC-100033,255714025208,255714031510,11/24/2023 01:03 AM,SMS_PACK,"TZS 44,700.45/=",PENDING_KYC,,02:15,LTE-A,Nokia 105 (Feature Phone),Flagged for KYC update; verified by agent
REC-101784,+255 714 029 044,N/A,UNKNOWN_TIME,BUNDLE_PURCHASE,"TZS 141,390.21/=",TERMINATED,Mbeya,02:15,4G,Huawei P40 Lite,None
REC-101635,+255 714 033 839,0714000411,"Nov 08, 2023 20:28",DATA_RECHARGE,"TZS 113,018.97/=",pending,ARUSHA,45,4G LTE,Samsung Galaxy A14; Android 13,Flagged for KYC update; verified by agent
REC-102213,tel:+255-714-011782,+255 714 028 496,2023/11/04,SMS_PACK,$ 3.37 USD,CHURNED,Mbeya,0,4G,Transsion Infinix Hot 30,Standard call; cell handover success
REC-100562,0714-001-781,0714007946,2023-11-27 04:28:17,TIGO_PESA_CASH_OUT,FREE,Pending_Kyc​,DAR ES SALAAM,N/A,5G NR,Nokia 105 (Feature Phone),Standard call; cell handover success
REC-101585,N/A,N/A,"Nov 30, 2023 06:40",TIGO_PESA_CASH_OUT,FREE,Active,Dar es Salaam,0,LTE-A,Unknown,Flagged for KYC update; verified by agent
REC-101599,0714-002-192,0714010960,11/20/2023 08:52 AM,SMS_PACK,"32,299.68",suspnded,"Stone Town, Zanzibar",1800,4G LTE,Samsung Galaxy A14; Android 13,Standard call; cell handover success
REC-100496,0714-005-069,0714-017-399,2023/11/04,TIGO_PESA_CASH_IN,  62772  ,ACTV,"Stone Town, Zanzibar",30s,3G WCDMA,Transsion Infinix Hot 30,
REC-100348,0000000000,+255 714 024 934,1699835140,SMS_PACK,"TZS 74,408.07/=",UNKNOWN,mwanza,120,4G LTE,Unknown,Standard call; cell handover success
REC-101590,+255/714/005891,  714003288  ,19-11-2023 16:21:27,VOICE_CALL,"TZS 73,620.29/=",ACTV,mwanza,30s,LTE-A,Tecno Spark 10 Pro,Flagged for KYC update; verified by agent
REC-101827,  714006439  ,0000000000,1699731443,DATA_RECHARGE,$ 29.67 USD,Suspended,Arusha (CBD),0,3G WCDMA,Nokia 105 (Feature Phone),Standard call; cell handover success
REC-102494,+255/714/026167,+255 714 020 687,2023-11-16 10:47:41,TIGO_PESA_CASH_OUT,"TZS 78,267.97/=",UNKNOWN,Dodoma ,02:15,unknown,Unknown,Standard call; cell handover success
REC-100531,0000000000,+255(0)714020687,11/18/2023 07:36 AM,TIGO_PESA_CASH_IN,$ 3.87 USD,ACTV,Dodoma,30s,unknown,Nokia 105 (Feature Phone),Standard call; cell handover success
REC-101587,+255(0)714033428,N/A,1700669614,DATA_RECHARGE,"TZS 45,482.08/=",ACTV,Arusha,0,5G NR,Tecno Spark 10 Pro,Standard call; cell handover success
REC-100552,0000000000,+255/714/024934,1701591484,SMS_PACK,NaN,pending,"Stone Town, Zanzibar",45,5G NR,"iPhone 13,2 (iOS 16.5)",
REC-100059,0714-019-317,255714002603,"Nov 27, 2023 07:42",TIGO_PESA_CASH_IN,"5,379.66",Terminated,Zanzibar,0,LTE-A,"iPhone 13,2 (iOS 16.5)","USSD session timeout, retry OK"
REC-102386,tel:+255-714-017810,0714008083,11/26/2023 01:12 PM,VOICE_CALL,  47676  ,Term,"Stone Town, Zanzibar",1800,2G GSM,Transsion Infinix Hot 30,None
REC-101312,0714-033-154,tel:+255-714-020550,12/04/2023 12:31 AM,SMS_PACK,"TZS 55,822.76/=",UNKNOWN,  Dar es Salaam  ,1800,LTE-A,Transsion Infinix Hot 30,"USSD session timeout, retry OK"
REC-102125,0714-008-357,0714032880,12/03/2023 12:37 AM,TIGO_PESA_CASH_IN,"127,342.03",pending,Mwanza,-15,unknown,Unknown,Flagged for KYC update; verified by agent
REC-101538,  714008631  ,0714-031-510,"Nov 14, 2023 17:35",VOICE_CALL,NaN,suspnded,Morogoro,1800,unknown,Tecno Spark 10 Pro,None
REC-101203,0000000000,+255/714/002603,2023-11-04T16:05:59+03:00,DATA_RECHARGE,"10,364.3500",TERMINATED,ARUSHA,0,unknown,Transsion Infinix Hot 30,"USSD session timeout, retry OK"
REC-101923,+255/714/033428,0714002466,2023-11-08 02:20:15,TIGO_PESA_CASH_IN,"TZS 136,352.10/=",churn,Dar es Salaam,360,2G GSM,Nokia 105 (Feature Phone),
REC-100506,0714-015-481,  714010001  ,2023-11-24T14:47:34+03:00,DATA_RECHARGE,$ 50.16 USD,ACTV,Arusha (CBD),360,3G WCDMA,Unknown,Standard call; cell handover success
REC-101642,+255 714 003 836,+255 714 013 289,09-11-2023 20:53:39,TIGO_PESA_CASH_IN,$ 57.31 USD,  active  ,ARUSHA,02:15,2G GSM,Transsion Infinix Hot 30,None
REC-102312,+255 714 032 606,+255 714 030 962,"Nov 25, 2023 01:11",VOICE_CALL,"148,908.72",ACTIVE,ARUSHA,0,5G NR,Tecno Spark 10 Pro,"USSD session timeout, retry OK"
REC-102149,+255(0)714030003,255714031647,2023-11-19 09:39:13,SMS_PACK,  12764  ,actve,Dar es Salaam,02:15,4G LTE,Nokia 105 (Feature Phone),
REC-100570,tel:+255-714-023701,tel:+255-714-007809,2023/11/04,SMS_PACK,"TZS 97,260.20/=",pending,Dodoma ,0,unknown,Transsion Infinix Hot 30,"USSD session timeout, retry OK"
REC-102030,0000000000,255714026441,"Nov 21, 2023 05:44",DATA_RECHARGE,"TZS 149,321.81/=",Suspended,Dodoma ,120,unknown,Samsung Galaxy A14; Android 13,
REC-101171,tel:+255-714-013974,255714016303,2023-11-10 20:09:56,TIGO_PESA_CASH_OUT,"TZS 143,962.94/=",ACTV,N/A,0,5G NR,Tecno Spark 10 Pro,"VIP Subscriber, priority routing"
REC-101601,N/A,0000000000,2023-11-23 17:39:29,DATA_RECHARGE,$ 35.34 USD,churn,N/A,02:15,5G NR,Tecno Spark 10 Pro,"VIP Subscriber, priority routing"
REC-100393,255714004795,+255(0)714009179,2023-11-19 02:05:59,VOICE_CALL,$ 34.32 USD,Suspended,dar-es-salaam,30s,unknown,Transsion Infinix Hot 30,Flagged for KYC update; verified by agent
REC-100184,0714017399,  714029592  ,09-11-2023 03:19:36,BUNDLE_PURCHASE,"TZS 137,913.26/=",,"Stone Town, Zanzibar",360,4G LTE,Samsung Galaxy A14; Android 13,
REC-100800,+255/714/012330,  714013015  ,11/06/2023 03:33 AM,BUNDLE_PURCHASE,"38,333.02",UNKNOWN,Dodoma,02:15,4G LTE,Samsung Galaxy A14; Android 13,Flagged for KYC update; verified by agent
REC-101415,0714018221,255714013426,2023-11-05 22:56:32,BUNDLE_PURCHASE,$ 50.51 USD,null,,N/A,LTE-A,Transsion Infinix Hot 30,"VIP Subscriber, priority routing"
REC-102460,+255(0)714026578,255714030003,1699353449,TIGO_PESA_CASH_OUT,$ 24.06 USD,ACTIVE,Dodoma,360,3G WCDMA,Huawei P40 Lite,None
REC-100351,0714-021-235,N/A,17-11-2023 04:26:04,DATA_RECHARGE,"TZS 61,366.63/=",  active  ,ZNZ,360,5G NR,Samsung Galaxy A14; Android 13,None
REC-102478,  714033702  ,+255 714 016 577,"Nov 12, 2023 21:27",TIGO_PESA_CASH_OUT,"139,228.91",,Mwanza Rock City,0,5G NR,Unknown,Flagged for KYC update; verified by agent
REC-101600,+255 714 019 728,0714030277,18-11-2023 17:03:10,TIGO_PESA_CASH_IN,$ 52.19 USD,Pending_Kyc​,Zanzibar,02:15,4G,Huawei P40 Lite,None
REC-101664,+255(0)714008220,0714012193,24-11-2023 09:42:41,BUNDLE_PURCHASE,NaN,actve,,45,unknown,Transsion Infinix Hot 30,
REC-100912,+255/714/009590,+255/714/009864,30-11-2023 08:20:38,TIGO_PESA_CASH_IN,"93,862.89",TERMINATED,Mbeya,1800,LTE-A,Nokia 105 (Feature Phone),Flagged for KYC update; verified by agent
REC-101179,+255(0)714020139,N/A,1700469578,BUNDLE_PURCHASE,  23762  ,,ZNZ,360,unknown,Huawei P40 Lite,None
REC-102186,+255/714/016166,  714015892  ,"Nov 17, 2023 06:26",DATA_RECHARGE,"99,650.2400",null,"Stone Town, Zanzibar",45,4G,Tecno Spark 10 Pro,"USSD session timeout, retry OK"
REC-101699,tel:+255-714-027537,N/A,"Nov 11, 2023 12:54",TIGO_PESA_CASH_OUT,"30,402.21",  active  ,Mwanza Rock City,N/A,3G WCDMA,Tecno Spark 10 Pro,None
REC-100781,+255(0)714014248,+255 714 009 179,10-11-2023 14:41:36,SMS_PACK,,actve,DAR ES SALAAM,120,LTE-A,"iPhone 13,2 (iOS 16.5)","Customer stated: ""Cannot connect to 4G in Posta area, please help"""
REC-101296,  714019043  ,0714011919,1701643820,TIGO_PESA_CASH_OUT,"35,462.74",suspnded,Mbeya,120,4G LTE,Unknown,Standard call; cell handover success
REC-100734,tel:+255-714-003836,tel:+255-714-003288,1699646551,TIGO_PESA_CASH_IN,"54,405.0200",,ZNZ,30s,4G,Nokia 105 (Feature Phone),"USSD session timeout, retry OK"
REC-101766,0714-030-414,0714-026-989,05-11-2023 23:23:49,SMS_PACK,$ 51.07 USD,UNKNOWN,ZNZ,30s,2G GSM,"iPhone 13,2 (iOS 16.5)",
REC-101815,0714-013-015,+255 714 033 428,11/08/2023 09:16 PM,TIGO_PESA_CASH_OUT,"TZS 74,809.04/=",PENDING_KYC,DAR ES SALAAM,30s,2G GSM,Transsion Infinix Hot 30,Standard call; cell handover success
REC-101861,tel:+255-714-001918,  714001233  ,UNKNOWN_TIME,TIGO_PESA_CASH_IN,  131002  ,pending,DAR ES SALAAM,1800,5G NR,Unknown,"Customer stated: ""Cannot connect to 4G in Posta area, please help"""
REC-101471,+255 714 023 838,tel:+255-714-028907,25-11-2023 20:49:29,TIGO_PESA_CASH_OUT,"69,210.03",,  Dar es Salaam  ,1800,4G,"iPhone 13,2 (iOS 16.5)",None
REC-102471,0714002603,0714-003-014,1699192842,TIGO_PESA_CASH_IN,  51583  ,TERMINATED,DODOMA (Capital),30s,5G NR,"iPhone 13,2 (iOS 16.5)",
REC-101190,0714-005-206,+255 714 024 660,10-11-2023 05:22:25,DATA_RECHARGE,"16,597.34",ACTV,dar-es-salaam,360,unknown,Tecno Spark 10 Pro,
REC-100066,0714017399,+255 714 021 920,11/10/2023 08:51 PM,TIGO_PESA_CASH_IN,  65998  ,actve,Dar es Salaam,120,LTE-A,"iPhone 13,2 (iOS 16.5)","USSD session timeout, retry OK"
REC-101899,N/A,  714008494  ,2023-11-18 13:21:27,DATA_RECHARGE,"TZS 106,155.95/=",churn,DAR ES SALAAM,-15,4G,"iPhone 13,2 (iOS 16.5)","VIP Subscriber, priority routing"
REC-100587,0714-004-247,0000000000,1699127630,DATA_RECHARGE,$ 50.12 USD,Terminated,ZNZ,45,4G LTE,Tecno Spark 10 Pro,"USSD session timeout, retry OK"
REC-101250,0714-019-728,+255 714 004 247,11/15/2023 01:40 PM,TIGO_PESA_CASH_IN,"TZS 55,750.16/=",Terminated,ARUSHA,02:15,LTE-A,Samsung Galaxy A14; Android 13,Standard call; cell handover success
REC-100321,tel:+255-714-018632,+255(0)714000137,1701556218,VOICE_CALL,"TZS 105,281.86/=",UNKNOWN,  Dar es Salaam  ,360,unknown,Nokia 105 (Feature Phone),"USSD session timeout, retry OK"
REC-101124,+255/714/026030,+255(0)714005480,UNKNOWN_TIME,SMS_PACK,FREE,actve,ZNZ,1800,4G LTE,Huawei P40 Lite,"VIP Subscriber, priority routing"
REC-102492,tel:+255-714-021509,255714014248,2023-11-30 18:41:56,TIGO_PESA_CASH_OUT,  54408  ,Suspended,Mbeya,120,unknown,Huawei P40 Lite,
REC-100581,+255(0)714017673,tel:+255-714-007672,2023/11/04,DATA_RECHARGE,"132,534.4200",PENDING_KYC,,30s,unknown,Transsion Infinix Hot 30,None
REC-101057,tel:+255-714-007809,+255 714 002 466,2023-11-28T05:24:31+03:00,VOICE_CALL,"27,912.10",TERMINATED,,02:15,5G NR,Huawei P40 Lite,"USSD session timeout, retry OK"
REC-101996,+255 714 030 414,+255/714/007261,2023-11-11 20:52:40,BUNDLE_PURCHASE,"TZS 51,475.37/=",pending,ARUSHA,N/A,unknown,Transsion Infinix Hot 30,"Customer stated: ""Cannot connect to 4G in Posta area, please help"""
REC-100167,+255 714 007 809,+255 714 029 181,11/30/2023 10:32 PM,TIGO_PESA_CASH_OUT,FREE,suspnded,Zanzibar,30s,4G,Tecno Spark 10 Pro,Flagged for KYC update; verified by agent
REC-102341,+255(0)714024523,0714-005-069,12/01/2023 03:03 PM,DATA_RECHARGE,"TZS 76,935.82/=",SUSPENDED,  Dar es Salaam  ,-15,3G WCDMA,Nokia 105 (Feature Phone),
REC-101427,+255 714 022 605,+255 714 019 317,"Nov 24, 2023 01:31",DATA_RECHARGE,"TZS 65,643.50/=",ACTV,Tanga,N/A,5G NR,Huawei P40 Lite,Standard call; cell handover success
REC-102238,N/A,+255 714 002 603,2023-11-20T08:04:22+03:00,BUNDLE_PURCHASE,"60,491.92",Suspended,Morogoro,45,2G GSM,Unknown,"Customer stated: ""Cannot connect to 4G in Posta area, please help"""
REC-100982,+255 714 010 549,255714012878,11/19/2023 07:37 PM,TIGO_PESA_CASH_OUT,$ 18.62 USD,PENDING_KYC,Dar es Salaam,02:15,4G LTE,Transsion Infinix Hot 30,"USSD session timeout, retry OK"
REC-100591,255714019317,  714030551  ,2023-11-04T21:25:44+03:00,TIGO_PESA_CASH_IN,  135081  ,ACTV,DODOMA (Capital),N/A,LTE-A,"iPhone 13,2 (iOS 16.5)",Standard call; cell handover success
REC-100903,0714-003-699,0000000000,11/15/2023 06:39 PM,TIGO_PESA_CASH_OUT,$ 22.32 USD,Terminated,Mwanza Rock City,45,unknown,Nokia 105 (Feature Phone),"VIP Subscriber, priority routing"
REC-102284,255714014522,+255/714/015755,11/28/2023 08:46 AM,VOICE_CALL,"13,058.16",PENDING_KYC,DAR ES SALAAM,30s,LTE-A,Huawei P40 Lite,None
REC-102434,255714033428,+255(0)714002329,"Nov 18, 2023 08:50",TIGO_PESA_CASH_OUT,$ 52.19 USD,UNKNOWN,DODOMA (Capital),30s,3G WCDMA,Huawei P40 Lite,"VIP Subscriber, priority routing"
REC-101771,+255 714 012 741,+255(0)714008631,11/26/2023 10:04 AM,TIGO_PESA_CASH_OUT,NaN,Active,Arusha﻿,02:15,LTE-A,Unknown,"Customer stated: ""Cannot connect to 4G in Posta area, please help"""
REC-101632,+255 714 029 044,0714-021-783,11/25/2023 11:05 AM,VOICE_CALL,"TZS 103,287.57/=",Pending_Kyc​,Dar es Salaam,45,2G GSM,Transsion Infinix Hot 30,"Customer stated: ""Cannot connect to 4G in Posta area, please help"""
REC-101395,255714021098,N/A,2023-11-25 03:57:38,DATA_RECHARGE,"TZS 128,408.54/=",ACTV,mwanza,45,unknown,Unknown,"Customer stated: ""Cannot connect to 4G in Posta area, please help"""
REC-101075,+255/714/001370,0714004658,05-11-2023 11:28:13,BUNDLE_PURCHASE,"103,374.1600",,Morogoro,45,3G WCDMA,Samsung Galaxy A14; Android 13,"Customer stated: ""Cannot connect to 4G in Posta area, please help"""
REC-101871,+255/714/001370,255714023838,"Nov 06, 2023 02:21",TIGO_PESA_CASH_IN,"TZS 19,483.27/=",Pending_Kyc​,Tanga,120,2G GSM,Tecno Spark 10 Pro,
REC-100540,  714026167  ,+255/714/023975,11/07/2023 03:17 PM,SMS_PACK,"30,931.93",Terminated,N/A,45,5G NR,Nokia 105 (Feature Phone),Standard call; cell handover success
REC-101696,255714001507,0714-015-618,2023-11-22 19:44:48,SMS_PACK,$ 12.57 USD,  active  ,Arusha (CBD),30s,4G,Nokia 105 (Feature Phone),Standard call; cell handover success
REC-100143,+255 714 014 111,+255 714 012 741,22-11-2023 02:35:34,BUNDLE_PURCHASE,"43,645.95",pending,Mbeya,360,unknown,Huawei P40 Lite,
REC-102055,+255(0)714015207,0714-030-962,1699259948,SMS_PACK,"TZS 98,149.50/=",,"Stone Town, Zanzibar",N/A,4G LTE,Nokia 105 (Feature Phone),
REC-101362,0000000000,tel:+255-714-010823,2023-11-07 19:13:40,VOICE_CALL,$ 3.22 USD,pending,  Dar es Salaam  ,360,4G LTE,Samsung Galaxy A14; Android 13,
REC-102420,+255 714 003 562,tel:+255-714-013152,11/19/2023 01:10 AM,DATA_RECHARGE,"TZS 37,587.33/=",pending,,45,unknown,Nokia 105 (Feature Phone),
REC-100048,  714028222  ,+255(0)714004110,2023-11-30 08:54:55,TIGO_PESA_CASH_OUT,"TZS 99,397.44/=",Term,Dar es Salaam,02:15,unknown,Transsion Infinix Hot 30,"VIP Subscriber, priority routing"
REC-101655,255714009453,0714030140,"Nov 09, 2023 03:28",VOICE_CALL,"82,805.20",ACTIVE,Arusha,1800,4G LTE,Nokia 105 (Feature Phone),Standard call; cell handover success
REC-100123,  714006028  ,0714029044,"Nov 13, 2023 08:35",DATA_RECHARGE,"9,933.5300",Terminated,Arusha (CBD),-15,unknown,"iPhone 13,2 (iOS 16.5)","VIP Subscriber, priority routing"
REC-101444,  714003425  ,N/A,2023-11-05 10:28:16,DATA_RECHARGE,"49,615.83",pending,,02:15,4G LTE,Nokia 105 (Feature Phone),
REC-102319,+255/714/003425,+255/714/016714,10-11-2023 14:12:06,VOICE_CALL,"TZS 132,185.03/=",ACTV,Mwanza Rock City,-15,3G WCDMA,Nokia 105 (Feature Phone),None
REC-101149,0714-025-345,0714-030-688,20-11-2023 21:17:21,DATA_RECHARGE,"133,147.3500",churn,"Stone Town, Zanzibar",360,2G GSM,Transsion Infinix Hot 30,Standard call; cell handover success
REC-101080,255714031647,+255 714 016 440,"Nov 22, 2023 17:17",TIGO_PESA_CASH_IN,$ 22.13 USD,PENDING_KYC,Dodoma ,30s,4G,Tecno Spark 10 Pro,
REC-101334,tel:+255-714-017125,  714025345  ,2023-11-15T03:13:10+03:00,DATA_RECHARGE,"121,332.15",ACTIVE,Morogoro,30s,5G NR,Unknown,"USSD session timeout, retry OK"
REC-102310,+255 714 002 329,tel:+255-714-016303,11/09/2023 04:19 PM,VOICE_CALL,NaN,pending,Zanzibar,-15,unknown,Samsung Galaxy A14; Android 13,"Customer stated: ""Cannot connect to 4G in Posta area, please help"""
REC-101741,0714011919,0714003425,UNKNOWN_TIME,BUNDLE_PURCHASE,"TZS 92,516.62/=",Terminated,ARUSHA,-15,4G,Tecno Spark 10 Pro,Standard call; cell handover success
REC-101119,+255 714 020 139,+255 714 031 373,1700277856,SMS_PACK,$ 17.04 USD,TERMINATED,Dar es Salaam,360,unknown,"iPhone 13,2 (iOS 16.5)",Flagged for KYC update; verified by agent
REC-100968,0714-033-017,tel:+255-714-025071,25-11-2023 20:41:56,SMS_PACK,"44,584.5000",ACTV,Tanga,360,unknown,Transsion Infinix Hot 30,"USSD session timeout, retry OK"
REC-102261,+255(0)714008631,  714030140  ,2023-11-12 10:44:36,SMS_PACK,"-45,528.63",Term,Dar es Salaam,-15,LTE-A,"iPhone 13,2 (iOS 16.5)",Flagged for KYC update; verified by agent
